timestamp,value
2012-03-01 00:00:00,53.18518518518518
2012-03-01 01:00:00,62.42939814814815
2012-03-01 02:00:00,61.75281084656084
2012-03-01 03:00:00,61.71990740740741
2012-03-01 04:00:00,61.579861111111114
2012-03-01 05:00:00,64.43981481481481
2012-03-01 06:00:00,67.21593915343915
2012-03-01 07:00:00,68.33217592592592
2012-03-01 08:00:00,66.64236111111111
2012-03-01 09:00:00,65.51041666666667
2012-03-01 10:00:00,63.44675925925926
2012-03-01 11:00:00,64.18981481481482
2012-03-01 12:00:00,65.00347222222221
2012-03-01 13:00:00,65.02893518518518
2012-03-01 14:00:00,65.97685185185185
2012-03-01 15:00:00,66.32870370370371
2012-03-01 16:00:00,66.0805224867725
2012-03-01 17:00:00,60.87847222222222
2012-03-01 18:00:00,19.76736111111111
2012-03-01 19:00:00,33.976851851851855
2012-03-01 20:00:00,67.32175925925925
2012-03-01 21:00:00,66.92972883597884
2012-03-01 22:00:00,66.37152777777779
2012-03-01 23:00:00,64.36987433862434
2012-03-02 00:00:00,64.82407407407408
2012-03-02 01:00:00,64.34837962962963
2012-03-02 02:00:00,61.4375
2012-03-02 03:00:00,59.96875
2012-03-02 04:00:00,63.12731481481482
2012-03-02 05:00:00,64.52314814814815
2012-03-02 06:00:00,67.07986111111111
2012-03-02 07:00:00,68.13657407407408
2012-03-02 08:00:00,66.96180555555556
2012-03-02 09:00:00,64.35069444444444
2012-03-02 10:00:00,64.73958333333333
2012-03-02 11:00:00,63.28125
2012-03-02 12:00:00,65.57175925925925
2012-03-02 13:00:00,65.07870370370371
2012-03-02 14:00:00,65.19675925925925
2012-03-02 15:00:00,66.26851851851852
2012-03-02 16:00:00,47.370370370370374
2012-03-02 17:00:00,21.44212962962963
2012-03-02 18:00:00,17.5
2012-03-02 19:00:00,48.36805555555555
2012-03-02 20:00:00,67.42824074074075
2012-03-02 21:00:00,67.33217592592592
2012-03-02 22:00:00,66.95238095238095
2012-03-02 23:00:00,65.97271825396825
2012-03-03 00:00:00,60.573082010582006
2012-03-03 01:00:00,65.31597222222221
2012-03-03 02:00:00,65.32407407407408
2012-03-03 03:00:00,63.74751984126984
2012-03-03 04:00:00,62.545138888888886
2012-03-03 05:00:00,63.71064814814815
2012-03-03 06:00:00,66.23495370370371
2012-03-03 07:00:00,67.5271164021164
2012-03-03 08:00:00,67.36656746031746
2012-03-03 09:00:00,61.370370370370374
2012-03-03 10:00:00,45.493220899470906
2012-03-03 11:00:00,58.36805555555555
2012-03-03 12:00:00,66.86226851851852
2012-03-03 13:00:00,66.80555555555556
2012-03-03 14:00:00,66.53356481481482
2012-03-03 15:00:00,65.93783068783068
2012-03-03 16:00:00,67.46180555555556
2012-03-03 17:00:00,68.23958333333333
2012-03-03 18:00:00,38.741898148148145
2012-03-03 19:00:00,65.25231481481482
2012-03-03 20:00:00,67.33333333333333
2012-03-03 21:00:00,66.8057208994709
2012-03-03 22:00:00,67.45370370370371
2012-03-03 23:00:00,68.1931216931217
2012-03-04 00:00:00,67.78339947089947
2012-03-04 01:00:00,67.27662037037037
2012-03-04 02:00:00,67.3425925925926
2012-03-04 03:00:00,66.95833333333333
2012-03-04 04:00:00,64.27890211640211
2012-03-04 05:00:00,65.0300925925926
2012-03-04 06:00:00,67.44907407407408
2012-03-04 07:00:00,68.1574074074074
2012-03-04 08:00:00,67.96445105820105
2012-03-04 09:00:00,68.7635582010582
2012-03-04 10:00:00,59.96064814814815
2012-03-04 11:00:00,32.1453373015873
2012-03-04 12:00:00,67.85879629629629
2012-03-04 13:00:00,67.87152777777777
2012-03-04 14:00:00,68.57870370370371
2012-03-04 15:00:00,68.78158068783068
2012-03-04 16:00:00,68.25248015873017
2012-03-04 17:00:00,67.61574074074075
2012-03-04 18:00:00,50.71395502645503
2012-03-04 19:00:00,56.13194444444445
2012-03-04 20:00:00,66.74917328042328
2012-03-04 21:00:00,66.77430555555556
2012-03-04 22:00:00,67.38525132275133
2012-03-04 23:00:00,65.18931878306879
2012-03-05 00:00:00,63.59589947089947
2012-03-05 01:00:00,62.62152777777777
2012-03-05 02:00:00,63.550925925925924
2012-03-05 03:00:00,60.920138888888886
2012-03-05 04:00:00,63.37714947089947
2012-03-05 05:00:00,64.3425925925926
2012-03-05 06:00:00,67.38425925925925
2012-03-05 07:00:00,67.64351851851852
2012-03-05 08:00:00,66.41550925925925
2012-03-05 09:00:00,66.57638888888889
2012-03-05 10:00:00,65.56597222222221
2012-03-05 11:00:00,64.09193121693121
2012-03-05 12:00:00,65.12996031746032
2012-03-05 13:00:00,32.69328703703704
2012-03-05 14:00:00,5.229166666666667
2012-03-05 15:00:00,64.81828703703704
2012-03-05 16:00:00,64.19593253968254
2012-03-05 17:00:00,65.19477513227513
2012-03-05 18:00:00,65.55505952380953
2012-03-05 19:00:00,28.26388888888889
2012-03-05 20:00:00,65.70419973544973
2012-03-05 21:00:00,65.6238425925926
2012-03-05 22:00:00,64.57754629629629
2012-03-05 23:00:00,63.51289682539683
2012-03-06 00:00:00,62.88260582010582
2012-03-06 01:00:00,59.857638888888886
2012-03-06 02:00:00,58.65509259259259
2012-03-06 03:00:00,57.50231481481482
2012-03-06 04:00:00,61.42986111111111
2012-03-06 05:00:00,64.10995370370371
2012-03-06 06:00:00,66.89765211640211
2012-03-06 07:00:00,67.1238425925926
2012-03-06 08:00:00,66.43402777777779
2012-03-06 09:00:00,65.3113425925926
2012-03-06 10:00:00,63.81316137566137
2012-03-06 11:00:00,58.05671296296296
2012-03-06 12:00:00,58.50648148148148
2012-03-06 13:00:00,65.08217592592592
2012-03-06 14:00:00,53.55555555555555
2012-03-06 15:00:00,64.29976851851852
2012-03-06 16:00:00,54.328869047619044
2012-03-06 17:00:00,57.96527777777778
2012-03-06 18:00:00,38.49669312169312
2012-03-06 19:00:00,66.77893518518518
2012-03-06 20:00:00,66.84606481481482
2012-03-06 21:00:00,66.77199074074075
2012-03-06 22:00:00,60.52199074074074
2012-03-06 23:00:00,60.291666666666664
2012-03-07 00:00:00,62.85952380952381
2012-03-07 01:00:00,61.14699074074074
2012-03-07 02:00:00,61.992228835978835
2012-03-07 03:00:00,59.79050925925926
2012-03-07 04:00:00,60.518287037037034
2012-03-07 05:00:00,63.70585317460317
2012-03-07 06:00:00,55.364583333333336
2012-03-07 07:00:00,68.20949074074075
2012-03-07 08:00:00,56.20023148148149
2012-03-07 09:00:00,54.9287037037037
2012-03-07 10:00:00,63.63425925925926
2012-03-07 11:00:00,63.629629629629626
2012-03-07 12:00:00,64.96064814814815
2012-03-07 13:00:00,64.62218915343915
2012-03-07 14:00:00,65.7175925925926
2012-03-07 15:00:00,66.1863425925926
2012-03-07 16:00:00,54.62731481481482
2012-03-07 17:00:00,20.48263888888889
2012-03-07 18:00:00,16.066964285714285
2012-03-07 19:00:00,32.50925925925926
2012-03-07 20:00:00,56.113921957671955
2012-03-07 21:00:00,67.59606481481482
2012-03-07 22:00:00,66.43402777777779
2012-03-07 23:00:00,65.4074074074074
2012-03-08 00:00:00,64.40162037037037
2012-03-08 01:00:00,62.86805555555555
2012-03-08 02:00:00,60.77546296296296
2012-03-08 03:00:00,60.84259259259259
2012-03-08 04:00:00,60.9401455026455
2012-03-08 05:00:00,64.18055555555556
2012-03-08 06:00:00,65.91666666666667
2012-03-08 07:00:00,67.39153439153439
2012-03-08 08:00:00,67.49123677248677
2012-03-08 09:00:00,65.40343915343915
2012-03-08 10:00:00,65.03935185185185
2012-03-08 11:00:00,64.92824074074075
2012-03-08 12:00:00,54.329861111111114
2012-03-08 13:00:00,65.02678571428571
2012-03-08 14:00:00,63.61226851851851
2012-03-08 15:00:00,41.11226851851852
2012-03-08 16:00:00,46.47800925925926
2012-03-08 17:00:00,19.66087962962963
2012-03-08 18:00:00,14.252314814814815
2012-03-08 19:00:00,0.9166666666666666
2012-03-08 20:00:00,0.0
2012-03-08 21:00:00,0.0
2012-03-08 22:00:00,0.0
2012-03-08 23:00:00,0.0
2012-03-09 00:00:00,0.0
2012-03-09 01:00:00,0.0
2012-03-09 02:00:00,0.0
2012-03-09 03:00:00,0.0
2012-03-09 04:00:00,46.020833333333336
2012-03-09 05:00:00,63.916666666666664
2012-03-09 06:00:00,66.55092592592592
2012-03-09 07:00:00,67.33680555555556
2012-03-09 08:00:00,66.39467592592592
2012-03-09 09:00:00,65.68931878306879
2012-03-09 10:00:00,65.64814814814815
2012-03-09 11:00:00,46.2699074074074
2012-03-09 12:00:00,60.561011904761905
2012-03-09 13:00:00,62.677083333333336
2012-03-09 14:00:00,63.28835978835979
2012-03-09 15:00:00,45.5176917989418
2012-03-09 16:00:00,21.644675925925924
2012-03-09 17:00:00,18.691633597883598
2012-03-09 18:00:00,17.96742724867725
2012-03-09 19:00:00,0.0
2012-03-09 20:00:00,56.397982804232804
2012-03-09 21:00:00,65.60879629629629
2012-03-09 22:00:00,64.75958994708995
2012-03-09 23:00:00,65.2078373015873
2012-03-10 00:00:00,64.49652777777779
2012-03-10 01:00:00,65.12731481481482
2012-03-10 02:00:00,64.47569444444444
2012-03-10 03:00:00,61.079861111111114
2012-03-10 04:00:00,63.00162037037037
2012-03-10 05:00:00,62.480324074074076
2012-03-10 06:00:00,66.79943783068784
2012-03-10 07:00:00,67.73611111111111
2012-03-10 08:00:00,67.1261574074074
2012-03-10 09:00:00,67.11954365079366
2012-03-10 10:00:00,67.83035714285714
2012-03-10 11:00:00,67.16203703703704
2012-03-10 12:00:00,67.16550925925925
2012-03-10 13:00:00,67.21875
2012-03-10 14:00:00,66.96395502645503
2012-03-10 15:00:00,67.13657407407408
2012-03-10 16:00:00,67.95023148148148
2012-03-10 17:00:00,67.95370370370371
2012-03-10 18:00:00,65.71064814814815
2012-03-10 19:00:00,64.76041666666667
2012-03-10 20:00:00,66.09675925925926
2012-03-10 21:00:00,66.62847222222221
2012-03-10 22:00:00,66.78472222222221
2012-03-10 23:00:00,67.8030753968254
2012-03-11 00:00:00,67.85185185185185
2012-03-11 01:00:00,67.20138888888889
2012-03-11 02:00:00,0.0
2012-03-11 03:00:00,66.22916666666667
2012-03-11 04:00:00,64.01851851851852
2012-03-11 05:00:00,63.40393518518518
2012-03-11 06:00:00,65.59606481481482
2012-03-11 07:00:00,66.93998015873017
2012-03-11 08:00:00,67.42824074074075
2012-03-11 09:00:00,68.42476851851852
2012-03-11 10:00:00,68.59375
2012-03-11 11:00:00,68.02199074074075
2012-03-11 12:00:00,68.08101851851852
2012-03-11 13:00:00,68.24189814814815
2012-03-11 14:00:00,68.85069444444444
2012-03-11 15:00:00,68.60879629629629
2012-03-11 16:00:00,68.93402777777779
2012-03-11 17:00:00,68.75347222222221
2012-03-11 18:00:00,67.31828703703704
2012-03-11 19:00:00,66.83912037037037
2012-03-11 20:00:00,67.61574074074075
2012-03-11 21:00:00,68.25958994708995
2012-03-11 22:00:00,67.07638888888889
2012-03-11 23:00:00,67.13541666666667
2012-03-12 00:00:00,66.72800925925925
2012-03-12 01:00:00,64.64120370370371
2012-03-12 02:00:00,63.73677248677249
2012-03-12 03:00:00,63.09953703703704
2012-03-12 04:00:00,63.254629629629626
2012-03-12 05:00:00,64.16087962962963
2012-03-12 06:00:00,65.74768518518518
2012-03-12 07:00:00,66.87152777777779
2012-03-12 08:00:00,66.59193121693121
2012-03-12 09:00:00,65.3449074074074
2012-03-12 10:00:00,48.67476851851851
2012-03-12 11:00:00,53.79606481481482
2012-03-12 12:00:00,64.90393518518518
2012-03-12 13:00:00,65.37268518518518
2012-03-12 14:00:00,60.33796296296296
2012-03-12 15:00:00,66.30605158730158
2012-03-12 16:00:00,66.38657407407408
2012-03-12 17:00:00,50.019675925925924
2012-03-12 18:00:00,33.085648148148145
2012-03-12 19:00:00,66.07175925925925
2012-03-12 20:00:00,66.16435185185185
2012-03-12 21:00:00,66.53703703703704
2012-03-12 22:00:00,65.55092592592592
2012-03-12 23:00:00,64.75810185185185
2012-03-13 00:00:00,62.80902777777778
2012-03-13 01:00:00,63.233630952380956
2012-03-13 02:00:00,61.070271164021165
2012-03-13 03:00:00,60.20023148148149
2012-03-13 04:00:00,62.03703703703704
2012-03-13 05:00:00,64.01967592592592
2012-03-13 06:00:00,66.31382275132275
2012-03-13 07:00:00,66.99785052910053
2012-03-13 08:00:00,66.81828703703704
2012-03-13 09:00:00,65.82060185185185
2012-03-13 10:00:00,64.55324074074075
2012-03-13 11:00:00,63.44328703703704
2012-03-13 12:00:00,64.98495370370371
2012-03-13 13:00:00,65.15856481481482
2012-03-13 14:00:00,66.03356481481482
2012-03-13 15:00:00,66.28637566137566
2012-03-13 16:00:00,66.51273148148148
2012-03-13 17:00:00,33.355324074074076
2012-03-13 18:00:00,36.910714285714285
2012-03-13 19:00:00,50.65972222222222
2012-03-13 20:00:00,67.03819444444444
2012-03-13 21:00:00,66.73379629629629
2012-03-13 22:00:00,66.67080026455027
2012-03-13 23:00:00,65.22569444444444
2012-03-14 00:00:00,63.62731481481482
2012-03-14 01:00:00,62.60929232804233
2012-03-14 02:00:00,61.69097222222222
2012-03-14 03:00:00,62.49189814814815
2012-03-14 04:00:00,61.11736111111111
2012-03-14 05:00:00,63.64814814814815
2012-03-14 06:00:00,66.44560185185185
2012-03-14 07:00:00,67.58796296296296
2012-03-14 08:00:00,67.22800925925925
2012-03-14 09:00:00,65.99652777777779
2012-03-14 10:00:00,64.26851851851852
2012-03-14 11:00:00,64.42361111111111
2012-03-14 12:00:00,65.80324074074075
2012-03-14 13:00:00,65.78587962962963
2012-03-14 14:00:00,66.29646164021163
2012-03-14 15:00:00,15.574074074074074
2012-03-14 16:00:00,19.41435185185185
2012-03-14 17:00:00,16.85350529100529
2012-03-14 18:00:00,18.78637566137566
2012-03-14 19:00:00,57.604993386243386
2012-03-14 20:00:00,66.61921296296296
2012-03-14 21:00:00,67.34722222222221
2012-03-14 22:00:00,66.05886243386244
2012-03-14 23:00:00,64.52314814814815
2012-03-15 00:00:00,64.28819444444444
2012-03-15 01:00:00,62.38078703703704
2012-03-15 02:00:00,61.357638888888886
2012-03-15 03:00:00,60.91435185185185
2012-03-15 04:00:00,59.724074074074075
2012-03-15 05:00:00,63.333333333333336
2012-03-15 06:00:00,65.56944444444444
2012-03-15 07:00:00,66.96875
2012-03-15 08:00:00,38.65625
2012-03-15 09:00:00,63.05324074074074
2012-03-15 10:00:00,64.4141865079365
2012-03-15 11:00:00,64.93055555555556
2012-03-15 12:00:00,65.65955687830687
2012-03-15 13:00:00,65.63409391534391
2012-03-15 14:00:00,60.74560185185185
2012-03-15 15:00:00,65.92245370370371
2012-03-15 16:00:00,56.61689814814815
2012-03-15 17:00:00,23.916666666666668
2012-03-15 18:00:00,23.37962962962963
2012-03-15 19:00:00,64.75628306878308
2012-03-15 20:00:00,65.15277777777779
2012-03-15 21:00:00,66.3113425925926
2012-03-15 22:00:00,65.76752645502646
2012-03-15 23:00:00,63.177083333333336
2012-03-16 00:00:00,63.182870370370374
2012-03-16 01:00:00,60.67542989417989
2012-03-16 02:00:00,60.949074074074076
2012-03-16 03:00:00,59.15393518518518
2012-03-16 04:00:00,60.56805555555555
2012-03-16 05:00:00,63.41550925925926
2012-03-16 06:00:00,65.76620370370371
2012-03-16 07:00:00,66.4050925925926
2012-03-16 08:00:00,65.67291666666667
2012-03-16 09:00:00,65.07939814814814
2012-03-16 10:00:00,63.5474537037037
2012-03-16 11:00:00,63.24652777777778
2012-03-16 12:00:00,63.2037037037037
2012-03-16 13:00:00,64.02662037037037
2012-03-16 14:00:00,66.00462962962963
2012-03-16 15:00:00,65.79811507936508
2012-03-16 16:00:00,27.377314814814813
2012-03-16 17:00:00,20.21527777777778
2012-03-16 18:00:00,23.60796957671958
2012-03-16 19:00:00,36.62384259259259
2012-03-16 20:00:00,65.55208333333333
2012-03-16 21:00:00,65.73561507936508
2012-03-16 22:00:00,64.91617063492063
2012-03-16 23:00:00,66.06564153439153
2012-03-17 00:00:00,66.38194444444444
2012-03-17 01:00:00,65.74421296296296
2012-03-17 02:00:00,63.06018518518518
2012-03-17 03:00:00,60.71643518518518
2012-03-17 04:00:00,62.145833333333336
2012-03-17 05:00:00,62.08680555555555
2012-03-17 06:00:00,62.725694444444436
2012-03-17 07:00:00,65.72453703703704
2012-03-17 08:00:00,61.27546296296296
2012-03-17 09:00:00,53.0462962962963
2012-03-17 10:00:00,44.09259259259259
2012-03-17 11:00:00,61.90509259259259
2012-03-17 12:00:00,65.95717592592592
2012-03-17 13:00:00,67.20833333333333
2012-03-17 14:00:00,66.81018518518518
2012-03-17 15:00:00,67.79629629629629
2012-03-17 16:00:00,67.54398148148148
2012-03-17 17:00:00,68.2800925925926
2012-03-17 18:00:00,67.94560185185185
2012-03-17 19:00:00,65.56828703703704
2012-03-17 20:00:00,66.5132275132275
2012-03-17 21:00:00,66.72222222222221
2012-03-17 22:00:00,67.37962962962963
2012-03-17 23:00:00,66.71064814814815
2012-03-18 00:00:00,66.91319444444444
2012-03-18 01:00:00,67.16319444444444
2012-03-18 02:00:00,67.04001322751323
2012-03-18 03:00:00,64.27199074074075
2012-03-18 04:00:00,65.55763888888889
2012-03-18 05:00:00,66.73148148148148
2012-03-18 06:00:00,67.41435185185185
2012-03-18 07:00:00,67.91550925925925
2012-03-18 08:00:00,68.01388888888889
2012-03-18 09:00:00,68.70370370370371
2012-03-18 10:00:00,68.6261574074074
2012-03-18 11:00:00,68.1574074074074
2012-03-18 12:00:00,67.92592592592592
2012-03-18 13:00:00,67.65046296296296
2012-03-18 14:00:00,68.08449074074075
2012-03-18 15:00:00,68.47685185185185
2012-03-18 16:00:00,68.7199074074074
2012-03-18 17:00:00,68.0636574074074
2012-03-18 18:00:00,68.43055555555556
2012-03-18 19:00:00,68.06828703703704
2012-03-18 20:00:00,68.19675925925925
2012-03-18 21:00:00,67.94212962962963
2012-03-18 22:00:00,67.74513888888889
2012-03-18 23:00:00,66.80462962962963
2012-03-19 00:00:00,66.64050925925926
2012-03-19 01:00:00,65.9462962962963
2012-03-19 02:00:00,64.44606481481482
2012-03-19 03:00:00,61.519675925925924
2012-03-19 04:00:00,62.86805555555555
2012-03-19 05:00:00,65.6537037037037
2012-03-19 06:00:00,66.14120370370371
2012-03-19 07:00:00,66.97222222222221
2012-03-19 08:00:00,68.00578703703704
2012-03-19 09:00:00,65.96527777777777
2012-03-19 10:00:00,65.22453703703704
2012-03-19 11:00:00,64.52893518518518
2012-03-19 12:00:00,63.15856481481482
2012-03-19 13:00:00,63.80925925925926
2012-03-19 14:00:00,63.432870370370374
2012-03-19 15:00:00,30.05439814814815
2012-03-19 16:00:00,55.77893518518518
2012-03-19 17:00:00,18.05439814814815
2012-03-19 18:00:00,23.689814814814813
2012-03-19 19:00:00,66.61689814814815
2012-03-19 20:00:00,67.87847222222223
2012-03-19 21:00:00,67.52893518518518
2012-03-19 22:00:00,65.08217592592592
2012-03-19 23:00:00,64.90972222222221
2012-03-20 00:00:00,62.5
2012-03-20 01:00:00,63.24189814814815
2012-03-20 02:00:00,60.7037037037037
2012-03-20 03:00:00,58.31689814814815
2012-03-20 04:00:00,59.3558201058201
2012-03-20 05:00:00,64.18981481481482
2012-03-20 06:00:00,66.20949074074075
2012-03-20 07:00:00,66.92361111111111
2012-03-20 08:00:00,67.88541666666667
2012-03-20 09:00:00,0.0
2012-03-20 10:00:00,31.863425925925924
2012-03-20 11:00:00,63.87268518518518
2012-03-20 12:00:00,64.16319444444444
2012-03-20 13:00:00,65.71296296296296
2012-03-20 14:00:00,66.30092592592592
2012-03-20 15:00:00,45.98330026455026
2012-03-20 16:00:00,18.903769841269842
2012-03-20 17:00:00,17.48611111111111
2012-03-20 18:00:00,26.822916666666668
2012-03-20 19:00:00,65.68518518518518
2012-03-20 20:00:00,66.1886574074074
2012-03-20 21:00:00,66.27777777777779
2012-03-20 22:00:00,66.35995370370371
2012-03-20 23:00:00,63.935846560846564
2012-03-21 00:00:00,63.61689814814815
2012-03-21 01:00:00,62.21296296296296
2012-03-21 02:00:00,59.54017857142858
2012-03-21 03:00:00,59.239583333333336
2012-03-21 04:00:00,60.84259259259259
2012-03-21 05:00:00,63.78240740740741
2012-03-21 06:00:00,66.47800925925925
2012-03-21 07:00:00,66.97800925925925
2012-03-21 08:00:00,64.99421296296296
2012-03-21 09:00:00,65.80092592592592
2012-03-21 10:00:00,64.35433201058201
2012-03-21 11:00:00,65.70486111111111
2012-03-21 12:00:00,65.69328703703704
2012-03-21 13:00:00,64.58862433862434
2012-03-21 14:00:00,64.48379629629629
2012-03-21 15:00:00,64.28409391534392
2012-03-21 16:00:00,63.45949074074074
2012-03-21 17:00:00,25.641699735449734
2012-03-21 18:00:00,16.98313492063492
2012-03-21 19:00:00,33.429728835978835
2012-03-21 20:00:00,65.71527777777779
2012-03-21 21:00:00,65.4386574074074
2012-03-21 22:00:00,65.34375
2012-03-21 23:00:00,64.86210317460318
2012-03-22 00:00:00,63.67824074074074
2012-03-22 01:00:00,62.26273148148149
2012-03-22 02:00:00,62.145833333333336
2012-03-22 03:00:00,60.87450396825397
2012-03-22 04:00:00,26.831944444444446
2012-03-22 05:00:00,0.0
2012-03-22 06:00:00,0.0
2012-03-22 07:00:00,0.0
2012-03-22 08:00:00,7.635416666666667
2012-03-22 09:00:00,47.47800925925926
2012-03-22 10:00:00,64.15393518518518
2012-03-22 11:00:00,54.65013227513228
2012-03-22 12:00:00,64.87152777777779
2012-03-22 13:00:00,21.582175925925924
2012-03-22 14:00:00,65.14930555555556
2012-03-22 15:00:00,16.541666666666668
2012-03-22 16:00:00,39.523148148148145
2012-03-22 17:00:00,19.12615740740741
2012-03-22 18:00:00,22.886574074074076
2012-03-22 19:00:00,65.47800925925925
2012-03-22 20:00:00,64.54381613756614
2012-03-22 21:00:00,65.60003306878308
2012-03-22 22:00:00,65.75810185185185
2012-03-22 23:00:00,65.04050925925925
2012-03-23 00:00:00,0.0
2012-03-23 01:00:00,20.74074074074074
2012-03-23 02:00:00,61.491898148148145
2012-03-23 03:00:00,61.95205026455026
2012-03-23 04:00:00,60.256018518518516
2012-03-23 05:00:00,64.11689814814815
2012-03-23 06:00:00,65.31875000000001
2012-03-23 07:00:00,66.76273148148148
2012-03-23 08:00:00,66.17245370370371
2012-03-23 09:00:00,65.00578703703704
2012-03-23 10:00:00,63.583333333333336
2012-03-23 11:00:00,64.13425925925925
2012-03-23 12:00:00,64.51064814814815
2012-03-23 13:00:00,64.77777777777779
2012-03-23 14:00:00,65.56712962962963
2012-03-23 15:00:00,34.791666666666664
2012-03-23 16:00:00,55.96511243386243
2012-03-23 17:00:00,38.41319444444444
2012-03-23 18:00:00,14.597222222222221
2012-03-23 19:00:00,48.917824074074076
2012-03-23 20:00:00,66.11921296296296
2012-03-23 21:00:00,66.09275793650794
2012-03-23 22:00:00,65.41319444444444
2012-03-23 23:00:00,66.09027777777779
2012-03-24 00:00:00,65.838458994709
2012-03-24 01:00:00,63.71990740740741
2012-03-24 02:00:00,64.79100529100529
2012-03-24 03:00:00,62.66435185185185
2012-03-24 04:00:00,62.78703703703704
2012-03-24 05:00:00,62.605324074074076
2012-03-24 06:00:00,65.57175925925925
2012-03-24 07:00:00,66.67592592592592
2012-03-24 08:00:00,67.05902777777779
2012-03-24 09:00:00,66.67476851851852
2012-03-24 10:00:00,55.800925925925924
2012-03-24 11:00:00,66.3219246031746
2012-03-24 12:00:00,67.65625
2012-03-24 13:00:00,67.75462962962963
2012-03-24 14:00:00,68.02083333333333
2012-03-24 15:00:00,67.04745370370371
2012-03-24 16:00:00,68.3298611111111
2012-03-24 17:00:00,68.14814814814815
2012-03-24 18:00:00,66.76041666666667
2012-03-24 19:00:00,65.66286375661376
2012-03-24 20:00:00,67.03720238095238
2012-03-24 21:00:00,66.91402116402116
2012-03-24 22:00:00,67.92096560846561
2012-03-24 23:00:00,68.23627645502646
2012-03-25 00:00:00,68.21064814814815
2012-03-25 01:00:00,67.8083664021164
2012-03-25 02:00:00,68.00611772486772
2012-03-25 03:00:00,65.33101851851852
2012-03-25 04:00:00,64.11689814814815
2012-03-25 05:00:00,66.1238425925926
2012-03-25 06:00:00,66.01488095238095
2012-03-25 07:00:00,67.14203042328042
2012-03-25 08:00:00,67.08382936507937
2012-03-25 09:00:00,67.83416005291005
2012-03-25 10:00:00,66.14351851851852
2012-03-25 11:00:00,63.11921296296296
2012-03-25 12:00:00,60.625
2012-03-25 13:00:00,58.30902777777778
2012-03-25 14:00:00,55.06911375661375
2012-03-25 15:00:00,60.56597222222222
2012-03-25 16:00:00,67.46527777777779
2012-03-25 17:00:00,61.866534391534394
2012-03-25 18:00:00,68.77314814814815
2012-03-25 19:00:00,68.36342592592592
2012-03-25 20:00:00,66.87731481481482
2012-03-25 21:00:00,62.773842592592594
2012-03-25 22:00:00,61.64070767195767
2012-03-25 23:00:00,64.5176917989418
2012-03-26 00:00:00,59.479828042328045
2012-03-26 01:00:00,65.19791666666667
2012-03-26 02:00:00,62.82705026455026
2012-03-26 03:00:00,61.03703703703704
2012-03-26 04:00:00,61.81795634920635
2012-03-26 05:00:00,66.42129629629629
2012-03-26 06:00:00,66.49669312169313
2012-03-26 07:00:00,68.02050264550265
2012-03-26 08:00:00,28.44940476190476
2012-03-26 09:00:00,0.0
2012-03-26 10:00:00,0.0
2012-03-26 11:00:00,0.0
2012-03-26 12:00:00,0.0
2012-03-26 13:00:00,0.0
2012-03-26 14:00:00,0.0
2012-03-26 15:00:00,0.0
2012-03-26 16:00:00,0.0
2012-03-26 17:00:00,0.0
2012-03-26 18:00:00,0.0
2012-03-26 19:00:00,0.0
2012-03-26 20:00:00,0.0
2012-03-26 21:00:00,0.0
2012-03-26 22:00:00,0.0
2012-03-26 23:00:00,0.0
2012-03-27 00:00:00,0.0
2012-03-27 01:00:00,0.0
2012-03-27 02:00:00,0.0
2012-03-27 03:00:00,0.0
2012-03-27 04:00:00,0.0
2012-03-27 05:00:00,0.0
2012-03-27 06:00:00,0.0
2012-03-27 07:00:00,0.0
2012-03-27 08:00:00,0.0
2012-03-27 09:00:00,0.0
2012-03-27 10:00:00,0.0
2012-03-27 11:00:00,0.0
2012-03-27 12:00:00,0.0
2012-03-27 13:00:00,0.0
2012-03-27 14:00:00,0.0
2012-03-27 15:00:00,0.0
2012-03-27 16:00:00,55.423776455026456
2012-03-27 17:00:00,29.96875
2012-03-27 18:00:00,23.94560185185185
2012-03-27 19:00:00,11.849041005291006
2012-03-27 20:00:00,10.601851851851853
2012-03-27 21:00:00,65.6863425925926
2012-03-27 22:00:00,66.20882936507937
2012-03-27 23:00:00,64.54398148148148
2012-03-28 00:00:00,58.12847222222222
2012-03-28 01:00:00,63.645833333333336
2012-03-28 02:00:00,61.78125
2012-03-28 03:00:00,61.92013888888889
2012-03-28 04:00:00,61.56134259259259
2012-03-28 05:00:00,64.91087962962963
2012-03-28 06:00:00,66.59507275132275
2012-03-28 07:00:00,67.79960317460318
2012-03-28 08:00:00,67.95155423280424
2012-03-28 09:00:00,64.88425925925925
2012-03-28 10:00:00,64.20370370370371
2012-03-28 11:00:00,64.77314814814815
2012-03-28 12:00:00,65.39583333333333
2012-03-28 13:00:00,65.48958333333333
2012-03-28 14:00:00,65.375
2012-03-28 15:00:00,66.36342592592592
2012-03-28 16:00:00,66.48379629629629
2012-03-28 17:00:00,46.45763888888889
2012-03-28 18:00:00,33.16203703703704
2012-03-28 19:00:00,66.34837962962963
2012-03-28 20:00:00,65.77314814814815
2012-03-28 21:00:00,66.00462962962963
2012-03-28 22:00:00,65.86805555555556
2012-03-28 23:00:00,63.8098544973545
2012-03-29 00:00:00,62.65509259259259
2012-03-29 01:00:00,61.55555555555555
2012-03-29 02:00:00,61.94940476190476
2012-03-29 03:00:00,57.34623015873016
2012-03-29 04:00:00,61.44708994708995
2012-03-29 05:00:00,64.04050925925925
2012-03-29 06:00:00,65.40046296296296
2012-03-29 07:00:00,66.224041005291
2012-03-29 08:00:00,66.19907407407408
2012-03-29 09:00:00,64.58763227513228
2012-03-29 10:00:00,59.57523148148149
2012-03-29 11:00:00,65.8136574074074
2012-03-29 12:00:00,65.85019841269842
2012-03-29 13:00:00,65.16931216931216
2012-03-29 14:00:00,65.4675925925926
2012-03-29 15:00:00,59.367063492063494
2012-03-29 16:00:00,0.0
2012-03-29 17:00:00,8.494444444444445
2012-03-29 18:00:00,23.8869708994709
2012-03-29 19:00:00,65.72337962962963
2012-03-29 20:00:00,27.179563492063494
2012-03-29 21:00:00,11.152777777777777
2012-03-29 22:00:00,0.0
2012-03-29 23:00:00,59.46990740740741
2012-03-30 00:00:00,59.73726851851851
2012-03-30 01:00:00,62.27777777777778
2012-03-30 02:00:00,60.77232142857142
2012-03-30 03:00:00,58.98148148148149
2012-03-30 04:00:00,61.199074074074076
2012-03-30 05:00:00,63.670138888888886
2012-03-30 06:00:00,64.98776455026454
2012-03-30 07:00:00,66.93402777777779
2012-03-30 08:00:00,55.46527777777778
2012-03-30 09:00:00,65.33730158730158
2012-03-30 10:00:00,64.58333333333333
2012-03-30 11:00:00,65.83680555555556
2012-03-30 12:00:00,65.73148148148148
2012-03-30 13:00:00,64.62466931216932
2012-03-30 14:00:00,64.26967592592592
2012-03-30 15:00:00,21.296296296296294
2012-03-30 16:00:00,21.96759259259259
2012-03-30 17:00:00,20.21412037037037
2012-03-30 18:00:00,51.19583333333333
2012-03-30 19:00:00,60.513723544973544
2012-03-30 20:00:00,65.58773148148148
2012-03-30 21:00:00,65.71593915343915
2012-03-30 22:00:00,65.20370370370371
2012-03-30 23:00:00,64.56712962962963
2012-03-31 00:00:00,54.506944444444436
2012-03-31 01:00:00,65.22800925925925
2012-03-31 02:00:00,63.84874338624339
2012-03-31 03:00:00,61.268750000000004
2012-03-31 04:00:00,63.1114417989418
2012-03-31 05:00:00,62.029431216931215
2012-03-31 06:00:00,64.16319444444444
2012-03-31 07:00:00,66.04513888888889
2012-03-31 08:00:00,66.0
2012-03-31 09:00:00,66.52430555555556
2012-03-31 10:00:00,66.2511574074074
2012-03-31 11:00:00,64.97800925925925
2012-03-31 12:00:00,63.30671296296296
2012-03-31 13:00:00,66.68766534391534
2012-03-31 14:00:00,67.32870370370371
2012-03-31 15:00:00,67.58912037037037
2012-03-31 16:00:00,67.79050925925925
2012-03-31 17:00:00,66.78819444444444
2012-03-31 18:00:00,66.71643518518518
2012-03-31 19:00:00,66.50710978835978
2012-03-31 20:00:00,64.10069444444444
2012-03-31 21:00:00,62.125
2012-03-31 22:00:00,65.41666666666667
2012-03-31 23:00:00,67.55671296296296
2012-04-01 00:00:00,67.56018518518518
2012-04-01 01:00:00,67.19097222222221
2012-04-01 02:00:00,66.56200396825396
2012-04-01 03:00:00,66.04166666666667
2012-04-01 04:00:00,63.517030423280424
2012-04-01 05:00:00,65.5286044973545
2012-04-01 06:00:00,66.65162037037037
2012-04-01 07:00:00,67.56944444444444
2012-04-01 08:00:00,67.63425925925925
2012-04-01 09:00:00,68.01157407407408
2012-04-01 10:00:00,67.45734126984128
2012-04-01 11:00:00,67.53290343915343
2012-04-01 12:00:00,67.88657407407408
2012-04-01 13:00:00,67.85300925925925
2012-04-01 14:00:00,68.75181878306879
2012-04-01 15:00:00,68.85648148148148
2012-04-01 16:00:00,68.94031084656085
2012-04-01 17:00:00,68.95254629629629
2012-04-01 18:00:00,68.64467592592592
2012-04-01 19:00:00,66.54943783068784
2012-04-01 20:00:00,66.42939814814815
2012-04-01 21:00:00,66.9250992063492
2012-04-01 22:00:00,67.275958994709
2012-04-01 23:00:00,65.34606481481482
2012-04-02 00:00:00,65.82523148148148
2012-04-02 01:00:00,64.82870370370371
2012-04-02 02:00:00,64.46097883597884
2012-04-02 03:00:00,60.90641534391534
2012-04-02 04:00:00,62.42962962962963
2012-04-02 05:00:00,64.56481481481482
2012-04-02 06:00:00,66.3125
2012-04-02 07:00:00,66.59953703703704
2012-04-02 08:00:00,66.19097222222221
2012-04-02 09:00:00,66.1641865079365
2012-04-02 10:00:00,66.57423941798942
2012-04-02 11:00:00,65.82671957671958
2012-04-02 12:00:00,65.57506613756614
2012-04-02 13:00:00,64.47619047619047
2012-04-02 14:00:00,63.90724206349207
2012-04-02 15:00:00,64.13078703703704
2012-04-02 16:00:00,64.36805555555556
2012-04-02 17:00:00,46.76884920634921
2012-04-02 18:00:00,65.19444444444444
2012-04-02 19:00:00,67.56101190476191
2012-04-02 20:00:00,65.7824074074074
2012-04-02 21:00:00,65.89027777777777
2012-04-02 22:00:00,63.75925925925926
2012-04-02 23:00:00,63.00810185185185
2012-04-03 00:00:00,63.2025462962963
2012-04-03 01:00:00,61.5474537037037
2012-04-03 02:00:00,59.31597222222222
2012-04-03 03:00:00,58.84259259259259
2012-04-03 04:00:00,62.13240740740741
2012-04-03 05:00:00,64.50876322751323
2012-04-03 06:00:00,67.05324074074075
2012-04-03 07:00:00,66.9050925925926
2012-04-03 08:00:00,66.02430555555556
2012-04-03 09:00:00,65.30489417989418
2012-04-03 10:00:00,65.81167328042328
2012-04-03 11:00:00,65.23958333333333
2012-04-03 12:00:00,64.69791666666667
2012-04-03 13:00:00,62.53935185185185
2012-04-03 14:00:00,63.082175925925924
2012-04-03 15:00:00,63.979166666666664
2012-04-03 16:00:00,64.53356481481482
2012-04-03 17:00:00,27.775462962962962
2012-04-03 18:00:00,29.973710317460316
2012-04-03 19:00:00,36.651620370370374
2012-04-03 20:00:00,66.22916666666667
2012-04-03 21:00:00,64.74212962962963
2012-04-03 22:00:00,64.41435185185185
2012-04-03 23:00:00,64.28984788359789
2012-04-04 00:00:00,62.073743386243386
2012-04-04 01:00:00,62.74718915343916
2012-04-04 02:00:00,58.420138888888886
2012-04-04 03:00:00,59.486111111111114
2012-04-04 04:00:00,60.107638888888886
2012-04-04 05:00:00,64.44791666666667
2012-04-04 06:00:00,66.81944444444444
2012-04-04 07:00:00,67.85069444444444
2012-04-04 08:00:00,66.84093915343915
2012-04-04 09:00:00,65.68568121693121
2012-04-04 10:00:00,65.82440476190476
2012-04-04 11:00:00,65.30539021164022
2012-04-04 12:00:00,65.15823412698413
2012-04-04 13:00:00,65.15906084656085
2012-04-04 14:00:00,64.60416666666667
2012-04-04 15:00:00,64.78819444444444
2012-04-04 16:00:00,64.44047619047619
2012-04-04 17:00:00,42.8587962962963
2012-04-04 18:00:00,29.45486111111111
2012-04-04 19:00:00,67.07787698412699
2012-04-04 20:00:00,65.83564814814815
2012-04-04 21:00:00,65.26719576719576
2012-04-04 22:00:00,65.75462962962963
2012-04-04 23:00:00,64.4250992063492
2012-04-05 00:00:00,62.47222222222222
2012-04-05 01:00:00,60.958333333333336
2012-04-05 02:00:00,60.04398148148149
2012-04-05 03:00:00,59.77893518518518
2012-04-05 04:00:00,61.42509920634921
2012-04-05 05:00:00,64.93832671957672
2012-04-05 06:00:00,66.72585978835978
2012-04-05 07:00:00,67.47222222222221
2012-04-05 08:00:00,66.66931216931216
2012-04-05 09:00:00,66.00281084656085
2012-04-05 10:00:00,64.74768518518518
2012-04-05 11:00:00,21.4702380952381
2012-04-05 12:00:00,21.850694444444443
2012-04-05 13:00:00,65.64120370370371
2012-04-05 14:00:00,38.33402777777778
2012-04-05 15:00:00,0.0
2012-04-05 16:00:00,0.0
2012-04-05 17:00:00,0.0
2012-04-05 18:00:00,0.0
2012-04-05 19:00:00,0.0
2012-04-05 20:00:00,0.0
2012-04-05 21:00:00,0.0
2012-04-05 22:00:00,0.0
2012-04-05 23:00:00,0.0
2012-04-06 00:00:00,0.0
2012-04-06 01:00:00,0.0
2012-04-06 02:00:00,0.0
2012-04-06 03:00:00,0.0
2012-04-06 04:00:00,0.0
2012-04-06 05:00:00,0.0
2012-04-06 06:00:00,0.0
2012-04-06 07:00:00,0.0
2012-04-06 08:00:00,0.0
2012-04-06 09:00:00,22.253009259259258
2012-04-06 10:00:00,65.21957671957672
2012-04-06 11:00:00,66.10185185185185
2012-04-06 12:00:00,22.42361111111111
2012-04-06 13:00:00,38.860119047619044
2012-04-06 14:00:00,55.07275132275132
2012-04-06 15:00:00,64.97916666666667
2012-04-06 16:00:00,64.8425925925926
2012-04-06 17:00:00,64.61342592592592
2012-04-06 18:00:00,28.110019841269843
2012-04-06 19:00:00,22.800925925925924
2012-04-06 20:00:00,65.55439814814815
2012-04-06 21:00:00,66.02893518518518
2012-04-06 22:00:00,49.33101851851851
2012-04-06 23:00:00,5.652777777777778
2012-04-07 00:00:00,42.56464947089947
2012-04-07 01:00:00,64.23032407407408
2012-04-07 02:00:00,64.10416666666667
2012-04-07 03:00:00,62.9212962962963
2012-04-07 04:00:00,60.248511904761905
2012-04-07 05:00:00,61.90625
2012-04-07 06:00:00,65.46527777777779
2012-04-07 07:00:00,66.82986111111111
2012-04-07 08:00:00,66.75248015873017
2012-04-07 09:00:00,55.965740740740735
2012-04-07 10:00:00,67.68931878306879
2012-04-07 11:00:00,50.582671957671955
2012-04-07 12:00:00,60.973379629629626
2012-04-07 13:00:00,66.41550925925925
2012-04-07 14:00:00,66.22685185185185
2012-04-07 15:00:00,67.56018518518518
2012-04-07 16:00:00,67.35416666666667
2012-04-07 17:00:00,67.67592592592592
2012-04-07 18:00:00,67.15128968253968
2012-04-07 19:00:00,11.277777777777777
2012-04-07 20:00:00,10.913194444444443
2012-04-07 21:00:00,49.41693121693121
2012-04-07 22:00:00,66.19560185185185
2012-04-07 23:00:00,67.04976851851852
2012-04-08 00:00:00,49.287996031746026
2012-04-08 01:00:00,5.583333333333333
2012-04-08 02:00:00,0.0
2012-04-08 03:00:00,0.0
2012-04-08 04:00:00,11.666666666666666
2012-04-08 05:00:00,0.0
2012-04-08 06:00:00,0.0
2012-04-08 07:00:00,0.0
2012-04-08 08:00:00,0.0
2012-04-08 09:00:00,0.0
2012-04-08 10:00:00,0.0
2012-04-08 11:00:00,0.0
2012-04-08 12:00:00,0.0
2012-04-08 13:00:00,0.0
2012-04-08 14:00:00,17.034722222222225
2012-04-08 15:00:00,67.9074074074074
2012-04-08 16:00:00,68.01967592592592
2012-04-08 17:00:00,28.510416666666668
2012-04-08 18:00:00,0.0
2012-04-08 19:00:00,5.666666666666667
2012-04-08 20:00:00,0.0
2012-04-08 21:00:00,0.0
2012-04-08 22:00:00,0.0
2012-04-08 23:00:00,0.0
2012-04-09 00:00:00,0.0
2012-04-09 01:00:00,0.0
2012-04-09 02:00:00,0.0
2012-04-09 03:00:00,0.0
2012-04-09 04:00:00,63.29563492063492
2012-04-09 05:00:00,65.45370370370371
2012-04-09 06:00:00,38.90277777777778
2012-04-09 07:00:00,51.19179894179894
2012-04-09 08:00:00,22.4037037037037
2012-04-09 09:00:00,52.482969576719576
2012-04-09 10:00:00,65.7390873015873
2012-04-09 11:00:00,65.83680555555556
2012-04-09 12:00:00,53.27529761904762
2012-04-09 13:00:00,0.0
2012-04-09 14:00:00,0.0
2012-04-09 15:00:00,0.0
2012-04-09 16:00:00,0.0
2012-04-09 17:00:00,0.0
2012-04-09 18:00:00,11.385416666666666
2012-04-09 19:00:00,67.24255952380952
2012-04-09 20:00:00,59.979332010582006
2012-04-09 21:00:00,65.76107804232804
2012-04-09 22:00:00,65.75512566137566
2012-04-09 23:00:00,63.58101851851851
2012-04-10 00:00:00,63.854166666666664
2012-04-10 01:00:00,62.29034391534392
2012-04-10 02:00:00,59.59259259259259
2012-04-10 03:00:00,60.42542989417989
2012-04-10 04:00:00,60.55638227513227
2012-04-10 05:00:00,64.83449074074075
2012-04-10 06:00:00,66.46643518518518
2012-04-10 07:00:00,68.01041666666667
2012-04-10 08:00:00,67.20833333333333
2012-04-10 09:00:00,65.49421296296296
2012-04-10 10:00:00,64.10532407407408
2012-04-10 11:00:00,64.40955687830687
2012-04-10 12:00:00,66.07870370370371
2012-04-10 13:00:00,65.48048941798942
2012-04-10 14:00:00,64.17013888888889
2012-04-10 15:00:00,65.9619708994709
2012-04-10 16:00:00,61.642361111111114
2012-04-10 17:00:00,20.560185185185187
2012-04-10 18:00:00,18.560185185185187
2012-04-10 19:00:00,52.35648148148149
2012-04-10 20:00:00,66.11574074074075
2012-04-10 21:00:00,65.78587962962963
2012-04-10 22:00:00,65.75347222222221
2012-04-10 23:00:00,62.65277777777778
2012-04-11 00:00:00,60.06018518518518
2012-04-11 01:00:00,60.480158730158735
2012-04-11 02:00:00,57.32523148148149
2012-04-11 03:00:00,54.164021164021165
2012-04-11 04:00:00,58.01223544973545
2012-04-11 05:00:00,61.29513888888889
2012-04-11 06:00:00,63.12615740740741
2012-04-11 07:00:00,64.07738095238095
2012-04-11 08:00:00,66.67873677248677
2012-04-11 09:00:00,65.94791666666667
2012-04-11 10:00:00,63.97850529100529
2012-04-11 11:00:00,61.0448082010582
2012-04-11 12:00:00,59.91550925925926
2012-04-11 13:00:00,64.80092592592592
2012-04-11 14:00:00,56.68435846560846
2012-04-11 15:00:00,66.66435185185185
2012-04-11 16:00:00,67.60069444444444
2012-04-11 17:00:00,57.802083333333336
2012-04-11 18:00:00,65.73776455026454
2012-04-11 19:00:00,66.58680555555556
2012-04-11 20:00:00,66.80076058201058
2012-04-11 21:00:00,66.67824074074075
2012-04-11 22:00:00,67.06944444444444
2012-04-11 23:00:00,66.92113095238095
2012-04-12 00:00:00,63.43402777777778
2012-04-12 01:00:00,64.74685846560847
2012-04-12 02:00:00,60.71180555555555
2012-04-12 03:00:00,61.44328703703704
2012-04-12 04:00:00,63.098214285714285
2012-04-12 05:00:00,66.76041666666667
2012-04-12 06:00:00,68.0011574074074
2012-04-12 07:00:00,68.0486111111111
2012-04-12 08:00:00,67.07986111111111
2012-04-12 09:00:00,64.27662037037037
2012-04-12 10:00:00,63.550925925925924
2012-04-12 11:00:00,64.20254629629629
2012-04-12 12:00:00,65.91650132275133
2012-04-12 13:00:00,65.45486111111111
2012-04-12 14:00:00,66.87119708994709
2012-04-12 15:00:00,60.23743386243387
2012-04-12 16:00:00,22.224537037037038
2012-04-12 17:00:00,19.660548941798943
2012-04-12 18:00:00,24.01984126984127
2012-04-12 19:00:00,64.6261574074074
2012-04-12 20:00:00,65.38541666666667
2012-04-12 21:00:00,67.06382275132275
2012-04-12 22:00:00,65.12037037037037
2012-04-12 23:00:00,64.69130291005291
2012-04-13 00:00:00,63.74074074074074
2012-04-13 01:00:00,61.988425925925924
2012-04-13 02:00:00,60.56117724867725
2012-04-13 03:00:00,58.04712301587301
2012-04-13 04:00:00,60.14351851851851
2012-04-13 05:00:00,63.80324074074074
2012-04-13 06:00:00,66.22073412698413
2012-04-13 07:00:00,65.49768518518518
2012-04-13 08:00:00,65.38310185185185
2012-04-13 09:00:00,62.25115740740741
2012-04-13 10:00:00,63.199074074074076
2012-04-13 11:00:00,59.78819444444445
2012-04-13 12:00:00,46.667824074074076
2012-04-13 13:00:00,55.93518518518518
2012-04-13 14:00:00,59.04050925925926
2012-04-13 15:00:00,65.21527777777779
2012-04-13 16:00:00,65.2932208994709
2012-04-13 17:00:00,64.71593915343915
2012-04-13 18:00:00,11.387731481481481
2012-04-13 19:00:00,4.702546296296297
2012-04-13 20:00:00,65.14252645502646
2012-04-13 21:00:00,67.28720238095238
2012-04-13 22:00:00,66.46560846560847
2012-04-13 23:00:00,66.74537037037037
2012-04-14 00:00:00,65.76273148148148
2012-04-14 01:00:00,62.94328703703704
2012-04-14 02:00:00,64.31448412698413
2012-04-14 03:00:00,62.73131613756613
2012-04-14 04:00:00,64.90327380952381
2012-04-14 05:00:00,63.68353174603175
2012-04-14 06:00:00,66.44791666666667
2012-04-14 07:00:00,67.49421296296296
2012-04-14 08:00:00,67.74718915343915
2012-04-14 09:00:00,68.04629629629629
2012-04-14 10:00:00,67.50744047619047
2012-04-14 11:00:00,66.95254629629629
2012-04-14 12:00:00,66.19560185185185
2012-04-14 13:00:00,66.95486111111111
2012-04-14 14:00:00,67.46031746031746
2012-04-14 15:00:00,67.39880952380953
2012-04-14 16:00:00,67.82291666666667
2012-04-14 17:00:00,68.32870370370371
2012-04-14 18:00:00,67.99652777777779
2012-04-14 19:00:00,65.89500661375662
2012-04-14 20:00:00,67.31712962962963
2012-04-14 21:00:00,67.20122354497354
2012-04-14 22:00:00,67.54861111111111
2012-04-14 23:00:00,67.89930555555556
2012-04-15 00:00:00,67.46875
2012-04-15 01:00:00,67.37731481481482
2012-04-15 02:00:00,66.96626984126983
2012-04-15 03:00:00,65.17592592592592
2012-04-15 04:00:00,64.27959656084656
2012-04-15 05:00:00,64.46412037037037
2012-04-15 06:00:00,67.28058862433862
2012-04-15 07:00:00,67.74371693121692
2012-04-15 08:00:00,68.1468253968254
2012-04-15 09:00:00,68.27876984126983
2012-04-15 10:00:00,67.73842592592592
2012-04-15 11:00:00,68.02083333333333
2012-04-15 12:00:00,68.5
2012-04-15 13:00:00,68.67361111111111
2012-04-15 14:00:00,68.45965608465609
2012-04-15 15:00:00,68.35119047619047
2012-04-15 16:00:00,68.91683201058201
2012-04-15 17:00:00,68.91468253968254
2012-04-15 18:00:00,69.05092592592592
2012-04-15 19:00:00,68.10416666666667
2012-04-15 20:00:00,66.28703703703704
2012-04-15 21:00:00,67.18981481481482
2012-04-15 22:00:00,67.5978835978836
2012-04-15 23:00:00,66.94874338624338
2012-04-16 00:00:00,66.1238425925926
2012-04-16 01:00:00,65.42708333333333
2012-04-16 02:00:00,63.9717261904762
2012-04-16 03:00:00,62.22602513227513
2012-04-16 04:00:00,63.550925925925924
2012-04-16 05:00:00,65.72916666666667
2012-04-16 06:00:00,67.09722222222221
2012-04-16 07:00:00,67.65856481481481
2012-04-16 08:00:00,65.52546296296296
2012-04-16 09:00:00,65.0324074074074
2012-04-16 10:00:00,64.8369708994709
2012-04-16 11:00:00,65.12876984126984
2012-04-16 12:00:00,64.29745370370371
2012-04-16 13:00:00,63.870370370370374
2012-04-16 14:00:00,63.8343253968254
2012-04-16 15:00:00,40.86276455026455
2012-04-16 16:00:00,19.571428571428573
2012-04-16 17:00:00,16.10300925925926
2012-04-16 18:00:00,14.597222222222221
2012-04-16 19:00:00,29.652777777777775
2012-04-16 20:00:00,42.79768518518518
2012-04-16 21:00:00,65.76504629629629
2012-04-16 22:00:00,65.45486111111111
2012-04-16 23:00:00,62.879629629629626
2012-04-17 00:00:00,61.93055555555555
2012-04-17 01:00:00,59.957175925925924
2012-04-17 02:00:00,58.96527777777778
2012-04-17 03:00:00,58.94642857142858
2012-04-17 04:00:00,61.31994047619048
2012-04-17 05:00:00,63.723379629629626
2012-04-17 06:00:00,66.68468915343915
2012-04-17 07:00:00,66.62946428571429
2012-04-17 08:00:00,67.10763888888889
2012-04-17 09:00:00,66.30324074074075
2012-04-17 10:00:00,65.6736111111111
2012-04-17 11:00:00,63.82175925925926
2012-04-17 12:00:00,63.573082010582006
2012-04-17 13:00:00,63.08085317460317
2012-04-17 14:00:00,63.261243386243386
2012-04-17 15:00:00,63.39699074074074
2012-04-17 16:00:00,19.32060185185185
2012-04-17 17:00:00,14.481316137566138
2012-04-17 18:00:00,16.78885582010582
2012-04-17 19:00:00,49.04365079365079
2012-04-17 20:00:00,0.0
2012-04-17 21:00:00,0.0
2012-04-17 22:00:00,16.055555555555557
2012-04-17 23:00:00,64.13458994708995
2012-04-18 00:00:00,63.31646825396825
2012-04-18 01:00:00,60.66435185185185
2012-04-18 02:00:00,60.611111111111114
2012-04-18 03:00:00,59.66203703703704
2012-04-18 04:00:00,59.85333994708995
2012-04-18 05:00:00,64.12748015873017
2012-04-18 06:00:00,66.6111111111111
2012-04-18 07:00:00,66.54745370370371
2012-04-18 08:00:00,67.10879629629629
2012-04-18 09:00:00,66.30224867724867
2012-04-18 10:00:00,65.18981481481482
2012-04-18 11:00:00,64.10879629629629
2012-04-18 12:00:00,63.11921296296296
2012-04-18 13:00:00,63.07771164021164
2012-04-18 14:00:00,64.12037037037037
2012-04-18 15:00:00,63.58101851851851
2012-04-18 16:00:00,65.00859788359789
2012-04-18 17:00:00,24.975462962962965
2012-04-18 18:00:00,18.762268518518518
2012-04-18 19:00:00,64.51273148148148
2012-04-18 20:00:00,67.22453703703704
2012-04-18 21:00:00,66.51388888888889
2012-04-18 22:00:00,66.00231481481482
2012-04-18 23:00:00,64.5636574074074
2012-04-19 00:00:00,62.942129629629626
2012-04-19 01:00:00,61.03935185185185
2012-04-19 02:00:00,60.642361111111114
2012-04-19 03:00:00,58.480324074074076
2012-04-19 04:00:00,61.308201058201064
2012-04-19 05:00:00,63.932870370370374
2012-04-19 06:00:00,66.19791666666667
2012-04-19 07:00:00,66.04662698412699
2012-04-19 08:00:00,66.32407407407408
2012-04-19 09:00:00,65.47106481481482
2012-04-19 10:00:00,65.55555555555556
2012-04-19 11:00:00,43.16286375661375
2012-04-19 12:00:00,59.21875
2012-04-19 13:00:00,5.479166666666667
2012-04-19 14:00:00,63.89930555555555
2012-04-19 15:00:00,63.864583333333336
2012-04-19 16:00:00,63.683366402116405
2012-04-19 17:00:00,26.887400793650794
2012-04-19 18:00:00,20.80324074074074
2012-04-19 19:00:00,65.60995370370371
2012-04-19 20:00:00,67.25347222222221
2012-04-19 21:00:00,67.13277116402116
2012-04-19 22:00:00,65.70601851851852
2012-04-19 23:00:00,64.32986111111111
2012-04-20 00:00:00,62.70982142857142
2012-04-20 01:00:00,61.367228835978835
2012-04-20 02:00:00,60.927083333333336
2012-04-20 03:00:00,59.813988095238095
2012-04-20 04:00:00,60.511574074074076
2012-04-20 05:00:00,64.07523148148148
2012-04-20 06:00:00,66.24421296296296
2012-04-20 07:00:00,66.84837962962963
2012-04-20 08:00:00,67.58482142857143
2012-04-20 09:00:00,38.54398148148148
2012-04-20 10:00:00,26.82572751322751
2012-04-20 11:00:00,63.76686507936508
2012-04-20 12:00:00,65.45601851851852
2012-04-20 13:00:00,64.59738756613757
2012-04-20 14:00:00,63.91054894179894
2012-04-20 15:00:00,50.81679894179894
2012-04-20 16:00:00,21.708664021164022
2012-04-20 17:00:00,15.894675925925926
2012-04-20 18:00:00,29.111111111111114
2012-04-20 19:00:00,54.03025793650793
2012-04-20 20:00:00,63.87367724867725
2012-04-20 21:00:00,66.4675925925926
2012-04-20 22:00:00,65.61656746031746
2012-04-20 23:00:00,64.13541666666667
2012-04-21 00:00:00,63.464120370370374
2012-04-21 01:00:00,64.18055555555556
2012-04-21 02:00:00,61.99950396825397
2012-04-21 03:00:00,61.33101851851851
2012-04-21 04:00:00,61.2337962962963
2012-04-21 05:00:00,61.405423280423285
2012-04-21 06:00:00,64.86871693121692
2012-04-21 07:00:00,66.20949074074075
2012-04-21 08:00:00,68.06018518518518
2012-04-21 09:00:00,67.8425925925926
2012-04-21 10:00:00,67.10185185185185
2012-04-21 11:00:00,66.34375
2012-04-21 12:00:00,66.48693783068784
2012-04-21 13:00:00,67.4021164021164
2012-04-21 14:00:00,67.72453703703704
2012-04-21 15:00:00,67.21064814814815
2012-04-21 16:00:00,67.69791666666667
2012-04-21 17:00:00,67.23842592592592
2012-04-21 18:00:00,66.34606481481482
2012-04-21 19:00:00,67.17873677248677
2012-04-21 20:00:00,66.66650132275133
2012-04-21 21:00:00,65.81481481481482
2012-04-21 22:00:00,65.60565476190476
2012-04-21 23:00:00,65.39599867724867
2012-04-22 00:00:00,64.95436507936508
2012-04-22 01:00:00,65.4675925925926
2012-04-22 02:00:00,65.13310185185185
2012-04-22 03:00:00,65.1550925925926
2012-04-22 04:00:00,61.697916666666664
2012-04-22 05:00:00,63.398313492063494
2012-04-22 06:00:00,66.14120370370371
2012-04-22 07:00:00,66.04745370370371
2012-04-22 08:00:00,67.35995370370371
2012-04-22 09:00:00,68.72569444444444
2012-04-22 10:00:00,68.87301587301587
2012-04-22 11:00:00,68.27199074074075
2012-04-22 12:00:00,67.8761574074074
2012-04-22 13:00:00,67.83796296296296
2012-04-22 14:00:00,67.51388888888889
2012-04-22 15:00:00,67.37847222222221
2012-04-22 16:00:00,67.60499338624338
2012-04-22 17:00:00,68.01157407407408
2012-04-22 18:00:00,68.82060185185185
2012-04-22 19:00:00,68.25578703703704
2012-04-22 20:00:00,66.29117063492063
2012-04-22 21:00:00,66.57986111111111
2012-04-22 22:00:00,66.23148148148148
2012-04-22 23:00:00,66.33085317460318
2012-04-23 00:00:00,64.69212962962963
2012-04-23 01:00:00,15.94378306878307
2012-04-23 02:00:00,61.260416666666664
2012-04-23 03:00:00,62.50115740740741
2012-04-23 04:00:00,61.947916666666664
2012-04-23 05:00:00,64.14814814814815
2012-04-23 06:00:00,66.20949074074075
2012-04-23 07:00:00,66.98379629629629
2012-04-23 08:00:00,65.64699074074075
2012-04-23 09:00:00,64.16898148148148
2012-04-23 10:00:00,63.33564814814815
2012-04-23 11:00:00,64.68667328042328
2012-04-23 12:00:00,65.47222222222221
2012-04-23 13:00:00,64.10879629629629
2012-04-23 14:00:00,65.2638888888889
2012-04-23 15:00:00,66.05952380952381
2012-04-23 16:00:00,65.43287037037037
2012-04-23 17:00:00,53.322916666666664
2012-04-23 18:00:00,60.2349537037037
2012-04-23 19:00:00,66.71180555555556
2012-04-23 20:00:00,65.81994047619047
2012-04-23 21:00:00,65.19824735449735
2012-04-23 22:00:00,64.47718253968254
2012-04-23 23:00:00,61.84259259259259
2012-04-24 00:00:00,60.46395502645503
2012-04-24 01:00:00,60.00578703703704
2012-04-24 02:00:00,58.03670634920635
2012-04-24 03:00:00,57.204861111111114
2012-04-24 04:00:00,57.95899470899471
2012-04-24 05:00:00,63.276620370370374
2012-04-24 06:00:00,66.32291666666667
2012-04-24 07:00:00,66.22222222222221
2012-04-24 08:00:00,66.00496031746032
2012-04-24 09:00:00,65.33912037037037
2012-04-24 10:00:00,64.50578703703704
2012-04-24 11:00:00,64.72222222222221
2012-04-24 12:00:00,64.57754629629629
2012-04-24 13:00:00,64.56828703703704
2012-04-24 14:00:00,64.39203042328042
2012-04-24 15:00:00,59.020833333333336
2012-04-24 16:00:00,67.36342592592592
2012-04-24 17:00:00,57.74074074074074
2012-04-24 18:00:00,67.32060185185185
2012-04-24 19:00:00,65.29712301587301
2012-04-24 20:00:00,66.19791666666667
2012-04-24 21:00:00,65.13657407407408
2012-04-24 22:00:00,65.53703703703704
2012-04-24 23:00:00,63.20023148148149
2012-04-25 00:00:00,15.479166666666666
2012-04-25 01:00:00,0.0
2012-04-25 02:00:00,0.0
2012-04-25 03:00:00,0.0
2012-04-25 04:00:00,0.0
2012-04-25 05:00:00,0.0
2012-04-25 06:00:00,0.0
2012-04-25 07:00:00,0.0
2012-04-25 08:00:00,0.0
2012-04-25 09:00:00,0.0
2012-04-25 10:00:00,0.0
2012-04-25 11:00:00,0.0
2012-04-25 12:00:00,0.0
2012-04-25 13:00:00,49.3599537037037
2012-04-25 14:00:00,67.36276455026454
2012-04-25 15:00:00,67.1875
2012-04-25 16:00:00,60.68435846560846
2012-04-25 17:00:00,22.541666666666668
2012-04-25 18:00:00,21.996858465608465
2012-04-25 19:00:00,67.99768518518518
2012-04-25 20:00:00,66.39699074074075
2012-04-25 21:00:00,66.17013888888889
2012-04-25 22:00:00,63.270833333333336
2012-04-25 23:00:00,58.989914021164026
2012-04-26 00:00:00,57.826388888888886
2012-04-26 01:00:00,59.40492724867725
2012-04-26 02:00:00,58.25347222222222
2012-04-26 03:00:00,57.21643518518518
2012-04-26 04:00:00,59.574074074074076
2012-04-26 05:00:00,60.254629629629626
2012-04-26 06:00:00,64.20651455026454
2012-04-26 07:00:00,66.51074735449735
2012-04-26 08:00:00,61.03835978835979
2012-04-26 09:00:00,63.598379629629626
2012-04-26 10:00:00,59.15277777777778
2012-04-26 11:00:00,63.6698082010582
2012-04-26 12:00:00,65.56597222222221
2012-04-26 13:00:00,66.20188492063492
2012-04-26 14:00:00,65.43518518518518
2012-04-26 15:00:00,66.63425925925925
2012-04-26 16:00:00,67.03935185185185
2012-04-26 17:00:00,66.96064814814815
2012-04-26 18:00:00,67.52662037037037
2012-04-26 19:00:00,66.52546296296296
2012-04-26 20:00:00,66.40830026455026
2012-04-26 21:00:00,66.05704365079366
2012-04-26 22:00:00,65.4201388888889
2012-04-26 23:00:00,64.91087962962963
2012-04-27 00:00:00,56.68369708994709
2012-04-27 01:00:00,62.49884259259259
2012-04-27 02:00:00,59.29976851851851
2012-04-27 03:00:00,60.64814814814815
2012-04-27 04:00:00,60.33419312169312
2012-04-27 05:00:00,64.65162037037037
2012-04-27 06:00:00,66.23495370370371
2012-04-27 07:00:00,67.28472222222221
2012-04-27 08:00:00,66.22089947089947
2012-04-27 09:00:00,65.75694444444444
2012-04-27 10:00:00,65.36458333333333
2012-04-27 11:00:00,65.52314814814815
2012-04-27 12:00:00,64.12136243386243
2012-04-27 13:00:00,65.03472222222221
2012-04-27 14:00:00,64.96180555555556
2012-04-27 15:00:00,63.082175925925924
2012-04-27 16:00:00,63.22800925925926
2012-04-27 17:00:00,33.48528439153439
2012-04-27 18:00:00,42.676917989417994
2012-04-27 19:00:00,67.16435185185185
2012-04-27 20:00:00,65.28356481481482
2012-04-27 21:00:00,65.36772486772487
2012-04-27 22:00:00,65.13773148148148
2012-04-27 23:00:00,64.19444444444444
2012-04-28 00:00:00,64.54761904761905
2012-04-28 01:00:00,63.677083333333336
2012-04-28 02:00:00,63.06597222222222
2012-04-28 03:00:00,63.260416666666664
2012-04-28 04:00:00,62.163657407407406
2012-04-28 05:00:00,62.6712962962963
2012-04-28 06:00:00,66.09143518518518
2012-04-28 07:00:00,66.86458333333333
2012-04-28 08:00:00,67.60300925925925
2012-04-28 09:00:00,67.91650132275133
2012-04-28 10:00:00,68.01306216931216
2012-04-28 11:00:00,66.57754629629629
2012-04-28 12:00:00,56.36574074074074
2012-04-28 13:00:00,65.97867063492063
2012-04-28 14:00:00,66.15165343915343
2012-04-28 15:00:00,66.85532407407408
2012-04-28 16:00:00,66.65277777777779
2012-04-28 17:00:00,66.7948082010582
2012-04-28 18:00:00,66.19560185185185
2012-04-28 19:00:00,66.73578042328042
2012-04-28 20:00:00,67.96875
2012-04-28 21:00:00,67.46180555555556
2012-04-28 22:00:00,67.19510582010582
2012-04-28 23:00:00,66.06547619047619
2012-04-29 00:00:00,65.2800925925926
2012-04-29 01:00:00,65.29050925925925
2012-04-29 02:00:00,66.13310185185186
2012-04-29 03:00:00,64.52248677248677
2012-04-29 04:00:00,63.25925925925926
2012-04-29 05:00:00,65.52480158730158
2012-04-29 06:00:00,66.0
2012-04-29 07:00:00,67.18055555555556
2012-04-29 08:00:00,67.9386574074074
2012-04-29 09:00:00,68.64814814814815
2012-04-29 10:00:00,67.32638888888889
2012-04-29 11:00:00,63.6712962962963
2012-04-29 12:00:00,67.02430555555556
2012-04-29 13:00:00,66.85367063492063
2012-04-29 14:00:00,67.01058201058201
2012-04-29 15:00:00,56.15393518518518
2012-04-29 16:00:00,39.59077380952381
2012-04-29 17:00:00,0.0
2012-04-29 18:00:00,0.0
2012-04-29 19:00:00,40.01736111111111
2012-04-29 20:00:00,66.56597222222221
2012-04-29 21:00:00,66.77893518518518
2012-04-29 22:00:00,66.54166666666667
2012-04-29 23:00:00,66.20601851851852
2012-04-30 00:00:00,64.9555224867725
2012-04-30 01:00:00,62.973379629629626
2012-04-30 02:00:00,64.5568783068783
2012-04-30 03:00:00,61.004629629629626
2012-04-30 04:00:00,62.57109788359788
2012-04-30 05:00:00,64.63425925925925
2012-04-30 06:00:00,66.44444444444444
2012-04-30 07:00:00,67.45138888888889
2012-04-30 08:00:00,67.26967592592592
2012-04-30 09:00:00,66.18055555555556
2012-04-30 10:00:00,67.09887566137566
2012-04-30 11:00:00,64.05935846560847
2012-04-30 12:00:00,63.142195767195766
2012-04-30 13:00:00,65.20138888888889
2012-04-30 14:00:00,65.26752645502646
2012-04-30 15:00:00,66.07638888888889
2012-04-30 16:00:00,66.6261574074074
2012-04-30 17:00:00,66.78819444444444
2012-04-30 18:00:00,64.12037037037037
2012-04-30 19:00:00,67.52910052910053
2012-04-30 20:00:00,65.84308862433862
2012-04-30 21:00:00,65.01388888888889
2012-04-30 22:00:00,65.70949074074075
2012-04-30 23:00:00,62.79348544973545
2012-05-01 00:00:00,60.47371031746032
2012-05-01 01:00:00,57.13194444444445
2012-05-01 02:00:00,56.57060185185185
2012-05-01 03:00:00,55.81597222222222
2012-05-01 04:00:00,59.633267195767196
2012-05-01 05:00:00,63.042824074074076
2012-05-01 06:00:00,64.95486111111111
2012-05-01 07:00:00,66.1765873015873
2012-05-01 08:00:00,65.89814814814815
2012-05-01 09:00:00,65.47784391534391
2012-05-01 10:00:00,64.52314814814815
2012-05-01 11:00:00,64.47106481481482
2012-05-01 12:00:00,64.64814814814815
2012-05-01 13:00:00,64.50082671957672
2012-05-01 14:00:00,64.13624338624338
2012-05-01 15:00:00,65.19444444444444
2012-05-01 16:00:00,65.49421296296296
2012-05-01 17:00:00,45.53935185185185
2012-05-01 18:00:00,18.34490740740741
2012-05-01 19:00:00,53.23726851851851
2012-05-01 20:00:00,65.23263888888889
2012-05-01 21:00:00,65.29861111111111
2012-05-01 22:00:00,65.53125
2012-05-01 23:00:00,63.063326719576715
2012-05-02 00:00:00,62.53819444444445
2012-05-02 01:00:00,57.96759259259259
2012-05-02 02:00:00,59.58680555555555
2012-05-02 03:00:00,54.300925925925924
2012-05-02 04:00:00,59.75810185185185
2012-05-02 05:00:00,63.363425925925924
2012-05-02 06:00:00,65.27347883597884
2012-05-02 07:00:00,66.18353174603175
2012-05-02 08:00:00,24.226190476190478
2012-05-02 09:00:00,64.88310185185185
2012-05-02 10:00:00,64.32754629629629
2012-05-02 11:00:00,63.61689814814815
2012-05-02 12:00:00,65.2511574074074
2012-05-02 13:00:00,60.5162037037037
2012-05-02 14:00:00,55.00611772486772
2012-05-02 15:00:00,65.95601851851852
2012-05-02 16:00:00,53.84490740740741
2012-05-02 17:00:00,23.319444444444443
2012-05-02 18:00:00,25.162037037037038
2012-05-02 19:00:00,67.38773148148148
2012-05-02 20:00:00,65.77083333333333
2012-05-02 21:00:00,65.3113425925926
2012-05-02 22:00:00,65.27199074074075
2012-05-02 23:00:00,63.53287037037037
2012-05-03 00:00:00,61.91342592592593
2012-05-03 01:00:00,59.68518518518519
2012-05-03 02:00:00,57.87291666666667
2012-05-03 03:00:00,57.449074074074076
2012-05-03 04:00:00,60.26322751322751
2012-05-03 05:00:00,63.30588624338625
2012-05-03 06:00:00,65.56712962962963
2012-05-03 07:00:00,66.1886574074074
2012-05-03 08:00:00,66.79761904761905
2012-05-03 09:00:00,66.56382275132275
2012-05-03 10:00:00,27.396064814814817
2012-05-03 11:00:00,0.0
2012-05-03 12:00:00,0.0
2012-05-03 13:00:00,0.0
2012-05-03 14:00:00,0.0
2012-05-03 15:00:00,0.0
2012-05-03 16:00:00,14.006944444444445
2012-05-03 17:00:00,18.89351851851852
2012-05-03 18:00:00,21.833333333333332
2012-05-03 19:00:00,62.723875661375665
2012-05-03 20:00:00,66.08333333333333
2012-05-03 21:00:00,65.66087962962963
2012-05-03 22:00:00,65.30787037037037
2012-05-03 23:00:00,62.67824074074074
2012-05-04 00:00:00,56.53058862433863
2012-05-04 01:00:00,61.425925925925924
2012-05-04 02:00:00,60.84606481481482
2012-05-04 03:00:00,61.398148148148145
2012-05-04 04:00:00,60.94411375661375
2012-05-04 05:00:00,64.60995370370371
2012-05-04 06:00:00,66.33564814814815
2012-05-04 07:00:00,67.03306878306879
2012-05-04 08:00:00,22.396990740740744
2012-05-04 09:00:00,11.145833333333334
2012-05-04 10:00:00,65.60416666666667
2012-05-04 11:00:00,64.89004629629629
2012-05-04 12:00:00,64.5203373015873
2012-05-04 13:00:00,64.51157407407408
2012-05-04 14:00:00,63.697916666666664
2012-05-04 15:00:00,64.04398148148148
2012-05-04 16:00:00,23.99537037037037
2012-05-04 17:00:00,18.099537037037038
2012-05-04 18:00:00,23.961805555555557
2012-05-04 19:00:00,67.9675925925926
2012-05-04 20:00:00,66.98379629629629
2012-05-04 21:00:00,65.55092592592592
2012-05-04 22:00:00,65.29993386243386
2012-05-04 23:00:00,64.70138888888889
2012-05-05 00:00:00,59.5212962962963
2012-05-05 01:00:00,64.78819444444444
2012-05-05 02:00:00,63.795138888888886
2012-05-05 03:00:00,62.24950396825397
2012-05-05 04:00:00,62.56875
2012-05-05 05:00:00,63.50347222222223
2012-05-05 06:00:00,65.45667989417989
2012-05-05 07:00:00,66.38657407407408
2012-05-05 08:00:00,67.50214947089947
2012-05-05 09:00:00,67.31597222222221
2012-05-05 10:00:00,67.64236111111111
2012-05-05 11:00:00,67.15046296296296
2012-05-05 12:00:00,66.09606481481482
2012-05-05 13:00:00,65.76669973544973
2012-05-05 14:00:00,66.17361111111111
2012-05-05 15:00:00,66.18981481481482
2012-05-05 16:00:00,66.31712962962963
2012-05-05 17:00:00,67.04629629629629
2012-05-05 18:00:00,66.60648148148148
2012-05-05 19:00:00,68.39169973544973
2012-05-05 20:00:00,67.48148148148148
2012-05-05 21:00:00,66.17129629629629
2012-05-05 22:00:00,66.11689814814815
2012-05-05 23:00:00,66.50462962962963
2012-05-06 00:00:00,65.82175925925925
2012-05-06 01:00:00,65.7364417989418
2012-05-06 02:00:00,65.60300925925925
2012-05-06 03:00:00,63.73809523809524
2012-05-06 04:00:00,62.24685846560846
2012-05-06 05:00:00,64.7013888888889
2012-05-06 06:00:00,66.59143518518518
2012-05-06 07:00:00,66.00595238095238
2012-05-06 08:00:00,67.47569444444444
2012-05-06 09:00:00,67.90046296296296
2012-05-06 10:00:00,62.0598544973545
2012-05-06 11:00:00,62.36921296296296
2012-05-06 12:00:00,67.11078042328042
2012-05-06 13:00:00,67.39120370370371
2012-05-06 14:00:00,66.73495370370371
2012-05-06 15:00:00,67.26620370370371
2012-05-06 16:00:00,64.34970238095238
2012-05-06 17:00:00,68.27364417989418
2012-05-06 18:00:00,67.79976851851852
2012-05-06 19:00:00,68.54513888888889
2012-05-06 20:00:00,66.65476190476191
2012-05-06 21:00:00,66.0636574074074
2012-05-06 22:00:00,66.45998677248677
2012-05-06 23:00:00,66.17708333333333
2012-05-07 00:00:00,64.88958333333333
2012-05-07 01:00:00,63.8912037037037
2012-05-07 02:00:00,62.129629629629626
2012-05-07 03:00:00,61.360945767195766
2012-05-07 04:00:00,60.52513227513228
2012-05-07 05:00:00,63.461805555555564
2012-05-07 06:00:00,65.81018518518518
2012-05-07 07:00:00,66.56001984126983
2012-05-07 08:00:00,67.39351851851852
2012-05-07 09:00:00,66.04745370370371
2012-05-07 10:00:00,65.31481481481482
2012-05-07 11:00:00,64.3249007936508
2012-05-07 12:00:00,63.99404761904762
2012-05-07 13:00:00,63.64550264550265
2012-05-07 14:00:00,62.8151455026455
2012-05-07 15:00:00,63.18402777777778
2012-05-07 16:00:00,65.20949074074075
2012-05-07 17:00:00,32.7337962962963
2012-05-07 18:00:00,23.079199735449734
2012-05-07 19:00:00,66.43981481481482
2012-05-07 20:00:00,67.46263227513226
2012-05-07 21:00:00,67.01504629629629
2012-05-07 22:00:00,65.7895171957672
2012-05-07 23:00:00,63.12533068783068
2012-05-08 00:00:00,61.708333333333336
2012-05-08 01:00:00,59.24652777777778
2012-05-08 02:00:00,57.392361111111114
2012-05-08 03:00:00,55.486111111111114
2012-05-08 04:00:00,58.761574074074076
2012-05-08 05:00:00,62.65426587301587
2012-05-08 06:00:00,66.35416666666667
2012-05-08 07:00:00,67.75231481481482
2012-05-08 08:00:00,67.67129629629629
2012-05-08 09:00:00,66.25347222222221
2012-05-08 10:00:00,65.30324074074075
2012-05-08 11:00:00,63.826388888888886
2012-05-08 12:00:00,64.10069444444444
2012-05-08 13:00:00,65.71643518518518
2012-05-08 14:00:00,65.75810185185185
2012-05-08 15:00:00,66.0963955026455
2012-05-08 16:00:00,66.59027777777779
2012-05-08 17:00:00,29.077546296296294
2012-05-08 18:00:00,24.387400793650794
2012-05-08 19:00:00,66.06597222222221
2012-05-08 20:00:00,66.9867724867725
2012-05-08 21:00:00,67.02893518518518
2012-05-08 22:00:00,66.56481481481482
2012-05-08 23:00:00,63.363921957671955
2012-05-09 00:00:00,62.17824074074074
2012-05-09 01:00:00,61.166666666666664
2012-05-09 02:00:00,57.495370370370374
2012-05-09 03:00:00,60.82242063492063
2012-05-09 04:00:00,61.61871693121693
2012-05-09 05:00:00,63.585648148148145
2012-05-09 06:00:00,65.4675925925926
2012-05-09 07:00:00,67.8136574074074
2012-05-09 08:00:00,66.02777777777779
2012-05-09 09:00:00,65.4988425925926
2012-05-09 10:00:00,64.02662037037037
2012-05-09 11:00:00,63.33796296296296
2012-05-09 12:00:00,65.54398148148148
2012-05-09 13:00:00,64.85648148148148
2012-05-09 14:00:00,65.0949074074074
2012-05-09 15:00:00,66.51620370370371
2012-05-09 16:00:00,62.28240740740741
2012-05-09 17:00:00,20.908564814814813
2012-05-09 18:00:00,23.00115740740741
2012-05-09 19:00:00,60.22222222222222
2012-05-09 20:00:00,66.35648148148148
2012-05-09 21:00:00,67.03125
2012-05-09 22:00:00,66.50644841269842
2012-05-09 23:00:00,63.855324074074076
2012-05-10 00:00:00,61.56134259259259
2012-05-10 01:00:00,60.21246693121693
2012-05-10 02:00:00,58.973379629629626
2012-05-10 03:00:00,57.99189814814815
2012-05-10 04:00:00,58.72470238095238
2012-05-10 05:00:00,63.93981481481482
2012-05-10 06:00:00,66.10300925925925
2012-05-10 07:00:00,55.880853174603175
2012-05-10 08:00:00,61.80205026455027
2012-05-10 09:00:00,50.71164021164021
2012-05-10 10:00:00,45.44758597883598
2012-05-10 11:00:00,64.17245370370371
2012-05-10 12:00:00,63.072916666666664
2012-05-10 13:00:00,62.292824074074076
2012-05-10 14:00:00,62.55902777777778
2012-05-10 15:00:00,57.329695767195766
2012-05-10 16:00:00,25.378472222222225
2012-05-10 17:00:00,17.99537037037037
2012-05-10 18:00:00,16.162037037037038
2012-05-10 19:00:00,67.42013888888889
2012-05-10 20:00:00,66.75
2012-05-10 21:00:00,66.04282407407408
2012-05-10 22:00:00,65.20254629629629
2012-05-10 23:00:00,63.927083333333336
2012-05-11 00:00:00,58.27430555555555
2012-05-11 01:00:00,61.773478835978835
2012-05-11 02:00:00,60.864583333333336
2012-05-11 03:00:00,59.207175925925924
2012-05-11 04:00:00,57.52893518518518
2012-05-11 05:00:00,62.70039682539683
2012-05-11 06:00:00,65.92592592592592
2012-05-11 07:00:00,66.37268518518519
2012-05-11 08:00:00,66.37847222222223
2012-05-11 09:00:00,66.35879629629629
2012-05-11 10:00:00,65.88194444444444
2012-05-11 11:00:00,65.39434523809524
2012-05-11 12:00:00,63.74652777777778
2012-05-11 13:00:00,63.27314814814815
2012-05-11 14:00:00,60.44675925925926
2012-05-11 15:00:00,30.46577380952381
2012-05-11 16:00:00,21.724537037037038
2012-05-11 17:00:00,19.78009259259259
2012-05-11 18:00:00,19.68287037037037
2012-05-11 19:00:00,65.87847222222221
2012-05-11 20:00:00,66.27314814814815
2012-05-11 21:00:00,65.62268518518518
2012-05-11 22:00:00,64.08912037037037
2012-05-11 23:00:00,62.79943783068783
2012-05-12 00:00:00,64.1550925925926
2012-05-12 01:00:00,64.15972222222221
2012-05-12 02:00:00,62.9837962962963
2012-05-12 03:00:00,59.25892857142858
2012-05-12 04:00:00,60.58498677248678
2012-05-12 05:00:00,63.27827380952382
2012-05-12 06:00:00,64.92245370370371
2012-05-12 07:00:00,66.57175925925925
2012-05-12 08:00:00,67.46031746031746
2012-05-12 09:00:00,67.67939814814815
2012-05-12 10:00:00,67.66104497354497
2012-05-12 11:00:00,66.83333333333333
2012-05-12 12:00:00,66.22453703703704
2012-05-12 13:00:00,66.01620370370371
2012-05-12 14:00:00,66.55208333333333
2012-05-12 15:00:00,65.90873015873017
2012-05-12 16:00:00,66.87847222222221
2012-05-12 17:00:00,66.71412037037037
2012-05-12 18:00:00,66.32539682539682
2012-05-12 19:00:00,67.63078703703704
2012-05-12 20:00:00,66.4988425925926
2012-05-12 21:00:00,65.98958333333333
2012-05-12 22:00:00,66.52083333333333
2012-05-12 23:00:00,66.48098544973546
2012-05-13 00:00:00,66.1574074074074
2012-05-13 01:00:00,65.64583333333333
2012-05-13 02:00:00,66.38574735449735
2012-05-13 03:00:00,64.11226851851852
2012-05-13 04:00:00,62.1875
2012-05-13 05:00:00,63.332341269841265
2012-05-13 06:00:00,66.1574074074074
2012-05-13 07:00:00,67.27926587301587
2012-05-13 08:00:00,67.46941137566138
2012-05-13 09:00:00,68.77314814814815
2012-05-13 10:00:00,56.77430555555555
2012-05-13 11:00:00,37.1193783068783
2012-05-13 12:00:00,67.29166666666667
2012-05-13 13:00:00,67.02893518518518
2012-05-13 14:00:00,65.60995370370371
2012-05-13 15:00:00,67.08449074074075
2012-05-13 16:00:00,68.15112433862434
2012-05-13 17:00:00,67.70949074074075
2012-05-13 18:00:00,67.63657407407408
2012-05-13 19:00:00,67.60499338624338
2012-05-13 20:00:00,68.10416666666667
2012-05-13 21:00:00,67.09606481481482
2012-05-13 22:00:00,66.48792989417989
2012-05-13 23:00:00,66.26851851851852
2012-05-14 00:00:00,64.77281746031746
2012-05-14 01:00:00,63.68039021164021
2012-05-14 02:00:00,60.68402777777778
2012-05-14 03:00:00,62.58564814814815
2012-05-14 04:00:00,62.9118716931217
2012-05-14 05:00:00,65.33449074074075
2012-05-14 06:00:00,66.60300925925925
2012-05-14 07:00:00,67.74652777777779
2012-05-14 08:00:00,27.93287037037037
2012-05-14 09:00:00,61.03505291005291
2012-05-14 10:00:00,64.880291005291
2012-05-14 11:00:00,63.68766534391534
2012-05-14 12:00:00,64.6875
2012-05-14 13:00:00,64.68287037037037
2012-05-14 14:00:00,64.34358465608466
2012-05-14 15:00:00,58.94560185185185
2012-05-14 16:00:00,38.08449074074074
2012-05-14 17:00:00,42.31828703703704
2012-05-14 18:00:00,23.1942791005291
2012-05-14 19:00:00,66.50462962962963
2012-05-14 20:00:00,67.36921296296296
2012-05-14 21:00:00,66.93402777777779
2012-05-14 22:00:00,65.29348544973546
2012-05-14 23:00:00,64.08564814814815
2012-05-15 00:00:00,61.65046296296296
2012-05-15 01:00:00,61.135416666666664
2012-05-15 02:00:00,57.47222222222222
2012-05-15 03:00:00,58.138392857142854
2012-05-15 04:00:00,58.599074074074075
2012-05-15 05:00:00,63.06828703703704
2012-05-15 06:00:00,66.83449074074075
2012-05-15 07:00:00,67.58217592592592
2012-05-15 08:00:00,67.10879629629629
2012-05-15 09:00:00,66.20254629629629
2012-05-15 10:00:00,65.15046296296296
2012-05-15 11:00:00,64.10300925925925
2012-05-15 12:00:00,61.71759259259259
2012-05-15 13:00:00,63.91435185185185
2012-05-15 14:00:00,63.91435185185185
2012-05-15 15:00:00,64.52893518518518
2012-05-15 16:00:00,59.15343915343916
2012-05-15 17:00:00,20.503306878306876
2012-05-15 18:00:00,18.033234126984127
2012-05-15 19:00:00,49.72222222222222
2012-05-15 20:00:00,67.72453703703704
2012-05-15 21:00:00,66.98032407407408
2012-05-15 22:00:00,65.2078373015873
2012-05-15 23:00:00,64.03935185185185
2012-05-16 00:00:00,15.87285052910053
2012-05-16 01:00:00,60.770833333333336
2012-05-16 02:00:00,57.985119047619044
2012-05-16 03:00:00,58.68171296296296
2012-05-16 04:00:00,60.539517195767196
2012-05-16 05:00:00,63.39186507936508
2012-05-16 06:00:00,65.91782407407408
2012-05-16 07:00:00,67.51818783068784
2012-05-16 08:00:00,66.81944444444444
2012-05-16 09:00:00,64.76289682539682
2012-05-16 10:00:00,64.47800925925925
2012-05-16 11:00:00,64.77662037037037
2012-05-16 12:00:00,65.45171957671958
2012-05-16 13:00:00,65.58151455026454
2012-05-16 14:00:00,66.07291666666667
2012-05-16 15:00:00,66.59375
2012-05-16 16:00:00,66.51736111111111
2012-05-16 17:00:00,32.176752645502646
2012-05-16 18:00:00,18.957175925925927
2012-05-16 19:00:00,47.90343915343916
2012-05-16 20:00:00,66.99305555555556
2012-05-16 21:00:00,67.49305555555556
2012-05-16 22:00:00,66.73859126984127
2012-05-16 23:00:00,65.41782407407408
2012-05-17 00:00:00,62.79976851851851
2012-05-17 01:00:00,62.01851851851851
2012-05-17 02:00:00,59.25115740740741
2012-05-17 03:00:00,56.707175925925924
2012-05-17 04:00:00,56.49421296296296
2012-05-17 05:00:00,63.38310185185185
2012-05-17 06:00:00,66.11160714285714
2012-05-17 07:00:00,67.50165343915343
2012-05-17 08:00:00,55.2470238095238
2012-05-17 09:00:00,59.391369047619044
2012-05-17 10:00:00,64.14930555555556
2012-05-17 11:00:00,63.93105158730159
2012-05-17 12:00:00,63.71626984126984
2012-05-17 13:00:00,64.375
2012-05-17 14:00:00,64.02314814814815
2012-05-17 15:00:00,64.91319444444444
2012-05-17 16:00:00,31.646990740740744
2012-05-17 17:00:00,16.011574074074073
2012-05-17 18:00:00,15.438822751322752
2012-05-17 19:00:00,46.192129629629626
2012-05-17 20:00:00,67.46329365079366
2012-05-17 21:00:00,66.6550925925926
2012-05-17 22:00:00,64.71296296296296
2012-05-17 23:00:00,64.31547619047619
2012-05-18 00:00:00,62.85830026455026
2012-05-18 01:00:00,61.88707010582011
2012-05-18 02:00:00,60.66435185185185
2012-05-18 03:00:00,55.83796296296296
2012-05-18 04:00:00,57.936673280423285
2012-05-18 05:00:00,63.12268518518518
2012-05-18 06:00:00,65.98611111111111
2012-05-18 07:00:00,66.74421296296296
2012-05-18 08:00:00,66.79861111111111
2012-05-18 09:00:00,66.07638888888889
2012-05-18 10:00:00,65.73611111111111
2012-05-18 11:00:00,64.76173941798942
2012-05-18 12:00:00,63.22800925925926
2012-05-18 13:00:00,62.21527777777778
2012-05-18 14:00:00,59.73726851851851
2012-05-18 15:00:00,32.21643518518518
2012-05-18 16:00:00,30.11111111111111
2012-05-18 17:00:00,14.408564814814815
2012-05-18 18:00:00,18.84398148148148
2012-05-18 19:00:00,57.34606481481482
2012-05-18 20:00:00,66.95585317460318
2012-05-18 21:00:00,65.78356481481482
2012-05-18 22:00:00,64.97685185185185
2012-05-18 23:00:00,65.3113425925926
2012-05-19 00:00:00,63.84027777777777
2012-05-19 01:00:00,64.15277777777779
2012-05-19 02:00:00,63.579861111111114
2012-05-19 03:00:00,61.0775462962963
2012-05-19 04:00:00,62.57060185185185
2012-05-19 05:00:00,63.46759259259259
2012-05-19 06:00:00,65.01736111111111
2012-05-19 07:00:00,66.20486111111111
2012-05-19 08:00:00,67.01041666666667
2012-05-19 09:00:00,67.68435846560847
2012-05-19 10:00:00,67.70370370370371
2012-05-19 11:00:00,66.72569444444444
2012-05-19 12:00:00,66.63425925925925
2012-05-19 13:00:00,66.72453703703704
2012-05-19 14:00:00,67.39963624338624
2012-05-19 15:00:00,67.13839285714285
2012-05-19 16:00:00,66.76851851851852
2012-05-19 17:00:00,66.99189814814815
2012-05-19 18:00:00,66.67245370370371
2012-05-19 19:00:00,67.46957671957672
2012-05-19 20:00:00,67.53587962962963
2012-05-19 21:00:00,67.26058201058201
2012-05-19 22:00:00,66.89583333333333
2012-05-19 23:00:00,65.98842592592592
2012-05-20 00:00:00,66.45684523809524
2012-05-20 01:00:00,65.8305224867725
2012-05-20 02:00:00,65.58449074074075
2012-05-20 03:00:00,64.32870370370371
2012-05-20 04:00:00,61.98240740740741
2012-05-20 05:00:00,65.16782407407408
2012-05-20 06:00:00,65.89847883597884
2012-05-20 07:00:00,67.5324074074074
2012-05-20 08:00:00,67.3761574074074
2012-05-20 09:00:00,68.02662037037037
2012-05-20 10:00:00,67.75512566137566
2012-05-20 11:00:00,66.25876322751323
2012-05-20 12:00:00,68.78935185185185
2012-05-20 13:00:00,69.01620370370371
2012-05-20 14:00:00,67.875
2012-05-20 15:00:00,67.56712962962963
2012-05-20 16:00:00,67.59837962962963
2012-05-20 17:00:00,68.07870370370371
2012-05-20 18:00:00,68.01273148148148
2012-05-20 19:00:00,66.91782407407408
2012-05-20 20:00:00,67.64699074074075
2012-05-20 21:00:00,67.97635582010582
2012-05-20 22:00:00,67.32093253968254
2012-05-20 23:00:00,67.26504629629629
2012-05-21 00:00:00,65.25330687830687
2012-05-21 01:00:00,62.48925264550264
2012-05-21 02:00:00,60.557374338624335
2012-05-21 03:00:00,59.086970899470906
2012-05-21 04:00:00,62.476190476190474
2012-05-21 05:00:00,63.217923280423285
2012-05-21 06:00:00,65.94560185185186
2012-05-21 07:00:00,67.47337962962963
2012-05-21 08:00:00,65.37037037037037
2012-05-21 09:00:00,63.93981481481482
2012-05-21 10:00:00,63.71759259259259
2012-05-21 11:00:00,64.42592592592592
2012-05-21 12:00:00,65.33680555555556
2012-05-21 13:00:00,63.964120370370374
2012-05-21 14:00:00,66.30069444444445
2012-05-21 15:00:00,64.89583333333333
2012-05-21 16:00:00,66.5636574074074
2012-05-21 17:00:00,37.08449074074074
2012-05-21 18:00:00,19.11689814814815
2012-05-21 19:00:00,67.61597222222223
2012-05-21 20:00:00,66.61921296296296
2012-05-21 21:00:00,66.34953703703704
2012-05-21 22:00:00,67.05578703703704
2012-05-21 23:00:00,64.06018518518519
2012-05-22 00:00:00,61.9537037037037
2012-05-22 01:00:00,60.10277777777778
2012-05-22 02:00:00,59.71875
2012-05-22 03:00:00,57.20601851851851
2012-05-22 04:00:00,57.942129629629626
2012-05-22 05:00:00,63.03819444444445
2012-05-22 06:00:00,65.64583333333333
2012-05-22 07:00:00,67.6863425925926
2012-05-22 08:00:00,65.75462962962963
2012-05-22 09:00:00,63.83349867724868
2012-05-22 10:00:00,63.32572751322751
2012-05-22 11:00:00,62.49652777777778
2012-05-22 12:00:00,63.92890211640212
2012-05-22 13:00:00,64.90046296296296
2012-05-22 14:00:00,65.41087962962963
2012-05-22 15:00:00,66.1550925925926
2012-05-22 16:00:00,58.37152777777778
2012-05-22 17:00:00,16.322916666666668
2012-05-22 18:00:00,15.762731481481481
2012-05-22 19:00:00,35.83416005291006
2012-05-22 20:00:00,66.55208333333333
2012-05-22 21:00:00,66.75694444444444
2012-05-22 22:00:00,66.15046296296296
2012-05-22 23:00:00,65.46875
2012-05-23 00:00:00,63.2650462962963
2012-05-23 01:00:00,61.138888888888886
2012-05-23 02:00:00,60.55555555555555
2012-05-23 03:00:00,59.017361111111114
2012-05-23 04:00:00,59.74024470899471
2012-05-23 05:00:00,63.34242724867725
2012-05-23 06:00:00,65.84722222222221
2012-05-23 07:00:00,66.83449074074075
2012-05-23 08:00:00,64.8738425925926
2012-05-23 09:00:00,64.125
2012-05-23 10:00:00,63.989583333333336
2012-05-23 11:00:00,63.670138888888886
2012-05-23 12:00:00,63.326388888888886
2012-05-23 13:00:00,62.02199074074074
2012-05-23 14:00:00,62.7974537037037
2012-05-23 15:00:00,63.55076058201058
2012-05-23 16:00:00,59.138888888888886
2012-05-23 17:00:00,17.24652777777778
2012-05-23 18:00:00,13.849041005291005
2012-05-23 19:00:00,41.644675925925924
2012-05-23 20:00:00,67.3738425925926
2012-05-23 21:00:00,66.60995370370371
2012-05-23 22:00:00,66.00694444444444
2012-05-23 23:00:00,64.40376984126983
2012-05-24 00:00:00,62.91220238095238
2012-05-24 01:00:00,61.30439814814815
2012-05-24 02:00:00,58.13425925925926
2012-05-24 03:00:00,58.8287037037037
2012-05-24 04:00:00,56.31233465608466
2012-05-24 05:00:00,63.19097222222222
2012-05-24 06:00:00,65.78587962962963
2012-05-24 07:00:00,67.83101851851852
2012-05-24 08:00:00,67.48379629629629
2012-05-24 09:00:00,66.69212962962963
2012-05-24 10:00:00,65.44212962962963
2012-05-24 11:00:00,63.53058862433863
2012-05-24 12:00:00,63.232638888888886
2012-05-24 13:00:00,63.37152777777778
2012-05-24 14:00:00,62.04050925925926
2012-05-24 15:00:00,63.43634259259259
2012-05-24 16:00:00,35.051752645502646
2012-05-24 17:00:00,14.829861111111112
2012-05-24 18:00:00,14.819444444444445
2012-05-24 19:00:00,46.09953703703704
2012-05-24 20:00:00,67.05704365079366
2012-05-24 21:00:00,64.02314814814815
2012-05-24 22:00:00,65.5300925925926
2012-05-24 23:00:00,65.17245370370371
2012-05-25 00:00:00,61.93055555555555
2012-05-25 01:00:00,59.026620370370374
2012-05-25 02:00:00,58.35714285714286
2012-05-25 03:00:00,55.80522486772487
2012-05-25 04:00:00,58.525
2012-05-25 05:00:00,61.72685185185185
2012-05-25 06:00:00,64.45833333333333
2012-05-25 07:00:00,63.870370370370374
2012-05-25 08:00:00,64.98561507936508
2012-05-25 09:00:00,65.28439153439153
2012-05-25 10:00:00,65.26620370370371
2012-05-25 11:00:00,65.23958333333333
2012-05-25 12:00:00,64.79050925925925
2012-05-25 13:00:00,65.43981481481482
2012-05-25 14:00:00,32.60515873015873
2012-05-25 15:00:00,18.94212962962963
2012-05-25 16:00:00,14.310185185185185
2012-05-25 17:00:00,18.25347222222222
2012-05-25 18:00:00,44.69444444444445
2012-05-25 19:00:00,68.2488425925926
2012-05-25 20:00:00,66.26736111111111
2012-05-25 21:00:00,66.29861111111111
2012-05-25 22:00:00,65.04513888888889
2012-05-25 23:00:00,64.34837962962963
2012-05-26 00:00:00,64.36921296296296
2012-05-26 01:00:00,64.50694444444444
2012-05-26 02:00:00,64.58184523809524
2012-05-26 03:00:00,63.21213624338625
2012-05-26 04:00:00,62.843452380952385
2012-05-26 05:00:00,63.4781746031746
2012-05-26 06:00:00,65.24421296296296
2012-05-26 07:00:00,66.67129629629629
2012-05-26 08:00:00,66.87731481481482
2012-05-26 09:00:00,67.60681216931216
2012-05-26 10:00:00,67.74421296296296
2012-05-26 11:00:00,67.88888888888889
2012-05-26 12:00:00,61.64814814814815
2012-05-26 13:00:00,0.0
2012-05-26 14:00:00,0.0
2012-05-26 15:00:00,0.0
2012-05-26 16:00:00,0.0
2012-05-26 17:00:00,0.0
2012-05-26 18:00:00,0.0
2012-05-26 19:00:00,0.0
2012-05-26 20:00:00,0.0
2012-05-26 21:00:00,0.0
2012-05-26 22:00:00,0.0
2012-05-26 23:00:00,0.0
2012-05-27 00:00:00,0.0
2012-05-27 01:00:00,0.0
2012-05-27 02:00:00,0.0
2012-05-27 03:00:00,0.0
2012-05-27 04:00:00,0.0
2012-05-27 05:00:00,0.0
2012-05-27 06:00:00,0.0
2012-05-27 07:00:00,0.0
2012-05-27 08:00:00,0.0
2012-05-27 09:00:00,0.0
2012-05-27 10:00:00,0.0
2012-05-27 11:00:00,0.0
2012-05-27 12:00:00,0.0
2012-05-27 13:00:00,0.0
2012-05-27 14:00:00,0.0
2012-05-27 15:00:00,0.0
2012-05-27 16:00:00,0.0
2012-05-27 17:00:00,0.0
2012-05-27 18:00:00,0.0
2012-05-27 19:00:00,0.0
2012-05-27 20:00:00,0.0
2012-05-27 21:00:00,0.0
2012-05-27 22:00:00,0.0
2012-05-27 23:00:00,0.0
2012-05-28 00:00:00,0.0
2012-05-28 01:00:00,0.0
2012-05-28 02:00:00,0.0
2012-05-28 03:00:00,0.0
2012-05-28 04:00:00,0.0
2012-05-28 05:00:00,0.0
2012-05-28 06:00:00,0.0
2012-05-28 07:00:00,0.0
2012-05-28 08:00:00,0.0
2012-05-28 09:00:00,0.0
2012-05-28 10:00:00,0.0
2012-05-28 11:00:00,0.0
2012-05-28 12:00:00,0.0
2012-05-28 13:00:00,0.0
2012-05-28 14:00:00,0.0
2012-05-28 15:00:00,0.0
2012-05-28 16:00:00,0.0
2012-05-28 17:00:00,0.0
2012-05-28 18:00:00,0.0
2012-05-28 19:00:00,0.0
2012-05-28 20:00:00,0.0
2012-05-28 21:00:00,0.0
2012-05-28 22:00:00,0.0
2012-05-28 23:00:00,0.0
2012-05-29 00:00:00,0.0
2012-05-29 01:00:00,0.0
2012-05-29 02:00:00,0.0
2012-05-29 03:00:00,0.0
2012-05-29 04:00:00,0.0
2012-05-29 05:00:00,0.0
2012-05-29 06:00:00,0.0
2012-05-29 07:00:00,0.0
2012-05-29 08:00:00,0.0
2012-05-29 09:00:00,0.0
2012-05-29 10:00:00,0.0
2012-05-29 11:00:00,0.0
2012-05-29 12:00:00,0.0
2012-05-29 13:00:00,0.0
2012-05-29 14:00:00,0.0
2012-05-29 15:00:00,0.0
2012-05-29 16:00:00,0.0
2012-05-29 17:00:00,0.0
2012-05-29 18:00:00,0.0
2012-05-29 19:00:00,0.0
2012-05-29 20:00:00,0.0
2012-05-29 21:00:00,0.0
2012-05-29 22:00:00,0.0
2012-05-29 23:00:00,0.0
2012-05-30 00:00:00,0.0
2012-05-30 01:00:00,0.0
2012-05-30 02:00:00,0.0
2012-05-30 03:00:00,0.0
2012-05-30 04:00:00,0.0
2012-05-30 05:00:00,0.0
2012-05-30 06:00:00,0.0
2012-05-30 07:00:00,0.0
2012-05-30 08:00:00,0.0
2012-05-30 09:00:00,0.0
2012-05-30 10:00:00,59.25347222222222
2012-05-30 11:00:00,63.18634259259259
2012-05-30 12:00:00,64.23495370370371
2012-05-30 13:00:00,64.64930555555556
2012-05-30 14:00:00,63.72106481481482
2012-05-30 15:00:00,64.70833333333333
2012-05-30 16:00:00,59.49652777777778
2012-05-30 17:00:00,26.91435185185185
2012-05-30 18:00:00,21.713458994708997
2012-05-30 19:00:00,64.85267857142857
2012-05-30 20:00:00,67.81481481481482
2012-05-30 21:00:00,67.63078703703704
2012-05-30 22:00:00,66.11921296296296
2012-05-30 23:00:00,64.46130952380953
2012-05-31 00:00:00,62.51326058201058
2012-05-31 01:00:00,62.495370370370374
2012-05-31 02:00:00,58.62384259259259
2012-05-31 03:00:00,57.861111111111114
2012-05-31 04:00:00,60.166666666666664
2012-05-31 05:00:00,62.24421296296296
2012-05-31 06:00:00,65.96180555555556
2012-05-31 07:00:00,67.03273809523809
2012-05-31 08:00:00,67.5489417989418
2012-05-31 09:00:00,65.80704365079366
2012-05-31 10:00:00,64.37152777777779
2012-05-31 11:00:00,47.395833333333336
2012-05-31 12:00:00,59.800694444444446
2012-05-31 13:00:00,65.09837962962963
2012-05-31 14:00:00,65.11111111111111
2012-05-31 15:00:00,65.02546296296296
2012-05-31 16:00:00,54.5967261904762
2012-05-31 17:00:00,18.91054894179894
2012-05-31 18:00:00,18.90509259259259
2012-05-31 19:00:00,59.68039021164021
2012-05-31 20:00:00,66.54166666666667
2012-05-31 21:00:00,67.20254629629629
2012-05-31 22:00:00,66.99421296296296
2012-05-31 23:00:00,65.88888888888889
2012-06-01 00:00:00,59.083564814814814
2012-06-01 01:00:00,62.36921296296296
2012-06-01 02:00:00,57.289186507936506
2012-06-01 03:00:00,0.0
2012-06-01 04:00:00,0.0
2012-06-01 05:00:00,0.0
2012-06-01 06:00:00,0.0
2012-06-01 07:00:00,0.0
2012-06-01 08:00:00,0.0
2012-06-01 09:00:00,0.0
2012-06-01 10:00:00,0.0
2012-06-01 11:00:00,0.0
2012-06-01 12:00:00,0.0
2012-06-01 13:00:00,65.18171296296296
2012-06-01 14:00:00,46.0109126984127
2012-06-01 15:00:00,19.141203703703706
2012-06-01 16:00:00,17.93287037037037
2012-06-01 17:00:00,15.545138888888888
2012-06-01 18:00:00,19.330687830687832
2012-06-01 19:00:00,58.851686507936506
2012-06-01 20:00:00,66.90162037037037
2012-06-01 21:00:00,67.68650793650794
2012-06-01 22:00:00,66.30208333333333
2012-06-01 23:00:00,65.6942791005291
2012-06-02 00:00:00,21.89814814814815
2012-06-02 01:00:00,65.19659391534391
2012-06-02 02:00:00,64.90327380952381
2012-06-02 03:00:00,62.53769841269841
2012-06-02 04:00:00,62.11210317460317
2012-06-02 05:00:00,62.98726851851851
2012-06-02 06:00:00,65.53125
2012-06-02 07:00:00,66.60416666666667
2012-06-02 08:00:00,67.9050925925926
2012-06-02 09:00:00,67.67311507936508
2012-06-02 10:00:00,67.0492724867725
2012-06-02 11:00:00,66.46412037037037
2012-06-02 12:00:00,66.47982804232804
2012-06-02 13:00:00,66.6736111111111
2012-06-02 14:00:00,67.21577380952381
2012-06-02 15:00:00,67.33416005291005
2012-06-02 16:00:00,66.88095238095238
2012-06-02 17:00:00,67.6430224867725
2012-06-02 18:00:00,67.41203703703704
2012-06-02 19:00:00,67.5949074074074
2012-06-02 20:00:00,68.37268518518518
2012-06-02 21:00:00,67.94444444444444
2012-06-02 22:00:00,67.28125
2012-06-02 23:00:00,67.82291666666667
2012-06-03 00:00:00,67.34722222222221
2012-06-03 01:00:00,67.30787037037037
2012-06-03 02:00:00,67.72453703703704
2012-06-03 03:00:00,65.5973544973545
2012-06-03 04:00:00,63.267195767195766
2012-06-03 05:00:00,64.9454365079365
2012-06-03 06:00:00,0.0
2012-06-03 07:00:00,45.79464285714286
2012-06-03 08:00:00,68.13558201058201
2012-06-03 09:00:00,68.68055555555556
2012-06-03 10:00:00,68.43402777777779
2012-06-03 11:00:00,67.68253968253968
2012-06-03 12:00:00,67.47337962962963
2012-06-03 13:00:00,67.03125
2012-06-03 14:00:00,68.01951058201058
2012-06-03 15:00:00,68.52893518518518
2012-06-03 16:00:00,67.72685185185185
2012-06-03 17:00:00,67.9520171957672
2012-06-03 18:00:00,67.76306216931216
2012-06-03 19:00:00,67.68468915343915
2012-06-03 20:00:00,68.17361111111111
2012-06-03 21:00:00,17.055059523809522
2012-06-03 22:00:00,0.0
2012-06-03 23:00:00,10.968253968253968
2012-06-04 00:00:00,66.0613425925926
2012-06-04 01:00:00,64.43320105820105
2012-06-04 02:00:00,65.01653439153439
2012-06-04 03:00:00,63.9375
2012-06-04 04:00:00,64.04166666666667
2012-06-04 05:00:00,64.33912037037037
2012-06-04 06:00:00,66.95453042328042
2012-06-04 07:00:00,67.61689814814815
2012-06-04 08:00:00,67.43138227513226
2012-06-04 09:00:00,66.0625
2012-06-04 10:00:00,65.85416666666667
2012-06-04 11:00:00,64.75347222222221
2012-06-04 12:00:00,47.84375
2012-06-04 13:00:00,31.493386243386244
2012-06-04 14:00:00,63.56018518518518
2012-06-04 15:00:00,64.47304894179895
2012-06-04 16:00:00,63.80555555555555
2012-06-04 17:00:00,58.552083333333336
2012-06-04 18:00:00,56.01851851851851
2012-06-04 19:00:00,67.88988095238095
2012-06-04 20:00:00,67.35251322751323
2012-06-04 21:00:00,66.24652777777779
2012-06-04 22:00:00,65.18171296296296
2012-06-04 23:00:00,63.6400462962963
2012-06-05 00:00:00,60.79976851851851
2012-06-05 01:00:00,61.708333333333336
2012-06-05 02:00:00,60.414517195767196
2012-06-05 03:00:00,57.67146164021164
2012-06-05 04:00:00,60.99652777777778
2012-06-05 05:00:00,62.861111111111114
2012-06-05 06:00:00,65.82539682539682
2012-06-05 07:00:00,67.30208333333333
2012-06-05 08:00:00,65.97916666666667
2012-06-05 09:00:00,47.979166666666664
2012-06-05 10:00:00,27.364583333333332
2012-06-05 11:00:00,63.71841931216932
2012-06-05 12:00:00,63.84375
2012-06-05 13:00:00,63.81226851851852
2012-06-05 14:00:00,15.65
2012-06-05 15:00:00,62.92476851851851
2012-06-05 16:00:00,62.113425925925924
2012-06-05 17:00:00,19.40740740740741
2012-06-05 18:00:00,18.02777777777778
2012-06-05 19:00:00,50.242228835978835
2012-06-05 20:00:00,67.85185185185185
2012-06-05 21:00:00,67.08002645502646
2012-06-05 22:00:00,65.71875
2012-06-05 23:00:00,64.59027777777777
2012-06-06 00:00:00,63.3275462962963
2012-06-06 01:00:00,62.1875
2012-06-06 02:00:00,60.35185185185185
2012-06-06 03:00:00,57.0474537037037
2012-06-06 04:00:00,60.565046296296295
2012-06-06 05:00:00,64.19212962962963
2012-06-06 06:00:00,65.82060185185185
2012-06-06 07:00:00,67.39699074074075
2012-06-06 08:00:00,66.13773148148148
2012-06-06 09:00:00,64.88425925925925
2012-06-06 10:00:00,64.30902777777779
2012-06-06 11:00:00,62.9540343915344
2012-06-06 12:00:00,63.95023148148149
2012-06-06 13:00:00,63.864583333333336
2012-06-06 14:00:00,63.86541005291005
2012-06-06 15:00:00,65.39914021164022
2012-06-06 16:00:00,65.14120370370371
2012-06-06 17:00:00,31.31134259259259
2012-06-06 18:00:00,27.780423280423282
2012-06-06 19:00:00,67.44560185185185
2012-06-06 20:00:00,66.69907407407408
2012-06-06 21:00:00,67.21296296296296
2012-06-06 22:00:00,66.6238425925926
2012-06-06 23:00:00,65.13541666666667
2012-06-07 00:00:00,64.14699074074075
2012-06-07 01:00:00,61.00578703703704
2012-06-07 02:00:00,58.95023148148149
2012-06-07 03:00:00,59.49768518518518
2012-06-07 04:00:00,61.00231481481482
2012-06-07 05:00:00,63.129629629629626
2012-06-07 06:00:00,66.11458333333333
2012-06-07 07:00:00,67.58449074074075
2012-06-07 08:00:00,43.65277777777778
2012-06-07 09:00:00,58.42080026455026
2012-06-07 10:00:00,63.1088955026455
2012-06-07 11:00:00,64.73743386243386
2012-06-07 12:00:00,32.673611111111114
2012-06-07 13:00:00,65.14467592592592
2012-06-07 14:00:00,65.31630291005291
2012-06-07 15:00:00,40.041666666666664
2012-06-07 16:00:00,22.319444444444443
2012-06-07 17:00:00,17.64236111111111
2012-06-07 18:00:00,13.248842592592593
2012-06-07 19:00:00,26.09375
2012-06-07 20:00:00,66.18039021164022
2012-06-07 21:00:00,67.02546296296296
2012-06-07 22:00:00,66.77678571428571
2012-06-07 23:00:00,65.49388227513228
2012-06-08 00:00:00,59.41319444444445
2012-06-08 01:00:00,62.6220238095238
2012-06-08 02:00:00,61.02364417989418
2012-06-08 03:00:00,57.336970899470906
2012-06-08 04:00:00,60.33052248677249
2012-06-08 05:00:00,63.59027777777778
2012-06-08 06:00:00,65.37516534391534
2012-06-08 07:00:00,67.28703703703704
2012-06-08 08:00:00,65.57870370370371
2012-06-08 09:00:00,64.08796296296296
2012-06-08 10:00:00,62.86259920634921
2012-06-08 11:00:00,63.1099537037037
2012-06-08 12:00:00,35.12384259259259
2012-06-08 13:00:00,59.74652777777778
2012-06-08 14:00:00,62.68650793650793
2012-06-08 15:00:00,59.004464285714285
2012-06-08 16:00:00,26.90773809523809
2012-06-08 17:00:00,20.830092592592592
2012-06-08 18:00:00,28.10029761904762
2012-06-08 19:00:00,62.8546626984127
2012-06-08 20:00:00,67.74421296296296
2012-06-08 21:00:00,66.7511574074074
2012-06-08 22:00:00,66.69907407407408
2012-06-08 23:00:00,65.31580687830687
2012-06-09 00:00:00,59.663690476190474
2012-06-09 01:00:00,65.19510582010582
2012-06-09 02:00:00,63.7025462962963
2012-06-09 03:00:00,61.12433862433863
2012-06-09 04:00:00,5.416666666666667
2012-06-09 05:00:00,0.0
2012-06-09 06:00:00,0.0
2012-06-09 07:00:00,0.0
2012-06-09 08:00:00,0.0
2012-06-09 09:00:00,0.0
2012-06-09 10:00:00,0.0
2012-06-09 11:00:00,0.0
2012-06-09 12:00:00,0.0
2012-06-09 13:00:00,5.53125
2012-06-09 14:00:00,66.2579365079365
2012-06-09 15:00:00,66.49074074074075
2012-06-09 16:00:00,66.11805555555556
2012-06-09 17:00:00,66.48280423280424
2012-06-09 18:00:00,66.50181878306879
2012-06-09 19:00:00,67.41087962962963
2012-06-09 20:00:00,68.36689814814815
2012-06-09 21:00:00,67.10532407407408
2012-06-09 22:00:00,66.93402777777779
2012-06-09 23:00:00,66.16021825396825
2012-06-10 00:00:00,66.97800925925925
2012-06-10 01:00:00,67.04745370370371
2012-06-10 02:00:00,65.84837962962963
2012-06-10 03:00:00,65.71875
2012-06-10 04:00:00,63.76051587301587
2012-06-10 05:00:00,62.958333333333336
2012-06-10 06:00:00,66.63194444444444
2012-06-10 07:00:00,67.45949074074075
2012-06-10 08:00:00,68.68981481481482
2012-06-10 09:00:00,68.74074074074075
2012-06-10 10:00:00,68.09375
2012-06-10 11:00:00,66.19047619047619
2012-06-10 12:00:00,67.32638888888889
2012-06-10 13:00:00,28.378472222222225
2012-06-10 14:00:00,0.0
2012-06-10 15:00:00,22.775462962962962
2012-06-10 16:00:00,67.65972222222221
2012-06-10 17:00:00,68.16666666666667
2012-06-10 18:00:00,67.73842592592592
2012-06-10 19:00:00,68.01273148148148
2012-06-10 20:00:00,67.97387566137566
2012-06-10 21:00:00,67.55439814814815
2012-06-10 22:00:00,67.51851851851852
2012-06-10 23:00:00,67.12962962962963
2012-06-11 00:00:00,65.38425925925925
2012-06-11 01:00:00,64.79282407407408
2012-06-11 02:00:00,64.18402777777779
2012-06-11 03:00:00,62.951388888888886
2012-06-11 04:00:00,63.27232142857142
2012-06-11 05:00:00,65.13657407407408
2012-06-11 06:00:00,67.01388888888889
2012-06-11 07:00:00,67.85300925925925
2012-06-11 08:00:00,67.73726851851852
2012-06-11 09:00:00,66.0324074074074
2012-06-11 10:00:00,64.26851851851852
2012-06-11 11:00:00,63.445601851851855
2012-06-11 12:00:00,64.44212962962963
2012-06-11 13:00:00,65.23511904761905
2012-06-11 14:00:00,64.82870370370371
2012-06-11 15:00:00,66.13475529100529
2012-06-11 16:00:00,63.9212962962963
2012-06-11 17:00:00,33.15393518518518
2012-06-11 18:00:00,41.67013888888889
2012-06-11 19:00:00,66.24421296296296
2012-06-11 20:00:00,67.41881613756614
2012-06-11 21:00:00,66.89583333333333
2012-06-11 22:00:00,65.40591931216932
2012-06-11 23:00:00,62.97800925925926
2012-06-12 00:00:00,63.8859126984127
2012-06-12 01:00:00,58.7989417989418
2012-06-12 02:00:00,14.833333333333334
2012-06-12 03:00:00,25.61736111111111
2012-06-12 04:00:00,58.17291666666667
2012-06-12 05:00:00,63.85300925925926
2012-06-12 06:00:00,65.9920634920635
2012-06-12 07:00:00,67.15939153439153
2012-06-12 08:00:00,67.39335317460318
2012-06-12 09:00:00,65.83234126984127
2012-06-12 10:00:00,64.79199735449735
2012-06-12 11:00:00,64.20486111111111
2012-06-12 12:00:00,64.90757275132275
2012-06-12 13:00:00,65.36226851851852
2012-06-12 14:00:00,64.63078703703704
2012-06-12 15:00:00,65.77893518518518
2012-06-12 16:00:00,65.46643518518518
2012-06-12 17:00:00,30.336805555555557
2012-06-12 18:00:00,22.261574074074076
2012-06-12 19:00:00,51.74305555555555
2012-06-12 20:00:00,67.27314814814815
2012-06-12 21:00:00,66.9675925925926
2012-06-12 22:00:00,66.03125
2012-06-12 23:00:00,64.19444444444444
2012-06-13 00:00:00,63.21990740740741
2012-06-13 01:00:00,62.636574074074076
2012-06-13 02:00:00,58.7025462962963
2012-06-13 03:00:00,61.1724537037037
2012-06-13 04:00:00,60.49837962962963
2012-06-13 05:00:00,65.02529761904762
2012-06-13 06:00:00,66.18998015873017
2012-06-13 07:00:00,67.57523148148148
2012-06-13 08:00:00,67.77430555555556
2012-06-13 09:00:00,65.87037037037037
2012-06-13 10:00:00,64.24768518518518
2012-06-13 11:00:00,63.45790343915345
2012-06-13 12:00:00,63.24619708994709
2012-06-13 13:00:00,63.417328042328045
2012-06-13 14:00:00,63.65393518518518
2012-06-13 15:00:00,64.68171296296296
2012-06-13 16:00:00,50.03935185185185
2012-06-13 17:00:00,21.681712962962962
2012-06-13 18:00:00,26.296296296296294
2012-06-13 19:00:00,50.129629629629626
2012-06-13 20:00:00,67.84755291005291
2012-06-13 21:00:00,67.10962301587301
2012-06-13 22:00:00,65.86458333333333
2012-06-13 23:00:00,64.66203703703704
2012-06-14 00:00:00,62.13078703703704
2012-06-14 01:00:00,61.33796296296296
2012-06-14 02:00:00,59.99305555555555
2012-06-14 03:00:00,58.5477843915344
2012-06-14 04:00:00,61.42890211640212
2012-06-14 05:00:00,64.95601851851852
2012-06-14 06:00:00,66.7817791005291
2012-06-14 07:00:00,67.41782407407408
2012-06-14 08:00:00,67.72569444444444
2012-06-14 09:00:00,66.18766534391534
2012-06-14 10:00:00,65.48958333333333
2012-06-14 11:00:00,63.93171296296296
2012-06-14 12:00:00,58.517526455026456
2012-06-14 13:00:00,63.25231481481482
2012-06-14 14:00:00,64.16203703703704
2012-06-14 15:00:00,47.862037037037034
2012-06-14 16:00:00,17.20023148148148
2012-06-14 17:00:00,14.587962962962962
2012-06-14 18:00:00,15.359953703703704
2012-06-14 19:00:00,34.65393518518518
2012-06-14 20:00:00,67.91435185185185
2012-06-14 21:00:00,67.13492063492063
2012-06-14 22:00:00,66.77662037037037
2012-06-14 23:00:00,65.07060185185185
2012-06-15 00:00:00,64.45205026455027
2012-06-15 01:00:00,64.58449074074075
2012-06-15 02:00:00,61.49421296296296
2012-06-15 03:00:00,59.822916666666664
2012-06-15 04:00:00,61.24024470899471
2012-06-15 05:00:00,63.46296296296296
2012-06-15 06:00:00,66.00347222222221
2012-06-15 07:00:00,67.69328703703704
2012-06-15 08:00:00,67.2432208994709
2012-06-15 09:00:00,66.61458333333333
2012-06-15 10:00:00,65.85648148148148
2012-06-15 11:00:00,64.41964285714286
2012-06-15 12:00:00,64.36111111111111
2012-06-15 13:00:00,63.2662037037037
2012-06-15 14:00:00,57.535879629629626
2012-06-15 15:00:00,51.995370370370374
2012-06-15 16:00:00,19.150462962962962
2012-06-15 17:00:00,13.044642857142856
2012-06-15 18:00:00,15.176752645502646
2012-06-15 19:00:00,30.931712962962962
2012-06-15 20:00:00,67.62037037037037
2012-06-15 21:00:00,67.12648809523809
2012-06-15 22:00:00,66.63888888888889
2012-06-15 23:00:00,66.51504629629629
2012-06-16 00:00:00,65.83680555555556
2012-06-16 01:00:00,66.15277777777779
2012-06-16 02:00:00,11.398148148148147
2012-06-16 03:00:00,0.0
2012-06-16 04:00:00,0.0
2012-06-16 05:00:00,0.0
2012-06-16 06:00:00,0.0
2012-06-16 07:00:00,0.0
2012-06-16 08:00:00,62.3546626984127
2012-06-16 09:00:00,67.48842592592592
2012-06-16 10:00:00,67.0324074074074
2012-06-16 11:00:00,65.98693783068784
2012-06-16 12:00:00,66.46428571428571
2012-06-16 13:00:00,67.3354828042328
2012-06-16 14:00:00,56.15949074074074
2012-06-16 15:00:00,67.09837962962963
2012-06-16 16:00:00,67.4239417989418
2012-06-16 17:00:00,66.87268518518518
2012-06-16 18:00:00,67.9743716931217
2012-06-16 19:00:00,67.03472222222221
2012-06-16 20:00:00,67.88310185185185
2012-06-16 21:00:00,33.964120370370374
2012-06-16 22:00:00,0.0
2012-06-16 23:00:00,0.0
2012-06-17 00:00:00,0.0
2012-06-17 01:00:00,0.0
2012-06-17 02:00:00,0.0
2012-06-17 03:00:00,0.0
2012-06-17 04:00:00,0.0
2012-06-17 05:00:00,0.0
2012-06-17 06:00:00,0.0
2012-06-17 07:00:00,0.0
2012-06-17 08:00:00,0.0
2012-06-17 09:00:00,0.0
2012-06-17 10:00:00,0.0
2012-06-17 11:00:00,19.45949074074074
2012-06-17 12:00:00,57.15393518518518
2012-06-17 13:00:00,68.71296296296296
2012-06-17 14:00:00,68.35416666666667
2012-06-17 15:00:00,62.137499999999996
2012-06-17 16:00:00,0.0
2012-06-17 17:00:00,0.0
2012-06-17 18:00:00,0.0
2012-06-17 19:00:00,28.152777777777775
2012-06-17 20:00:00,67.43055555555556
2012-06-17 21:00:00,16.900462962962962
2012-06-17 22:00:00,0.0
2012-06-17 23:00:00,0.0
2012-06-18 00:00:00,0.0
2012-06-18 01:00:00,0.0
2012-06-18 02:00:00,0.0
2012-06-18 03:00:00,0.0
2012-06-18 04:00:00,0.0
2012-06-18 05:00:00,0.0
2012-06-18 06:00:00,0.0
2012-06-18 07:00:00,0.0
2012-06-18 08:00:00,0.0
2012-06-18 09:00:00,0.0
2012-06-18 10:00:00,0.0
2012-06-18 11:00:00,58.2349537037037
2012-06-18 12:00:00,64.49983465608466
2012-06-18 13:00:00,64.75132275132275
2012-06-18 14:00:00,65.85135582010582
2012-06-18 15:00:00,66.00165343915343
2012-06-18 16:00:00,65.12450396825396
2012-06-18 17:00:00,44.732638888888886
2012-06-18 18:00:00,19.67361111111111
2012-06-18 19:00:00,60.177083333333336
2012-06-18 20:00:00,67.46643518518518
2012-06-18 21:00:00,66.95023148148148
2012-06-18 22:00:00,66.34953703703704
2012-06-18 23:00:00,64.22222222222221
2012-06-19 00:00:00,61.73402777777778
2012-06-19 01:00:00,61.47222222222222
2012-06-19 02:00:00,60.572916666666664
2012-06-19 03:00:00,59.950892857142854
2012-06-19 04:00:00,60.536574074074075
2012-06-19 05:00:00,63.6712962962963
2012-06-19 06:00:00,66.79745370370371
2012-06-19 07:00:00,67.67824074074075
2012-06-19 08:00:00,68.24966931216932
2012-06-19 09:00:00,66.62318121693121
2012-06-19 10:00:00,64.57175925925925
2012-06-19 11:00:00,64.182208994709
2012-06-19 12:00:00,63.35119047619048
2012-06-19 13:00:00,60.924768518518526
2012-06-19 14:00:00,64.56597222222221
2012-06-19 15:00:00,63.77430555555555
2012-06-19 16:00:00,54.44560185185185
2012-06-19 17:00:00,17.872685185185187
2012-06-19 18:00:00,17.639550264550262
2012-06-19 19:00:00,53.197916666666664
2012-06-19 20:00:00,68.00958994708995
2012-06-19 21:00:00,60.89699074074074
2012-06-19 22:00:00,62.551091269841265
2012-06-19 23:00:00,64.88541666666667
2012-06-20 00:00:00,57.50115740740741
2012-06-20 01:00:00,61.46064814814815
2012-06-20 02:00:00,60.954861111111114
2012-06-20 03:00:00,58.80324074074074
2012-06-20 04:00:00,60.855026455026454
2012-06-20 05:00:00,63.85333994708995
2012-06-20 06:00:00,66.6238425925926
2012-06-20 07:00:00,67.40162037037037
2012-06-20 08:00:00,67.89864417989418
2012-06-20 09:00:00,67.15046296296296
2012-06-20 10:00:00,64.78356481481482
2012-06-20 11:00:00,63.52314814814815
2012-06-20 12:00:00,64.05439814814815
2012-06-20 13:00:00,63.9837962962963
2012-06-20 14:00:00,64.71875
2012-06-20 15:00:00,66.01736111111111
2012-06-20 16:00:00,53.6400462962963
2012-06-20 17:00:00,17.88938492063492
2012-06-20 18:00:00,16.454034391534393
2012-06-20 19:00:00,45.24421296296296
2012-06-20 20:00:00,67.54298941798942
2012-06-20 21:00:00,67.13905423280424
2012-06-20 22:00:00,66.41501322751323
2012-06-20 23:00:00,64.64004629629629
2012-06-21 00:00:00,58.53703703703704
2012-06-21 01:00:00,61.03240740740741
2012-06-21 02:00:00,61.604166666666664
2012-06-21 03:00:00,58.12929894179894
2012-06-21 04:00:00,60.79976851851851
2012-06-21 05:00:00,64.31712962962963
2012-06-21 06:00:00,66.53554894179895
2012-06-21 07:00:00,67.77364417989418
2012-06-21 08:00:00,67.77414021164022
2012-06-21 09:00:00,66.65162037037037
2012-06-21 10:00:00,65.52893518518518
2012-06-21 11:00:00,63.629629629629626
2012-06-21 12:00:00,64.0056216931217
2012-06-21 13:00:00,63.969576719576715
2012-06-21 14:00:00,64.6550925925926
2012-06-21 15:00:00,64.26504629629629
2012-06-21 16:00:00,34.89699074074074
2012-06-21 17:00:00,18.38773148148148
2012-06-21 18:00:00,16.180224867724867
2012-06-21 19:00:00,41.50578703703704
2012-06-21 20:00:00,68.0925925925926
2012-06-21 21:00:00,66.67708333333333
2012-06-21 22:00:00,66.28703703703704
2012-06-21 23:00:00,64.85069444444444
2012-06-22 00:00:00,63.179563492063494
2012-06-22 01:00:00,62.2974537037037
2012-06-22 02:00:00,62.739583333333336
2012-06-22 03:00:00,60.3953373015873
2012-06-22 04:00:00,60.46511243386243
2012-06-22 05:00:00,63.800925925925924
2012-06-22 06:00:00,65.73726851851852
2012-06-22 07:00:00,67.22602513227513
2012-06-22 08:00:00,67.22453703703704
2012-06-22 09:00:00,66.6901455026455
2012-06-22 10:00:00,65.4333664021164
2012-06-22 11:00:00,62.40046296296296
2012-06-22 12:00:00,50.979166666666664
2012-06-22 13:00:00,64.51967592592592
2012-06-22 14:00:00,63.70618386243387
2012-06-22 15:00:00,37.61805555555556
2012-06-22 16:00:00,19.572916666666668
2012-06-22 17:00:00,15.464120370370372
2012-06-22 18:00:00,18.1140873015873
2012-06-22 19:00:00,63.24933862433863
2012-06-22 20:00:00,67.83713624338624
2012-06-22 21:00:00,67.09771825396825
2012-06-22 22:00:00,62.256779100529094
2012-06-22 23:00:00,42.28554894179894
2012-06-23 00:00:00,57.7349537037037
2012-06-23 01:00:00,64.86574074074075
2012-06-23 02:00:00,65.19229497354497
2012-06-23 03:00:00,61.63310185185185
2012-06-23 04:00:00,61.64421296296297
2012-06-23 05:00:00,62.298611111111114
2012-06-23 06:00:00,65.57589285714286
2012-06-23 07:00:00,58.65856481481482
2012-06-23 08:00:00,65.98842592592592
2012-06-23 09:00:00,66.73263888888889
2012-06-23 10:00:00,65.66203703703704
2012-06-23 11:00:00,65.79166666666667
2012-06-23 12:00:00,66.1073082010582
2012-06-23 13:00:00,67.01306216931216
2012-06-23 14:00:00,67.13392857142857
2012-06-23 15:00:00,66.76752645502646
2012-06-23 16:00:00,66.74289021164022
2012-06-23 17:00:00,67.10300925925925
2012-06-23 18:00:00,68.00231481481482
2012-06-23 19:00:00,66.94923941798942
2012-06-23 20:00:00,67.55787037037037
2012-06-23 21:00:00,67.66484788359789
2012-06-23 22:00:00,68.04083994708995
2012-06-23 23:00:00,67.37962962962963
2012-06-24 00:00:00,61.04679232804233
2012-06-24 01:00:00,66.26289682539682
2012-06-24 02:00:00,66.07175925925925
2012-06-24 03:00:00,64.06828703703704
2012-06-24 04:00:00,63.80439814814815
2012-06-24 05:00:00,62.230324074074076
2012-06-24 06:00:00,66.1701388888889
2012-06-24 07:00:00,67.21643518518518
2012-06-24 08:00:00,67.62268518518518
2012-06-24 09:00:00,67.73346560846561
2012-06-24 10:00:00,67.7718253968254
2012-06-24 11:00:00,67.43518518518518
2012-06-24 12:00:00,67.94791666666667
2012-06-24 13:00:00,68.38657407407408
2012-06-24 14:00:00,68.53935185185185
2012-06-24 15:00:00,68.13260582010582
2012-06-24 16:00:00,67.70717592592592
2012-06-24 17:00:00,68.51041666666667
2012-06-24 18:00:00,68.54976851851852
2012-06-24 19:00:00,67.63723544973546
2012-06-24 20:00:00,67.59573412698413
2012-06-24 21:00:00,67.62681878306879
2012-06-24 22:00:00,67.21875
2012-06-24 23:00:00,66.0011574074074
2012-06-25 00:00:00,16.323247354497354
2012-06-25 01:00:00,64.26851851851852
2012-06-25 02:00:00,62.34606481481482
2012-06-25 03:00:00,59.53009259259259
2012-06-25 04:00:00,61.7974537037037
2012-06-25 05:00:00,64.74537037037037
2012-06-25 06:00:00,66.18766534391534
2012-06-25 07:00:00,67.00231481481482
2012-06-25 08:00:00,66.07523148148148
2012-06-25 09:00:00,64.42113095238095
2012-06-25 10:00:00,63.44295634920635
2012-06-25 11:00:00,62.38773148148149
2012-06-25 12:00:00,62.7010582010582
2012-06-25 13:00:00,64.06018518518518
2012-06-25 14:00:00,65.19146825396825
2012-06-25 15:00:00,66.50347222222221
2012-06-25 16:00:00,64.86309523809524
2012-06-25 17:00:00,42.707175925925924
2012-06-25 18:00:00,29.31365740740741
2012-06-25 19:00:00,66.83796296296296
2012-06-25 20:00:00,67.68716931216932
2012-06-25 21:00:00,67.07754629629629
2012-06-25 22:00:00,65.94411375661376
2012-06-25 23:00:00,63.25925925925926
2012-06-26 00:00:00,62.63773148148149
2012-06-26 01:00:00,61.420138888888886
2012-06-26 02:00:00,59.30671296296296
2012-06-26 03:00:00,56.53356481481482
2012-06-26 04:00:00,58.67443783068783
2012-06-26 05:00:00,62.84143518518518
2012-06-26 06:00:00,65.61574074074075
2012-06-26 07:00:00,67.52662037037037
2012-06-26 08:00:00,66.16170634920634
2012-06-26 09:00:00,64.11904761904762
2012-06-26 10:00:00,63.00925925925926
2012-06-26 11:00:00,62.666832010582006
2012-06-26 12:00:00,64.94444444444444
2012-06-26 13:00:00,64.47453703703704
2012-06-26 14:00:00,65.04166666666667
2012-06-26 15:00:00,65.8113425925926
2012-06-26 16:00:00,65.93088624338624
2012-06-26 17:00:00,27.707175925925927
2012-06-26 18:00:00,17.43700396825397
2012-06-26 19:00:00,49.15393518518518
2012-06-26 20:00:00,66.5737433862434
2012-06-26 21:00:00,66.60416666666667
2012-06-26 22:00:00,66.27546296296296
2012-06-26 23:00:00,65.16898148148148
2012-06-27 00:00:00,63.2662037037037
2012-06-27 01:00:00,62.026620370370374
2012-06-27 02:00:00,58.613425925925924
2012-06-27 03:00:00,58.111111111111114
2012-06-27 04:00:00,61.57820767195767
2012-06-27 05:00:00,63.47569444444445
2012-06-27 06:00:00,65.71527777777779
2012-06-27 07:00:00,67.65310846560847
2012-06-27 08:00:00,67.27199074074075
2012-06-27 09:00:00,64.32903439153439
2012-06-27 10:00:00,62.779761904761905
2012-06-27 11:00:00,64.58796296296296
2012-06-27 12:00:00,65.29001322751323
2012-06-27 13:00:00,64.50777116402116
2012-06-27 14:00:00,59.10367063492063
2012-06-27 15:00:00,54.77916666666667
2012-06-27 16:00:00,65.67939814814815
2012-06-27 17:00:00,20.608796296296294
2012-06-27 18:00:00,16.51223544973545
2012-06-27 19:00:00,46.74421296296296
2012-06-27 20:00:00,66.06828703703704
2012-06-27 21:00:00,66.98247354497354
2012-06-27 22:00:00,66.75694444444444
2012-06-27 23:00:00,65.3817791005291
