domain,model,origin_idx,origin_timestamp,target_timestamp,declared_horizon,elapsed_steps
pm25,lightgbm,1848,2010-03-22T22:00:00,2010-03-23T00:00:00,1,2.0
pm25,ridge,1848,2010-03-22T22:00:00,2010-03-23T00:00:00,1,2.0
pm25,extratrees,1848,2010-03-22T22:00:00,2010-03-23T00:00:00,1,2.0
pm25,lightgbm,1848,2010-03-22T22:00:00,2010-03-23T01:00:00,2,3.0
pm25,ridge,1848,2010-03-22T22:00:00,2010-03-23T01:00:00,2,3.0
pm25,extratrees,1848,2010-03-22T22:00:00,2010-03-23T01:00:00,2,3.0
pm25,lightgbm,1848,2010-03-22T22:00:00,2010-03-23T02:00:00,3,4.0
pm25,ridge,1848,2010-03-22T22:00:00,2010-03-23T02:00:00,3,4.0
pm25,extratrees,1848,2010-03-22T22:00:00,2010-03-23T02:00:00,3,4.0
pm25,lightgbm,6216,2010-10-12T11:00:00,2010-10-12T16:00:00,3,5.0
pm25,ridge,6216,2010-10-12T11:00:00,2010-10-12T16:00:00,3,5.0
pm25,extratrees,6216,2010-10-12T11:00:00,2010-10-12T16:00:00,3,5.0
pm25,lightgbm,8088,2010-12-31T21:00:00,2011-01-02T00:00:00,3,27.0
pm25,ridge,8088,2010-12-31T21:00:00,2011-01-02T00:00:00,3,27.0
pm25,extratrees,8088,2010-12-31T21:00:00,2011-01-02T00:00:00,3,27.0
pm25,lightgbm,1848,2010-03-22T22:00:00,2010-03-23T03:00:00,4,5.0
pm25,ridge,1848,2010-03-22T22:00:00,2010-03-23T03:00:00,4,5.0
pm25,extratrees,1848,2010-03-22T22:00:00,2010-03-23T03:00:00,4,5.0
pm25,lightgbm,2040,2010-04-01T07:00:00,2010-04-01T13:00:00,4,6.0
pm25,ridge,2040,2010-04-01T07:00:00,2010-04-01T13:00:00,4,6.0
pm25,extratrees,2040,2010-04-01T07:00:00,2010-04-01T13:00:00,4,6.0
pm25,lightgbm,5904,2010-09-19T15:00:00,2010-09-20T00:00:00,4,9.0
pm25,ridge,5904,2010-09-19T15:00:00,2010-09-20T00:00:00,4,9.0
pm25,extratrees,5904,2010-09-19T15:00:00,2010-09-20T00:00:00,4,9.0
pm25,lightgbm,6216,2010-10-12T11:00:00,2010-10-12T17:00:00,4,6.0
pm25,ridge,6216,2010-10-12T11:00:00,2010-10-12T17:00:00,4,6.0
pm25,extratrees,6216,2010-10-12T11:00:00,2010-10-12T17:00:00,4,6.0
pm25,lightgbm,8088,2010-12-31T21:00:00,2011-01-02T01:00:00,4,28.0
pm25,ridge,8088,2010-12-31T21:00:00,2011-01-02T01:00:00,4,28.0
pm25,extratrees,8088,2010-12-31T21:00:00,2011-01-02T01:00:00,4,28.0
pm25,lightgbm,1848,2010-03-22T22:00:00,2010-03-23T04:00:00,5,6.0
pm25,ridge,1848,2010-03-22T22:00:00,2010-03-23T04:00:00,5,6.0
pm25,extratrees,1848,2010-03-22T22:00:00,2010-03-23T04:00:00,5,6.0
pm25,lightgbm,2040,2010-04-01T07:00:00,2010-04-01T14:00:00,5,7.0
pm25,ridge,2040,2010-04-01T07:00:00,2010-04-01T14:00:00,5,7.0
pm25,extratrees,2040,2010-04-01T07:00:00,2010-04-01T14:00:00,5,7.0
pm25,lightgbm,3504,2010-06-01T17:00:00,2010-06-02T17:00:00,5,24.0
pm25,ridge,3504,2010-06-01T17:00:00,2010-06-02T17:00:00,5,24.0
pm25,extratrees,3504,2010-06-01T17:00:00,2010-06-02T17:00:00,5,24.0
pm25,lightgbm,5904,2010-09-19T15:00:00,2010-09-20T01:00:00,5,10.0
pm25,ridge,5904,2010-09-19T15:00:00,2010-09-20T01:00:00,5,10.0
pm25,extratrees,5904,2010-09-19T15:00:00,2010-09-20T01:00:00,5,10.0
pm25,lightgbm,6216,2010-10-12T11:00:00,2010-10-12T18:00:00,5,7.0
pm25,ridge,6216,2010-10-12T11:00:00,2010-10-12T18:00:00,5,7.0
pm25,extratrees,6216,2010-10-12T11:00:00,2010-10-12T18:00:00,5,7.0
pm25,lightgbm,8088,2010-12-31T21:00:00,2011-01-02T02:00:00,5,29.0
pm25,ridge,8088,2010-12-31T21:00:00,2011-01-02T02:00:00,5,29.0
pm25,extratrees,8088,2010-12-31T21:00:00,2011-01-02T02:00:00,5,29.0
pm25,lightgbm,1848,2010-03-22T22:00:00,2010-03-23T05:00:00,6,7.0
pm25,ridge,1848,2010-03-22T22:00:00,2010-03-23T05:00:00,6,7.0
pm25,extratrees,1848,2010-03-22T22:00:00,2010-03-23T05:00:00,6,7.0
pm25,lightgbm,2040,2010-04-01T07:00:00,2010-04-01T15:00:00,6,8.0
pm25,ridge,2040,2010-04-01T07:00:00,2010-04-01T15:00:00,6,8.0
pm25,extratrees,2040,2010-04-01T07:00:00,2010-04-01T15:00:00,6,8.0
pm25,lightgbm,3504,2010-06-01T17:00:00,2010-06-02T18:00:00,6,25.0
pm25,ridge,3504,2010-06-01T17:00:00,2010-06-02T18:00:00,6,25.0
pm25,extratrees,3504,2010-06-01T17:00:00,2010-06-02T18:00:00,6,25.0
pm25,lightgbm,5904,2010-09-19T15:00:00,2010-09-20T02:00:00,6,11.0
pm25,ridge,5904,2010-09-19T15:00:00,2010-09-20T02:00:00,6,11.0
pm25,extratrees,5904,2010-09-19T15:00:00,2010-09-20T02:00:00,6,11.0
pm25,lightgbm,6216,2010-10-12T11:00:00,2010-10-12T19:00:00,6,8.0
pm25,ridge,6216,2010-10-12T11:00:00,2010-10-12T19:00:00,6,8.0
pm25,extratrees,6216,2010-10-12T11:00:00,2010-10-12T19:00:00,6,8.0
pm25,lightgbm,8088,2010-12-31T21:00:00,2011-01-02T03:00:00,6,30.0
pm25,ridge,8088,2010-12-31T21:00:00,2011-01-02T03:00:00,6,30.0
pm25,extratrees,8088,2010-12-31T21:00:00,2011-01-02T03:00:00,6,30.0
pm25,lightgbm,960,2010-02-13T19:00:00,2010-02-14T03:00:00,7,8.0
pm25,ridge,960,2010-02-13T19:00:00,2010-02-14T03:00:00,7,8.0
pm25,extratrees,960,2010-02-13T19:00:00,2010-02-14T03:00:00,7,8.0
pm25,lightgbm,1848,2010-03-22T22:00:00,2010-03-23T06:00:00,7,8.0
pm25,ridge,1848,2010-03-22T22:00:00,2010-03-23T06:00:00,7,8.0
pm25,extratrees,1848,2010-03-22T22:00:00,2010-03-23T06:00:00,7,8.0
pm25,lightgbm,2016,2010-03-29T23:00:00,2010-03-30T13:00:00,7,14.0
pm25,ridge,2016,2010-03-29T23:00:00,2010-03-30T13:00:00,7,14.0
pm25,extratrees,2016,2010-03-29T23:00:00,2010-03-30T13:00:00,7,14.0
pm25,lightgbm,2040,2010-04-01T07:00:00,2010-04-01T16:00:00,7,9.0
pm25,ridge,2040,2010-04-01T07:00:00,2010-04-01T16:00:00,7,9.0
pm25,extratrees,2040,2010-04-01T07:00:00,2010-04-01T16:00:00,7,9.0
pm25,lightgbm,3504,2010-06-01T17:00:00,2010-06-02T19:00:00,7,26.0
pm25,ridge,3504,2010-06-01T17:00:00,2010-06-02T19:00:00,7,26.0
pm25,extratrees,3504,2010-06-01T17:00:00,2010-06-02T19:00:00,7,26.0
pm25,lightgbm,3816,2010-06-20T01:00:00,2010-06-20T10:00:00,7,9.0
pm25,ridge,3816,2010-06-20T01:00:00,2010-06-20T10:00:00,7,9.0
pm25,extratrees,3816,2010-06-20T01:00:00,2010-06-20T10:00:00,7,9.0
pm25,lightgbm,3864,2010-06-22T03:00:00,2010-06-23T10:00:00,7,31.0
pm25,ridge,3864,2010-06-22T03:00:00,2010-06-23T10:00:00,7,31.0
pm25,extratrees,3864,2010-06-22T03:00:00,2010-06-23T10:00:00,7,31.0
pm25,lightgbm,5712,2010-09-10T23:00:00,2010-09-11T22:00:00,7,23.0
pm25,ridge,5712,2010-09-10T23:00:00,2010-09-11T22:00:00,7,23.0
pm25,extratrees,5712,2010-09-10T23:00:00,2010-09-11T22:00:00,7,23.0
pm25,lightgbm,5904,2010-09-19T15:00:00,2010-09-20T03:00:00,7,12.0
pm25,ridge,5904,2010-09-19T15:00:00,2010-09-20T03:00:00,7,12.0
pm25,extratrees,5904,2010-09-19T15:00:00,2010-09-20T03:00:00,7,12.0
pm25,lightgbm,6216,2010-10-12T11:00:00,2010-10-12T20:00:00,7,9.0
pm25,ridge,6216,2010-10-12T11:00:00,2010-10-12T20:00:00,7,9.0
pm25,extratrees,6216,2010-10-12T11:00:00,2010-10-12T20:00:00,7,9.0
pm25,lightgbm,8088,2010-12-31T21:00:00,2011-01-02T04:00:00,7,31.0
pm25,ridge,8088,2010-12-31T21:00:00,2011-01-02T04:00:00,7,31.0
pm25,extratrees,8088,2010-12-31T21:00:00,2011-01-02T04:00:00,7,31.0
pm25,lightgbm,960,2010-02-13T19:00:00,2010-02-14T04:00:00,8,9.0
pm25,ridge,960,2010-02-13T19:00:00,2010-02-14T04:00:00,8,9.0
pm25,extratrees,960,2010-02-13T19:00:00,2010-02-14T04:00:00,8,9.0
pm25,lightgbm,1848,2010-03-22T22:00:00,2010-03-23T07:00:00,8,9.0
pm25,ridge,1848,2010-03-22T22:00:00,2010-03-23T07:00:00,8,9.0
pm25,extratrees,1848,2010-03-22T22:00:00,2010-03-23T07:00:00,8,9.0
pm25,lightgbm,2016,2010-03-29T23:00:00,2010-03-31T07:00:00,8,32.0
pm25,ridge,2016,2010-03-29T23:00:00,2010-03-31T07:00:00,8,32.0
pm25,extratrees,2016,2010-03-29T23:00:00,2010-03-31T07:00:00,8,32.0
pm25,lightgbm,2040,2010-04-01T07:00:00,2010-04-01T17:00:00,8,10.0
pm25,ridge,2040,2010-04-01T07:00:00,2010-04-01T17:00:00,8,10.0
pm25,extratrees,2040,2010-04-01T07:00:00,2010-04-01T17:00:00,8,10.0
pm25,lightgbm,3144,2010-05-17T09:00:00,2010-05-17T19:00:00,8,10.0
pm25,ridge,3144,2010-05-17T09:00:00,2010-05-17T19:00:00,8,10.0
pm25,extratrees,3144,2010-05-17T09:00:00,2010-05-17T19:00:00,8,10.0
pm25,lightgbm,3384,2010-05-27T11:00:00,2010-05-28T00:00:00,8,13.0
pm25,ridge,3384,2010-05-27T11:00:00,2010-05-28T00:00:00,8,13.0
pm25,extratrees,3384,2010-05-27T11:00:00,2010-05-28T00:00:00,8,13.0
pm25,lightgbm,3504,2010-06-01T17:00:00,2010-06-02T20:00:00,8,27.0
pm25,ridge,3504,2010-06-01T17:00:00,2010-06-02T20:00:00,8,27.0
pm25,extratrees,3504,2010-06-01T17:00:00,2010-06-02T20:00:00,8,27.0
pm25,lightgbm,3816,2010-06-20T01:00:00,2010-06-20T11:00:00,8,10.0
pm25,ridge,3816,2010-06-20T01:00:00,2010-06-20T11:00:00,8,10.0
pm25,extratrees,3816,2010-06-20T01:00:00,2010-06-20T11:00:00,8,10.0
pm25,lightgbm,3864,2010-06-22T03:00:00,2010-06-23T11:00:00,8,32.0
pm25,ridge,3864,2010-06-22T03:00:00,2010-06-23T11:00:00,8,32.0
pm25,extratrees,3864,2010-06-22T03:00:00,2010-06-23T11:00:00,8,32.0
pm25,lightgbm,5712,2010-09-10T23:00:00,2010-09-11T23:00:00,8,24.0
pm25,ridge,5712,2010-09-10T23:00:00,2010-09-11T23:00:00,8,24.0
pm25,extratrees,5712,2010-09-10T23:00:00,2010-09-11T23:00:00,8,24.0
pm25,lightgbm,5904,2010-09-19T15:00:00,2010-09-20T04:00:00,8,13.0
pm25,ridge,5904,2010-09-19T15:00:00,2010-09-20T04:00:00,8,13.0
pm25,extratrees,5904,2010-09-19T15:00:00,2010-09-20T04:00:00,8,13.0
pm25,lightgbm,6216,2010-10-12T11:00:00,2010-10-12T21:00:00,8,10.0
pm25,ridge,6216,2010-10-12T11:00:00,2010-10-12T21:00:00,8,10.0
pm25,extratrees,6216,2010-10-12T11:00:00,2010-10-12T21:00:00,8,10.0
pm25,lightgbm,8088,2010-12-31T21:00:00,2011-01-02T05:00:00,8,32.0
pm25,ridge,8088,2010-12-31T21:00:00,2011-01-02T05:00:00,8,32.0
pm25,extratrees,8088,2010-12-31T21:00:00,2011-01-02T05:00:00,8,32.0
pm25,lightgbm,960,2010-02-13T19:00:00,2010-02-14T05:00:00,9,10.0
pm25,ridge,960,2010-02-13T19:00:00,2010-02-14T05:00:00,9,10.0
pm25,extratrees,960,2010-02-13T19:00:00,2010-02-14T05:00:00,9,10.0
pm25,lightgbm,1776,2010-03-19T20:00:00,2010-03-20T07:00:00,9,11.0
pm25,ridge,1776,2010-03-19T20:00:00,2010-03-20T07:00:00,9,11.0
pm25,extratrees,1776,2010-03-19T20:00:00,2010-03-20T07:00:00,9,11.0
pm25,lightgbm,1848,2010-03-22T22:00:00,2010-03-23T08:00:00,9,10.0
pm25,ridge,1848,2010-03-22T22:00:00,2010-03-23T08:00:00,9,10.0
pm25,extratrees,1848,2010-03-22T22:00:00,2010-03-23T08:00:00,9,10.0
pm25,lightgbm,2016,2010-03-29T23:00:00,2010-03-31T08:00:00,9,33.0
pm25,ridge,2016,2010-03-29T23:00:00,2010-03-31T08:00:00,9,33.0
pm25,extratrees,2016,2010-03-29T23:00:00,2010-03-31T08:00:00,9,33.0
pm25,lightgbm,2040,2010-04-01T07:00:00,2010-04-01T18:00:00,9,11.0
pm25,ridge,2040,2010-04-01T07:00:00,2010-04-01T18:00:00,9,11.0
pm25,extratrees,2040,2010-04-01T07:00:00,2010-04-01T18:00:00,9,11.0
pm25,lightgbm,3144,2010-05-17T09:00:00,2010-05-17T20:00:00,9,11.0
pm25,ridge,3144,2010-05-17T09:00:00,2010-05-17T20:00:00,9,11.0
pm25,extratrees,3144,2010-05-17T09:00:00,2010-05-17T20:00:00,9,11.0
pm25,lightgbm,3384,2010-05-27T11:00:00,2010-05-28T01:00:00,9,14.0
pm25,ridge,3384,2010-05-27T11:00:00,2010-05-28T01:00:00,9,14.0
pm25,extratrees,3384,2010-05-27T11:00:00,2010-05-28T01:00:00,9,14.0
pm25,lightgbm,3504,2010-06-01T17:00:00,2010-06-02T21:00:00,9,28.0
pm25,ridge,3504,2010-06-01T17:00:00,2010-06-02T21:00:00,9,28.0
pm25,extratrees,3504,2010-06-01T17:00:00,2010-06-02T21:00:00,9,28.0
pm25,lightgbm,3816,2010-06-20T01:00:00,2010-06-20T12:00:00,9,11.0
pm25,ridge,3816,2010-06-20T01:00:00,2010-06-20T12:00:00,9,11.0
pm25,extratrees,3816,2010-06-20T01:00:00,2010-06-20T12:00:00,9,11.0
pm25,lightgbm,3864,2010-06-22T03:00:00,2010-06-23T12:00:00,9,33.0
pm25,ridge,3864,2010-06-22T03:00:00,2010-06-23T12:00:00,9,33.0
pm25,extratrees,3864,2010-06-22T03:00:00,2010-06-23T12:00:00,9,33.0
pm25,lightgbm,5712,2010-09-10T23:00:00,2010-09-12T00:00:00,9,25.0
pm25,ridge,5712,2010-09-10T23:00:00,2010-09-12T00:00:00,9,25.0
pm25,extratrees,5712,2010-09-10T23:00:00,2010-09-12T00:00:00,9,25.0
pm25,lightgbm,5904,2010-09-19T15:00:00,2010-09-20T05:00:00,9,14.0
pm25,ridge,5904,2010-09-19T15:00:00,2010-09-20T05:00:00,9,14.0
pm25,extratrees,5904,2010-09-19T15:00:00,2010-09-20T05:00:00,9,14.0
pm25,lightgbm,5928,2010-09-20T20:00:00,2010-09-27T16:00:00,9,164.0
pm25,ridge,5928,2010-09-20T20:00:00,2010-09-27T16:00:00,9,164.0
pm25,extratrees,5928,2010-09-20T20:00:00,2010-09-27T16:00:00,9,164.0
pm25,lightgbm,6216,2010-10-12T11:00:00,2010-10-12T22:00:00,9,11.0
pm25,ridge,6216,2010-10-12T11:00:00,2010-10-12T22:00:00,9,11.0
pm25,extratrees,6216,2010-10-12T11:00:00,2010-10-12T22:00:00,9,11.0
pm25,lightgbm,8088,2010-12-31T21:00:00,2011-01-02T06:00:00,9,33.0
pm25,ridge,8088,2010-12-31T21:00:00,2011-01-02T06:00:00,9,33.0
pm25,extratrees,8088,2010-12-31T21:00:00,2011-01-02T06:00:00,9,33.0
pm25,lightgbm,960,2010-02-13T19:00:00,2010-02-14T06:00:00,10,11.0
pm25,ridge,960,2010-02-13T19:00:00,2010-02-14T06:00:00,10,11.0
pm25,extratrees,960,2010-02-13T19:00:00,2010-02-14T06:00:00,10,11.0
pm25,lightgbm,1776,2010-03-19T20:00:00,2010-03-20T08:00:00,10,12.0
pm25,ridge,1776,2010-03-19T20:00:00,2010-03-20T08:00:00,10,12.0
pm25,extratrees,1776,2010-03-19T20:00:00,2010-03-20T08:00:00,10,12.0
pm25,lightgbm,1848,2010-03-22T22:00:00,2010-03-23T09:00:00,10,11.0
pm25,ridge,1848,2010-03-22T22:00:00,2010-03-23T09:00:00,10,11.0
pm25,extratrees,1848,2010-03-22T22:00:00,2010-03-23T09:00:00,10,11.0
pm25,lightgbm,2016,2010-03-29T23:00:00,2010-03-31T17:00:00,10,42.0
pm25,ridge,2016,2010-03-29T23:00:00,2010-03-31T17:00:00,10,42.0
pm25,extratrees,2016,2010-03-29T23:00:00,2010-03-31T17:00:00,10,42.0
pm25,lightgbm,2040,2010-04-01T07:00:00,2010-04-01T19:00:00,10,12.0
pm25,ridge,2040,2010-04-01T07:00:00,2010-04-01T19:00:00,10,12.0
pm25,extratrees,2040,2010-04-01T07:00:00,2010-04-01T19:00:00,10,12.0
pm25,lightgbm,3144,2010-05-17T09:00:00,2010-05-17T21:00:00,10,12.0
pm25,ridge,3144,2010-05-17T09:00:00,2010-05-17T21:00:00,10,12.0
pm25,extratrees,3144,2010-05-17T09:00:00,2010-05-17T21:00:00,10,12.0
pm25,lightgbm,3384,2010-05-27T11:00:00,2010-05-28T02:00:00,10,15.0
pm25,ridge,3384,2010-05-27T11:00:00,2010-05-28T02:00:00,10,15.0
pm25,extratrees,3384,2010-05-27T11:00:00,2010-05-28T02:00:00,10,15.0
pm25,lightgbm,3504,2010-06-01T17:00:00,2010-06-02T22:00:00,10,29.0
pm25,ridge,3504,2010-06-01T17:00:00,2010-06-02T22:00:00,10,29.0
pm25,extratrees,3504,2010-06-01T17:00:00,2010-06-02T22:00:00,10,29.0
pm25,lightgbm,3816,2010-06-20T01:00:00,2010-06-20T13:00:00,10,12.0
pm25,ridge,3816,2010-06-20T01:00:00,2010-06-20T13:00:00,10,12.0
pm25,extratrees,3816,2010-06-20T01:00:00,2010-06-20T13:00:00,10,12.0
pm25,lightgbm,3864,2010-06-22T03:00:00,2010-06-23T13:00:00,10,34.0
pm25,ridge,3864,2010-06-22T03:00:00,2010-06-23T13:00:00,10,34.0
pm25,extratrees,3864,2010-06-22T03:00:00,2010-06-23T13:00:00,10,34.0
pm25,lightgbm,5712,2010-09-10T23:00:00,2010-09-12T01:00:00,10,26.0
pm25,ridge,5712,2010-09-10T23:00:00,2010-09-12T01:00:00,10,26.0
pm25,extratrees,5712,2010-09-10T23:00:00,2010-09-12T01:00:00,10,26.0
pm25,lightgbm,5904,2010-09-19T15:00:00,2010-09-20T06:00:00,10,15.0
pm25,ridge,5904,2010-09-19T15:00:00,2010-09-20T06:00:00,10,15.0
pm25,extratrees,5904,2010-09-19T15:00:00,2010-09-20T06:00:00,10,15.0
pm25,lightgbm,5928,2010-09-20T20:00:00,2010-09-30T21:00:00,10,241.0
pm25,ridge,5928,2010-09-20T20:00:00,2010-09-30T21:00:00,10,241.0
pm25,extratrees,5928,2010-09-20T20:00:00,2010-09-30T21:00:00,10,241.0
pm25,lightgbm,6216,2010-10-12T11:00:00,2010-10-12T23:00:00,10,12.0
pm25,ridge,6216,2010-10-12T11:00:00,2010-10-12T23:00:00,10,12.0
pm25,extratrees,6216,2010-10-12T11:00:00,2010-10-12T23:00:00,10,12.0
pm25,lightgbm,8088,2010-12-31T21:00:00,2011-01-02T07:00:00,10,34.0
pm25,ridge,8088,2010-12-31T21:00:00,2011-01-02T07:00:00,10,34.0
pm25,extratrees,8088,2010-12-31T21:00:00,2011-01-02T07:00:00,10,34.0
pm25,lightgbm,960,2010-02-13T19:00:00,2010-02-14T07:00:00,11,12.0
pm25,ridge,960,2010-02-13T19:00:00,2010-02-14T07:00:00,11,12.0
pm25,extratrees,960,2010-02-13T19:00:00,2010-02-14T07:00:00,11,12.0
pm25,lightgbm,1776,2010-03-19T20:00:00,2010-03-20T09:00:00,11,13.0
pm25,ridge,1776,2010-03-19T20:00:00,2010-03-20T09:00:00,11,13.0
pm25,extratrees,1776,2010-03-19T20:00:00,2010-03-20T09:00:00,11,13.0
pm25,lightgbm,1848,2010-03-22T22:00:00,2010-03-23T10:00:00,11,12.0
pm25,ridge,1848,2010-03-22T22:00:00,2010-03-23T10:00:00,11,12.0
pm25,extratrees,1848,2010-03-22T22:00:00,2010-03-23T10:00:00,11,12.0
pm25,lightgbm,2016,2010-03-29T23:00:00,2010-03-31T18:00:00,11,43.0
pm25,ridge,2016,2010-03-29T23:00:00,2010-03-31T18:00:00,11,43.0
pm25,extratrees,2016,2010-03-29T23:00:00,2010-03-31T18:00:00,11,43.0
pm25,lightgbm,2040,2010-04-01T07:00:00,2010-04-01T20:00:00,11,13.0
pm25,ridge,2040,2010-04-01T07:00:00,2010-04-01T20:00:00,11,13.0
pm25,extratrees,2040,2010-04-01T07:00:00,2010-04-01T20:00:00,11,13.0
pm25,lightgbm,3144,2010-05-17T09:00:00,2010-05-17T22:00:00,11,13.0
pm25,ridge,3144,2010-05-17T09:00:00,2010-05-17T22:00:00,11,13.0
pm25,extratrees,3144,2010-05-17T09:00:00,2010-05-17T22:00:00,11,13.0
pm25,lightgbm,3384,2010-05-27T11:00:00,2010-05-28T03:00:00,11,16.0
pm25,ridge,3384,2010-05-27T11:00:00,2010-05-28T03:00:00,11,16.0
pm25,extratrees,3384,2010-05-27T11:00:00,2010-05-28T03:00:00,11,16.0
pm25,lightgbm,3504,2010-06-01T17:00:00,2010-06-02T23:00:00,11,30.0
pm25,ridge,3504,2010-06-01T17:00:00,2010-06-02T23:00:00,11,30.0
pm25,extratrees,3504,2010-06-01T17:00:00,2010-06-02T23:00:00,11,30.0
pm25,lightgbm,3816,2010-06-20T01:00:00,2010-06-20T14:00:00,11,13.0
pm25,ridge,3816,2010-06-20T01:00:00,2010-06-20T14:00:00,11,13.0
pm25,extratrees,3816,2010-06-20T01:00:00,2010-06-20T14:00:00,11,13.0
pm25,lightgbm,3864,2010-06-22T03:00:00,2010-06-23T14:00:00,11,35.0
pm25,ridge,3864,2010-06-22T03:00:00,2010-06-23T14:00:00,11,35.0
pm25,extratrees,3864,2010-06-22T03:00:00,2010-06-23T14:00:00,11,35.0
pm25,lightgbm,5712,2010-09-10T23:00:00,2010-09-12T02:00:00,11,27.0
pm25,ridge,5712,2010-09-10T23:00:00,2010-09-12T02:00:00,11,27.0
pm25,extratrees,5712,2010-09-10T23:00:00,2010-09-12T02:00:00,11,27.0
pm25,lightgbm,5904,2010-09-19T15:00:00,2010-09-20T07:00:00,11,16.0
pm25,ridge,5904,2010-09-19T15:00:00,2010-09-20T07:00:00,11,16.0
pm25,extratrees,5904,2010-09-19T15:00:00,2010-09-20T07:00:00,11,16.0
pm25,lightgbm,5928,2010-09-20T20:00:00,2010-09-30T22:00:00,11,242.0
pm25,ridge,5928,2010-09-20T20:00:00,2010-09-30T22:00:00,11,242.0
pm25,extratrees,5928,2010-09-20T20:00:00,2010-09-30T22:00:00,11,242.0
pm25,lightgbm,6216,2010-10-12T11:00:00,2010-10-13T00:00:00,11,13.0
pm25,ridge,6216,2010-10-12T11:00:00,2010-10-13T00:00:00,11,13.0
pm25,extratrees,6216,2010-10-12T11:00:00,2010-10-13T00:00:00,11,13.0
pm25,lightgbm,8088,2010-12-31T21:00:00,2011-01-02T08:00:00,11,35.0
pm25,ridge,8088,2010-12-31T21:00:00,2011-01-02T08:00:00,11,35.0
pm25,extratrees,8088,2010-12-31T21:00:00,2011-01-02T08:00:00,11,35.0
pm25,lightgbm,960,2010-02-13T19:00:00,2010-02-14T08:00:00,12,13.0
pm25,ridge,960,2010-02-13T19:00:00,2010-02-14T08:00:00,12,13.0
pm25,extratrees,960,2010-02-13T19:00:00,2010-02-14T08:00:00,12,13.0
pm25,lightgbm,1776,2010-03-19T20:00:00,2010-03-20T10:00:00,12,14.0
pm25,ridge,1776,2010-03-19T20:00:00,2010-03-20T10:00:00,12,14.0
pm25,extratrees,1776,2010-03-19T20:00:00,2010-03-20T10:00:00,12,14.0
pm25,lightgbm,1848,2010-03-22T22:00:00,2010-03-23T11:00:00,12,13.0
pm25,ridge,1848,2010-03-22T22:00:00,2010-03-23T11:00:00,12,13.0
pm25,extratrees,1848,2010-03-22T22:00:00,2010-03-23T11:00:00,12,13.0
pm25,lightgbm,2016,2010-03-29T23:00:00,2010-03-31T19:00:00,12,44.0
pm25,ridge,2016,2010-03-29T23:00:00,2010-03-31T19:00:00,12,44.0
pm25,extratrees,2016,2010-03-29T23:00:00,2010-03-31T19:00:00,12,44.0
pm25,lightgbm,2040,2010-04-01T07:00:00,2010-04-01T21:00:00,12,14.0
pm25,ridge,2040,2010-04-01T07:00:00,2010-04-01T21:00:00,12,14.0
pm25,extratrees,2040,2010-04-01T07:00:00,2010-04-01T21:00:00,12,14.0
pm25,lightgbm,3144,2010-05-17T09:00:00,2010-05-17T23:00:00,12,14.0
pm25,ridge,3144,2010-05-17T09:00:00,2010-05-17T23:00:00,12,14.0
pm25,extratrees,3144,2010-05-17T09:00:00,2010-05-17T23:00:00,12,14.0
pm25,lightgbm,3384,2010-05-27T11:00:00,2010-05-28T04:00:00,12,17.0
pm25,ridge,3384,2010-05-27T11:00:00,2010-05-28T04:00:00,12,17.0
pm25,extratrees,3384,2010-05-27T11:00:00,2010-05-28T04:00:00,12,17.0
pm25,lightgbm,3504,2010-06-01T17:00:00,2010-06-03T00:00:00,12,31.0
pm25,ridge,3504,2010-06-01T17:00:00,2010-06-03T00:00:00,12,31.0
pm25,extratrees,3504,2010-06-01T17:00:00,2010-06-03T00:00:00,12,31.0
pm25,lightgbm,3816,2010-06-20T01:00:00,2010-06-20T15:00:00,12,14.0
pm25,ridge,3816,2010-06-20T01:00:00,2010-06-20T15:00:00,12,14.0
pm25,extratrees,3816,2010-06-20T01:00:00,2010-06-20T15:00:00,12,14.0
pm25,lightgbm,3864,2010-06-22T03:00:00,2010-06-23T15:00:00,12,36.0
pm25,ridge,3864,2010-06-22T03:00:00,2010-06-23T15:00:00,12,36.0
pm25,extratrees,3864,2010-06-22T03:00:00,2010-06-23T15:00:00,12,36.0
pm25,lightgbm,5712,2010-09-10T23:00:00,2010-09-12T03:00:00,12,28.0
pm25,ridge,5712,2010-09-10T23:00:00,2010-09-12T03:00:00,12,28.0
pm25,extratrees,5712,2010-09-10T23:00:00,2010-09-12T03:00:00,12,28.0
pm25,lightgbm,5904,2010-09-19T15:00:00,2010-09-20T08:00:00,12,17.0
pm25,ridge,5904,2010-09-19T15:00:00,2010-09-20T08:00:00,12,17.0
pm25,extratrees,5904,2010-09-19T15:00:00,2010-09-20T08:00:00,12,17.0
pm25,lightgbm,5928,2010-09-20T20:00:00,2010-09-30T23:00:00,12,243.0
pm25,ridge,5928,2010-09-20T20:00:00,2010-09-30T23:00:00,12,243.0
pm25,extratrees,5928,2010-09-20T20:00:00,2010-09-30T23:00:00,12,243.0
pm25,lightgbm,6216,2010-10-12T11:00:00,2010-10-13T01:00:00,12,14.0
pm25,ridge,6216,2010-10-12T11:00:00,2010-10-13T01:00:00,12,14.0
pm25,extratrees,6216,2010-10-12T11:00:00,2010-10-13T01:00:00,12,14.0
pm25,lightgbm,8088,2010-12-31T21:00:00,2011-01-02T09:00:00,12,36.0
pm25,ridge,8088,2010-12-31T21:00:00,2011-01-02T09:00:00,12,36.0
pm25,extratrees,8088,2010-12-31T21:00:00,2011-01-02T09:00:00,12,36.0
pm25,lightgbm,960,2010-02-13T19:00:00,2010-02-14T09:00:00,13,14.0
pm25,ridge,960,2010-02-13T19:00:00,2010-02-14T09:00:00,13,14.0
pm25,extratrees,960,2010-02-13T19:00:00,2010-02-14T09:00:00,13,14.0
pm25,lightgbm,1776,2010-03-19T20:00:00,2010-03-20T11:00:00,13,15.0
pm25,ridge,1776,2010-03-19T20:00:00,2010-03-20T11:00:00,13,15.0
pm25,extratrees,1776,2010-03-19T20:00:00,2010-03-20T11:00:00,13,15.0
pm25,lightgbm,1848,2010-03-22T22:00:00,2010-03-23T12:00:00,13,14.0
pm25,ridge,1848,2010-03-22T22:00:00,2010-03-23T12:00:00,13,14.0
pm25,extratrees,1848,2010-03-22T22:00:00,2010-03-23T12:00:00,13,14.0
pm25,lightgbm,2016,2010-03-29T23:00:00,2010-03-31T20:00:00,13,45.0
pm25,ridge,2016,2010-03-29T23:00:00,2010-03-31T20:00:00,13,45.0
pm25,extratrees,2016,2010-03-29T23:00:00,2010-03-31T20:00:00,13,45.0
pm25,lightgbm,2040,2010-04-01T07:00:00,2010-04-01T22:00:00,13,15.0
pm25,ridge,2040,2010-04-01T07:00:00,2010-04-01T22:00:00,13,15.0
pm25,extratrees,2040,2010-04-01T07:00:00,2010-04-01T22:00:00,13,15.0
pm25,lightgbm,3144,2010-05-17T09:00:00,2010-05-18T00:00:00,13,15.0
pm25,ridge,3144,2010-05-17T09:00:00,2010-05-18T00:00:00,13,15.0
pm25,extratrees,3144,2010-05-17T09:00:00,2010-05-18T00:00:00,13,15.0
pm25,lightgbm,3384,2010-05-27T11:00:00,2010-05-28T05:00:00,13,18.0
pm25,ridge,3384,2010-05-27T11:00:00,2010-05-28T05:00:00,13,18.0
pm25,extratrees,3384,2010-05-27T11:00:00,2010-05-28T05:00:00,13,18.0
pm25,lightgbm,3504,2010-06-01T17:00:00,2010-06-03T01:00:00,13,32.0
pm25,ridge,3504,2010-06-01T17:00:00,2010-06-03T01:00:00,13,32.0
pm25,extratrees,3504,2010-06-01T17:00:00,2010-06-03T01:00:00,13,32.0
pm25,lightgbm,3816,2010-06-20T01:00:00,2010-06-20T16:00:00,13,15.0
pm25,ridge,3816,2010-06-20T01:00:00,2010-06-20T16:00:00,13,15.0
pm25,extratrees,3816,2010-06-20T01:00:00,2010-06-20T16:00:00,13,15.0
pm25,lightgbm,3864,2010-06-22T03:00:00,2010-06-23T16:00:00,13,37.0
pm25,ridge,3864,2010-06-22T03:00:00,2010-06-23T16:00:00,13,37.0
pm25,extratrees,3864,2010-06-22T03:00:00,2010-06-23T16:00:00,13,37.0
pm25,lightgbm,5712,2010-09-10T23:00:00,2010-09-12T04:00:00,13,29.0
pm25,ridge,5712,2010-09-10T23:00:00,2010-09-12T04:00:00,13,29.0
pm25,extratrees,5712,2010-09-10T23:00:00,2010-09-12T04:00:00,13,29.0
pm25,lightgbm,5904,2010-09-19T15:00:00,2010-09-20T09:00:00,13,18.0
pm25,ridge,5904,2010-09-19T15:00:00,2010-09-20T09:00:00,13,18.0
pm25,extratrees,5904,2010-09-19T15:00:00,2010-09-20T09:00:00,13,18.0
pm25,lightgbm,5928,2010-09-20T20:00:00,2010-10-01T00:00:00,13,244.0
pm25,ridge,5928,2010-09-20T20:00:00,2010-10-01T00:00:00,13,244.0
pm25,extratrees,5928,2010-09-20T20:00:00,2010-10-01T00:00:00,13,244.0
pm25,lightgbm,6216,2010-10-12T11:00:00,2010-10-13T02:00:00,13,15.0
pm25,ridge,6216,2010-10-12T11:00:00,2010-10-13T02:00:00,13,15.0
pm25,extratrees,6216,2010-10-12T11:00:00,2010-10-13T02:00:00,13,15.0
pm25,lightgbm,8088,2010-12-31T21:00:00,2011-01-02T10:00:00,13,37.0
pm25,ridge,8088,2010-12-31T21:00:00,2011-01-02T10:00:00,13,37.0
pm25,extratrees,8088,2010-12-31T21:00:00,2011-01-02T10:00:00,13,37.0
pm25,lightgbm,960,2010-02-13T19:00:00,2010-02-14T10:00:00,14,15.0
pm25,ridge,960,2010-02-13T19:00:00,2010-02-14T10:00:00,14,15.0
pm25,extratrees,960,2010-02-13T19:00:00,2010-02-14T10:00:00,14,15.0
pm25,lightgbm,1776,2010-03-19T20:00:00,2010-03-20T12:00:00,14,16.0
pm25,ridge,1776,2010-03-19T20:00:00,2010-03-20T12:00:00,14,16.0
pm25,extratrees,1776,2010-03-19T20:00:00,2010-03-20T12:00:00,14,16.0
pm25,lightgbm,1848,2010-03-22T22:00:00,2010-03-23T13:00:00,14,15.0
pm25,ridge,1848,2010-03-22T22:00:00,2010-03-23T13:00:00,14,15.0
pm25,extratrees,1848,2010-03-22T22:00:00,2010-03-23T13:00:00,14,15.0
pm25,lightgbm,2016,2010-03-29T23:00:00,2010-03-31T21:00:00,14,46.0
pm25,ridge,2016,2010-03-29T23:00:00,2010-03-31T21:00:00,14,46.0
pm25,extratrees,2016,2010-03-29T23:00:00,2010-03-31T21:00:00,14,46.0
pm25,lightgbm,2040,2010-04-01T07:00:00,2010-04-01T23:00:00,14,16.0
pm25,ridge,2040,2010-04-01T07:00:00,2010-04-01T23:00:00,14,16.0
pm25,extratrees,2040,2010-04-01T07:00:00,2010-04-01T23:00:00,14,16.0
pm25,lightgbm,3144,2010-05-17T09:00:00,2010-05-18T01:00:00,14,16.0
pm25,ridge,3144,2010-05-17T09:00:00,2010-05-18T01:00:00,14,16.0
pm25,extratrees,3144,2010-05-17T09:00:00,2010-05-18T01:00:00,14,16.0
pm25,lightgbm,3384,2010-05-27T11:00:00,2010-05-28T06:00:00,14,19.0
pm25,ridge,3384,2010-05-27T11:00:00,2010-05-28T06:00:00,14,19.0
pm25,extratrees,3384,2010-05-27T11:00:00,2010-05-28T06:00:00,14,19.0
pm25,lightgbm,3504,2010-06-01T17:00:00,2010-06-03T02:00:00,14,33.0
pm25,ridge,3504,2010-06-01T17:00:00,2010-06-03T02:00:00,14,33.0
pm25,extratrees,3504,2010-06-01T17:00:00,2010-06-03T02:00:00,14,33.0
pm25,lightgbm,3816,2010-06-20T01:00:00,2010-06-20T17:00:00,14,16.0
pm25,ridge,3816,2010-06-20T01:00:00,2010-06-20T17:00:00,14,16.0
pm25,extratrees,3816,2010-06-20T01:00:00,2010-06-20T17:00:00,14,16.0
pm25,lightgbm,3864,2010-06-22T03:00:00,2010-06-23T17:00:00,14,38.0
pm25,ridge,3864,2010-06-22T03:00:00,2010-06-23T17:00:00,14,38.0
pm25,extratrees,3864,2010-06-22T03:00:00,2010-06-23T17:00:00,14,38.0
pm25,lightgbm,5712,2010-09-10T23:00:00,2010-09-12T05:00:00,14,30.0
pm25,ridge,5712,2010-09-10T23:00:00,2010-09-12T05:00:00,14,30.0
pm25,extratrees,5712,2010-09-10T23:00:00,2010-09-12T05:00:00,14,30.0
pm25,lightgbm,5904,2010-09-19T15:00:00,2010-09-20T10:00:00,14,19.0
pm25,ridge,5904,2010-09-19T15:00:00,2010-09-20T10:00:00,14,19.0
pm25,extratrees,5904,2010-09-19T15:00:00,2010-09-20T10:00:00,14,19.0
pm25,lightgbm,5928,2010-09-20T20:00:00,2010-10-01T01:00:00,14,245.0
pm25,ridge,5928,2010-09-20T20:00:00,2010-10-01T01:00:00,14,245.0
pm25,extratrees,5928,2010-09-20T20:00:00,2010-10-01T01:00:00,14,245.0
pm25,lightgbm,6216,2010-10-12T11:00:00,2010-10-13T03:00:00,14,16.0
pm25,ridge,6216,2010-10-12T11:00:00,2010-10-13T03:00:00,14,16.0
pm25,extratrees,6216,2010-10-12T11:00:00,2010-10-13T03:00:00,14,16.0
pm25,lightgbm,8088,2010-12-31T21:00:00,2011-01-02T11:00:00,14,38.0
pm25,ridge,8088,2010-12-31T21:00:00,2011-01-02T11:00:00,14,38.0
pm25,extratrees,8088,2010-12-31T21:00:00,2011-01-02T11:00:00,14,38.0
pm25,lightgbm,960,2010-02-13T19:00:00,2010-02-14T11:00:00,15,16.0
pm25,ridge,960,2010-02-13T19:00:00,2010-02-14T11:00:00,15,16.0
pm25,extratrees,960,2010-02-13T19:00:00,2010-02-14T11:00:00,15,16.0
pm25,lightgbm,1776,2010-03-19T20:00:00,2010-03-20T13:00:00,15,17.0
pm25,ridge,1776,2010-03-19T20:00:00,2010-03-20T13:00:00,15,17.0
pm25,extratrees,1776,2010-03-19T20:00:00,2010-03-20T13:00:00,15,17.0
pm25,lightgbm,1848,2010-03-22T22:00:00,2010-03-23T14:00:00,15,16.0
pm25,ridge,1848,2010-03-22T22:00:00,2010-03-23T14:00:00,15,16.0
pm25,extratrees,1848,2010-03-22T22:00:00,2010-03-23T14:00:00,15,16.0
pm25,lightgbm,2016,2010-03-29T23:00:00,2010-03-31T22:00:00,15,47.0
pm25,ridge,2016,2010-03-29T23:00:00,2010-03-31T22:00:00,15,47.0
pm25,extratrees,2016,2010-03-29T23:00:00,2010-03-31T22:00:00,15,47.0
pm25,lightgbm,2040,2010-04-01T07:00:00,2010-04-02T00:00:00,15,17.0
pm25,ridge,2040,2010-04-01T07:00:00,2010-04-02T00:00:00,15,17.0
pm25,extratrees,2040,2010-04-01T07:00:00,2010-04-02T00:00:00,15,17.0
pm25,lightgbm,3144,2010-05-17T09:00:00,2010-05-18T02:00:00,15,17.0
pm25,ridge,3144,2010-05-17T09:00:00,2010-05-18T02:00:00,15,17.0
pm25,extratrees,3144,2010-05-17T09:00:00,2010-05-18T02:00:00,15,17.0
pm25,lightgbm,3384,2010-05-27T11:00:00,2010-05-28T07:00:00,15,20.0
pm25,ridge,3384,2010-05-27T11:00:00,2010-05-28T07:00:00,15,20.0
pm25,extratrees,3384,2010-05-27T11:00:00,2010-05-28T07:00:00,15,20.0
pm25,lightgbm,3504,2010-06-01T17:00:00,2010-06-03T03:00:00,15,34.0
pm25,ridge,3504,2010-06-01T17:00:00,2010-06-03T03:00:00,15,34.0
pm25,extratrees,3504,2010-06-01T17:00:00,2010-06-03T03:00:00,15,34.0
pm25,lightgbm,3816,2010-06-20T01:00:00,2010-06-20T18:00:00,15,17.0
pm25,ridge,3816,2010-06-20T01:00:00,2010-06-20T18:00:00,15,17.0
pm25,extratrees,3816,2010-06-20T01:00:00,2010-06-20T18:00:00,15,17.0
pm25,lightgbm,3864,2010-06-22T03:00:00,2010-06-23T18:00:00,15,39.0
pm25,ridge,3864,2010-06-22T03:00:00,2010-06-23T18:00:00,15,39.0
pm25,extratrees,3864,2010-06-22T03:00:00,2010-06-23T18:00:00,15,39.0
pm25,lightgbm,5712,2010-09-10T23:00:00,2010-09-12T06:00:00,15,31.0
pm25,ridge,5712,2010-09-10T23:00:00,2010-09-12T06:00:00,15,31.0
pm25,extratrees,5712,2010-09-10T23:00:00,2010-09-12T06:00:00,15,31.0
pm25,lightgbm,5904,2010-09-19T15:00:00,2010-09-20T11:00:00,15,20.0
pm25,ridge,5904,2010-09-19T15:00:00,2010-09-20T11:00:00,15,20.0
pm25,extratrees,5904,2010-09-19T15:00:00,2010-09-20T11:00:00,15,20.0
pm25,lightgbm,5928,2010-09-20T20:00:00,2010-10-01T02:00:00,15,246.0
pm25,ridge,5928,2010-09-20T20:00:00,2010-10-01T02:00:00,15,246.0
pm25,extratrees,5928,2010-09-20T20:00:00,2010-10-01T02:00:00,15,246.0
pm25,lightgbm,6216,2010-10-12T11:00:00,2010-10-13T04:00:00,15,17.0
pm25,ridge,6216,2010-10-12T11:00:00,2010-10-13T04:00:00,15,17.0
pm25,extratrees,6216,2010-10-12T11:00:00,2010-10-13T04:00:00,15,17.0
pm25,lightgbm,8088,2010-12-31T21:00:00,2011-01-02T12:00:00,15,39.0
pm25,ridge,8088,2010-12-31T21:00:00,2011-01-02T12:00:00,15,39.0
pm25,extratrees,8088,2010-12-31T21:00:00,2011-01-02T12:00:00,15,39.0
pm25,lightgbm,960,2010-02-13T19:00:00,2010-02-14T12:00:00,16,17.0
pm25,ridge,960,2010-02-13T19:00:00,2010-02-14T12:00:00,16,17.0
pm25,extratrees,960,2010-02-13T19:00:00,2010-02-14T12:00:00,16,17.0
pm25,lightgbm,1776,2010-03-19T20:00:00,2010-03-20T14:00:00,16,18.0
pm25,ridge,1776,2010-03-19T20:00:00,2010-03-20T14:00:00,16,18.0
pm25,extratrees,1776,2010-03-19T20:00:00,2010-03-20T14:00:00,16,18.0
pm25,lightgbm,1848,2010-03-22T22:00:00,2010-03-23T15:00:00,16,17.0
pm25,ridge,1848,2010-03-22T22:00:00,2010-03-23T15:00:00,16,17.0
pm25,extratrees,1848,2010-03-22T22:00:00,2010-03-23T15:00:00,16,17.0
pm25,lightgbm,2016,2010-03-29T23:00:00,2010-03-31T23:00:00,16,48.0
pm25,ridge,2016,2010-03-29T23:00:00,2010-03-31T23:00:00,16,48.0
pm25,extratrees,2016,2010-03-29T23:00:00,2010-03-31T23:00:00,16,48.0
pm25,lightgbm,2040,2010-04-01T07:00:00,2010-04-02T01:00:00,16,18.0
pm25,ridge,2040,2010-04-01T07:00:00,2010-04-02T01:00:00,16,18.0
pm25,extratrees,2040,2010-04-01T07:00:00,2010-04-02T01:00:00,16,18.0
pm25,lightgbm,3144,2010-05-17T09:00:00,2010-05-18T03:00:00,16,18.0
pm25,ridge,3144,2010-05-17T09:00:00,2010-05-18T03:00:00,16,18.0
pm25,extratrees,3144,2010-05-17T09:00:00,2010-05-18T03:00:00,16,18.0
pm25,lightgbm,3384,2010-05-27T11:00:00,2010-05-28T08:00:00,16,21.0
pm25,ridge,3384,2010-05-27T11:00:00,2010-05-28T08:00:00,16,21.0
pm25,extratrees,3384,2010-05-27T11:00:00,2010-05-28T08:00:00,16,21.0
pm25,lightgbm,3504,2010-06-01T17:00:00,2010-06-03T04:00:00,16,35.0
pm25,ridge,3504,2010-06-01T17:00:00,2010-06-03T04:00:00,16,35.0
pm25,extratrees,3504,2010-06-01T17:00:00,2010-06-03T04:00:00,16,35.0
pm25,lightgbm,3552,2010-06-07T12:00:00,2010-06-09T17:00:00,16,53.0
pm25,ridge,3552,2010-06-07T12:00:00,2010-06-09T17:00:00,16,53.0
pm25,extratrees,3552,2010-06-07T12:00:00,2010-06-09T17:00:00,16,53.0
pm25,lightgbm,3816,2010-06-20T01:00:00,2010-06-20T19:00:00,16,18.0
pm25,ridge,3816,2010-06-20T01:00:00,2010-06-20T19:00:00,16,18.0
pm25,extratrees,3816,2010-06-20T01:00:00,2010-06-20T19:00:00,16,18.0
pm25,lightgbm,3864,2010-06-22T03:00:00,2010-06-23T19:00:00,16,40.0
pm25,ridge,3864,2010-06-22T03:00:00,2010-06-23T19:00:00,16,40.0
pm25,extratrees,3864,2010-06-22T03:00:00,2010-06-23T19:00:00,16,40.0
pm25,lightgbm,5712,2010-09-10T23:00:00,2010-09-12T07:00:00,16,32.0
pm25,ridge,5712,2010-09-10T23:00:00,2010-09-12T07:00:00,16,32.0
pm25,extratrees,5712,2010-09-10T23:00:00,2010-09-12T07:00:00,16,32.0
pm25,lightgbm,5904,2010-09-19T15:00:00,2010-09-20T12:00:00,16,21.0
pm25,ridge,5904,2010-09-19T15:00:00,2010-09-20T12:00:00,16,21.0
pm25,extratrees,5904,2010-09-19T15:00:00,2010-09-20T12:00:00,16,21.0
pm25,lightgbm,5928,2010-09-20T20:00:00,2010-10-01T03:00:00,16,247.0
pm25,ridge,5928,2010-09-20T20:00:00,2010-10-01T03:00:00,16,247.0
pm25,extratrees,5928,2010-09-20T20:00:00,2010-10-01T03:00:00,16,247.0
pm25,lightgbm,6216,2010-10-12T11:00:00,2010-10-13T05:00:00,16,18.0
pm25,ridge,6216,2010-10-12T11:00:00,2010-10-13T05:00:00,16,18.0
pm25,extratrees,6216,2010-10-12T11:00:00,2010-10-13T05:00:00,16,18.0
pm25,lightgbm,7128,2010-11-21T19:00:00,2010-11-22T13:00:00,16,18.0
pm25,ridge,7128,2010-11-21T19:00:00,2010-11-22T13:00:00,16,18.0
pm25,extratrees,7128,2010-11-21T19:00:00,2010-11-22T13:00:00,16,18.0
pm25,lightgbm,8088,2010-12-31T21:00:00,2011-01-02T13:00:00,16,40.0
pm25,ridge,8088,2010-12-31T21:00:00,2011-01-02T13:00:00,16,40.0
pm25,extratrees,8088,2010-12-31T21:00:00,2011-01-02T13:00:00,16,40.0
pm25,lightgbm,504,2010-01-23T00:00:00,2010-01-26T12:00:00,17,84.0
pm25,ridge,504,2010-01-23T00:00:00,2010-01-26T12:00:00,17,84.0
pm25,extratrees,504,2010-01-23T00:00:00,2010-01-26T12:00:00,17,84.0
pm25,lightgbm,960,2010-02-13T19:00:00,2010-02-14T13:00:00,17,18.0
pm25,ridge,960,2010-02-13T19:00:00,2010-02-14T13:00:00,17,18.0
pm25,extratrees,960,2010-02-13T19:00:00,2010-02-14T13:00:00,17,18.0
pm25,lightgbm,1776,2010-03-19T20:00:00,2010-03-20T15:00:00,17,19.0
pm25,ridge,1776,2010-03-19T20:00:00,2010-03-20T15:00:00,17,19.0
pm25,extratrees,1776,2010-03-19T20:00:00,2010-03-20T15:00:00,17,19.0
pm25,lightgbm,1848,2010-03-22T22:00:00,2010-03-23T16:00:00,17,18.0
pm25,ridge,1848,2010-03-22T22:00:00,2010-03-23T16:00:00,17,18.0
pm25,extratrees,1848,2010-03-22T22:00:00,2010-03-23T16:00:00,17,18.0
pm25,lightgbm,2016,2010-03-29T23:00:00,2010-04-01T00:00:00,17,49.0
pm25,ridge,2016,2010-03-29T23:00:00,2010-04-01T00:00:00,17,49.0
pm25,extratrees,2016,2010-03-29T23:00:00,2010-04-01T00:00:00,17,49.0
pm25,lightgbm,2040,2010-04-01T07:00:00,2010-04-02T02:00:00,17,19.0
pm25,ridge,2040,2010-04-01T07:00:00,2010-04-02T02:00:00,17,19.0
pm25,extratrees,2040,2010-04-01T07:00:00,2010-04-02T02:00:00,17,19.0
pm25,lightgbm,3144,2010-05-17T09:00:00,2010-05-18T04:00:00,17,19.0
pm25,ridge,3144,2010-05-17T09:00:00,2010-05-18T04:00:00,17,19.0
pm25,extratrees,3144,2010-05-17T09:00:00,2010-05-18T04:00:00,17,19.0
pm25,lightgbm,3384,2010-05-27T11:00:00,2010-05-28T09:00:00,17,22.0
pm25,ridge,3384,2010-05-27T11:00:00,2010-05-28T09:00:00,17,22.0
pm25,extratrees,3384,2010-05-27T11:00:00,2010-05-28T09:00:00,17,22.0
pm25,lightgbm,3504,2010-06-01T17:00:00,2010-06-03T05:00:00,17,36.0
pm25,ridge,3504,2010-06-01T17:00:00,2010-06-03T05:00:00,17,36.0
pm25,extratrees,3504,2010-06-01T17:00:00,2010-06-03T05:00:00,17,36.0
pm25,lightgbm,3552,2010-06-07T12:00:00,2010-06-09T18:00:00,17,54.0
pm25,ridge,3552,2010-06-07T12:00:00,2010-06-09T18:00:00,17,54.0
pm25,extratrees,3552,2010-06-07T12:00:00,2010-06-09T18:00:00,17,54.0
pm25,lightgbm,3816,2010-06-20T01:00:00,2010-06-20T20:00:00,17,19.0
pm25,ridge,3816,2010-06-20T01:00:00,2010-06-20T20:00:00,17,19.0
pm25,extratrees,3816,2010-06-20T01:00:00,2010-06-20T20:00:00,17,19.0
pm25,lightgbm,3864,2010-06-22T03:00:00,2010-06-23T20:00:00,17,41.0
pm25,ridge,3864,2010-06-22T03:00:00,2010-06-23T20:00:00,17,41.0
pm25,extratrees,3864,2010-06-22T03:00:00,2010-06-23T20:00:00,17,41.0
pm25,lightgbm,5088,2010-08-13T03:00:00,2010-08-16T16:00:00,17,85.0
pm25,ridge,5088,2010-08-13T03:00:00,2010-08-16T16:00:00,17,85.0
pm25,extratrees,5088,2010-08-13T03:00:00,2010-08-16T16:00:00,17,85.0
pm25,lightgbm,5712,2010-09-10T23:00:00,2010-09-12T08:00:00,17,33.0
pm25,ridge,5712,2010-09-10T23:00:00,2010-09-12T08:00:00,17,33.0
pm25,extratrees,5712,2010-09-10T23:00:00,2010-09-12T08:00:00,17,33.0
pm25,lightgbm,5904,2010-09-19T15:00:00,2010-09-20T13:00:00,17,22.0
pm25,ridge,5904,2010-09-19T15:00:00,2010-09-20T13:00:00,17,22.0
pm25,extratrees,5904,2010-09-19T15:00:00,2010-09-20T13:00:00,17,22.0
pm25,lightgbm,5928,2010-09-20T20:00:00,2010-10-01T04:00:00,17,248.0
pm25,ridge,5928,2010-09-20T20:00:00,2010-10-01T04:00:00,17,248.0
pm25,extratrees,5928,2010-09-20T20:00:00,2010-10-01T04:00:00,17,248.0
pm25,lightgbm,6216,2010-10-12T11:00:00,2010-10-13T06:00:00,17,19.0
pm25,ridge,6216,2010-10-12T11:00:00,2010-10-13T06:00:00,17,19.0
pm25,extratrees,6216,2010-10-12T11:00:00,2010-10-13T06:00:00,17,19.0
pm25,lightgbm,7128,2010-11-21T19:00:00,2010-11-22T14:00:00,17,19.0
pm25,ridge,7128,2010-11-21T19:00:00,2010-11-22T14:00:00,17,19.0
pm25,extratrees,7128,2010-11-21T19:00:00,2010-11-22T14:00:00,17,19.0
pm25,lightgbm,8088,2010-12-31T21:00:00,2011-01-02T14:00:00,17,41.0
pm25,ridge,8088,2010-12-31T21:00:00,2011-01-02T14:00:00,17,41.0
pm25,extratrees,8088,2010-12-31T21:00:00,2011-01-02T14:00:00,17,41.0
pm25,lightgbm,504,2010-01-23T00:00:00,2010-01-26T13:00:00,18,85.0
pm25,ridge,504,2010-01-23T00:00:00,2010-01-26T13:00:00,18,85.0
pm25,extratrees,504,2010-01-23T00:00:00,2010-01-26T13:00:00,18,85.0
pm25,lightgbm,960,2010-02-13T19:00:00,2010-02-14T14:00:00,18,19.0
pm25,ridge,960,2010-02-13T19:00:00,2010-02-14T14:00:00,18,19.0
pm25,extratrees,960,2010-02-13T19:00:00,2010-02-14T14:00:00,18,19.0
pm25,lightgbm,1776,2010-03-19T20:00:00,2010-03-20T16:00:00,18,20.0
pm25,ridge,1776,2010-03-19T20:00:00,2010-03-20T16:00:00,18,20.0
pm25,extratrees,1776,2010-03-19T20:00:00,2010-03-20T16:00:00,18,20.0
pm25,lightgbm,1848,2010-03-22T22:00:00,2010-03-23T17:00:00,18,19.0
pm25,ridge,1848,2010-03-22T22:00:00,2010-03-23T17:00:00,18,19.0
pm25,extratrees,1848,2010-03-22T22:00:00,2010-03-23T17:00:00,18,19.0
pm25,lightgbm,2016,2010-03-29T23:00:00,2010-04-01T01:00:00,18,50.0
pm25,ridge,2016,2010-03-29T23:00:00,2010-04-01T01:00:00,18,50.0
pm25,extratrees,2016,2010-03-29T23:00:00,2010-04-01T01:00:00,18,50.0
pm25,lightgbm,2040,2010-04-01T07:00:00,2010-04-02T03:00:00,18,20.0
pm25,ridge,2040,2010-04-01T07:00:00,2010-04-02T03:00:00,18,20.0
pm25,extratrees,2040,2010-04-01T07:00:00,2010-04-02T03:00:00,18,20.0
pm25,lightgbm,3144,2010-05-17T09:00:00,2010-05-18T05:00:00,18,20.0
pm25,ridge,3144,2010-05-17T09:00:00,2010-05-18T05:00:00,18,20.0
pm25,extratrees,3144,2010-05-17T09:00:00,2010-05-18T05:00:00,18,20.0
pm25,lightgbm,3384,2010-05-27T11:00:00,2010-05-28T10:00:00,18,23.0
pm25,ridge,3384,2010-05-27T11:00:00,2010-05-28T10:00:00,18,23.0
pm25,extratrees,3384,2010-05-27T11:00:00,2010-05-28T10:00:00,18,23.0
pm25,lightgbm,3504,2010-06-01T17:00:00,2010-06-03T06:00:00,18,37.0
pm25,ridge,3504,2010-06-01T17:00:00,2010-06-03T06:00:00,18,37.0
pm25,extratrees,3504,2010-06-01T17:00:00,2010-06-03T06:00:00,18,37.0
pm25,lightgbm,3552,2010-06-07T12:00:00,2010-06-09T19:00:00,18,55.0
pm25,ridge,3552,2010-06-07T12:00:00,2010-06-09T19:00:00,18,55.0
pm25,extratrees,3552,2010-06-07T12:00:00,2010-06-09T19:00:00,18,55.0
pm25,lightgbm,3816,2010-06-20T01:00:00,2010-06-20T21:00:00,18,20.0
pm25,ridge,3816,2010-06-20T01:00:00,2010-06-20T21:00:00,18,20.0
pm25,extratrees,3816,2010-06-20T01:00:00,2010-06-20T21:00:00,18,20.0
pm25,lightgbm,3864,2010-06-22T03:00:00,2010-06-23T21:00:00,18,42.0
pm25,ridge,3864,2010-06-22T03:00:00,2010-06-23T21:00:00,18,42.0
pm25,extratrees,3864,2010-06-22T03:00:00,2010-06-23T21:00:00,18,42.0
pm25,lightgbm,5088,2010-08-13T03:00:00,2010-08-16T17:00:00,18,86.0
pm25,ridge,5088,2010-08-13T03:00:00,2010-08-16T17:00:00,18,86.0
pm25,extratrees,5088,2010-08-13T03:00:00,2010-08-16T17:00:00,18,86.0
pm25,lightgbm,5712,2010-09-10T23:00:00,2010-09-12T09:00:00,18,34.0
pm25,ridge,5712,2010-09-10T23:00:00,2010-09-12T09:00:00,18,34.0
pm25,extratrees,5712,2010-09-10T23:00:00,2010-09-12T09:00:00,18,34.0
pm25,lightgbm,5904,2010-09-19T15:00:00,2010-09-20T14:00:00,18,23.0
pm25,ridge,5904,2010-09-19T15:00:00,2010-09-20T14:00:00,18,23.0
pm25,extratrees,5904,2010-09-19T15:00:00,2010-09-20T14:00:00,18,23.0
pm25,lightgbm,5928,2010-09-20T20:00:00,2010-10-01T05:00:00,18,249.0
pm25,ridge,5928,2010-09-20T20:00:00,2010-10-01T05:00:00,18,249.0
pm25,extratrees,5928,2010-09-20T20:00:00,2010-10-01T05:00:00,18,249.0
pm25,lightgbm,6216,2010-10-12T11:00:00,2010-10-13T07:00:00,18,20.0
pm25,ridge,6216,2010-10-12T11:00:00,2010-10-13T07:00:00,18,20.0
pm25,extratrees,6216,2010-10-12T11:00:00,2010-10-13T07:00:00,18,20.0
pm25,lightgbm,7128,2010-11-21T19:00:00,2010-11-22T15:00:00,18,20.0
pm25,ridge,7128,2010-11-21T19:00:00,2010-11-22T15:00:00,18,20.0
pm25,extratrees,7128,2010-11-21T19:00:00,2010-11-22T15:00:00,18,20.0
pm25,lightgbm,8088,2010-12-31T21:00:00,2011-01-02T15:00:00,18,42.0
pm25,ridge,8088,2010-12-31T21:00:00,2011-01-02T15:00:00,18,42.0
pm25,extratrees,8088,2010-12-31T21:00:00,2011-01-02T15:00:00,18,42.0
pm25,lightgbm,504,2010-01-23T00:00:00,2010-01-26T14:00:00,19,86.0
pm25,ridge,504,2010-01-23T00:00:00,2010-01-26T14:00:00,19,86.0
pm25,extratrees,504,2010-01-23T00:00:00,2010-01-26T14:00:00,19,86.0
pm25,lightgbm,960,2010-02-13T19:00:00,2010-02-14T15:00:00,19,20.0
pm25,ridge,960,2010-02-13T19:00:00,2010-02-14T15:00:00,19,20.0
pm25,extratrees,960,2010-02-13T19:00:00,2010-02-14T15:00:00,19,20.0
pm25,lightgbm,1776,2010-03-19T20:00:00,2010-03-20T17:00:00,19,21.0
pm25,ridge,1776,2010-03-19T20:00:00,2010-03-20T17:00:00,19,21.0
pm25,extratrees,1776,2010-03-19T20:00:00,2010-03-20T17:00:00,19,21.0
pm25,lightgbm,1848,2010-03-22T22:00:00,2010-03-23T18:00:00,19,20.0
pm25,ridge,1848,2010-03-22T22:00:00,2010-03-23T18:00:00,19,20.0
pm25,extratrees,1848,2010-03-22T22:00:00,2010-03-23T18:00:00,19,20.0
pm25,lightgbm,2016,2010-03-29T23:00:00,2010-04-01T02:00:00,19,51.0
pm25,ridge,2016,2010-03-29T23:00:00,2010-04-01T02:00:00,19,51.0
pm25,extratrees,2016,2010-03-29T23:00:00,2010-04-01T02:00:00,19,51.0
pm25,lightgbm,2040,2010-04-01T07:00:00,2010-04-02T04:00:00,19,21.0
pm25,ridge,2040,2010-04-01T07:00:00,2010-04-02T04:00:00,19,21.0
pm25,extratrees,2040,2010-04-01T07:00:00,2010-04-02T04:00:00,19,21.0
pm25,lightgbm,3144,2010-05-17T09:00:00,2010-05-18T06:00:00,19,21.0
pm25,ridge,3144,2010-05-17T09:00:00,2010-05-18T06:00:00,19,21.0
pm25,extratrees,3144,2010-05-17T09:00:00,2010-05-18T06:00:00,19,21.0
pm25,lightgbm,3384,2010-05-27T11:00:00,2010-05-28T11:00:00,19,24.0
pm25,ridge,3384,2010-05-27T11:00:00,2010-05-28T11:00:00,19,24.0
pm25,extratrees,3384,2010-05-27T11:00:00,2010-05-28T11:00:00,19,24.0
pm25,lightgbm,3504,2010-06-01T17:00:00,2010-06-03T07:00:00,19,38.0
pm25,ridge,3504,2010-06-01T17:00:00,2010-06-03T07:00:00,19,38.0
pm25,extratrees,3504,2010-06-01T17:00:00,2010-06-03T07:00:00,19,38.0
pm25,lightgbm,3552,2010-06-07T12:00:00,2010-06-09T20:00:00,19,56.0
pm25,ridge,3552,2010-06-07T12:00:00,2010-06-09T20:00:00,19,56.0
pm25,extratrees,3552,2010-06-07T12:00:00,2010-06-09T20:00:00,19,56.0
pm25,lightgbm,3816,2010-06-20T01:00:00,2010-06-20T22:00:00,19,21.0
pm25,ridge,3816,2010-06-20T01:00:00,2010-06-20T22:00:00,19,21.0
pm25,extratrees,3816,2010-06-20T01:00:00,2010-06-20T22:00:00,19,21.0
pm25,lightgbm,3864,2010-06-22T03:00:00,2010-06-23T22:00:00,19,43.0
pm25,ridge,3864,2010-06-22T03:00:00,2010-06-23T22:00:00,19,43.0
pm25,extratrees,3864,2010-06-22T03:00:00,2010-06-23T22:00:00,19,43.0
pm25,lightgbm,5088,2010-08-13T03:00:00,2010-08-16T18:00:00,19,87.0
pm25,ridge,5088,2010-08-13T03:00:00,2010-08-16T18:00:00,19,87.0
pm25,extratrees,5088,2010-08-13T03:00:00,2010-08-16T18:00:00,19,87.0
pm25,lightgbm,5712,2010-09-10T23:00:00,2010-09-12T10:00:00,19,35.0
pm25,ridge,5712,2010-09-10T23:00:00,2010-09-12T10:00:00,19,35.0
pm25,extratrees,5712,2010-09-10T23:00:00,2010-09-12T10:00:00,19,35.0
pm25,lightgbm,5904,2010-09-19T15:00:00,2010-09-20T15:00:00,19,24.0
pm25,ridge,5904,2010-09-19T15:00:00,2010-09-20T15:00:00,19,24.0
pm25,extratrees,5904,2010-09-19T15:00:00,2010-09-20T15:00:00,19,24.0
pm25,lightgbm,5928,2010-09-20T20:00:00,2010-10-01T06:00:00,19,250.0
pm25,ridge,5928,2010-09-20T20:00:00,2010-10-01T06:00:00,19,250.0
pm25,extratrees,5928,2010-09-20T20:00:00,2010-10-01T06:00:00,19,250.0
pm25,lightgbm,6216,2010-10-12T11:00:00,2010-10-13T08:00:00,19,21.0
pm25,ridge,6216,2010-10-12T11:00:00,2010-10-13T08:00:00,19,21.0
pm25,extratrees,6216,2010-10-12T11:00:00,2010-10-13T08:00:00,19,21.0
pm25,lightgbm,7128,2010-11-21T19:00:00,2010-11-22T16:00:00,19,21.0
pm25,ridge,7128,2010-11-21T19:00:00,2010-11-22T16:00:00,19,21.0
pm25,extratrees,7128,2010-11-21T19:00:00,2010-11-22T16:00:00,19,21.0
pm25,lightgbm,8088,2010-12-31T21:00:00,2011-01-02T16:00:00,19,43.0
pm25,ridge,8088,2010-12-31T21:00:00,2011-01-02T16:00:00,19,43.0
pm25,extratrees,8088,2010-12-31T21:00:00,2011-01-02T16:00:00,19,43.0
pm25,lightgbm,8232,2011-01-07T21:00:00,2011-01-10T16:00:00,19,67.0
pm25,ridge,8232,2011-01-07T21:00:00,2011-01-10T16:00:00,19,67.0
pm25,extratrees,8232,2011-01-07T21:00:00,2011-01-10T16:00:00,19,67.0
pm25,lightgbm,504,2010-01-23T00:00:00,2010-01-26T15:00:00,20,87.0
pm25,ridge,504,2010-01-23T00:00:00,2010-01-26T15:00:00,20,87.0
pm25,extratrees,504,2010-01-23T00:00:00,2010-01-26T15:00:00,20,87.0
pm25,lightgbm,960,2010-02-13T19:00:00,2010-02-14T16:00:00,20,21.0
pm25,ridge,960,2010-02-13T19:00:00,2010-02-14T16:00:00,20,21.0
pm25,extratrees,960,2010-02-13T19:00:00,2010-02-14T16:00:00,20,21.0
pm25,lightgbm,1776,2010-03-19T20:00:00,2010-03-20T18:00:00,20,22.0
pm25,ridge,1776,2010-03-19T20:00:00,2010-03-20T18:00:00,20,22.0
pm25,extratrees,1776,2010-03-19T20:00:00,2010-03-20T18:00:00,20,22.0
pm25,lightgbm,1848,2010-03-22T22:00:00,2010-03-23T19:00:00,20,21.0
pm25,ridge,1848,2010-03-22T22:00:00,2010-03-23T19:00:00,20,21.0
pm25,extratrees,1848,2010-03-22T22:00:00,2010-03-23T19:00:00,20,21.0
pm25,lightgbm,2016,2010-03-29T23:00:00,2010-04-01T03:00:00,20,52.0
pm25,ridge,2016,2010-03-29T23:00:00,2010-04-01T03:00:00,20,52.0
pm25,extratrees,2016,2010-03-29T23:00:00,2010-04-01T03:00:00,20,52.0
pm25,lightgbm,2040,2010-04-01T07:00:00,2010-04-02T05:00:00,20,22.0
pm25,ridge,2040,2010-04-01T07:00:00,2010-04-02T05:00:00,20,22.0
pm25,extratrees,2040,2010-04-01T07:00:00,2010-04-02T05:00:00,20,22.0
pm25,lightgbm,3144,2010-05-17T09:00:00,2010-05-18T07:00:00,20,22.0
pm25,ridge,3144,2010-05-17T09:00:00,2010-05-18T07:00:00,20,22.0
pm25,extratrees,3144,2010-05-17T09:00:00,2010-05-18T07:00:00,20,22.0
pm25,lightgbm,3384,2010-05-27T11:00:00,2010-05-28T12:00:00,20,25.0
pm25,ridge,3384,2010-05-27T11:00:00,2010-05-28T12:00:00,20,25.0
pm25,extratrees,3384,2010-05-27T11:00:00,2010-05-28T12:00:00,20,25.0
pm25,lightgbm,3504,2010-06-01T17:00:00,2010-06-03T08:00:00,20,39.0
pm25,ridge,3504,2010-06-01T17:00:00,2010-06-03T08:00:00,20,39.0
pm25,extratrees,3504,2010-06-01T17:00:00,2010-06-03T08:00:00,20,39.0
pm25,lightgbm,3552,2010-06-07T12:00:00,2010-06-09T21:00:00,20,57.0
pm25,ridge,3552,2010-06-07T12:00:00,2010-06-09T21:00:00,20,57.0
pm25,extratrees,3552,2010-06-07T12:00:00,2010-06-09T21:00:00,20,57.0
pm25,lightgbm,3816,2010-06-20T01:00:00,2010-06-20T23:00:00,20,22.0
pm25,ridge,3816,2010-06-20T01:00:00,2010-06-20T23:00:00,20,22.0
pm25,extratrees,3816,2010-06-20T01:00:00,2010-06-20T23:00:00,20,22.0
pm25,lightgbm,3864,2010-06-22T03:00:00,2010-06-23T23:00:00,20,44.0
pm25,ridge,3864,2010-06-22T03:00:00,2010-06-23T23:00:00,20,44.0
pm25,extratrees,3864,2010-06-22T03:00:00,2010-06-23T23:00:00,20,44.0
pm25,lightgbm,5088,2010-08-13T03:00:00,2010-08-16T19:00:00,20,88.0
pm25,ridge,5088,2010-08-13T03:00:00,2010-08-16T19:00:00,20,88.0
pm25,extratrees,5088,2010-08-13T03:00:00,2010-08-16T19:00:00,20,88.0
pm25,lightgbm,5712,2010-09-10T23:00:00,2010-09-12T11:00:00,20,36.0
pm25,ridge,5712,2010-09-10T23:00:00,2010-09-12T11:00:00,20,36.0
pm25,extratrees,5712,2010-09-10T23:00:00,2010-09-12T11:00:00,20,36.0
pm25,lightgbm,5904,2010-09-19T15:00:00,2010-09-20T16:00:00,20,25.0
pm25,ridge,5904,2010-09-19T15:00:00,2010-09-20T16:00:00,20,25.0
pm25,extratrees,5904,2010-09-19T15:00:00,2010-09-20T16:00:00,20,25.0
pm25,lightgbm,5928,2010-09-20T20:00:00,2010-10-01T07:00:00,20,251.0
pm25,ridge,5928,2010-09-20T20:00:00,2010-10-01T07:00:00,20,251.0
pm25,extratrees,5928,2010-09-20T20:00:00,2010-10-01T07:00:00,20,251.0
pm25,lightgbm,6216,2010-10-12T11:00:00,2010-10-13T09:00:00,20,22.0
pm25,ridge,6216,2010-10-12T11:00:00,2010-10-13T09:00:00,20,22.0
pm25,extratrees,6216,2010-10-12T11:00:00,2010-10-13T09:00:00,20,22.0
pm25,lightgbm,6672,2010-10-31T13:00:00,2010-11-03T15:00:00,20,74.0
pm25,ridge,6672,2010-10-31T13:00:00,2010-11-03T15:00:00,20,74.0
pm25,extratrees,6672,2010-10-31T13:00:00,2010-11-03T15:00:00,20,74.0
pm25,lightgbm,7128,2010-11-21T19:00:00,2010-11-22T17:00:00,20,22.0
pm25,ridge,7128,2010-11-21T19:00:00,2010-11-22T17:00:00,20,22.0
pm25,extratrees,7128,2010-11-21T19:00:00,2010-11-22T17:00:00,20,22.0
pm25,lightgbm,8088,2010-12-31T21:00:00,2011-01-02T17:00:00,20,44.0
pm25,ridge,8088,2010-12-31T21:00:00,2011-01-02T17:00:00,20,44.0
pm25,extratrees,8088,2010-12-31T21:00:00,2011-01-02T17:00:00,20,44.0
pm25,lightgbm,8232,2011-01-07T21:00:00,2011-01-10T17:00:00,20,68.0
pm25,ridge,8232,2011-01-07T21:00:00,2011-01-10T17:00:00,20,68.0
pm25,extratrees,8232,2011-01-07T21:00:00,2011-01-10T17:00:00,20,68.0
pm25,lightgbm,504,2010-01-23T00:00:00,2010-01-26T16:00:00,21,88.0
pm25,ridge,504,2010-01-23T00:00:00,2010-01-26T16:00:00,21,88.0
pm25,extratrees,504,2010-01-23T00:00:00,2010-01-26T16:00:00,21,88.0
pm25,lightgbm,960,2010-02-13T19:00:00,2010-02-14T17:00:00,21,22.0
pm25,ridge,960,2010-02-13T19:00:00,2010-02-14T17:00:00,21,22.0
pm25,extratrees,960,2010-02-13T19:00:00,2010-02-14T17:00:00,21,22.0
pm25,lightgbm,1776,2010-03-19T20:00:00,2010-03-20T19:00:00,21,23.0
pm25,ridge,1776,2010-03-19T20:00:00,2010-03-20T19:00:00,21,23.0
pm25,extratrees,1776,2010-03-19T20:00:00,2010-03-20T19:00:00,21,23.0
pm25,lightgbm,1848,2010-03-22T22:00:00,2010-03-23T20:00:00,21,22.0
pm25,ridge,1848,2010-03-22T22:00:00,2010-03-23T20:00:00,21,22.0
pm25,extratrees,1848,2010-03-22T22:00:00,2010-03-23T20:00:00,21,22.0
pm25,lightgbm,2016,2010-03-29T23:00:00,2010-04-01T04:00:00,21,53.0
pm25,ridge,2016,2010-03-29T23:00:00,2010-04-01T04:00:00,21,53.0
pm25,extratrees,2016,2010-03-29T23:00:00,2010-04-01T04:00:00,21,53.0
pm25,lightgbm,2040,2010-04-01T07:00:00,2010-04-02T06:00:00,21,23.0
pm25,ridge,2040,2010-04-01T07:00:00,2010-04-02T06:00:00,21,23.0
pm25,extratrees,2040,2010-04-01T07:00:00,2010-04-02T06:00:00,21,23.0
pm25,lightgbm,3144,2010-05-17T09:00:00,2010-05-18T08:00:00,21,23.0
pm25,ridge,3144,2010-05-17T09:00:00,2010-05-18T08:00:00,21,23.0
pm25,extratrees,3144,2010-05-17T09:00:00,2010-05-18T08:00:00,21,23.0
pm25,lightgbm,3384,2010-05-27T11:00:00,2010-05-28T13:00:00,21,26.0
pm25,ridge,3384,2010-05-27T11:00:00,2010-05-28T13:00:00,21,26.0
pm25,extratrees,3384,2010-05-27T11:00:00,2010-05-28T13:00:00,21,26.0
pm25,lightgbm,3504,2010-06-01T17:00:00,2010-06-03T09:00:00,21,40.0
pm25,ridge,3504,2010-06-01T17:00:00,2010-06-03T09:00:00,21,40.0
pm25,extratrees,3504,2010-06-01T17:00:00,2010-06-03T09:00:00,21,40.0
pm25,lightgbm,3552,2010-06-07T12:00:00,2010-06-09T22:00:00,21,58.0
pm25,ridge,3552,2010-06-07T12:00:00,2010-06-09T22:00:00,21,58.0
pm25,extratrees,3552,2010-06-07T12:00:00,2010-06-09T22:00:00,21,58.0
pm25,lightgbm,3816,2010-06-20T01:00:00,2010-06-21T00:00:00,21,23.0
pm25,ridge,3816,2010-06-20T01:00:00,2010-06-21T00:00:00,21,23.0
pm25,extratrees,3816,2010-06-20T01:00:00,2010-06-21T00:00:00,21,23.0
pm25,lightgbm,3864,2010-06-22T03:00:00,2010-06-24T00:00:00,21,45.0
pm25,ridge,3864,2010-06-22T03:00:00,2010-06-24T00:00:00,21,45.0
pm25,extratrees,3864,2010-06-22T03:00:00,2010-06-24T00:00:00,21,45.0
pm25,lightgbm,5088,2010-08-13T03:00:00,2010-08-16T20:00:00,21,89.0
pm25,ridge,5088,2010-08-13T03:00:00,2010-08-16T20:00:00,21,89.0
pm25,extratrees,5088,2010-08-13T03:00:00,2010-08-16T20:00:00,21,89.0
pm25,lightgbm,5712,2010-09-10T23:00:00,2010-09-12T12:00:00,21,37.0
pm25,ridge,5712,2010-09-10T23:00:00,2010-09-12T12:00:00,21,37.0
pm25,extratrees,5712,2010-09-10T23:00:00,2010-09-12T12:00:00,21,37.0
pm25,lightgbm,5904,2010-09-19T15:00:00,2010-09-20T17:00:00,21,26.0
pm25,ridge,5904,2010-09-19T15:00:00,2010-09-20T17:00:00,21,26.0
pm25,extratrees,5904,2010-09-19T15:00:00,2010-09-20T17:00:00,21,26.0
pm25,lightgbm,5928,2010-09-20T20:00:00,2010-10-01T08:00:00,21,252.0
pm25,ridge,5928,2010-09-20T20:00:00,2010-10-01T08:00:00,21,252.0
pm25,extratrees,5928,2010-09-20T20:00:00,2010-10-01T08:00:00,21,252.0
pm25,lightgbm,6216,2010-10-12T11:00:00,2010-10-13T10:00:00,21,23.0
pm25,ridge,6216,2010-10-12T11:00:00,2010-10-13T10:00:00,21,23.0
pm25,extratrees,6216,2010-10-12T11:00:00,2010-10-13T10:00:00,21,23.0
pm25,lightgbm,6672,2010-10-31T13:00:00,2010-11-03T16:00:00,21,75.0
pm25,ridge,6672,2010-10-31T13:00:00,2010-11-03T16:00:00,21,75.0
pm25,extratrees,6672,2010-10-31T13:00:00,2010-11-03T16:00:00,21,75.0
pm25,lightgbm,7128,2010-11-21T19:00:00,2010-11-22T18:00:00,21,23.0
pm25,ridge,7128,2010-11-21T19:00:00,2010-11-22T18:00:00,21,23.0
pm25,extratrees,7128,2010-11-21T19:00:00,2010-11-22T18:00:00,21,23.0
pm25,lightgbm,8088,2010-12-31T21:00:00,2011-01-02T18:00:00,21,45.0
pm25,ridge,8088,2010-12-31T21:00:00,2011-01-02T18:00:00,21,45.0
pm25,extratrees,8088,2010-12-31T21:00:00,2011-01-02T18:00:00,21,45.0
pm25,lightgbm,8232,2011-01-07T21:00:00,2011-01-10T18:00:00,21,69.0
pm25,ridge,8232,2011-01-07T21:00:00,2011-01-10T18:00:00,21,69.0
pm25,extratrees,8232,2011-01-07T21:00:00,2011-01-10T18:00:00,21,69.0
pm25,lightgbm,504,2010-01-23T00:00:00,2010-01-26T17:00:00,22,89.0
pm25,ridge,504,2010-01-23T00:00:00,2010-01-26T17:00:00,22,89.0
pm25,extratrees,504,2010-01-23T00:00:00,2010-01-26T17:00:00,22,89.0
pm25,lightgbm,960,2010-02-13T19:00:00,2010-02-14T18:00:00,22,23.0
pm25,ridge,960,2010-02-13T19:00:00,2010-02-14T18:00:00,22,23.0
pm25,extratrees,960,2010-02-13T19:00:00,2010-02-14T18:00:00,22,23.0
pm25,lightgbm,1776,2010-03-19T20:00:00,2010-03-20T20:00:00,22,24.0
pm25,ridge,1776,2010-03-19T20:00:00,2010-03-20T20:00:00,22,24.0
pm25,extratrees,1776,2010-03-19T20:00:00,2010-03-20T20:00:00,22,24.0
pm25,lightgbm,1848,2010-03-22T22:00:00,2010-03-23T21:00:00,22,23.0
pm25,ridge,1848,2010-03-22T22:00:00,2010-03-23T21:00:00,22,23.0
pm25,extratrees,1848,2010-03-22T22:00:00,2010-03-23T21:00:00,22,23.0
pm25,lightgbm,2016,2010-03-29T23:00:00,2010-04-01T05:00:00,22,54.0
pm25,ridge,2016,2010-03-29T23:00:00,2010-04-01T05:00:00,22,54.0
pm25,extratrees,2016,2010-03-29T23:00:00,2010-04-01T05:00:00,22,54.0
pm25,lightgbm,2040,2010-04-01T07:00:00,2010-04-02T07:00:00,22,24.0
pm25,ridge,2040,2010-04-01T07:00:00,2010-04-02T07:00:00,22,24.0
pm25,extratrees,2040,2010-04-01T07:00:00,2010-04-02T07:00:00,22,24.0
pm25,lightgbm,3144,2010-05-17T09:00:00,2010-05-18T09:00:00,22,24.0
pm25,ridge,3144,2010-05-17T09:00:00,2010-05-18T09:00:00,22,24.0
pm25,extratrees,3144,2010-05-17T09:00:00,2010-05-18T09:00:00,22,24.0
pm25,lightgbm,3384,2010-05-27T11:00:00,2010-05-28T14:00:00,22,27.0
pm25,ridge,3384,2010-05-27T11:00:00,2010-05-28T14:00:00,22,27.0
pm25,extratrees,3384,2010-05-27T11:00:00,2010-05-28T14:00:00,22,27.0
pm25,lightgbm,3504,2010-06-01T17:00:00,2010-06-03T10:00:00,22,41.0
pm25,ridge,3504,2010-06-01T17:00:00,2010-06-03T10:00:00,22,41.0
pm25,extratrees,3504,2010-06-01T17:00:00,2010-06-03T10:00:00,22,41.0
pm25,lightgbm,3552,2010-06-07T12:00:00,2010-06-09T23:00:00,22,59.0
pm25,ridge,3552,2010-06-07T12:00:00,2010-06-09T23:00:00,22,59.0
pm25,extratrees,3552,2010-06-07T12:00:00,2010-06-09T23:00:00,22,59.0
pm25,lightgbm,3816,2010-06-20T01:00:00,2010-06-21T01:00:00,22,24.0
pm25,ridge,3816,2010-06-20T01:00:00,2010-06-21T01:00:00,22,24.0
pm25,extratrees,3816,2010-06-20T01:00:00,2010-06-21T01:00:00,22,24.0
pm25,lightgbm,3864,2010-06-22T03:00:00,2010-06-24T01:00:00,22,46.0
pm25,ridge,3864,2010-06-22T03:00:00,2010-06-24T01:00:00,22,46.0
pm25,extratrees,3864,2010-06-22T03:00:00,2010-06-24T01:00:00,22,46.0
pm25,lightgbm,5088,2010-08-13T03:00:00,2010-08-16T21:00:00,22,90.0
pm25,ridge,5088,2010-08-13T03:00:00,2010-08-16T21:00:00,22,90.0
pm25,extratrees,5088,2010-08-13T03:00:00,2010-08-16T21:00:00,22,90.0
pm25,lightgbm,5712,2010-09-10T23:00:00,2010-09-12T13:00:00,22,38.0
pm25,ridge,5712,2010-09-10T23:00:00,2010-09-12T13:00:00,22,38.0
pm25,extratrees,5712,2010-09-10T23:00:00,2010-09-12T13:00:00,22,38.0
pm25,lightgbm,5904,2010-09-19T15:00:00,2010-09-20T18:00:00,22,27.0
pm25,ridge,5904,2010-09-19T15:00:00,2010-09-20T18:00:00,22,27.0
pm25,extratrees,5904,2010-09-19T15:00:00,2010-09-20T18:00:00,22,27.0
pm25,lightgbm,5928,2010-09-20T20:00:00,2010-10-01T09:00:00,22,253.0
pm25,ridge,5928,2010-09-20T20:00:00,2010-10-01T09:00:00,22,253.0
pm25,extratrees,5928,2010-09-20T20:00:00,2010-10-01T09:00:00,22,253.0
pm25,lightgbm,6216,2010-10-12T11:00:00,2010-10-13T11:00:00,22,24.0
pm25,ridge,6216,2010-10-12T11:00:00,2010-10-13T11:00:00,22,24.0
pm25,extratrees,6216,2010-10-12T11:00:00,2010-10-13T11:00:00,22,24.0
pm25,lightgbm,6672,2010-10-31T13:00:00,2010-11-03T17:00:00,22,76.0
pm25,ridge,6672,2010-10-31T13:00:00,2010-11-03T17:00:00,22,76.0
pm25,extratrees,6672,2010-10-31T13:00:00,2010-11-03T17:00:00,22,76.0
pm25,lightgbm,7128,2010-11-21T19:00:00,2010-11-22T19:00:00,22,24.0
pm25,ridge,7128,2010-11-21T19:00:00,2010-11-22T19:00:00,22,24.0
pm25,extratrees,7128,2010-11-21T19:00:00,2010-11-22T19:00:00,22,24.0
pm25,lightgbm,8088,2010-12-31T21:00:00,2011-01-02T19:00:00,22,46.0
pm25,ridge,8088,2010-12-31T21:00:00,2011-01-02T19:00:00,22,46.0
pm25,extratrees,8088,2010-12-31T21:00:00,2011-01-02T19:00:00,22,46.0
pm25,lightgbm,8232,2011-01-07T21:00:00,2011-01-10T19:00:00,22,70.0
pm25,ridge,8232,2011-01-07T21:00:00,2011-01-10T19:00:00,22,70.0
pm25,extratrees,8232,2011-01-07T21:00:00,2011-01-10T19:00:00,22,70.0
pm25,lightgbm,504,2010-01-23T00:00:00,2010-01-26T18:00:00,23,90.0
pm25,ridge,504,2010-01-23T00:00:00,2010-01-26T18:00:00,23,90.0
pm25,extratrees,504,2010-01-23T00:00:00,2010-01-26T18:00:00,23,90.0
pm25,lightgbm,960,2010-02-13T19:00:00,2010-02-14T19:00:00,23,24.0
pm25,ridge,960,2010-02-13T19:00:00,2010-02-14T19:00:00,23,24.0
pm25,extratrees,960,2010-02-13T19:00:00,2010-02-14T19:00:00,23,24.0
pm25,lightgbm,1776,2010-03-19T20:00:00,2010-03-20T21:00:00,23,25.0
pm25,ridge,1776,2010-03-19T20:00:00,2010-03-20T21:00:00,23,25.0
pm25,extratrees,1776,2010-03-19T20:00:00,2010-03-20T21:00:00,23,25.0
pm25,lightgbm,1848,2010-03-22T22:00:00,2010-03-23T22:00:00,23,24.0
pm25,ridge,1848,2010-03-22T22:00:00,2010-03-23T22:00:00,23,24.0
pm25,extratrees,1848,2010-03-22T22:00:00,2010-03-23T22:00:00,23,24.0
pm25,lightgbm,2016,2010-03-29T23:00:00,2010-04-01T06:00:00,23,55.0
pm25,ridge,2016,2010-03-29T23:00:00,2010-04-01T06:00:00,23,55.0
pm25,extratrees,2016,2010-03-29T23:00:00,2010-04-01T06:00:00,23,55.0
pm25,lightgbm,2040,2010-04-01T07:00:00,2010-04-02T08:00:00,23,25.0
pm25,ridge,2040,2010-04-01T07:00:00,2010-04-02T08:00:00,23,25.0
pm25,extratrees,2040,2010-04-01T07:00:00,2010-04-02T08:00:00,23,25.0
pm25,lightgbm,3144,2010-05-17T09:00:00,2010-05-18T10:00:00,23,25.0
pm25,ridge,3144,2010-05-17T09:00:00,2010-05-18T10:00:00,23,25.0
pm25,extratrees,3144,2010-05-17T09:00:00,2010-05-18T10:00:00,23,25.0
pm25,lightgbm,3384,2010-05-27T11:00:00,2010-05-28T15:00:00,23,28.0
pm25,ridge,3384,2010-05-27T11:00:00,2010-05-28T15:00:00,23,28.0
pm25,extratrees,3384,2010-05-27T11:00:00,2010-05-28T15:00:00,23,28.0
pm25,lightgbm,3504,2010-06-01T17:00:00,2010-06-03T11:00:00,23,42.0
pm25,ridge,3504,2010-06-01T17:00:00,2010-06-03T11:00:00,23,42.0
pm25,extratrees,3504,2010-06-01T17:00:00,2010-06-03T11:00:00,23,42.0
pm25,lightgbm,3552,2010-06-07T12:00:00,2010-06-10T00:00:00,23,60.0
pm25,ridge,3552,2010-06-07T12:00:00,2010-06-10T00:00:00,23,60.0
pm25,extratrees,3552,2010-06-07T12:00:00,2010-06-10T00:00:00,23,60.0
pm25,lightgbm,3816,2010-06-20T01:00:00,2010-06-21T02:00:00,23,25.0
pm25,ridge,3816,2010-06-20T01:00:00,2010-06-21T02:00:00,23,25.0
pm25,extratrees,3816,2010-06-20T01:00:00,2010-06-21T02:00:00,23,25.0
pm25,lightgbm,3864,2010-06-22T03:00:00,2010-06-24T02:00:00,23,47.0
pm25,ridge,3864,2010-06-22T03:00:00,2010-06-24T02:00:00,23,47.0
pm25,extratrees,3864,2010-06-22T03:00:00,2010-06-24T02:00:00,23,47.0
pm25,lightgbm,5088,2010-08-13T03:00:00,2010-08-16T22:00:00,23,91.0
pm25,ridge,5088,2010-08-13T03:00:00,2010-08-16T22:00:00,23,91.0
pm25,extratrees,5088,2010-08-13T03:00:00,2010-08-16T22:00:00,23,91.0
pm25,lightgbm,5712,2010-09-10T23:00:00,2010-09-12T14:00:00,23,39.0
pm25,ridge,5712,2010-09-10T23:00:00,2010-09-12T14:00:00,23,39.0
pm25,extratrees,5712,2010-09-10T23:00:00,2010-09-12T14:00:00,23,39.0
pm25,lightgbm,5904,2010-09-19T15:00:00,2010-09-20T19:00:00,23,28.0
pm25,ridge,5904,2010-09-19T15:00:00,2010-09-20T19:00:00,23,28.0
pm25,extratrees,5904,2010-09-19T15:00:00,2010-09-20T19:00:00,23,28.0
pm25,lightgbm,5928,2010-09-20T20:00:00,2010-10-01T10:00:00,23,254.0
pm25,ridge,5928,2010-09-20T20:00:00,2010-10-01T10:00:00,23,254.0
pm25,extratrees,5928,2010-09-20T20:00:00,2010-10-01T10:00:00,23,254.0
pm25,lightgbm,6216,2010-10-12T11:00:00,2010-10-13T12:00:00,23,25.0
pm25,ridge,6216,2010-10-12T11:00:00,2010-10-13T12:00:00,23,25.0
pm25,extratrees,6216,2010-10-12T11:00:00,2010-10-13T12:00:00,23,25.0
pm25,lightgbm,6672,2010-10-31T13:00:00,2010-11-03T18:00:00,23,77.0
pm25,ridge,6672,2010-10-31T13:00:00,2010-11-03T18:00:00,23,77.0
pm25,extratrees,6672,2010-10-31T13:00:00,2010-11-03T18:00:00,23,77.0
pm25,lightgbm,7128,2010-11-21T19:00:00,2010-11-22T20:00:00,23,25.0
pm25,ridge,7128,2010-11-21T19:00:00,2010-11-22T20:00:00,23,25.0
pm25,extratrees,7128,2010-11-21T19:00:00,2010-11-22T20:00:00,23,25.0
pm25,lightgbm,8088,2010-12-31T21:00:00,2011-01-02T20:00:00,23,47.0
pm25,ridge,8088,2010-12-31T21:00:00,2011-01-02T20:00:00,23,47.0
pm25,extratrees,8088,2010-12-31T21:00:00,2011-01-02T20:00:00,23,47.0
pm25,lightgbm,8232,2011-01-07T21:00:00,2011-01-10T20:00:00,23,71.0
pm25,ridge,8232,2011-01-07T21:00:00,2011-01-10T20:00:00,23,71.0
pm25,extratrees,8232,2011-01-07T21:00:00,2011-01-10T20:00:00,23,71.0
pm25,lightgbm,504,2010-01-23T00:00:00,2010-01-26T19:00:00,24,91.0
pm25,ridge,504,2010-01-23T00:00:00,2010-01-26T19:00:00,24,91.0
pm25,extratrees,504,2010-01-23T00:00:00,2010-01-26T19:00:00,24,91.0
pm25,lightgbm,960,2010-02-13T19:00:00,2010-02-14T20:00:00,24,25.0
pm25,ridge,960,2010-02-13T19:00:00,2010-02-14T20:00:00,24,25.0
pm25,extratrees,960,2010-02-13T19:00:00,2010-02-14T20:00:00,24,25.0
pm25,lightgbm,1776,2010-03-19T20:00:00,2010-03-20T22:00:00,24,26.0
pm25,ridge,1776,2010-03-19T20:00:00,2010-03-20T22:00:00,24,26.0
pm25,extratrees,1776,2010-03-19T20:00:00,2010-03-20T22:00:00,24,26.0
pm25,lightgbm,1848,2010-03-22T22:00:00,2010-03-23T23:00:00,24,25.0
pm25,ridge,1848,2010-03-22T22:00:00,2010-03-23T23:00:00,24,25.0
pm25,extratrees,1848,2010-03-22T22:00:00,2010-03-23T23:00:00,24,25.0
pm25,lightgbm,2016,2010-03-29T23:00:00,2010-04-01T07:00:00,24,56.0
pm25,ridge,2016,2010-03-29T23:00:00,2010-04-01T07:00:00,24,56.0
pm25,extratrees,2016,2010-03-29T23:00:00,2010-04-01T07:00:00,24,56.0
pm25,lightgbm,2040,2010-04-01T07:00:00,2010-04-02T09:00:00,24,26.0
pm25,ridge,2040,2010-04-01T07:00:00,2010-04-02T09:00:00,24,26.0
pm25,extratrees,2040,2010-04-01T07:00:00,2010-04-02T09:00:00,24,26.0
pm25,lightgbm,3144,2010-05-17T09:00:00,2010-05-18T11:00:00,24,26.0
pm25,ridge,3144,2010-05-17T09:00:00,2010-05-18T11:00:00,24,26.0
pm25,extratrees,3144,2010-05-17T09:00:00,2010-05-18T11:00:00,24,26.0
pm25,lightgbm,3384,2010-05-27T11:00:00,2010-05-28T16:00:00,24,29.0
pm25,ridge,3384,2010-05-27T11:00:00,2010-05-28T16:00:00,24,29.0
pm25,extratrees,3384,2010-05-27T11:00:00,2010-05-28T16:00:00,24,29.0
pm25,lightgbm,3480,2010-05-31T16:00:00,2010-06-01T17:00:00,24,25.0
pm25,ridge,3480,2010-05-31T16:00:00,2010-06-01T17:00:00,24,25.0
pm25,extratrees,3480,2010-05-31T16:00:00,2010-06-01T17:00:00,24,25.0
pm25,lightgbm,3504,2010-06-01T17:00:00,2010-06-03T12:00:00,24,43.0
pm25,ridge,3504,2010-06-01T17:00:00,2010-06-03T12:00:00,24,43.0
pm25,extratrees,3504,2010-06-01T17:00:00,2010-06-03T12:00:00,24,43.0
pm25,lightgbm,3528,2010-06-03T12:00:00,2010-06-07T12:00:00,24,96.0
pm25,ridge,3528,2010-06-03T12:00:00,2010-06-07T12:00:00,24,96.0
pm25,extratrees,3528,2010-06-03T12:00:00,2010-06-07T12:00:00,24,96.0
pm25,lightgbm,3552,2010-06-07T12:00:00,2010-06-10T01:00:00,24,61.0
pm25,ridge,3552,2010-06-07T12:00:00,2010-06-10T01:00:00,24,61.0
pm25,extratrees,3552,2010-06-07T12:00:00,2010-06-10T01:00:00,24,61.0
pm25,lightgbm,3816,2010-06-20T01:00:00,2010-06-21T03:00:00,24,26.0
pm25,ridge,3816,2010-06-20T01:00:00,2010-06-21T03:00:00,24,26.0
pm25,extratrees,3816,2010-06-20T01:00:00,2010-06-21T03:00:00,24,26.0
pm25,lightgbm,3864,2010-06-22T03:00:00,2010-06-24T03:00:00,24,48.0
pm25,ridge,3864,2010-06-22T03:00:00,2010-06-24T03:00:00,24,48.0
pm25,extratrees,3864,2010-06-22T03:00:00,2010-06-24T03:00:00,24,48.0
pm25,lightgbm,5088,2010-08-13T03:00:00,2010-08-16T23:00:00,24,92.0
pm25,ridge,5088,2010-08-13T03:00:00,2010-08-16T23:00:00,24,92.0
pm25,extratrees,5088,2010-08-13T03:00:00,2010-08-16T23:00:00,24,92.0
pm25,lightgbm,5712,2010-09-10T23:00:00,2010-09-12T15:00:00,24,40.0
pm25,ridge,5712,2010-09-10T23:00:00,2010-09-12T15:00:00,24,40.0
pm25,extratrees,5712,2010-09-10T23:00:00,2010-09-12T15:00:00,24,40.0
pm25,lightgbm,5904,2010-09-19T15:00:00,2010-09-20T20:00:00,24,29.0
pm25,ridge,5904,2010-09-19T15:00:00,2010-09-20T20:00:00,24,29.0
pm25,extratrees,5904,2010-09-19T15:00:00,2010-09-20T20:00:00,24,29.0
pm25,lightgbm,5928,2010-09-20T20:00:00,2010-10-01T11:00:00,24,255.0
pm25,ridge,5928,2010-09-20T20:00:00,2010-10-01T11:00:00,24,255.0
pm25,extratrees,5928,2010-09-20T20:00:00,2010-10-01T11:00:00,24,255.0
pm25,lightgbm,6216,2010-10-12T11:00:00,2010-10-13T13:00:00,24,26.0
pm25,ridge,6216,2010-10-12T11:00:00,2010-10-13T13:00:00,24,26.0
pm25,extratrees,6216,2010-10-12T11:00:00,2010-10-13T13:00:00,24,26.0
pm25,lightgbm,6672,2010-10-31T13:00:00,2010-11-03T19:00:00,24,78.0
pm25,ridge,6672,2010-10-31T13:00:00,2010-11-03T19:00:00,24,78.0
pm25,extratrees,6672,2010-10-31T13:00:00,2010-11-03T19:00:00,24,78.0
pm25,lightgbm,7128,2010-11-21T19:00:00,2010-11-22T21:00:00,24,26.0
pm25,ridge,7128,2010-11-21T19:00:00,2010-11-22T21:00:00,24,26.0
pm25,extratrees,7128,2010-11-21T19:00:00,2010-11-22T21:00:00,24,26.0
pm25,lightgbm,8088,2010-12-31T21:00:00,2011-01-02T21:00:00,24,48.0
pm25,ridge,8088,2010-12-31T21:00:00,2011-01-02T21:00:00,24,48.0
pm25,extratrees,8088,2010-12-31T21:00:00,2011-01-02T21:00:00,24,48.0
pm25,lightgbm,8232,2011-01-07T21:00:00,2011-01-10T21:00:00,24,72.0
pm25,ridge,8232,2011-01-07T21:00:00,2011-01-10T21:00:00,24,72.0
pm25,extratrees,8232,2011-01-07T21:00:00,2011-01-10T21:00:00,24,72.0
pm25,lightgbm,504,2010-01-23T00:00:00,2010-01-26T20:00:00,25,92.0
pm25,ridge,504,2010-01-23T00:00:00,2010-01-26T20:00:00,25,92.0
pm25,extratrees,504,2010-01-23T00:00:00,2010-01-26T20:00:00,25,92.0
pm25,lightgbm,960,2010-02-13T19:00:00,2010-02-14T21:00:00,25,26.0
pm25,ridge,960,2010-02-13T19:00:00,2010-02-14T21:00:00,25,26.0
pm25,extratrees,960,2010-02-13T19:00:00,2010-02-14T21:00:00,25,26.0
pm25,lightgbm,1776,2010-03-19T20:00:00,2010-03-20T23:00:00,25,27.0
pm25,ridge,1776,2010-03-19T20:00:00,2010-03-20T23:00:00,25,27.0
pm25,extratrees,1776,2010-03-19T20:00:00,2010-03-20T23:00:00,25,27.0
pm25,lightgbm,1824,2010-03-21T22:00:00,2010-03-23T00:00:00,25,26.0
pm25,ridge,1824,2010-03-21T22:00:00,2010-03-23T00:00:00,25,26.0
pm25,extratrees,1824,2010-03-21T22:00:00,2010-03-23T00:00:00,25,26.0
pm25,lightgbm,1848,2010-03-22T22:00:00,2010-03-24T00:00:00,25,26.0
pm25,ridge,1848,2010-03-22T22:00:00,2010-03-24T00:00:00,25,26.0
pm25,extratrees,1848,2010-03-22T22:00:00,2010-03-24T00:00:00,25,26.0
pm25,lightgbm,2016,2010-03-29T23:00:00,2010-04-01T08:00:00,25,57.0
pm25,ridge,2016,2010-03-29T23:00:00,2010-04-01T08:00:00,25,57.0
pm25,extratrees,2016,2010-03-29T23:00:00,2010-04-01T08:00:00,25,57.0
pm25,lightgbm,2040,2010-04-01T07:00:00,2010-04-02T10:00:00,25,27.0
pm25,ridge,2040,2010-04-01T07:00:00,2010-04-02T10:00:00,25,27.0
pm25,extratrees,2040,2010-04-01T07:00:00,2010-04-02T10:00:00,25,27.0
pm25,lightgbm,3144,2010-05-17T09:00:00,2010-05-18T12:00:00,25,27.0
pm25,ridge,3144,2010-05-17T09:00:00,2010-05-18T12:00:00,25,27.0
pm25,extratrees,3144,2010-05-17T09:00:00,2010-05-18T12:00:00,25,27.0
pm25,lightgbm,3384,2010-05-27T11:00:00,2010-05-28T17:00:00,25,30.0
pm25,ridge,3384,2010-05-27T11:00:00,2010-05-28T17:00:00,25,30.0
pm25,extratrees,3384,2010-05-27T11:00:00,2010-05-28T17:00:00,25,30.0
pm25,lightgbm,3480,2010-05-31T16:00:00,2010-06-01T18:00:00,25,26.0
pm25,ridge,3480,2010-05-31T16:00:00,2010-06-01T18:00:00,25,26.0
pm25,extratrees,3480,2010-05-31T16:00:00,2010-06-01T18:00:00,25,26.0
pm25,lightgbm,3504,2010-06-01T17:00:00,2010-06-03T13:00:00,25,44.0
pm25,ridge,3504,2010-06-01T17:00:00,2010-06-03T13:00:00,25,44.0
pm25,extratrees,3504,2010-06-01T17:00:00,2010-06-03T13:00:00,25,44.0
pm25,lightgbm,3528,2010-06-03T12:00:00,2010-06-07T13:00:00,25,97.0
pm25,ridge,3528,2010-06-03T12:00:00,2010-06-07T13:00:00,25,97.0
pm25,extratrees,3528,2010-06-03T12:00:00,2010-06-07T13:00:00,25,97.0
pm25,lightgbm,3552,2010-06-07T12:00:00,2010-06-10T02:00:00,25,62.0
pm25,ridge,3552,2010-06-07T12:00:00,2010-06-10T02:00:00,25,62.0
pm25,extratrees,3552,2010-06-07T12:00:00,2010-06-10T02:00:00,25,62.0
pm25,lightgbm,3816,2010-06-20T01:00:00,2010-06-21T04:00:00,25,27.0
pm25,ridge,3816,2010-06-20T01:00:00,2010-06-21T04:00:00,25,27.0
pm25,extratrees,3816,2010-06-20T01:00:00,2010-06-21T04:00:00,25,27.0
pm25,lightgbm,3864,2010-06-22T03:00:00,2010-06-24T04:00:00,25,49.0
pm25,ridge,3864,2010-06-22T03:00:00,2010-06-24T04:00:00,25,49.0
pm25,extratrees,3864,2010-06-22T03:00:00,2010-06-24T04:00:00,25,49.0
pm25,lightgbm,5088,2010-08-13T03:00:00,2010-08-17T00:00:00,25,93.0
pm25,ridge,5088,2010-08-13T03:00:00,2010-08-17T00:00:00,25,93.0
pm25,extratrees,5088,2010-08-13T03:00:00,2010-08-17T00:00:00,25,93.0
pm25,lightgbm,5712,2010-09-10T23:00:00,2010-09-12T16:00:00,25,41.0
pm25,ridge,5712,2010-09-10T23:00:00,2010-09-12T16:00:00,25,41.0
pm25,extratrees,5712,2010-09-10T23:00:00,2010-09-12T16:00:00,25,41.0
pm25,lightgbm,5904,2010-09-19T15:00:00,2010-09-20T21:00:00,25,30.0
pm25,ridge,5904,2010-09-19T15:00:00,2010-09-20T21:00:00,25,30.0
pm25,extratrees,5904,2010-09-19T15:00:00,2010-09-20T21:00:00,25,30.0
pm25,lightgbm,5928,2010-09-20T20:00:00,2010-10-01T12:00:00,25,256.0
pm25,ridge,5928,2010-09-20T20:00:00,2010-10-01T12:00:00,25,256.0
pm25,extratrees,5928,2010-09-20T20:00:00,2010-10-01T12:00:00,25,256.0
pm25,lightgbm,6216,2010-10-12T11:00:00,2010-10-13T14:00:00,25,27.0
pm25,ridge,6216,2010-10-12T11:00:00,2010-10-13T14:00:00,25,27.0
pm25,extratrees,6216,2010-10-12T11:00:00,2010-10-13T14:00:00,25,27.0
pm25,lightgbm,6672,2010-10-31T13:00:00,2010-11-03T20:00:00,25,79.0
pm25,ridge,6672,2010-10-31T13:00:00,2010-11-03T20:00:00,25,79.0
pm25,extratrees,6672,2010-10-31T13:00:00,2010-11-03T20:00:00,25,79.0
pm25,lightgbm,7128,2010-11-21T19:00:00,2010-11-22T22:00:00,25,27.0
pm25,ridge,7128,2010-11-21T19:00:00,2010-11-22T22:00:00,25,27.0
pm25,extratrees,7128,2010-11-21T19:00:00,2010-11-22T22:00:00,25,27.0
pm25,lightgbm,8088,2010-12-31T21:00:00,2011-01-02T22:00:00,25,49.0
pm25,ridge,8088,2010-12-31T21:00:00,2011-01-02T22:00:00,25,49.0
pm25,extratrees,8088,2010-12-31T21:00:00,2011-01-02T22:00:00,25,49.0
pm25,lightgbm,8232,2011-01-07T21:00:00,2011-01-10T22:00:00,25,73.0
pm25,ridge,8232,2011-01-07T21:00:00,2011-01-10T22:00:00,25,73.0
pm25,extratrees,8232,2011-01-07T21:00:00,2011-01-10T22:00:00,25,73.0
pm25,lightgbm,504,2010-01-23T00:00:00,2010-01-26T21:00:00,26,93.0
pm25,ridge,504,2010-01-23T00:00:00,2010-01-26T21:00:00,26,93.0
pm25,extratrees,504,2010-01-23T00:00:00,2010-01-26T21:00:00,26,93.0
pm25,lightgbm,960,2010-02-13T19:00:00,2010-02-14T22:00:00,26,27.0
pm25,ridge,960,2010-02-13T19:00:00,2010-02-14T22:00:00,26,27.0
pm25,extratrees,960,2010-02-13T19:00:00,2010-02-14T22:00:00,26,27.0
pm25,lightgbm,1776,2010-03-19T20:00:00,2010-03-21T00:00:00,26,28.0
pm25,ridge,1776,2010-03-19T20:00:00,2010-03-21T00:00:00,26,28.0
pm25,extratrees,1776,2010-03-19T20:00:00,2010-03-21T00:00:00,26,28.0
pm25,lightgbm,1824,2010-03-21T22:00:00,2010-03-23T01:00:00,26,27.0
pm25,ridge,1824,2010-03-21T22:00:00,2010-03-23T01:00:00,26,27.0
pm25,extratrees,1824,2010-03-21T22:00:00,2010-03-23T01:00:00,26,27.0
pm25,lightgbm,1848,2010-03-22T22:00:00,2010-03-24T01:00:00,26,27.0
pm25,ridge,1848,2010-03-22T22:00:00,2010-03-24T01:00:00,26,27.0
pm25,extratrees,1848,2010-03-22T22:00:00,2010-03-24T01:00:00,26,27.0
pm25,lightgbm,2016,2010-03-29T23:00:00,2010-04-01T09:00:00,26,58.0
pm25,ridge,2016,2010-03-29T23:00:00,2010-04-01T09:00:00,26,58.0
pm25,extratrees,2016,2010-03-29T23:00:00,2010-04-01T09:00:00,26,58.0
pm25,lightgbm,2040,2010-04-01T07:00:00,2010-04-02T11:00:00,26,28.0
pm25,ridge,2040,2010-04-01T07:00:00,2010-04-02T11:00:00,26,28.0
pm25,extratrees,2040,2010-04-01T07:00:00,2010-04-02T11:00:00,26,28.0
pm25,lightgbm,3144,2010-05-17T09:00:00,2010-05-18T13:00:00,26,28.0
pm25,ridge,3144,2010-05-17T09:00:00,2010-05-18T13:00:00,26,28.0
pm25,extratrees,3144,2010-05-17T09:00:00,2010-05-18T13:00:00,26,28.0
pm25,lightgbm,3384,2010-05-27T11:00:00,2010-05-28T18:00:00,26,31.0
pm25,ridge,3384,2010-05-27T11:00:00,2010-05-28T18:00:00,26,31.0
pm25,extratrees,3384,2010-05-27T11:00:00,2010-05-28T18:00:00,26,31.0
pm25,lightgbm,3480,2010-05-31T16:00:00,2010-06-01T19:00:00,26,27.0
pm25,ridge,3480,2010-05-31T16:00:00,2010-06-01T19:00:00,26,27.0
pm25,extratrees,3480,2010-05-31T16:00:00,2010-06-01T19:00:00,26,27.0
pm25,lightgbm,3504,2010-06-01T17:00:00,2010-06-03T14:00:00,26,45.0
pm25,ridge,3504,2010-06-01T17:00:00,2010-06-03T14:00:00,26,45.0
pm25,extratrees,3504,2010-06-01T17:00:00,2010-06-03T14:00:00,26,45.0
pm25,lightgbm,3528,2010-06-03T12:00:00,2010-06-07T14:00:00,26,98.0
pm25,ridge,3528,2010-06-03T12:00:00,2010-06-07T14:00:00,26,98.0
pm25,extratrees,3528,2010-06-03T12:00:00,2010-06-07T14:00:00,26,98.0
pm25,lightgbm,3552,2010-06-07T12:00:00,2010-06-10T03:00:00,26,63.0
pm25,ridge,3552,2010-06-07T12:00:00,2010-06-10T03:00:00,26,63.0
pm25,extratrees,3552,2010-06-07T12:00:00,2010-06-10T03:00:00,26,63.0
pm25,lightgbm,3816,2010-06-20T01:00:00,2010-06-21T05:00:00,26,28.0
pm25,ridge,3816,2010-06-20T01:00:00,2010-06-21T05:00:00,26,28.0
pm25,extratrees,3816,2010-06-20T01:00:00,2010-06-21T05:00:00,26,28.0
pm25,lightgbm,3864,2010-06-22T03:00:00,2010-06-24T05:00:00,26,50.0
pm25,ridge,3864,2010-06-22T03:00:00,2010-06-24T05:00:00,26,50.0
pm25,extratrees,3864,2010-06-22T03:00:00,2010-06-24T05:00:00,26,50.0
pm25,lightgbm,5088,2010-08-13T03:00:00,2010-08-17T01:00:00,26,94.0
pm25,ridge,5088,2010-08-13T03:00:00,2010-08-17T01:00:00,26,94.0
pm25,extratrees,5088,2010-08-13T03:00:00,2010-08-17T01:00:00,26,94.0
pm25,lightgbm,5712,2010-09-10T23:00:00,2010-09-12T17:00:00,26,42.0
pm25,ridge,5712,2010-09-10T23:00:00,2010-09-12T17:00:00,26,42.0
pm25,extratrees,5712,2010-09-10T23:00:00,2010-09-12T17:00:00,26,42.0
pm25,lightgbm,5904,2010-09-19T15:00:00,2010-09-20T22:00:00,26,31.0
pm25,ridge,5904,2010-09-19T15:00:00,2010-09-20T22:00:00,26,31.0
pm25,extratrees,5904,2010-09-19T15:00:00,2010-09-20T22:00:00,26,31.0
pm25,lightgbm,5928,2010-09-20T20:00:00,2010-10-01T13:00:00,26,257.0
pm25,ridge,5928,2010-09-20T20:00:00,2010-10-01T13:00:00,26,257.0
pm25,extratrees,5928,2010-09-20T20:00:00,2010-10-01T13:00:00,26,257.0
pm25,lightgbm,6216,2010-10-12T11:00:00,2010-10-13T15:00:00,26,28.0
pm25,ridge,6216,2010-10-12T11:00:00,2010-10-13T15:00:00,26,28.0
pm25,extratrees,6216,2010-10-12T11:00:00,2010-10-13T15:00:00,26,28.0
pm25,lightgbm,6672,2010-10-31T13:00:00,2010-11-03T21:00:00,26,80.0
pm25,ridge,6672,2010-10-31T13:00:00,2010-11-03T21:00:00,26,80.0
pm25,extratrees,6672,2010-10-31T13:00:00,2010-11-03T21:00:00,26,80.0
pm25,lightgbm,7128,2010-11-21T19:00:00,2010-11-22T23:00:00,26,28.0
pm25,ridge,7128,2010-11-21T19:00:00,2010-11-22T23:00:00,26,28.0
pm25,extratrees,7128,2010-11-21T19:00:00,2010-11-22T23:00:00,26,28.0
pm25,lightgbm,8088,2010-12-31T21:00:00,2011-01-02T23:00:00,26,50.0
pm25,ridge,8088,2010-12-31T21:00:00,2011-01-02T23:00:00,26,50.0
pm25,extratrees,8088,2010-12-31T21:00:00,2011-01-02T23:00:00,26,50.0
pm25,lightgbm,8232,2011-01-07T21:00:00,2011-01-10T23:00:00,26,74.0
pm25,ridge,8232,2011-01-07T21:00:00,2011-01-10T23:00:00,26,74.0
pm25,extratrees,8232,2011-01-07T21:00:00,2011-01-10T23:00:00,26,74.0
pm25,lightgbm,504,2010-01-23T00:00:00,2010-01-26T22:00:00,27,94.0
pm25,ridge,504,2010-01-23T00:00:00,2010-01-26T22:00:00,27,94.0
pm25,extratrees,504,2010-01-23T00:00:00,2010-01-26T22:00:00,27,94.0
pm25,lightgbm,960,2010-02-13T19:00:00,2010-02-14T23:00:00,27,28.0
pm25,ridge,960,2010-02-13T19:00:00,2010-02-14T23:00:00,27,28.0
pm25,extratrees,960,2010-02-13T19:00:00,2010-02-14T23:00:00,27,28.0
pm25,lightgbm,1776,2010-03-19T20:00:00,2010-03-21T01:00:00,27,29.0
pm25,ridge,1776,2010-03-19T20:00:00,2010-03-21T01:00:00,27,29.0
pm25,extratrees,1776,2010-03-19T20:00:00,2010-03-21T01:00:00,27,29.0
pm25,lightgbm,1824,2010-03-21T22:00:00,2010-03-23T02:00:00,27,28.0
pm25,ridge,1824,2010-03-21T22:00:00,2010-03-23T02:00:00,27,28.0
pm25,extratrees,1824,2010-03-21T22:00:00,2010-03-23T02:00:00,27,28.0
pm25,lightgbm,1848,2010-03-22T22:00:00,2010-03-24T02:00:00,27,28.0
pm25,ridge,1848,2010-03-22T22:00:00,2010-03-24T02:00:00,27,28.0
pm25,extratrees,1848,2010-03-22T22:00:00,2010-03-24T02:00:00,27,28.0
pm25,lightgbm,2016,2010-03-29T23:00:00,2010-04-01T10:00:00,27,59.0
pm25,ridge,2016,2010-03-29T23:00:00,2010-04-01T10:00:00,27,59.0
pm25,extratrees,2016,2010-03-29T23:00:00,2010-04-01T10:00:00,27,59.0
pm25,lightgbm,2040,2010-04-01T07:00:00,2010-04-02T12:00:00,27,29.0
pm25,ridge,2040,2010-04-01T07:00:00,2010-04-02T12:00:00,27,29.0
pm25,extratrees,2040,2010-04-01T07:00:00,2010-04-02T12:00:00,27,29.0
pm25,lightgbm,3144,2010-05-17T09:00:00,2010-05-18T14:00:00,27,29.0
pm25,ridge,3144,2010-05-17T09:00:00,2010-05-18T14:00:00,27,29.0
pm25,extratrees,3144,2010-05-17T09:00:00,2010-05-18T14:00:00,27,29.0
pm25,lightgbm,3384,2010-05-27T11:00:00,2010-05-28T19:00:00,27,32.0
pm25,ridge,3384,2010-05-27T11:00:00,2010-05-28T19:00:00,27,32.0
pm25,extratrees,3384,2010-05-27T11:00:00,2010-05-28T19:00:00,27,32.0
pm25,lightgbm,3480,2010-05-31T16:00:00,2010-06-01T20:00:00,27,28.0
pm25,ridge,3480,2010-05-31T16:00:00,2010-06-01T20:00:00,27,28.0
pm25,extratrees,3480,2010-05-31T16:00:00,2010-06-01T20:00:00,27,28.0
pm25,lightgbm,3504,2010-06-01T17:00:00,2010-06-03T15:00:00,27,46.0
pm25,ridge,3504,2010-06-01T17:00:00,2010-06-03T15:00:00,27,46.0
pm25,extratrees,3504,2010-06-01T17:00:00,2010-06-03T15:00:00,27,46.0
pm25,lightgbm,3528,2010-06-03T12:00:00,2010-06-07T15:00:00,27,99.0
pm25,ridge,3528,2010-06-03T12:00:00,2010-06-07T15:00:00,27,99.0
pm25,extratrees,3528,2010-06-03T12:00:00,2010-06-07T15:00:00,27,99.0
pm25,lightgbm,3552,2010-06-07T12:00:00,2010-06-10T04:00:00,27,64.0
pm25,ridge,3552,2010-06-07T12:00:00,2010-06-10T04:00:00,27,64.0
pm25,extratrees,3552,2010-06-07T12:00:00,2010-06-10T04:00:00,27,64.0
pm25,lightgbm,3816,2010-06-20T01:00:00,2010-06-21T06:00:00,27,29.0
pm25,ridge,3816,2010-06-20T01:00:00,2010-06-21T06:00:00,27,29.0
pm25,extratrees,3816,2010-06-20T01:00:00,2010-06-21T06:00:00,27,29.0
pm25,lightgbm,3864,2010-06-22T03:00:00,2010-06-24T06:00:00,27,51.0
pm25,ridge,3864,2010-06-22T03:00:00,2010-06-24T06:00:00,27,51.0
pm25,extratrees,3864,2010-06-22T03:00:00,2010-06-24T06:00:00,27,51.0
pm25,lightgbm,5088,2010-08-13T03:00:00,2010-08-17T02:00:00,27,95.0
pm25,ridge,5088,2010-08-13T03:00:00,2010-08-17T02:00:00,27,95.0
pm25,extratrees,5088,2010-08-13T03:00:00,2010-08-17T02:00:00,27,95.0
pm25,lightgbm,5712,2010-09-10T23:00:00,2010-09-12T18:00:00,27,43.0
pm25,ridge,5712,2010-09-10T23:00:00,2010-09-12T18:00:00,27,43.0
pm25,extratrees,5712,2010-09-10T23:00:00,2010-09-12T18:00:00,27,43.0
pm25,lightgbm,5904,2010-09-19T15:00:00,2010-09-20T23:00:00,27,32.0
pm25,ridge,5904,2010-09-19T15:00:00,2010-09-20T23:00:00,27,32.0
pm25,extratrees,5904,2010-09-19T15:00:00,2010-09-20T23:00:00,27,32.0
pm25,lightgbm,5928,2010-09-20T20:00:00,2010-10-01T14:00:00,27,258.0
pm25,ridge,5928,2010-09-20T20:00:00,2010-10-01T14:00:00,27,258.0
pm25,extratrees,5928,2010-09-20T20:00:00,2010-10-01T14:00:00,27,258.0
pm25,lightgbm,6192,2010-10-11T11:00:00,2010-10-12T16:00:00,27,29.0
pm25,ridge,6192,2010-10-11T11:00:00,2010-10-12T16:00:00,27,29.0
pm25,extratrees,6192,2010-10-11T11:00:00,2010-10-12T16:00:00,27,29.0
pm25,lightgbm,6216,2010-10-12T11:00:00,2010-10-13T16:00:00,27,29.0
pm25,ridge,6216,2010-10-12T11:00:00,2010-10-13T16:00:00,27,29.0
pm25,extratrees,6216,2010-10-12T11:00:00,2010-10-13T16:00:00,27,29.0
pm25,lightgbm,6672,2010-10-31T13:00:00,2010-11-03T22:00:00,27,81.0
pm25,ridge,6672,2010-10-31T13:00:00,2010-11-03T22:00:00,27,81.0
pm25,extratrees,6672,2010-10-31T13:00:00,2010-11-03T22:00:00,27,81.0
pm25,lightgbm,7128,2010-11-21T19:00:00,2010-11-23T00:00:00,27,29.0
pm25,ridge,7128,2010-11-21T19:00:00,2010-11-23T00:00:00,27,29.0
pm25,extratrees,7128,2010-11-21T19:00:00,2010-11-23T00:00:00,27,29.0
pm25,lightgbm,8064,2010-12-30T21:00:00,2011-01-02T00:00:00,27,51.0
pm25,ridge,8064,2010-12-30T21:00:00,2011-01-02T00:00:00,27,51.0
pm25,extratrees,8064,2010-12-30T21:00:00,2011-01-02T00:00:00,27,51.0
pm25,lightgbm,8088,2010-12-31T21:00:00,2011-01-03T00:00:00,27,51.0
pm25,ridge,8088,2010-12-31T21:00:00,2011-01-03T00:00:00,27,51.0
pm25,extratrees,8088,2010-12-31T21:00:00,2011-01-03T00:00:00,27,51.0
pm25,lightgbm,8232,2011-01-07T21:00:00,2011-01-11T00:00:00,27,75.0
pm25,ridge,8232,2011-01-07T21:00:00,2011-01-11T00:00:00,27,75.0
pm25,extratrees,8232,2011-01-07T21:00:00,2011-01-11T00:00:00,27,75.0
pm25,lightgbm,504,2010-01-23T00:00:00,2010-01-26T23:00:00,28,95.0
pm25,ridge,504,2010-01-23T00:00:00,2010-01-26T23:00:00,28,95.0
pm25,extratrees,504,2010-01-23T00:00:00,2010-01-26T23:00:00,28,95.0
pm25,lightgbm,960,2010-02-13T19:00:00,2010-02-15T00:00:00,28,29.0
pm25,ridge,960,2010-02-13T19:00:00,2010-02-15T00:00:00,28,29.0
pm25,extratrees,960,2010-02-13T19:00:00,2010-02-15T00:00:00,28,29.0
pm25,lightgbm,1776,2010-03-19T20:00:00,2010-03-21T02:00:00,28,30.0
pm25,ridge,1776,2010-03-19T20:00:00,2010-03-21T02:00:00,28,30.0
pm25,extratrees,1776,2010-03-19T20:00:00,2010-03-21T02:00:00,28,30.0
pm25,lightgbm,1824,2010-03-21T22:00:00,2010-03-23T03:00:00,28,29.0
pm25,ridge,1824,2010-03-21T22:00:00,2010-03-23T03:00:00,28,29.0
pm25,extratrees,1824,2010-03-21T22:00:00,2010-03-23T03:00:00,28,29.0
pm25,lightgbm,1848,2010-03-22T22:00:00,2010-03-24T03:00:00,28,29.0
pm25,ridge,1848,2010-03-22T22:00:00,2010-03-24T03:00:00,28,29.0
pm25,extratrees,1848,2010-03-22T22:00:00,2010-03-24T03:00:00,28,29.0
pm25,lightgbm,2016,2010-03-29T23:00:00,2010-04-01T13:00:00,28,62.0
pm25,ridge,2016,2010-03-29T23:00:00,2010-04-01T13:00:00,28,62.0
pm25,extratrees,2016,2010-03-29T23:00:00,2010-04-01T13:00:00,28,62.0
pm25,lightgbm,2040,2010-04-01T07:00:00,2010-04-02T13:00:00,28,30.0
pm25,ridge,2040,2010-04-01T07:00:00,2010-04-02T13:00:00,28,30.0
pm25,extratrees,2040,2010-04-01T07:00:00,2010-04-02T13:00:00,28,30.0
pm25,lightgbm,3144,2010-05-17T09:00:00,2010-05-18T15:00:00,28,30.0
pm25,ridge,3144,2010-05-17T09:00:00,2010-05-18T15:00:00,28,30.0
pm25,extratrees,3144,2010-05-17T09:00:00,2010-05-18T15:00:00,28,30.0
pm25,lightgbm,3384,2010-05-27T11:00:00,2010-05-28T20:00:00,28,33.0
pm25,ridge,3384,2010-05-27T11:00:00,2010-05-28T20:00:00,28,33.0
pm25,extratrees,3384,2010-05-27T11:00:00,2010-05-28T20:00:00,28,33.0
pm25,lightgbm,3480,2010-05-31T16:00:00,2010-06-01T21:00:00,28,29.0
pm25,ridge,3480,2010-05-31T16:00:00,2010-06-01T21:00:00,28,29.0
pm25,extratrees,3480,2010-05-31T16:00:00,2010-06-01T21:00:00,28,29.0
pm25,lightgbm,3504,2010-06-01T17:00:00,2010-06-03T16:00:00,28,47.0
pm25,ridge,3504,2010-06-01T17:00:00,2010-06-03T16:00:00,28,47.0
pm25,extratrees,3504,2010-06-01T17:00:00,2010-06-03T16:00:00,28,47.0
pm25,lightgbm,3528,2010-06-03T12:00:00,2010-06-07T16:00:00,28,100.0
pm25,ridge,3528,2010-06-03T12:00:00,2010-06-07T16:00:00,28,100.0
pm25,extratrees,3528,2010-06-03T12:00:00,2010-06-07T16:00:00,28,100.0
pm25,lightgbm,3552,2010-06-07T12:00:00,2010-06-10T05:00:00,28,65.0
pm25,ridge,3552,2010-06-07T12:00:00,2010-06-10T05:00:00,28,65.0
pm25,extratrees,3552,2010-06-07T12:00:00,2010-06-10T05:00:00,28,65.0
pm25,lightgbm,3816,2010-06-20T01:00:00,2010-06-21T07:00:00,28,30.0
pm25,ridge,3816,2010-06-20T01:00:00,2010-06-21T07:00:00,28,30.0
pm25,extratrees,3816,2010-06-20T01:00:00,2010-06-21T07:00:00,28,30.0
pm25,lightgbm,3864,2010-06-22T03:00:00,2010-06-24T07:00:00,28,52.0
pm25,ridge,3864,2010-06-22T03:00:00,2010-06-24T07:00:00,28,52.0
pm25,extratrees,3864,2010-06-22T03:00:00,2010-06-24T07:00:00,28,52.0
pm25,lightgbm,5088,2010-08-13T03:00:00,2010-08-17T03:00:00,28,96.0
pm25,ridge,5088,2010-08-13T03:00:00,2010-08-17T03:00:00,28,96.0
pm25,extratrees,5088,2010-08-13T03:00:00,2010-08-17T03:00:00,28,96.0
pm25,lightgbm,5712,2010-09-10T23:00:00,2010-09-12T19:00:00,28,44.0
pm25,ridge,5712,2010-09-10T23:00:00,2010-09-12T19:00:00,28,44.0
pm25,extratrees,5712,2010-09-10T23:00:00,2010-09-12T19:00:00,28,44.0
pm25,lightgbm,5880,2010-09-18T15:00:00,2010-09-20T00:00:00,28,33.0
pm25,ridge,5880,2010-09-18T15:00:00,2010-09-20T00:00:00,28,33.0
pm25,extratrees,5880,2010-09-18T15:00:00,2010-09-20T00:00:00,28,33.0
pm25,lightgbm,5904,2010-09-19T15:00:00,2010-09-21T00:00:00,28,33.0
pm25,ridge,5904,2010-09-19T15:00:00,2010-09-21T00:00:00,28,33.0
pm25,extratrees,5904,2010-09-19T15:00:00,2010-09-21T00:00:00,28,33.0
pm25,lightgbm,5928,2010-09-20T20:00:00,2010-10-01T15:00:00,28,259.0
pm25,ridge,5928,2010-09-20T20:00:00,2010-10-01T15:00:00,28,259.0
pm25,extratrees,5928,2010-09-20T20:00:00,2010-10-01T15:00:00,28,259.0
pm25,lightgbm,6192,2010-10-11T11:00:00,2010-10-12T17:00:00,28,30.0
pm25,ridge,6192,2010-10-11T11:00:00,2010-10-12T17:00:00,28,30.0
pm25,extratrees,6192,2010-10-11T11:00:00,2010-10-12T17:00:00,28,30.0
pm25,lightgbm,6216,2010-10-12T11:00:00,2010-10-13T17:00:00,28,30.0
pm25,ridge,6216,2010-10-12T11:00:00,2010-10-13T17:00:00,28,30.0
pm25,extratrees,6216,2010-10-12T11:00:00,2010-10-13T17:00:00,28,30.0
pm25,lightgbm,6672,2010-10-31T13:00:00,2010-11-03T23:00:00,28,82.0
pm25,ridge,6672,2010-10-31T13:00:00,2010-11-03T23:00:00,28,82.0
pm25,extratrees,6672,2010-10-31T13:00:00,2010-11-03T23:00:00,28,82.0
pm25,lightgbm,7128,2010-11-21T19:00:00,2010-11-23T01:00:00,28,30.0
pm25,ridge,7128,2010-11-21T19:00:00,2010-11-23T01:00:00,28,30.0
pm25,extratrees,7128,2010-11-21T19:00:00,2010-11-23T01:00:00,28,30.0
pm25,lightgbm,8064,2010-12-30T21:00:00,2011-01-02T01:00:00,28,52.0
pm25,ridge,8064,2010-12-30T21:00:00,2011-01-02T01:00:00,28,52.0
pm25,extratrees,8064,2010-12-30T21:00:00,2011-01-02T01:00:00,28,52.0
pm25,lightgbm,8088,2010-12-31T21:00:00,2011-01-03T01:00:00,28,52.0
pm25,ridge,8088,2010-12-31T21:00:00,2011-01-03T01:00:00,28,52.0
pm25,extratrees,8088,2010-12-31T21:00:00,2011-01-03T01:00:00,28,52.0
pm25,lightgbm,8232,2011-01-07T21:00:00,2011-01-11T01:00:00,28,76.0
pm25,ridge,8232,2011-01-07T21:00:00,2011-01-11T01:00:00,28,76.0
pm25,extratrees,8232,2011-01-07T21:00:00,2011-01-11T01:00:00,28,76.0
pm25,lightgbm,504,2010-01-23T00:00:00,2010-01-27T00:00:00,29,96.0
pm25,ridge,504,2010-01-23T00:00:00,2010-01-27T00:00:00,29,96.0
pm25,extratrees,504,2010-01-23T00:00:00,2010-01-27T00:00:00,29,96.0
pm25,lightgbm,960,2010-02-13T19:00:00,2010-02-15T01:00:00,29,30.0
pm25,ridge,960,2010-02-13T19:00:00,2010-02-15T01:00:00,29,30.0
pm25,extratrees,960,2010-02-13T19:00:00,2010-02-15T01:00:00,29,30.0
pm25,lightgbm,1776,2010-03-19T20:00:00,2010-03-21T03:00:00,29,31.0
pm25,ridge,1776,2010-03-19T20:00:00,2010-03-21T03:00:00,29,31.0
pm25,extratrees,1776,2010-03-19T20:00:00,2010-03-21T03:00:00,29,31.0
pm25,lightgbm,1824,2010-03-21T22:00:00,2010-03-23T04:00:00,29,30.0
pm25,ridge,1824,2010-03-21T22:00:00,2010-03-23T04:00:00,29,30.0
pm25,extratrees,1824,2010-03-21T22:00:00,2010-03-23T04:00:00,29,30.0
pm25,lightgbm,1848,2010-03-22T22:00:00,2010-03-24T04:00:00,29,30.0
pm25,ridge,1848,2010-03-22T22:00:00,2010-03-24T04:00:00,29,30.0
pm25,extratrees,1848,2010-03-22T22:00:00,2010-03-24T04:00:00,29,30.0
pm25,lightgbm,2016,2010-03-29T23:00:00,2010-04-01T14:00:00,29,63.0
pm25,ridge,2016,2010-03-29T23:00:00,2010-04-01T14:00:00,29,63.0
pm25,extratrees,2016,2010-03-29T23:00:00,2010-04-01T14:00:00,29,63.0
pm25,lightgbm,2040,2010-04-01T07:00:00,2010-04-02T14:00:00,29,31.0
pm25,ridge,2040,2010-04-01T07:00:00,2010-04-02T14:00:00,29,31.0
pm25,extratrees,2040,2010-04-01T07:00:00,2010-04-02T14:00:00,29,31.0
pm25,lightgbm,3144,2010-05-17T09:00:00,2010-05-18T16:00:00,29,31.0
pm25,ridge,3144,2010-05-17T09:00:00,2010-05-18T16:00:00,29,31.0
pm25,extratrees,3144,2010-05-17T09:00:00,2010-05-18T16:00:00,29,31.0
pm25,lightgbm,3384,2010-05-27T11:00:00,2010-05-28T21:00:00,29,34.0
pm25,ridge,3384,2010-05-27T11:00:00,2010-05-28T21:00:00,29,34.0
pm25,extratrees,3384,2010-05-27T11:00:00,2010-05-28T21:00:00,29,34.0
pm25,lightgbm,3480,2010-05-31T16:00:00,2010-06-02T17:00:00,29,49.0
pm25,ridge,3480,2010-05-31T16:00:00,2010-06-02T17:00:00,29,49.0
pm25,extratrees,3480,2010-05-31T16:00:00,2010-06-02T17:00:00,29,49.0
pm25,lightgbm,3504,2010-06-01T17:00:00,2010-06-03T17:00:00,29,48.0
pm25,ridge,3504,2010-06-01T17:00:00,2010-06-03T17:00:00,29,48.0
pm25,extratrees,3504,2010-06-01T17:00:00,2010-06-03T17:00:00,29,48.0
pm25,lightgbm,3528,2010-06-03T12:00:00,2010-06-07T17:00:00,29,101.0
pm25,ridge,3528,2010-06-03T12:00:00,2010-06-07T17:00:00,29,101.0
pm25,extratrees,3528,2010-06-03T12:00:00,2010-06-07T17:00:00,29,101.0
pm25,lightgbm,3552,2010-06-07T12:00:00,2010-06-10T06:00:00,29,66.0
pm25,ridge,3552,2010-06-07T12:00:00,2010-06-10T06:00:00,29,66.0
pm25,extratrees,3552,2010-06-07T12:00:00,2010-06-10T06:00:00,29,66.0
pm25,lightgbm,3816,2010-06-20T01:00:00,2010-06-21T08:00:00,29,31.0
pm25,ridge,3816,2010-06-20T01:00:00,2010-06-21T08:00:00,29,31.0
pm25,extratrees,3816,2010-06-20T01:00:00,2010-06-21T08:00:00,29,31.0
pm25,lightgbm,3864,2010-06-22T03:00:00,2010-06-24T08:00:00,29,53.0
pm25,ridge,3864,2010-06-22T03:00:00,2010-06-24T08:00:00,29,53.0
pm25,extratrees,3864,2010-06-22T03:00:00,2010-06-24T08:00:00,29,53.0
pm25,lightgbm,5088,2010-08-13T03:00:00,2010-08-17T04:00:00,29,97.0
pm25,ridge,5088,2010-08-13T03:00:00,2010-08-17T04:00:00,29,97.0
pm25,extratrees,5088,2010-08-13T03:00:00,2010-08-17T04:00:00,29,97.0
pm25,lightgbm,5712,2010-09-10T23:00:00,2010-09-12T20:00:00,29,45.0
pm25,ridge,5712,2010-09-10T23:00:00,2010-09-12T20:00:00,29,45.0
pm25,extratrees,5712,2010-09-10T23:00:00,2010-09-12T20:00:00,29,45.0
pm25,lightgbm,5880,2010-09-18T15:00:00,2010-09-20T01:00:00,29,34.0
pm25,ridge,5880,2010-09-18T15:00:00,2010-09-20T01:00:00,29,34.0
pm25,extratrees,5880,2010-09-18T15:00:00,2010-09-20T01:00:00,29,34.0
pm25,lightgbm,5904,2010-09-19T15:00:00,2010-09-21T01:00:00,29,34.0
pm25,ridge,5904,2010-09-19T15:00:00,2010-09-21T01:00:00,29,34.0
pm25,extratrees,5904,2010-09-19T15:00:00,2010-09-21T01:00:00,29,34.0
pm25,lightgbm,5928,2010-09-20T20:00:00,2010-10-01T16:00:00,29,260.0
pm25,ridge,5928,2010-09-20T20:00:00,2010-10-01T16:00:00,29,260.0
pm25,extratrees,5928,2010-09-20T20:00:00,2010-10-01T16:00:00,29,260.0
pm25,lightgbm,6192,2010-10-11T11:00:00,2010-10-12T18:00:00,29,31.0
pm25,ridge,6192,2010-10-11T11:00:00,2010-10-12T18:00:00,29,31.0
pm25,extratrees,6192,2010-10-11T11:00:00,2010-10-12T18:00:00,29,31.0
pm25,lightgbm,6216,2010-10-12T11:00:00,2010-10-13T18:00:00,29,31.0
pm25,ridge,6216,2010-10-12T11:00:00,2010-10-13T18:00:00,29,31.0
pm25,extratrees,6216,2010-10-12T11:00:00,2010-10-13T18:00:00,29,31.0
pm25,lightgbm,6672,2010-10-31T13:00:00,2010-11-04T00:00:00,29,83.0
pm25,ridge,6672,2010-10-31T13:00:00,2010-11-04T00:00:00,29,83.0
pm25,extratrees,6672,2010-10-31T13:00:00,2010-11-04T00:00:00,29,83.0
pm25,lightgbm,7128,2010-11-21T19:00:00,2010-11-23T02:00:00,29,31.0
pm25,ridge,7128,2010-11-21T19:00:00,2010-11-23T02:00:00,29,31.0
pm25,extratrees,7128,2010-11-21T19:00:00,2010-11-23T02:00:00,29,31.0
pm25,lightgbm,8064,2010-12-30T21:00:00,2011-01-02T02:00:00,29,53.0
pm25,ridge,8064,2010-12-30T21:00:00,2011-01-02T02:00:00,29,53.0
pm25,extratrees,8064,2010-12-30T21:00:00,2011-01-02T02:00:00,29,53.0
pm25,lightgbm,8088,2010-12-31T21:00:00,2011-01-03T02:00:00,29,53.0
pm25,ridge,8088,2010-12-31T21:00:00,2011-01-03T02:00:00,29,53.0
pm25,extratrees,8088,2010-12-31T21:00:00,2011-01-03T02:00:00,29,53.0
pm25,lightgbm,8232,2011-01-07T21:00:00,2011-01-11T02:00:00,29,77.0
pm25,ridge,8232,2011-01-07T21:00:00,2011-01-11T02:00:00,29,77.0
pm25,extratrees,8232,2011-01-07T21:00:00,2011-01-11T02:00:00,29,77.0
pm25,lightgbm,504,2010-01-23T00:00:00,2010-01-27T01:00:00,30,97.0
pm25,ridge,504,2010-01-23T00:00:00,2010-01-27T01:00:00,30,97.0
pm25,extratrees,504,2010-01-23T00:00:00,2010-01-27T01:00:00,30,97.0
pm25,lightgbm,960,2010-02-13T19:00:00,2010-02-15T02:00:00,30,31.0
pm25,ridge,960,2010-02-13T19:00:00,2010-02-15T02:00:00,30,31.0
pm25,extratrees,960,2010-02-13T19:00:00,2010-02-15T02:00:00,30,31.0
pm25,lightgbm,1776,2010-03-19T20:00:00,2010-03-21T04:00:00,30,32.0
pm25,ridge,1776,2010-03-19T20:00:00,2010-03-21T04:00:00,30,32.0
pm25,extratrees,1776,2010-03-19T20:00:00,2010-03-21T04:00:00,30,32.0
pm25,lightgbm,1824,2010-03-21T22:00:00,2010-03-23T05:00:00,30,31.0
pm25,ridge,1824,2010-03-21T22:00:00,2010-03-23T05:00:00,30,31.0
pm25,extratrees,1824,2010-03-21T22:00:00,2010-03-23T05:00:00,30,31.0
pm25,lightgbm,1848,2010-03-22T22:00:00,2010-03-24T05:00:00,30,31.0
pm25,ridge,1848,2010-03-22T22:00:00,2010-03-24T05:00:00,30,31.0
pm25,extratrees,1848,2010-03-22T22:00:00,2010-03-24T05:00:00,30,31.0
pm25,lightgbm,2016,2010-03-29T23:00:00,2010-04-01T15:00:00,30,64.0
pm25,ridge,2016,2010-03-29T23:00:00,2010-04-01T15:00:00,30,64.0
pm25,extratrees,2016,2010-03-29T23:00:00,2010-04-01T15:00:00,30,64.0
pm25,lightgbm,2040,2010-04-01T07:00:00,2010-04-02T15:00:00,30,32.0
pm25,ridge,2040,2010-04-01T07:00:00,2010-04-02T15:00:00,30,32.0
pm25,extratrees,2040,2010-04-01T07:00:00,2010-04-02T15:00:00,30,32.0
pm25,lightgbm,3144,2010-05-17T09:00:00,2010-05-18T17:00:00,30,32.0
pm25,ridge,3144,2010-05-17T09:00:00,2010-05-18T17:00:00,30,32.0
pm25,extratrees,3144,2010-05-17T09:00:00,2010-05-18T17:00:00,30,32.0
pm25,lightgbm,3384,2010-05-27T11:00:00,2010-05-28T22:00:00,30,35.0
pm25,ridge,3384,2010-05-27T11:00:00,2010-05-28T22:00:00,30,35.0
pm25,extratrees,3384,2010-05-27T11:00:00,2010-05-28T22:00:00,30,35.0
pm25,lightgbm,3480,2010-05-31T16:00:00,2010-06-02T18:00:00,30,50.0
pm25,ridge,3480,2010-05-31T16:00:00,2010-06-02T18:00:00,30,50.0
pm25,extratrees,3480,2010-05-31T16:00:00,2010-06-02T18:00:00,30,50.0
pm25,lightgbm,3504,2010-06-01T17:00:00,2010-06-03T18:00:00,30,49.0
pm25,ridge,3504,2010-06-01T17:00:00,2010-06-03T18:00:00,30,49.0
pm25,extratrees,3504,2010-06-01T17:00:00,2010-06-03T18:00:00,30,49.0
pm25,lightgbm,3528,2010-06-03T12:00:00,2010-06-07T18:00:00,30,102.0
pm25,ridge,3528,2010-06-03T12:00:00,2010-06-07T18:00:00,30,102.0
pm25,extratrees,3528,2010-06-03T12:00:00,2010-06-07T18:00:00,30,102.0
pm25,lightgbm,3552,2010-06-07T12:00:00,2010-06-10T07:00:00,30,67.0
pm25,ridge,3552,2010-06-07T12:00:00,2010-06-10T07:00:00,30,67.0
pm25,extratrees,3552,2010-06-07T12:00:00,2010-06-10T07:00:00,30,67.0
pm25,lightgbm,3816,2010-06-20T01:00:00,2010-06-21T09:00:00,30,32.0
pm25,ridge,3816,2010-06-20T01:00:00,2010-06-21T09:00:00,30,32.0
pm25,extratrees,3816,2010-06-20T01:00:00,2010-06-21T09:00:00,30,32.0
pm25,lightgbm,3864,2010-06-22T03:00:00,2010-06-24T09:00:00,30,54.0
pm25,ridge,3864,2010-06-22T03:00:00,2010-06-24T09:00:00,30,54.0
pm25,extratrees,3864,2010-06-22T03:00:00,2010-06-24T09:00:00,30,54.0
pm25,lightgbm,5088,2010-08-13T03:00:00,2010-08-17T05:00:00,30,98.0
pm25,ridge,5088,2010-08-13T03:00:00,2010-08-17T05:00:00,30,98.0
pm25,extratrees,5088,2010-08-13T03:00:00,2010-08-17T05:00:00,30,98.0
pm25,lightgbm,5712,2010-09-10T23:00:00,2010-09-12T21:00:00,30,46.0
pm25,ridge,5712,2010-09-10T23:00:00,2010-09-12T21:00:00,30,46.0
pm25,extratrees,5712,2010-09-10T23:00:00,2010-09-12T21:00:00,30,46.0
pm25,lightgbm,5880,2010-09-18T15:00:00,2010-09-20T02:00:00,30,35.0
pm25,ridge,5880,2010-09-18T15:00:00,2010-09-20T02:00:00,30,35.0
pm25,extratrees,5880,2010-09-18T15:00:00,2010-09-20T02:00:00,30,35.0
pm25,lightgbm,5904,2010-09-19T15:00:00,2010-09-21T02:00:00,30,35.0
pm25,ridge,5904,2010-09-19T15:00:00,2010-09-21T02:00:00,30,35.0
pm25,extratrees,5904,2010-09-19T15:00:00,2010-09-21T02:00:00,30,35.0
pm25,lightgbm,5928,2010-09-20T20:00:00,2010-10-01T17:00:00,30,261.0
pm25,ridge,5928,2010-09-20T20:00:00,2010-10-01T17:00:00,30,261.0
pm25,extratrees,5928,2010-09-20T20:00:00,2010-10-01T17:00:00,30,261.0
pm25,lightgbm,6192,2010-10-11T11:00:00,2010-10-12T19:00:00,30,32.0
pm25,ridge,6192,2010-10-11T11:00:00,2010-10-12T19:00:00,30,32.0
pm25,extratrees,6192,2010-10-11T11:00:00,2010-10-12T19:00:00,30,32.0
pm25,lightgbm,6216,2010-10-12T11:00:00,2010-10-13T19:00:00,30,32.0
pm25,ridge,6216,2010-10-12T11:00:00,2010-10-13T19:00:00,30,32.0
pm25,extratrees,6216,2010-10-12T11:00:00,2010-10-13T19:00:00,30,32.0
pm25,lightgbm,6672,2010-10-31T13:00:00,2010-11-04T01:00:00,30,84.0
pm25,ridge,6672,2010-10-31T13:00:00,2010-11-04T01:00:00,30,84.0
pm25,extratrees,6672,2010-10-31T13:00:00,2010-11-04T01:00:00,30,84.0
pm25,lightgbm,7128,2010-11-21T19:00:00,2010-11-23T03:00:00,30,32.0
pm25,ridge,7128,2010-11-21T19:00:00,2010-11-23T03:00:00,30,32.0
pm25,extratrees,7128,2010-11-21T19:00:00,2010-11-23T03:00:00,30,32.0
pm25,lightgbm,8064,2010-12-30T21:00:00,2011-01-02T03:00:00,30,54.0
pm25,ridge,8064,2010-12-30T21:00:00,2011-01-02T03:00:00,30,54.0
pm25,extratrees,8064,2010-12-30T21:00:00,2011-01-02T03:00:00,30,54.0
pm25,lightgbm,8088,2010-12-31T21:00:00,2011-01-03T03:00:00,30,54.0
pm25,ridge,8088,2010-12-31T21:00:00,2011-01-03T03:00:00,30,54.0
pm25,extratrees,8088,2010-12-31T21:00:00,2011-01-03T03:00:00,30,54.0
pm25,lightgbm,8232,2011-01-07T21:00:00,2011-01-11T03:00:00,30,78.0
pm25,ridge,8232,2011-01-07T21:00:00,2011-01-11T03:00:00,30,78.0
pm25,extratrees,8232,2011-01-07T21:00:00,2011-01-11T03:00:00,30,78.0
pm25,lightgbm,504,2010-01-23T00:00:00,2010-01-27T02:00:00,31,98.0
pm25,ridge,504,2010-01-23T00:00:00,2010-01-27T02:00:00,31,98.0
pm25,extratrees,504,2010-01-23T00:00:00,2010-01-27T02:00:00,31,98.0
pm25,lightgbm,936,2010-02-12T19:00:00,2010-02-14T03:00:00,31,32.0
pm25,ridge,936,2010-02-12T19:00:00,2010-02-14T03:00:00,31,32.0
pm25,extratrees,936,2010-02-12T19:00:00,2010-02-14T03:00:00,31,32.0
pm25,lightgbm,960,2010-02-13T19:00:00,2010-02-15T03:00:00,31,32.0
pm25,ridge,960,2010-02-13T19:00:00,2010-02-15T03:00:00,31,32.0
pm25,extratrees,960,2010-02-13T19:00:00,2010-02-15T03:00:00,31,32.0
pm25,lightgbm,1776,2010-03-19T20:00:00,2010-03-21T05:00:00,31,33.0
pm25,ridge,1776,2010-03-19T20:00:00,2010-03-21T05:00:00,31,33.0
pm25,extratrees,1776,2010-03-19T20:00:00,2010-03-21T05:00:00,31,33.0
pm25,lightgbm,1824,2010-03-21T22:00:00,2010-03-23T06:00:00,31,32.0
pm25,ridge,1824,2010-03-21T22:00:00,2010-03-23T06:00:00,31,32.0
pm25,extratrees,1824,2010-03-21T22:00:00,2010-03-23T06:00:00,31,32.0
pm25,lightgbm,1848,2010-03-22T22:00:00,2010-03-24T06:00:00,31,32.0
pm25,ridge,1848,2010-03-22T22:00:00,2010-03-24T06:00:00,31,32.0
pm25,extratrees,1848,2010-03-22T22:00:00,2010-03-24T06:00:00,31,32.0
pm25,lightgbm,1992,2010-03-28T23:00:00,2010-03-30T13:00:00,31,38.0
pm25,ridge,1992,2010-03-28T23:00:00,2010-03-30T13:00:00,31,38.0
pm25,extratrees,1992,2010-03-28T23:00:00,2010-03-30T13:00:00,31,38.0
pm25,lightgbm,2016,2010-03-29T23:00:00,2010-04-01T16:00:00,31,65.0
pm25,ridge,2016,2010-03-29T23:00:00,2010-04-01T16:00:00,31,65.0
pm25,extratrees,2016,2010-03-29T23:00:00,2010-04-01T16:00:00,31,65.0
pm25,lightgbm,2040,2010-04-01T07:00:00,2010-04-02T16:00:00,31,33.0
pm25,ridge,2040,2010-04-01T07:00:00,2010-04-02T16:00:00,31,33.0
pm25,extratrees,2040,2010-04-01T07:00:00,2010-04-02T16:00:00,31,33.0
pm25,lightgbm,3144,2010-05-17T09:00:00,2010-05-18T18:00:00,31,33.0
pm25,ridge,3144,2010-05-17T09:00:00,2010-05-18T18:00:00,31,33.0
pm25,extratrees,3144,2010-05-17T09:00:00,2010-05-18T18:00:00,31,33.0
pm25,lightgbm,3384,2010-05-27T11:00:00,2010-05-28T23:00:00,31,36.0
pm25,ridge,3384,2010-05-27T11:00:00,2010-05-28T23:00:00,31,36.0
pm25,extratrees,3384,2010-05-27T11:00:00,2010-05-28T23:00:00,31,36.0
pm25,lightgbm,3480,2010-05-31T16:00:00,2010-06-02T19:00:00,31,51.0
pm25,ridge,3480,2010-05-31T16:00:00,2010-06-02T19:00:00,31,51.0
pm25,extratrees,3480,2010-05-31T16:00:00,2010-06-02T19:00:00,31,51.0
pm25,lightgbm,3504,2010-06-01T17:00:00,2010-06-03T19:00:00,31,50.0
pm25,ridge,3504,2010-06-01T17:00:00,2010-06-03T19:00:00,31,50.0
pm25,extratrees,3504,2010-06-01T17:00:00,2010-06-03T19:00:00,31,50.0
pm25,lightgbm,3528,2010-06-03T12:00:00,2010-06-07T19:00:00,31,103.0
pm25,ridge,3528,2010-06-03T12:00:00,2010-06-07T19:00:00,31,103.0
pm25,extratrees,3528,2010-06-03T12:00:00,2010-06-07T19:00:00,31,103.0
pm25,lightgbm,3552,2010-06-07T12:00:00,2010-06-10T08:00:00,31,68.0
pm25,ridge,3552,2010-06-07T12:00:00,2010-06-10T08:00:00,31,68.0
pm25,extratrees,3552,2010-06-07T12:00:00,2010-06-10T08:00:00,31,68.0
pm25,lightgbm,3792,2010-06-19T01:00:00,2010-06-20T10:00:00,31,33.0
pm25,ridge,3792,2010-06-19T01:00:00,2010-06-20T10:00:00,31,33.0
pm25,extratrees,3792,2010-06-19T01:00:00,2010-06-20T10:00:00,31,33.0
pm25,lightgbm,3816,2010-06-20T01:00:00,2010-06-21T10:00:00,31,33.0
pm25,ridge,3816,2010-06-20T01:00:00,2010-06-21T10:00:00,31,33.0
pm25,extratrees,3816,2010-06-20T01:00:00,2010-06-21T10:00:00,31,33.0
pm25,lightgbm,3840,2010-06-21T03:00:00,2010-06-23T10:00:00,31,55.0
pm25,ridge,3840,2010-06-21T03:00:00,2010-06-23T10:00:00,31,55.0
pm25,extratrees,3840,2010-06-21T03:00:00,2010-06-23T10:00:00,31,55.0
pm25,lightgbm,3864,2010-06-22T03:00:00,2010-06-24T10:00:00,31,55.0
pm25,ridge,3864,2010-06-22T03:00:00,2010-06-24T10:00:00,31,55.0
pm25,extratrees,3864,2010-06-22T03:00:00,2010-06-24T10:00:00,31,55.0
pm25,lightgbm,5088,2010-08-13T03:00:00,2010-08-17T06:00:00,31,99.0
pm25,ridge,5088,2010-08-13T03:00:00,2010-08-17T06:00:00,31,99.0
pm25,extratrees,5088,2010-08-13T03:00:00,2010-08-17T06:00:00,31,99.0
pm25,lightgbm,5688,2010-09-09T23:00:00,2010-09-11T22:00:00,31,47.0
pm25,ridge,5688,2010-09-09T23:00:00,2010-09-11T22:00:00,31,47.0
pm25,extratrees,5688,2010-09-09T23:00:00,2010-09-11T22:00:00,31,47.0
pm25,lightgbm,5712,2010-09-10T23:00:00,2010-09-12T22:00:00,31,47.0
pm25,ridge,5712,2010-09-10T23:00:00,2010-09-12T22:00:00,31,47.0
pm25,extratrees,5712,2010-09-10T23:00:00,2010-09-12T22:00:00,31,47.0
pm25,lightgbm,5880,2010-09-18T15:00:00,2010-09-20T03:00:00,31,36.0
pm25,ridge,5880,2010-09-18T15:00:00,2010-09-20T03:00:00,31,36.0
pm25,extratrees,5880,2010-09-18T15:00:00,2010-09-20T03:00:00,31,36.0
pm25,lightgbm,5904,2010-09-19T15:00:00,2010-09-21T03:00:00,31,36.0
pm25,ridge,5904,2010-09-19T15:00:00,2010-09-21T03:00:00,31,36.0
pm25,extratrees,5904,2010-09-19T15:00:00,2010-09-21T03:00:00,31,36.0
pm25,lightgbm,5928,2010-09-20T20:00:00,2010-10-01T18:00:00,31,262.0
pm25,ridge,5928,2010-09-20T20:00:00,2010-10-01T18:00:00,31,262.0
pm25,extratrees,5928,2010-09-20T20:00:00,2010-10-01T18:00:00,31,262.0
pm25,lightgbm,6192,2010-10-11T11:00:00,2010-10-12T20:00:00,31,33.0
pm25,ridge,6192,2010-10-11T11:00:00,2010-10-12T20:00:00,31,33.0
pm25,extratrees,6192,2010-10-11T11:00:00,2010-10-12T20:00:00,31,33.0
pm25,lightgbm,6216,2010-10-12T11:00:00,2010-10-13T20:00:00,31,33.0
pm25,ridge,6216,2010-10-12T11:00:00,2010-10-13T20:00:00,31,33.0
pm25,extratrees,6216,2010-10-12T11:00:00,2010-10-13T20:00:00,31,33.0
pm25,lightgbm,6672,2010-10-31T13:00:00,2010-11-04T02:00:00,31,85.0
pm25,ridge,6672,2010-10-31T13:00:00,2010-11-04T02:00:00,31,85.0
pm25,extratrees,6672,2010-10-31T13:00:00,2010-11-04T02:00:00,31,85.0
pm25,lightgbm,7128,2010-11-21T19:00:00,2010-11-23T04:00:00,31,33.0
pm25,ridge,7128,2010-11-21T19:00:00,2010-11-23T04:00:00,31,33.0
pm25,extratrees,7128,2010-11-21T19:00:00,2010-11-23T04:00:00,31,33.0
pm25,lightgbm,8064,2010-12-30T21:00:00,2011-01-02T04:00:00,31,55.0
pm25,ridge,8064,2010-12-30T21:00:00,2011-01-02T04:00:00,31,55.0
pm25,extratrees,8064,2010-12-30T21:00:00,2011-01-02T04:00:00,31,55.0
pm25,lightgbm,8088,2010-12-31T21:00:00,2011-01-03T04:00:00,31,55.0
pm25,ridge,8088,2010-12-31T21:00:00,2011-01-03T04:00:00,31,55.0
pm25,extratrees,8088,2010-12-31T21:00:00,2011-01-03T04:00:00,31,55.0
pm25,lightgbm,8232,2011-01-07T21:00:00,2011-01-11T04:00:00,31,79.0
pm25,ridge,8232,2011-01-07T21:00:00,2011-01-11T04:00:00,31,79.0
pm25,extratrees,8232,2011-01-07T21:00:00,2011-01-11T04:00:00,31,79.0
pm25,lightgbm,504,2010-01-23T00:00:00,2010-01-27T03:00:00,32,99.0
pm25,ridge,504,2010-01-23T00:00:00,2010-01-27T03:00:00,32,99.0
pm25,extratrees,504,2010-01-23T00:00:00,2010-01-27T03:00:00,32,99.0
pm25,lightgbm,936,2010-02-12T19:00:00,2010-02-14T04:00:00,32,33.0
pm25,ridge,936,2010-02-12T19:00:00,2010-02-14T04:00:00,32,33.0
pm25,extratrees,936,2010-02-12T19:00:00,2010-02-14T04:00:00,32,33.0
pm25,lightgbm,960,2010-02-13T19:00:00,2010-02-15T04:00:00,32,33.0
pm25,ridge,960,2010-02-13T19:00:00,2010-02-15T04:00:00,32,33.0
pm25,extratrees,960,2010-02-13T19:00:00,2010-02-15T04:00:00,32,33.0
pm25,lightgbm,1776,2010-03-19T20:00:00,2010-03-21T06:00:00,32,34.0
pm25,ridge,1776,2010-03-19T20:00:00,2010-03-21T06:00:00,32,34.0
pm25,extratrees,1776,2010-03-19T20:00:00,2010-03-21T06:00:00,32,34.0
pm25,lightgbm,1824,2010-03-21T22:00:00,2010-03-23T07:00:00,32,33.0
pm25,ridge,1824,2010-03-21T22:00:00,2010-03-23T07:00:00,32,33.0
pm25,extratrees,1824,2010-03-21T22:00:00,2010-03-23T07:00:00,32,33.0
pm25,lightgbm,1848,2010-03-22T22:00:00,2010-03-24T07:00:00,32,33.0
pm25,ridge,1848,2010-03-22T22:00:00,2010-03-24T07:00:00,32,33.0
pm25,extratrees,1848,2010-03-22T22:00:00,2010-03-24T07:00:00,32,33.0
pm25,lightgbm,1992,2010-03-28T23:00:00,2010-03-31T07:00:00,32,56.0
pm25,ridge,1992,2010-03-28T23:00:00,2010-03-31T07:00:00,32,56.0
pm25,extratrees,1992,2010-03-28T23:00:00,2010-03-31T07:00:00,32,56.0
pm25,lightgbm,2016,2010-03-29T23:00:00,2010-04-01T17:00:00,32,66.0
pm25,ridge,2016,2010-03-29T23:00:00,2010-04-01T17:00:00,32,66.0
pm25,extratrees,2016,2010-03-29T23:00:00,2010-04-01T17:00:00,32,66.0
pm25,lightgbm,2040,2010-04-01T07:00:00,2010-04-02T17:00:00,32,34.0
pm25,ridge,2040,2010-04-01T07:00:00,2010-04-02T17:00:00,32,34.0
pm25,extratrees,2040,2010-04-01T07:00:00,2010-04-02T17:00:00,32,34.0
pm25,lightgbm,3120,2010-05-16T09:00:00,2010-05-17T19:00:00,32,34.0
pm25,ridge,3120,2010-05-16T09:00:00,2010-05-17T19:00:00,32,34.0
pm25,extratrees,3120,2010-05-16T09:00:00,2010-05-17T19:00:00,32,34.0
pm25,lightgbm,3144,2010-05-17T09:00:00,2010-05-18T19:00:00,32,34.0
pm25,ridge,3144,2010-05-17T09:00:00,2010-05-18T19:00:00,32,34.0
pm25,extratrees,3144,2010-05-17T09:00:00,2010-05-18T19:00:00,32,34.0
pm25,lightgbm,3360,2010-05-26T11:00:00,2010-05-28T00:00:00,32,37.0
pm25,ridge,3360,2010-05-26T11:00:00,2010-05-28T00:00:00,32,37.0
pm25,extratrees,3360,2010-05-26T11:00:00,2010-05-28T00:00:00,32,37.0
pm25,lightgbm,3384,2010-05-27T11:00:00,2010-05-29T00:00:00,32,37.0
pm25,ridge,3384,2010-05-27T11:00:00,2010-05-29T00:00:00,32,37.0
pm25,extratrees,3384,2010-05-27T11:00:00,2010-05-29T00:00:00,32,37.0
pm25,lightgbm,3480,2010-05-31T16:00:00,2010-06-02T20:00:00,32,52.0
pm25,ridge,3480,2010-05-31T16:00:00,2010-06-02T20:00:00,32,52.0
pm25,extratrees,3480,2010-05-31T16:00:00,2010-06-02T20:00:00,32,52.0
pm25,lightgbm,3504,2010-06-01T17:00:00,2010-06-03T20:00:00,32,51.0
pm25,ridge,3504,2010-06-01T17:00:00,2010-06-03T20:00:00,32,51.0
pm25,extratrees,3504,2010-06-01T17:00:00,2010-06-03T20:00:00,32,51.0
pm25,lightgbm,3528,2010-06-03T12:00:00,2010-06-07T20:00:00,32,104.0
pm25,ridge,3528,2010-06-03T12:00:00,2010-06-07T20:00:00,32,104.0
pm25,extratrees,3528,2010-06-03T12:00:00,2010-06-07T20:00:00,32,104.0
pm25,lightgbm,3552,2010-06-07T12:00:00,2010-06-10T09:00:00,32,69.0
pm25,ridge,3552,2010-06-07T12:00:00,2010-06-10T09:00:00,32,69.0
pm25,extratrees,3552,2010-06-07T12:00:00,2010-06-10T09:00:00,32,69.0
pm25,lightgbm,3792,2010-06-19T01:00:00,2010-06-20T11:00:00,32,34.0
pm25,ridge,3792,2010-06-19T01:00:00,2010-06-20T11:00:00,32,34.0
pm25,extratrees,3792,2010-06-19T01:00:00,2010-06-20T11:00:00,32,34.0
pm25,lightgbm,3816,2010-06-20T01:00:00,2010-06-21T11:00:00,32,34.0
pm25,ridge,3816,2010-06-20T01:00:00,2010-06-21T11:00:00,32,34.0
pm25,extratrees,3816,2010-06-20T01:00:00,2010-06-21T11:00:00,32,34.0
pm25,lightgbm,3840,2010-06-21T03:00:00,2010-06-23T11:00:00,32,56.0
pm25,ridge,3840,2010-06-21T03:00:00,2010-06-23T11:00:00,32,56.0
pm25,extratrees,3840,2010-06-21T03:00:00,2010-06-23T11:00:00,32,56.0
pm25,lightgbm,3864,2010-06-22T03:00:00,2010-06-24T11:00:00,32,56.0
pm25,ridge,3864,2010-06-22T03:00:00,2010-06-24T11:00:00,32,56.0
pm25,extratrees,3864,2010-06-22T03:00:00,2010-06-24T11:00:00,32,56.0
pm25,lightgbm,5088,2010-08-13T03:00:00,2010-08-17T07:00:00,32,100.0
pm25,ridge,5088,2010-08-13T03:00:00,2010-08-17T07:00:00,32,100.0
pm25,extratrees,5088,2010-08-13T03:00:00,2010-08-17T07:00:00,32,100.0
pm25,lightgbm,5688,2010-09-09T23:00:00,2010-09-11T23:00:00,32,48.0
pm25,ridge,5688,2010-09-09T23:00:00,2010-09-11T23:00:00,32,48.0
pm25,extratrees,5688,2010-09-09T23:00:00,2010-09-11T23:00:00,32,48.0
pm25,lightgbm,5712,2010-09-10T23:00:00,2010-09-12T23:00:00,32,48.0
pm25,ridge,5712,2010-09-10T23:00:00,2010-09-12T23:00:00,32,48.0
pm25,extratrees,5712,2010-09-10T23:00:00,2010-09-12T23:00:00,32,48.0
pm25,lightgbm,5880,2010-09-18T15:00:00,2010-09-20T04:00:00,32,37.0
pm25,ridge,5880,2010-09-18T15:00:00,2010-09-20T04:00:00,32,37.0
pm25,extratrees,5880,2010-09-18T15:00:00,2010-09-20T04:00:00,32,37.0
pm25,lightgbm,5904,2010-09-19T15:00:00,2010-09-21T04:00:00,32,37.0
pm25,ridge,5904,2010-09-19T15:00:00,2010-09-21T04:00:00,32,37.0
pm25,extratrees,5904,2010-09-19T15:00:00,2010-09-21T04:00:00,32,37.0
pm25,lightgbm,5928,2010-09-20T20:00:00,2010-10-01T19:00:00,32,263.0
pm25,ridge,5928,2010-09-20T20:00:00,2010-10-01T19:00:00,32,263.0
pm25,extratrees,5928,2010-09-20T20:00:00,2010-10-01T19:00:00,32,263.0
pm25,lightgbm,6192,2010-10-11T11:00:00,2010-10-12T21:00:00,32,34.0
pm25,ridge,6192,2010-10-11T11:00:00,2010-10-12T21:00:00,32,34.0
pm25,extratrees,6192,2010-10-11T11:00:00,2010-10-12T21:00:00,32,34.0
pm25,lightgbm,6216,2010-10-12T11:00:00,2010-10-13T21:00:00,32,34.0
pm25,ridge,6216,2010-10-12T11:00:00,2010-10-13T21:00:00,32,34.0
pm25,extratrees,6216,2010-10-12T11:00:00,2010-10-13T21:00:00,32,34.0
pm25,lightgbm,6672,2010-10-31T13:00:00,2010-11-04T03:00:00,32,86.0
pm25,ridge,6672,2010-10-31T13:00:00,2010-11-04T03:00:00,32,86.0
pm25,extratrees,6672,2010-10-31T13:00:00,2010-11-04T03:00:00,32,86.0
pm25,lightgbm,7128,2010-11-21T19:00:00,2010-11-23T05:00:00,32,34.0
pm25,ridge,7128,2010-11-21T19:00:00,2010-11-23T05:00:00,32,34.0
pm25,extratrees,7128,2010-11-21T19:00:00,2010-11-23T05:00:00,32,34.0
pm25,lightgbm,8064,2010-12-30T21:00:00,2011-01-02T05:00:00,32,56.0
pm25,ridge,8064,2010-12-30T21:00:00,2011-01-02T05:00:00,32,56.0
pm25,extratrees,8064,2010-12-30T21:00:00,2011-01-02T05:00:00,32,56.0
pm25,lightgbm,8088,2010-12-31T21:00:00,2011-01-03T05:00:00,32,56.0
pm25,ridge,8088,2010-12-31T21:00:00,2011-01-03T05:00:00,32,56.0
pm25,extratrees,8088,2010-12-31T21:00:00,2011-01-03T05:00:00,32,56.0
pm25,lightgbm,8232,2011-01-07T21:00:00,2011-01-11T05:00:00,32,80.0
pm25,ridge,8232,2011-01-07T21:00:00,2011-01-11T05:00:00,32,80.0
pm25,extratrees,8232,2011-01-07T21:00:00,2011-01-11T05:00:00,32,80.0
pm25,lightgbm,504,2010-01-23T00:00:00,2010-01-27T04:00:00,33,100.0
pm25,ridge,504,2010-01-23T00:00:00,2010-01-27T04:00:00,33,100.0
pm25,extratrees,504,2010-01-23T00:00:00,2010-01-27T04:00:00,33,100.0
pm25,lightgbm,936,2010-02-12T19:00:00,2010-02-14T05:00:00,33,34.0
pm25,ridge,936,2010-02-12T19:00:00,2010-02-14T05:00:00,33,34.0
pm25,extratrees,936,2010-02-12T19:00:00,2010-02-14T05:00:00,33,34.0
pm25,lightgbm,960,2010-02-13T19:00:00,2010-02-15T05:00:00,33,34.0
pm25,ridge,960,2010-02-13T19:00:00,2010-02-15T05:00:00,33,34.0
pm25,extratrees,960,2010-02-13T19:00:00,2010-02-15T05:00:00,33,34.0
pm25,lightgbm,1752,2010-03-18T20:00:00,2010-03-20T07:00:00,33,35.0
pm25,ridge,1752,2010-03-18T20:00:00,2010-03-20T07:00:00,33,35.0
pm25,extratrees,1752,2010-03-18T20:00:00,2010-03-20T07:00:00,33,35.0
pm25,lightgbm,1776,2010-03-19T20:00:00,2010-03-21T07:00:00,33,35.0
pm25,ridge,1776,2010-03-19T20:00:00,2010-03-21T07:00:00,33,35.0
pm25,extratrees,1776,2010-03-19T20:00:00,2010-03-21T07:00:00,33,35.0
pm25,lightgbm,1824,2010-03-21T22:00:00,2010-03-23T08:00:00,33,34.0
pm25,ridge,1824,2010-03-21T22:00:00,2010-03-23T08:00:00,33,34.0
pm25,extratrees,1824,2010-03-21T22:00:00,2010-03-23T08:00:00,33,34.0
pm25,lightgbm,1848,2010-03-22T22:00:00,2010-03-24T08:00:00,33,34.0
pm25,ridge,1848,2010-03-22T22:00:00,2010-03-24T08:00:00,33,34.0
pm25,extratrees,1848,2010-03-22T22:00:00,2010-03-24T08:00:00,33,34.0
pm25,lightgbm,1992,2010-03-28T23:00:00,2010-03-31T08:00:00,33,57.0
pm25,ridge,1992,2010-03-28T23:00:00,2010-03-31T08:00:00,33,57.0
pm25,extratrees,1992,2010-03-28T23:00:00,2010-03-31T08:00:00,33,57.0
pm25,lightgbm,2016,2010-03-29T23:00:00,2010-04-01T18:00:00,33,67.0
pm25,ridge,2016,2010-03-29T23:00:00,2010-04-01T18:00:00,33,67.0
pm25,extratrees,2016,2010-03-29T23:00:00,2010-04-01T18:00:00,33,67.0
pm25,lightgbm,2040,2010-04-01T07:00:00,2010-04-02T18:00:00,33,35.0
pm25,ridge,2040,2010-04-01T07:00:00,2010-04-02T18:00:00,33,35.0
pm25,extratrees,2040,2010-04-01T07:00:00,2010-04-02T18:00:00,33,35.0
pm25,lightgbm,3120,2010-05-16T09:00:00,2010-05-17T20:00:00,33,35.0
pm25,ridge,3120,2010-05-16T09:00:00,2010-05-17T20:00:00,33,35.0
pm25,extratrees,3120,2010-05-16T09:00:00,2010-05-17T20:00:00,33,35.0
pm25,lightgbm,3144,2010-05-17T09:00:00,2010-05-18T20:00:00,33,35.0
pm25,ridge,3144,2010-05-17T09:00:00,2010-05-18T20:00:00,33,35.0
pm25,extratrees,3144,2010-05-17T09:00:00,2010-05-18T20:00:00,33,35.0
pm25,lightgbm,3360,2010-05-26T11:00:00,2010-05-28T01:00:00,33,38.0
pm25,ridge,3360,2010-05-26T11:00:00,2010-05-28T01:00:00,33,38.0
pm25,extratrees,3360,2010-05-26T11:00:00,2010-05-28T01:00:00,33,38.0
pm25,lightgbm,3384,2010-05-27T11:00:00,2010-05-29T01:00:00,33,38.0
pm25,ridge,3384,2010-05-27T11:00:00,2010-05-29T01:00:00,33,38.0
pm25,extratrees,3384,2010-05-27T11:00:00,2010-05-29T01:00:00,33,38.0
pm25,lightgbm,3480,2010-05-31T16:00:00,2010-06-02T21:00:00,33,53.0
pm25,ridge,3480,2010-05-31T16:00:00,2010-06-02T21:00:00,33,53.0
pm25,extratrees,3480,2010-05-31T16:00:00,2010-06-02T21:00:00,33,53.0
pm25,lightgbm,3504,2010-06-01T17:00:00,2010-06-03T21:00:00,33,52.0
pm25,ridge,3504,2010-06-01T17:00:00,2010-06-03T21:00:00,33,52.0
pm25,extratrees,3504,2010-06-01T17:00:00,2010-06-03T21:00:00,33,52.0
pm25,lightgbm,3528,2010-06-03T12:00:00,2010-06-07T21:00:00,33,105.0
pm25,ridge,3528,2010-06-03T12:00:00,2010-06-07T21:00:00,33,105.0
pm25,extratrees,3528,2010-06-03T12:00:00,2010-06-07T21:00:00,33,105.0
pm25,lightgbm,3552,2010-06-07T12:00:00,2010-06-10T10:00:00,33,70.0
pm25,ridge,3552,2010-06-07T12:00:00,2010-06-10T10:00:00,33,70.0
pm25,extratrees,3552,2010-06-07T12:00:00,2010-06-10T10:00:00,33,70.0
pm25,lightgbm,3792,2010-06-19T01:00:00,2010-06-20T12:00:00,33,35.0
pm25,ridge,3792,2010-06-19T01:00:00,2010-06-20T12:00:00,33,35.0
pm25,extratrees,3792,2010-06-19T01:00:00,2010-06-20T12:00:00,33,35.0
pm25,lightgbm,3816,2010-06-20T01:00:00,2010-06-21T12:00:00,33,35.0
pm25,ridge,3816,2010-06-20T01:00:00,2010-06-21T12:00:00,33,35.0
pm25,extratrees,3816,2010-06-20T01:00:00,2010-06-21T12:00:00,33,35.0
pm25,lightgbm,3840,2010-06-21T03:00:00,2010-06-23T12:00:00,33,57.0
pm25,ridge,3840,2010-06-21T03:00:00,2010-06-23T12:00:00,33,57.0
pm25,extratrees,3840,2010-06-21T03:00:00,2010-06-23T12:00:00,33,57.0
pm25,lightgbm,3864,2010-06-22T03:00:00,2010-06-24T12:00:00,33,57.0
pm25,ridge,3864,2010-06-22T03:00:00,2010-06-24T12:00:00,33,57.0
pm25,extratrees,3864,2010-06-22T03:00:00,2010-06-24T12:00:00,33,57.0
pm25,lightgbm,5088,2010-08-13T03:00:00,2010-08-17T08:00:00,33,101.0
pm25,ridge,5088,2010-08-13T03:00:00,2010-08-17T08:00:00,33,101.0
pm25,extratrees,5088,2010-08-13T03:00:00,2010-08-17T08:00:00,33,101.0
pm25,lightgbm,5688,2010-09-09T23:00:00,2010-09-12T00:00:00,33,49.0
pm25,ridge,5688,2010-09-09T23:00:00,2010-09-12T00:00:00,33,49.0
pm25,extratrees,5688,2010-09-09T23:00:00,2010-09-12T00:00:00,33,49.0
pm25,lightgbm,5712,2010-09-10T23:00:00,2010-09-13T00:00:00,33,49.0
pm25,ridge,5712,2010-09-10T23:00:00,2010-09-13T00:00:00,33,49.0
pm25,extratrees,5712,2010-09-10T23:00:00,2010-09-13T00:00:00,33,49.0
pm25,lightgbm,5880,2010-09-18T15:00:00,2010-09-20T05:00:00,33,38.0
pm25,ridge,5880,2010-09-18T15:00:00,2010-09-20T05:00:00,33,38.0
pm25,extratrees,5880,2010-09-18T15:00:00,2010-09-20T05:00:00,33,38.0
pm25,lightgbm,5904,2010-09-19T15:00:00,2010-09-27T16:00:00,33,193.0
pm25,ridge,5904,2010-09-19T15:00:00,2010-09-27T16:00:00,33,193.0
pm25,extratrees,5904,2010-09-19T15:00:00,2010-09-27T16:00:00,33,193.0
pm25,lightgbm,5928,2010-09-20T20:00:00,2010-10-01T20:00:00,33,264.0
pm25,ridge,5928,2010-09-20T20:00:00,2010-10-01T20:00:00,33,264.0
pm25,extratrees,5928,2010-09-20T20:00:00,2010-10-01T20:00:00,33,264.0
pm25,lightgbm,6192,2010-10-11T11:00:00,2010-10-12T22:00:00,33,35.0
pm25,ridge,6192,2010-10-11T11:00:00,2010-10-12T22:00:00,33,35.0
pm25,extratrees,6192,2010-10-11T11:00:00,2010-10-12T22:00:00,33,35.0
pm25,lightgbm,6216,2010-10-12T11:00:00,2010-10-13T22:00:00,33,35.0
pm25,ridge,6216,2010-10-12T11:00:00,2010-10-13T22:00:00,33,35.0
pm25,extratrees,6216,2010-10-12T11:00:00,2010-10-13T22:00:00,33,35.0
pm25,lightgbm,6672,2010-10-31T13:00:00,2010-11-04T04:00:00,33,87.0
pm25,ridge,6672,2010-10-31T13:00:00,2010-11-04T04:00:00,33,87.0
pm25,extratrees,6672,2010-10-31T13:00:00,2010-11-04T04:00:00,33,87.0
pm25,lightgbm,7128,2010-11-21T19:00:00,2010-11-23T06:00:00,33,35.0
pm25,ridge,7128,2010-11-21T19:00:00,2010-11-23T06:00:00,33,35.0
pm25,extratrees,7128,2010-11-21T19:00:00,2010-11-23T06:00:00,33,35.0
pm25,lightgbm,8064,2010-12-30T21:00:00,2011-01-02T06:00:00,33,57.0
pm25,ridge,8064,2010-12-30T21:00:00,2011-01-02T06:00:00,33,57.0
pm25,extratrees,8064,2010-12-30T21:00:00,2011-01-02T06:00:00,33,57.0
pm25,lightgbm,8088,2010-12-31T21:00:00,2011-01-03T06:00:00,33,57.0
pm25,ridge,8088,2010-12-31T21:00:00,2011-01-03T06:00:00,33,57.0
pm25,extratrees,8088,2010-12-31T21:00:00,2011-01-03T06:00:00,33,57.0
pm25,lightgbm,8232,2011-01-07T21:00:00,2011-01-11T06:00:00,33,81.0
pm25,ridge,8232,2011-01-07T21:00:00,2011-01-11T06:00:00,33,81.0
pm25,extratrees,8232,2011-01-07T21:00:00,2011-01-11T06:00:00,33,81.0
pm25,lightgbm,504,2010-01-23T00:00:00,2010-01-27T05:00:00,34,101.0
pm25,ridge,504,2010-01-23T00:00:00,2010-01-27T05:00:00,34,101.0
pm25,extratrees,504,2010-01-23T00:00:00,2010-01-27T05:00:00,34,101.0
pm25,lightgbm,936,2010-02-12T19:00:00,2010-02-14T06:00:00,34,35.0
pm25,ridge,936,2010-02-12T19:00:00,2010-02-14T06:00:00,34,35.0
pm25,extratrees,936,2010-02-12T19:00:00,2010-02-14T06:00:00,34,35.0
pm25,lightgbm,960,2010-02-13T19:00:00,2010-02-15T06:00:00,34,35.0
pm25,ridge,960,2010-02-13T19:00:00,2010-02-15T06:00:00,34,35.0
pm25,extratrees,960,2010-02-13T19:00:00,2010-02-15T06:00:00,34,35.0
pm25,lightgbm,1752,2010-03-18T20:00:00,2010-03-20T08:00:00,34,36.0
pm25,ridge,1752,2010-03-18T20:00:00,2010-03-20T08:00:00,34,36.0
pm25,extratrees,1752,2010-03-18T20:00:00,2010-03-20T08:00:00,34,36.0
pm25,lightgbm,1776,2010-03-19T20:00:00,2010-03-21T08:00:00,34,36.0
pm25,ridge,1776,2010-03-19T20:00:00,2010-03-21T08:00:00,34,36.0
pm25,extratrees,1776,2010-03-19T20:00:00,2010-03-21T08:00:00,34,36.0
pm25,lightgbm,1824,2010-03-21T22:00:00,2010-03-23T09:00:00,34,35.0
pm25,ridge,1824,2010-03-21T22:00:00,2010-03-23T09:00:00,34,35.0
pm25,extratrees,1824,2010-03-21T22:00:00,2010-03-23T09:00:00,34,35.0
pm25,lightgbm,1848,2010-03-22T22:00:00,2010-03-24T09:00:00,34,35.0
pm25,ridge,1848,2010-03-22T22:00:00,2010-03-24T09:00:00,34,35.0
pm25,extratrees,1848,2010-03-22T22:00:00,2010-03-24T09:00:00,34,35.0
pm25,lightgbm,1992,2010-03-28T23:00:00,2010-03-31T17:00:00,34,66.0
pm25,ridge,1992,2010-03-28T23:00:00,2010-03-31T17:00:00,34,66.0
pm25,extratrees,1992,2010-03-28T23:00:00,2010-03-31T17:00:00,34,66.0
pm25,lightgbm,2016,2010-03-29T23:00:00,2010-04-01T19:00:00,34,68.0
pm25,ridge,2016,2010-03-29T23:00:00,2010-04-01T19:00:00,34,68.0
pm25,extratrees,2016,2010-03-29T23:00:00,2010-04-01T19:00:00,34,68.0
pm25,lightgbm,2040,2010-04-01T07:00:00,2010-04-02T19:00:00,34,36.0
pm25,ridge,2040,2010-04-01T07:00:00,2010-04-02T19:00:00,34,36.0
pm25,extratrees,2040,2010-04-01T07:00:00,2010-04-02T19:00:00,34,36.0
pm25,lightgbm,3120,2010-05-16T09:00:00,2010-05-17T21:00:00,34,36.0
pm25,ridge,3120,2010-05-16T09:00:00,2010-05-17T21:00:00,34,36.0
pm25,extratrees,3120,2010-05-16T09:00:00,2010-05-17T21:00:00,34,36.0
pm25,lightgbm,3144,2010-05-17T09:00:00,2010-05-18T21:00:00,34,36.0
pm25,ridge,3144,2010-05-17T09:00:00,2010-05-18T21:00:00,34,36.0
pm25,extratrees,3144,2010-05-17T09:00:00,2010-05-18T21:00:00,34,36.0
pm25,lightgbm,3360,2010-05-26T11:00:00,2010-05-28T02:00:00,34,39.0
pm25,ridge,3360,2010-05-26T11:00:00,2010-05-28T02:00:00,34,39.0
pm25,extratrees,3360,2010-05-26T11:00:00,2010-05-28T02:00:00,34,39.0
pm25,lightgbm,3384,2010-05-27T11:00:00,2010-05-29T02:00:00,34,39.0
pm25,ridge,3384,2010-05-27T11:00:00,2010-05-29T02:00:00,34,39.0
pm25,extratrees,3384,2010-05-27T11:00:00,2010-05-29T02:00:00,34,39.0
pm25,lightgbm,3480,2010-05-31T16:00:00,2010-06-02T22:00:00,34,54.0
pm25,ridge,3480,2010-05-31T16:00:00,2010-06-02T22:00:00,34,54.0
pm25,extratrees,3480,2010-05-31T16:00:00,2010-06-02T22:00:00,34,54.0
pm25,lightgbm,3504,2010-06-01T17:00:00,2010-06-03T22:00:00,34,53.0
pm25,ridge,3504,2010-06-01T17:00:00,2010-06-03T22:00:00,34,53.0
pm25,extratrees,3504,2010-06-01T17:00:00,2010-06-03T22:00:00,34,53.0
pm25,lightgbm,3528,2010-06-03T12:00:00,2010-06-07T22:00:00,34,106.0
pm25,ridge,3528,2010-06-03T12:00:00,2010-06-07T22:00:00,34,106.0
pm25,extratrees,3528,2010-06-03T12:00:00,2010-06-07T22:00:00,34,106.0
pm25,lightgbm,3552,2010-06-07T12:00:00,2010-06-10T11:00:00,34,71.0
pm25,ridge,3552,2010-06-07T12:00:00,2010-06-10T11:00:00,34,71.0
pm25,extratrees,3552,2010-06-07T12:00:00,2010-06-10T11:00:00,34,71.0
pm25,lightgbm,3792,2010-06-19T01:00:00,2010-06-20T13:00:00,34,36.0
pm25,ridge,3792,2010-06-19T01:00:00,2010-06-20T13:00:00,34,36.0
pm25,extratrees,3792,2010-06-19T01:00:00,2010-06-20T13:00:00,34,36.0
pm25,lightgbm,3816,2010-06-20T01:00:00,2010-06-21T13:00:00,34,36.0
pm25,ridge,3816,2010-06-20T01:00:00,2010-06-21T13:00:00,34,36.0
pm25,extratrees,3816,2010-06-20T01:00:00,2010-06-21T13:00:00,34,36.0
pm25,lightgbm,3840,2010-06-21T03:00:00,2010-06-23T13:00:00,34,58.0
pm25,ridge,3840,2010-06-21T03:00:00,2010-06-23T13:00:00,34,58.0
pm25,extratrees,3840,2010-06-21T03:00:00,2010-06-23T13:00:00,34,58.0
pm25,lightgbm,3864,2010-06-22T03:00:00,2010-06-24T13:00:00,34,58.0
pm25,ridge,3864,2010-06-22T03:00:00,2010-06-24T13:00:00,34,58.0
pm25,extratrees,3864,2010-06-22T03:00:00,2010-06-24T13:00:00,34,58.0
pm25,lightgbm,5088,2010-08-13T03:00:00,2010-08-17T09:00:00,34,102.0
pm25,ridge,5088,2010-08-13T03:00:00,2010-08-17T09:00:00,34,102.0
pm25,extratrees,5088,2010-08-13T03:00:00,2010-08-17T09:00:00,34,102.0
pm25,lightgbm,5688,2010-09-09T23:00:00,2010-09-12T01:00:00,34,50.0
pm25,ridge,5688,2010-09-09T23:00:00,2010-09-12T01:00:00,34,50.0
pm25,extratrees,5688,2010-09-09T23:00:00,2010-09-12T01:00:00,34,50.0
pm25,lightgbm,5712,2010-09-10T23:00:00,2010-09-13T01:00:00,34,50.0
pm25,ridge,5712,2010-09-10T23:00:00,2010-09-13T01:00:00,34,50.0
pm25,extratrees,5712,2010-09-10T23:00:00,2010-09-13T01:00:00,34,50.0
pm25,lightgbm,5880,2010-09-18T15:00:00,2010-09-20T06:00:00,34,39.0
pm25,ridge,5880,2010-09-18T15:00:00,2010-09-20T06:00:00,34,39.0
pm25,extratrees,5880,2010-09-18T15:00:00,2010-09-20T06:00:00,34,39.0
pm25,lightgbm,5904,2010-09-19T15:00:00,2010-09-30T21:00:00,34,270.0
pm25,ridge,5904,2010-09-19T15:00:00,2010-09-30T21:00:00,34,270.0
pm25,extratrees,5904,2010-09-19T15:00:00,2010-09-30T21:00:00,34,270.0
pm25,lightgbm,5928,2010-09-20T20:00:00,2010-10-01T21:00:00,34,265.0
pm25,ridge,5928,2010-09-20T20:00:00,2010-10-01T21:00:00,34,265.0
pm25,extratrees,5928,2010-09-20T20:00:00,2010-10-01T21:00:00,34,265.0
pm25,lightgbm,6192,2010-10-11T11:00:00,2010-10-12T23:00:00,34,36.0
pm25,ridge,6192,2010-10-11T11:00:00,2010-10-12T23:00:00,34,36.0
pm25,extratrees,6192,2010-10-11T11:00:00,2010-10-12T23:00:00,34,36.0
pm25,lightgbm,6216,2010-10-12T11:00:00,2010-10-13T23:00:00,34,36.0
pm25,ridge,6216,2010-10-12T11:00:00,2010-10-13T23:00:00,34,36.0
pm25,extratrees,6216,2010-10-12T11:00:00,2010-10-13T23:00:00,34,36.0
pm25,lightgbm,6672,2010-10-31T13:00:00,2010-11-04T05:00:00,34,88.0
pm25,ridge,6672,2010-10-31T13:00:00,2010-11-04T05:00:00,34,88.0
pm25,extratrees,6672,2010-10-31T13:00:00,2010-11-04T05:00:00,34,88.0
pm25,lightgbm,7128,2010-11-21T19:00:00,2010-11-23T07:00:00,34,36.0
pm25,ridge,7128,2010-11-21T19:00:00,2010-11-23T07:00:00,34,36.0
pm25,extratrees,7128,2010-11-21T19:00:00,2010-11-23T07:00:00,34,36.0
pm25,lightgbm,8064,2010-12-30T21:00:00,2011-01-02T07:00:00,34,58.0
pm25,ridge,8064,2010-12-30T21:00:00,2011-01-02T07:00:00,34,58.0
pm25,extratrees,8064,2010-12-30T21:00:00,2011-01-02T07:00:00,34,58.0
pm25,lightgbm,8088,2010-12-31T21:00:00,2011-01-03T07:00:00,34,58.0
pm25,ridge,8088,2010-12-31T21:00:00,2011-01-03T07:00:00,34,58.0
pm25,extratrees,8088,2010-12-31T21:00:00,2011-01-03T07:00:00,34,58.0
pm25,lightgbm,8232,2011-01-07T21:00:00,2011-01-11T07:00:00,34,82.0
pm25,ridge,8232,2011-01-07T21:00:00,2011-01-11T07:00:00,34,82.0
pm25,extratrees,8232,2011-01-07T21:00:00,2011-01-11T07:00:00,34,82.0
pm25,lightgbm,504,2010-01-23T00:00:00,2010-01-27T06:00:00,35,102.0
pm25,ridge,504,2010-01-23T00:00:00,2010-01-27T06:00:00,35,102.0
pm25,extratrees,504,2010-01-23T00:00:00,2010-01-27T06:00:00,35,102.0
pm25,lightgbm,936,2010-02-12T19:00:00,2010-02-14T07:00:00,35,36.0
pm25,ridge,936,2010-02-12T19:00:00,2010-02-14T07:00:00,35,36.0
pm25,extratrees,936,2010-02-12T19:00:00,2010-02-14T07:00:00,35,36.0
pm25,lightgbm,960,2010-02-13T19:00:00,2010-02-15T07:00:00,35,36.0
pm25,ridge,960,2010-02-13T19:00:00,2010-02-15T07:00:00,35,36.0
pm25,extratrees,960,2010-02-13T19:00:00,2010-02-15T07:00:00,35,36.0
pm25,lightgbm,1752,2010-03-18T20:00:00,2010-03-20T09:00:00,35,37.0
pm25,ridge,1752,2010-03-18T20:00:00,2010-03-20T09:00:00,35,37.0
pm25,extratrees,1752,2010-03-18T20:00:00,2010-03-20T09:00:00,35,37.0
pm25,lightgbm,1776,2010-03-19T20:00:00,2010-03-21T09:00:00,35,37.0
pm25,ridge,1776,2010-03-19T20:00:00,2010-03-21T09:00:00,35,37.0
pm25,extratrees,1776,2010-03-19T20:00:00,2010-03-21T09:00:00,35,37.0
pm25,lightgbm,1824,2010-03-21T22:00:00,2010-03-23T10:00:00,35,36.0
pm25,ridge,1824,2010-03-21T22:00:00,2010-03-23T10:00:00,35,36.0
pm25,extratrees,1824,2010-03-21T22:00:00,2010-03-23T10:00:00,35,36.0
pm25,lightgbm,1848,2010-03-22T22:00:00,2010-03-24T10:00:00,35,36.0
pm25,ridge,1848,2010-03-22T22:00:00,2010-03-24T10:00:00,35,36.0
pm25,extratrees,1848,2010-03-22T22:00:00,2010-03-24T10:00:00,35,36.0
pm25,lightgbm,1992,2010-03-28T23:00:00,2010-03-31T18:00:00,35,67.0
pm25,ridge,1992,2010-03-28T23:00:00,2010-03-31T18:00:00,35,67.0
pm25,extratrees,1992,2010-03-28T23:00:00,2010-03-31T18:00:00,35,67.0
pm25,lightgbm,2016,2010-03-29T23:00:00,2010-04-01T20:00:00,35,69.0
pm25,ridge,2016,2010-03-29T23:00:00,2010-04-01T20:00:00,35,69.0
pm25,extratrees,2016,2010-03-29T23:00:00,2010-04-01T20:00:00,35,69.0
pm25,lightgbm,2040,2010-04-01T07:00:00,2010-04-02T20:00:00,35,37.0
pm25,ridge,2040,2010-04-01T07:00:00,2010-04-02T20:00:00,35,37.0
pm25,extratrees,2040,2010-04-01T07:00:00,2010-04-02T20:00:00,35,37.0
pm25,lightgbm,3120,2010-05-16T09:00:00,2010-05-17T22:00:00,35,37.0
pm25,ridge,3120,2010-05-16T09:00:00,2010-05-17T22:00:00,35,37.0
pm25,extratrees,3120,2010-05-16T09:00:00,2010-05-17T22:00:00,35,37.0
pm25,lightgbm,3144,2010-05-17T09:00:00,2010-05-18T22:00:00,35,37.0
pm25,ridge,3144,2010-05-17T09:00:00,2010-05-18T22:00:00,35,37.0
pm25,extratrees,3144,2010-05-17T09:00:00,2010-05-18T22:00:00,35,37.0
pm25,lightgbm,3360,2010-05-26T11:00:00,2010-05-28T03:00:00,35,40.0
pm25,ridge,3360,2010-05-26T11:00:00,2010-05-28T03:00:00,35,40.0
pm25,extratrees,3360,2010-05-26T11:00:00,2010-05-28T03:00:00,35,40.0
pm25,lightgbm,3384,2010-05-27T11:00:00,2010-05-29T03:00:00,35,40.0
pm25,ridge,3384,2010-05-27T11:00:00,2010-05-29T03:00:00,35,40.0
pm25,extratrees,3384,2010-05-27T11:00:00,2010-05-29T03:00:00,35,40.0
pm25,lightgbm,3480,2010-05-31T16:00:00,2010-06-02T23:00:00,35,55.0
pm25,ridge,3480,2010-05-31T16:00:00,2010-06-02T23:00:00,35,55.0
pm25,extratrees,3480,2010-05-31T16:00:00,2010-06-02T23:00:00,35,55.0
pm25,lightgbm,3504,2010-06-01T17:00:00,2010-06-03T23:00:00,35,54.0
pm25,ridge,3504,2010-06-01T17:00:00,2010-06-03T23:00:00,35,54.0
pm25,extratrees,3504,2010-06-01T17:00:00,2010-06-03T23:00:00,35,54.0
pm25,lightgbm,3528,2010-06-03T12:00:00,2010-06-07T23:00:00,35,107.0
pm25,ridge,3528,2010-06-03T12:00:00,2010-06-07T23:00:00,35,107.0
pm25,extratrees,3528,2010-06-03T12:00:00,2010-06-07T23:00:00,35,107.0
pm25,lightgbm,3552,2010-06-07T12:00:00,2010-06-10T12:00:00,35,72.0
pm25,ridge,3552,2010-06-07T12:00:00,2010-06-10T12:00:00,35,72.0
pm25,extratrees,3552,2010-06-07T12:00:00,2010-06-10T12:00:00,35,72.0
pm25,lightgbm,3792,2010-06-19T01:00:00,2010-06-20T14:00:00,35,37.0
pm25,ridge,3792,2010-06-19T01:00:00,2010-06-20T14:00:00,35,37.0
pm25,extratrees,3792,2010-06-19T01:00:00,2010-06-20T14:00:00,35,37.0
pm25,lightgbm,3816,2010-06-20T01:00:00,2010-06-21T14:00:00,35,37.0
pm25,ridge,3816,2010-06-20T01:00:00,2010-06-21T14:00:00,35,37.0
pm25,extratrees,3816,2010-06-20T01:00:00,2010-06-21T14:00:00,35,37.0
pm25,lightgbm,3840,2010-06-21T03:00:00,2010-06-23T14:00:00,35,59.0
pm25,ridge,3840,2010-06-21T03:00:00,2010-06-23T14:00:00,35,59.0
pm25,extratrees,3840,2010-06-21T03:00:00,2010-06-23T14:00:00,35,59.0
pm25,lightgbm,3864,2010-06-22T03:00:00,2010-06-24T14:00:00,35,59.0
pm25,ridge,3864,2010-06-22T03:00:00,2010-06-24T14:00:00,35,59.0
pm25,extratrees,3864,2010-06-22T03:00:00,2010-06-24T14:00:00,35,59.0
pm25,lightgbm,5088,2010-08-13T03:00:00,2010-08-17T10:00:00,35,103.0
pm25,ridge,5088,2010-08-13T03:00:00,2010-08-17T10:00:00,35,103.0
pm25,extratrees,5088,2010-08-13T03:00:00,2010-08-17T10:00:00,35,103.0
pm25,lightgbm,5688,2010-09-09T23:00:00,2010-09-12T02:00:00,35,51.0
pm25,ridge,5688,2010-09-09T23:00:00,2010-09-12T02:00:00,35,51.0
pm25,extratrees,5688,2010-09-09T23:00:00,2010-09-12T02:00:00,35,51.0
pm25,lightgbm,5712,2010-09-10T23:00:00,2010-09-13T02:00:00,35,51.0
pm25,ridge,5712,2010-09-10T23:00:00,2010-09-13T02:00:00,35,51.0
pm25,extratrees,5712,2010-09-10T23:00:00,2010-09-13T02:00:00,35,51.0
pm25,lightgbm,5880,2010-09-18T15:00:00,2010-09-20T07:00:00,35,40.0
pm25,ridge,5880,2010-09-18T15:00:00,2010-09-20T07:00:00,35,40.0
pm25,extratrees,5880,2010-09-18T15:00:00,2010-09-20T07:00:00,35,40.0
pm25,lightgbm,5904,2010-09-19T15:00:00,2010-09-30T22:00:00,35,271.0
pm25,ridge,5904,2010-09-19T15:00:00,2010-09-30T22:00:00,35,271.0
pm25,extratrees,5904,2010-09-19T15:00:00,2010-09-30T22:00:00,35,271.0
pm25,lightgbm,5928,2010-09-20T20:00:00,2010-10-01T22:00:00,35,266.0
pm25,ridge,5928,2010-09-20T20:00:00,2010-10-01T22:00:00,35,266.0
pm25,extratrees,5928,2010-09-20T20:00:00,2010-10-01T22:00:00,35,266.0
pm25,lightgbm,6192,2010-10-11T11:00:00,2010-10-13T00:00:00,35,37.0
pm25,ridge,6192,2010-10-11T11:00:00,2010-10-13T00:00:00,35,37.0
pm25,extratrees,6192,2010-10-11T11:00:00,2010-10-13T00:00:00,35,37.0
pm25,lightgbm,6216,2010-10-12T11:00:00,2010-10-14T00:00:00,35,37.0
pm25,ridge,6216,2010-10-12T11:00:00,2010-10-14T00:00:00,35,37.0
pm25,extratrees,6216,2010-10-12T11:00:00,2010-10-14T00:00:00,35,37.0
pm25,lightgbm,6672,2010-10-31T13:00:00,2010-11-04T06:00:00,35,89.0
pm25,ridge,6672,2010-10-31T13:00:00,2010-11-04T06:00:00,35,89.0
pm25,extratrees,6672,2010-10-31T13:00:00,2010-11-04T06:00:00,35,89.0
pm25,lightgbm,7128,2010-11-21T19:00:00,2010-11-23T08:00:00,35,37.0
pm25,ridge,7128,2010-11-21T19:00:00,2010-11-23T08:00:00,35,37.0
pm25,extratrees,7128,2010-11-21T19:00:00,2010-11-23T08:00:00,35,37.0
pm25,lightgbm,8064,2010-12-30T21:00:00,2011-01-02T08:00:00,35,59.0
pm25,ridge,8064,2010-12-30T21:00:00,2011-01-02T08:00:00,35,59.0
pm25,extratrees,8064,2010-12-30T21:00:00,2011-01-02T08:00:00,35,59.0
pm25,lightgbm,8088,2010-12-31T21:00:00,2011-01-03T08:00:00,35,59.0
pm25,ridge,8088,2010-12-31T21:00:00,2011-01-03T08:00:00,35,59.0
pm25,extratrees,8088,2010-12-31T21:00:00,2011-01-03T08:00:00,35,59.0
pm25,lightgbm,8232,2011-01-07T21:00:00,2011-01-11T08:00:00,35,83.0
pm25,ridge,8232,2011-01-07T21:00:00,2011-01-11T08:00:00,35,83.0
pm25,extratrees,8232,2011-01-07T21:00:00,2011-01-11T08:00:00,35,83.0
pm25,lightgbm,504,2010-01-23T00:00:00,2010-01-27T07:00:00,36,103.0
pm25,ridge,504,2010-01-23T00:00:00,2010-01-27T07:00:00,36,103.0
pm25,extratrees,504,2010-01-23T00:00:00,2010-01-27T07:00:00,36,103.0
pm25,lightgbm,936,2010-02-12T19:00:00,2010-02-14T08:00:00,36,37.0
pm25,ridge,936,2010-02-12T19:00:00,2010-02-14T08:00:00,36,37.0
pm25,extratrees,936,2010-02-12T19:00:00,2010-02-14T08:00:00,36,37.0
pm25,lightgbm,960,2010-02-13T19:00:00,2010-02-15T08:00:00,36,37.0
pm25,ridge,960,2010-02-13T19:00:00,2010-02-15T08:00:00,36,37.0
pm25,extratrees,960,2010-02-13T19:00:00,2010-02-15T08:00:00,36,37.0
pm25,lightgbm,1752,2010-03-18T20:00:00,2010-03-20T10:00:00,36,38.0
pm25,ridge,1752,2010-03-18T20:00:00,2010-03-20T10:00:00,36,38.0
pm25,extratrees,1752,2010-03-18T20:00:00,2010-03-20T10:00:00,36,38.0
pm25,lightgbm,1776,2010-03-19T20:00:00,2010-03-21T10:00:00,36,38.0
pm25,ridge,1776,2010-03-19T20:00:00,2010-03-21T10:00:00,36,38.0
pm25,extratrees,1776,2010-03-19T20:00:00,2010-03-21T10:00:00,36,38.0
pm25,lightgbm,1824,2010-03-21T22:00:00,2010-03-23T11:00:00,36,37.0
pm25,ridge,1824,2010-03-21T22:00:00,2010-03-23T11:00:00,36,37.0
pm25,extratrees,1824,2010-03-21T22:00:00,2010-03-23T11:00:00,36,37.0
pm25,lightgbm,1848,2010-03-22T22:00:00,2010-03-24T11:00:00,36,37.0
pm25,ridge,1848,2010-03-22T22:00:00,2010-03-24T11:00:00,36,37.0
pm25,extratrees,1848,2010-03-22T22:00:00,2010-03-24T11:00:00,36,37.0
pm25,lightgbm,1992,2010-03-28T23:00:00,2010-03-31T19:00:00,36,68.0
pm25,ridge,1992,2010-03-28T23:00:00,2010-03-31T19:00:00,36,68.0
pm25,extratrees,1992,2010-03-28T23:00:00,2010-03-31T19:00:00,36,68.0
pm25,lightgbm,2016,2010-03-29T23:00:00,2010-04-01T21:00:00,36,70.0
pm25,ridge,2016,2010-03-29T23:00:00,2010-04-01T21:00:00,36,70.0
pm25,extratrees,2016,2010-03-29T23:00:00,2010-04-01T21:00:00,36,70.0
pm25,lightgbm,2040,2010-04-01T07:00:00,2010-04-02T21:00:00,36,38.0
pm25,ridge,2040,2010-04-01T07:00:00,2010-04-02T21:00:00,36,38.0
pm25,extratrees,2040,2010-04-01T07:00:00,2010-04-02T21:00:00,36,38.0
pm25,lightgbm,3120,2010-05-16T09:00:00,2010-05-17T23:00:00,36,38.0
pm25,ridge,3120,2010-05-16T09:00:00,2010-05-17T23:00:00,36,38.0
pm25,extratrees,3120,2010-05-16T09:00:00,2010-05-17T23:00:00,36,38.0
pm25,lightgbm,3144,2010-05-17T09:00:00,2010-05-18T23:00:00,36,38.0
pm25,ridge,3144,2010-05-17T09:00:00,2010-05-18T23:00:00,36,38.0
pm25,extratrees,3144,2010-05-17T09:00:00,2010-05-18T23:00:00,36,38.0
pm25,lightgbm,3360,2010-05-26T11:00:00,2010-05-28T04:00:00,36,41.0
pm25,ridge,3360,2010-05-26T11:00:00,2010-05-28T04:00:00,36,41.0
pm25,extratrees,3360,2010-05-26T11:00:00,2010-05-28T04:00:00,36,41.0
pm25,lightgbm,3384,2010-05-27T11:00:00,2010-05-29T04:00:00,36,41.0
pm25,ridge,3384,2010-05-27T11:00:00,2010-05-29T04:00:00,36,41.0
pm25,extratrees,3384,2010-05-27T11:00:00,2010-05-29T04:00:00,36,41.0
pm25,lightgbm,3480,2010-05-31T16:00:00,2010-06-03T00:00:00,36,56.0
pm25,ridge,3480,2010-05-31T16:00:00,2010-06-03T00:00:00,36,56.0
pm25,extratrees,3480,2010-05-31T16:00:00,2010-06-03T00:00:00,36,56.0
pm25,lightgbm,3504,2010-06-01T17:00:00,2010-06-04T00:00:00,36,55.0
pm25,ridge,3504,2010-06-01T17:00:00,2010-06-04T00:00:00,36,55.0
pm25,extratrees,3504,2010-06-01T17:00:00,2010-06-04T00:00:00,36,55.0
pm25,lightgbm,3528,2010-06-03T12:00:00,2010-06-08T00:00:00,36,108.0
pm25,ridge,3528,2010-06-03T12:00:00,2010-06-08T00:00:00,36,108.0
pm25,extratrees,3528,2010-06-03T12:00:00,2010-06-08T00:00:00,36,108.0
pm25,lightgbm,3552,2010-06-07T12:00:00,2010-06-10T13:00:00,36,73.0
pm25,ridge,3552,2010-06-07T12:00:00,2010-06-10T13:00:00,36,73.0
pm25,extratrees,3552,2010-06-07T12:00:00,2010-06-10T13:00:00,36,73.0
pm25,lightgbm,3792,2010-06-19T01:00:00,2010-06-20T15:00:00,36,38.0
pm25,ridge,3792,2010-06-19T01:00:00,2010-06-20T15:00:00,36,38.0
pm25,extratrees,3792,2010-06-19T01:00:00,2010-06-20T15:00:00,36,38.0
pm25,lightgbm,3816,2010-06-20T01:00:00,2010-06-21T15:00:00,36,38.0
pm25,ridge,3816,2010-06-20T01:00:00,2010-06-21T15:00:00,36,38.0
pm25,extratrees,3816,2010-06-20T01:00:00,2010-06-21T15:00:00,36,38.0
pm25,lightgbm,3840,2010-06-21T03:00:00,2010-06-23T15:00:00,36,60.0
pm25,ridge,3840,2010-06-21T03:00:00,2010-06-23T15:00:00,36,60.0
pm25,extratrees,3840,2010-06-21T03:00:00,2010-06-23T15:00:00,36,60.0
pm25,lightgbm,3864,2010-06-22T03:00:00,2010-06-24T15:00:00,36,60.0
pm25,ridge,3864,2010-06-22T03:00:00,2010-06-24T15:00:00,36,60.0
pm25,extratrees,3864,2010-06-22T03:00:00,2010-06-24T15:00:00,36,60.0
pm25,lightgbm,5088,2010-08-13T03:00:00,2010-08-17T11:00:00,36,104.0
pm25,ridge,5088,2010-08-13T03:00:00,2010-08-17T11:00:00,36,104.0
pm25,extratrees,5088,2010-08-13T03:00:00,2010-08-17T11:00:00,36,104.0
pm25,lightgbm,5688,2010-09-09T23:00:00,2010-09-12T03:00:00,36,52.0
pm25,ridge,5688,2010-09-09T23:00:00,2010-09-12T03:00:00,36,52.0
pm25,extratrees,5688,2010-09-09T23:00:00,2010-09-12T03:00:00,36,52.0
pm25,lightgbm,5712,2010-09-10T23:00:00,2010-09-13T03:00:00,36,52.0
pm25,ridge,5712,2010-09-10T23:00:00,2010-09-13T03:00:00,36,52.0
pm25,extratrees,5712,2010-09-10T23:00:00,2010-09-13T03:00:00,36,52.0
pm25,lightgbm,5880,2010-09-18T15:00:00,2010-09-20T08:00:00,36,41.0
pm25,ridge,5880,2010-09-18T15:00:00,2010-09-20T08:00:00,36,41.0
pm25,extratrees,5880,2010-09-18T15:00:00,2010-09-20T08:00:00,36,41.0
pm25,lightgbm,5904,2010-09-19T15:00:00,2010-09-30T23:00:00,36,272.0
pm25,ridge,5904,2010-09-19T15:00:00,2010-09-30T23:00:00,36,272.0
pm25,extratrees,5904,2010-09-19T15:00:00,2010-09-30T23:00:00,36,272.0
pm25,lightgbm,5928,2010-09-20T20:00:00,2010-10-01T23:00:00,36,267.0
pm25,ridge,5928,2010-09-20T20:00:00,2010-10-01T23:00:00,36,267.0
pm25,extratrees,5928,2010-09-20T20:00:00,2010-10-01T23:00:00,36,267.0
pm25,lightgbm,6192,2010-10-11T11:00:00,2010-10-13T01:00:00,36,38.0
pm25,ridge,6192,2010-10-11T11:00:00,2010-10-13T01:00:00,36,38.0
pm25,extratrees,6192,2010-10-11T11:00:00,2010-10-13T01:00:00,36,38.0
pm25,lightgbm,6216,2010-10-12T11:00:00,2010-10-14T01:00:00,36,38.0
pm25,ridge,6216,2010-10-12T11:00:00,2010-10-14T01:00:00,36,38.0
pm25,extratrees,6216,2010-10-12T11:00:00,2010-10-14T01:00:00,36,38.0
pm25,lightgbm,6672,2010-10-31T13:00:00,2010-11-04T07:00:00,36,90.0
pm25,ridge,6672,2010-10-31T13:00:00,2010-11-04T07:00:00,36,90.0
pm25,extratrees,6672,2010-10-31T13:00:00,2010-11-04T07:00:00,36,90.0
pm25,lightgbm,7128,2010-11-21T19:00:00,2010-11-23T09:00:00,36,38.0
pm25,ridge,7128,2010-11-21T19:00:00,2010-11-23T09:00:00,36,38.0
pm25,extratrees,7128,2010-11-21T19:00:00,2010-11-23T09:00:00,36,38.0
pm25,lightgbm,8064,2010-12-30T21:00:00,2011-01-02T09:00:00,36,60.0
pm25,ridge,8064,2010-12-30T21:00:00,2011-01-02T09:00:00,36,60.0
pm25,extratrees,8064,2010-12-30T21:00:00,2011-01-02T09:00:00,36,60.0
pm25,lightgbm,8088,2010-12-31T21:00:00,2011-01-03T09:00:00,36,60.0
pm25,ridge,8088,2010-12-31T21:00:00,2011-01-03T09:00:00,36,60.0
pm25,extratrees,8088,2010-12-31T21:00:00,2011-01-03T09:00:00,36,60.0
pm25,lightgbm,8232,2011-01-07T21:00:00,2011-01-11T09:00:00,36,84.0
pm25,ridge,8232,2011-01-07T21:00:00,2011-01-11T09:00:00,36,84.0
pm25,extratrees,8232,2011-01-07T21:00:00,2011-01-11T09:00:00,36,84.0
pm25,lightgbm,504,2010-01-23T00:00:00,2010-01-27T08:00:00,37,104.0
pm25,ridge,504,2010-01-23T00:00:00,2010-01-27T08:00:00,37,104.0
pm25,extratrees,504,2010-01-23T00:00:00,2010-01-27T08:00:00,37,104.0
pm25,lightgbm,936,2010-02-12T19:00:00,2010-02-14T09:00:00,37,38.0
pm25,ridge,936,2010-02-12T19:00:00,2010-02-14T09:00:00,37,38.0
pm25,extratrees,936,2010-02-12T19:00:00,2010-02-14T09:00:00,37,38.0
pm25,lightgbm,960,2010-02-13T19:00:00,2010-02-15T09:00:00,37,38.0
pm25,ridge,960,2010-02-13T19:00:00,2010-02-15T09:00:00,37,38.0
pm25,extratrees,960,2010-02-13T19:00:00,2010-02-15T09:00:00,37,38.0
pm25,lightgbm,1752,2010-03-18T20:00:00,2010-03-20T11:00:00,37,39.0
pm25,ridge,1752,2010-03-18T20:00:00,2010-03-20T11:00:00,37,39.0
pm25,extratrees,1752,2010-03-18T20:00:00,2010-03-20T11:00:00,37,39.0
pm25,lightgbm,1776,2010-03-19T20:00:00,2010-03-21T11:00:00,37,39.0
pm25,ridge,1776,2010-03-19T20:00:00,2010-03-21T11:00:00,37,39.0
pm25,extratrees,1776,2010-03-19T20:00:00,2010-03-21T11:00:00,37,39.0
pm25,lightgbm,1824,2010-03-21T22:00:00,2010-03-23T12:00:00,37,38.0
pm25,ridge,1824,2010-03-21T22:00:00,2010-03-23T12:00:00,37,38.0
pm25,extratrees,1824,2010-03-21T22:00:00,2010-03-23T12:00:00,37,38.0
pm25,lightgbm,1848,2010-03-22T22:00:00,2010-03-24T12:00:00,37,38.0
pm25,ridge,1848,2010-03-22T22:00:00,2010-03-24T12:00:00,37,38.0
pm25,extratrees,1848,2010-03-22T22:00:00,2010-03-24T12:00:00,37,38.0
pm25,lightgbm,1992,2010-03-28T23:00:00,2010-03-31T20:00:00,37,69.0
pm25,ridge,1992,2010-03-28T23:00:00,2010-03-31T20:00:00,37,69.0
pm25,extratrees,1992,2010-03-28T23:00:00,2010-03-31T20:00:00,37,69.0
pm25,lightgbm,2016,2010-03-29T23:00:00,2010-04-01T22:00:00,37,71.0
pm25,ridge,2016,2010-03-29T23:00:00,2010-04-01T22:00:00,37,71.0
pm25,extratrees,2016,2010-03-29T23:00:00,2010-04-01T22:00:00,37,71.0
pm25,lightgbm,2040,2010-04-01T07:00:00,2010-04-02T22:00:00,37,39.0
pm25,ridge,2040,2010-04-01T07:00:00,2010-04-02T22:00:00,37,39.0
pm25,extratrees,2040,2010-04-01T07:00:00,2010-04-02T22:00:00,37,39.0
pm25,lightgbm,3120,2010-05-16T09:00:00,2010-05-18T00:00:00,37,39.0
pm25,ridge,3120,2010-05-16T09:00:00,2010-05-18T00:00:00,37,39.0
pm25,extratrees,3120,2010-05-16T09:00:00,2010-05-18T00:00:00,37,39.0
pm25,lightgbm,3144,2010-05-17T09:00:00,2010-05-19T00:00:00,37,39.0
pm25,ridge,3144,2010-05-17T09:00:00,2010-05-19T00:00:00,37,39.0
pm25,extratrees,3144,2010-05-17T09:00:00,2010-05-19T00:00:00,37,39.0
pm25,lightgbm,3360,2010-05-26T11:00:00,2010-05-28T05:00:00,37,42.0
pm25,ridge,3360,2010-05-26T11:00:00,2010-05-28T05:00:00,37,42.0
pm25,extratrees,3360,2010-05-26T11:00:00,2010-05-28T05:00:00,37,42.0
pm25,lightgbm,3384,2010-05-27T11:00:00,2010-05-29T05:00:00,37,42.0
pm25,ridge,3384,2010-05-27T11:00:00,2010-05-29T05:00:00,37,42.0
pm25,extratrees,3384,2010-05-27T11:00:00,2010-05-29T05:00:00,37,42.0
pm25,lightgbm,3480,2010-05-31T16:00:00,2010-06-03T01:00:00,37,57.0
pm25,ridge,3480,2010-05-31T16:00:00,2010-06-03T01:00:00,37,57.0
pm25,extratrees,3480,2010-05-31T16:00:00,2010-06-03T01:00:00,37,57.0
pm25,lightgbm,3504,2010-06-01T17:00:00,2010-06-04T01:00:00,37,56.0
pm25,ridge,3504,2010-06-01T17:00:00,2010-06-04T01:00:00,37,56.0
pm25,extratrees,3504,2010-06-01T17:00:00,2010-06-04T01:00:00,37,56.0
pm25,lightgbm,3528,2010-06-03T12:00:00,2010-06-08T01:00:00,37,109.0
pm25,ridge,3528,2010-06-03T12:00:00,2010-06-08T01:00:00,37,109.0
pm25,extratrees,3528,2010-06-03T12:00:00,2010-06-08T01:00:00,37,109.0
pm25,lightgbm,3552,2010-06-07T12:00:00,2010-06-10T14:00:00,37,74.0
pm25,ridge,3552,2010-06-07T12:00:00,2010-06-10T14:00:00,37,74.0
pm25,extratrees,3552,2010-06-07T12:00:00,2010-06-10T14:00:00,37,74.0
pm25,lightgbm,3792,2010-06-19T01:00:00,2010-06-20T16:00:00,37,39.0
pm25,ridge,3792,2010-06-19T01:00:00,2010-06-20T16:00:00,37,39.0
pm25,extratrees,3792,2010-06-19T01:00:00,2010-06-20T16:00:00,37,39.0
pm25,lightgbm,3816,2010-06-20T01:00:00,2010-06-21T16:00:00,37,39.0
pm25,ridge,3816,2010-06-20T01:00:00,2010-06-21T16:00:00,37,39.0
pm25,extratrees,3816,2010-06-20T01:00:00,2010-06-21T16:00:00,37,39.0
pm25,lightgbm,3840,2010-06-21T03:00:00,2010-06-23T16:00:00,37,61.0
pm25,ridge,3840,2010-06-21T03:00:00,2010-06-23T16:00:00,37,61.0
pm25,extratrees,3840,2010-06-21T03:00:00,2010-06-23T16:00:00,37,61.0
pm25,lightgbm,3864,2010-06-22T03:00:00,2010-06-24T16:00:00,37,61.0
pm25,ridge,3864,2010-06-22T03:00:00,2010-06-24T16:00:00,37,61.0
pm25,extratrees,3864,2010-06-22T03:00:00,2010-06-24T16:00:00,37,61.0
pm25,lightgbm,5088,2010-08-13T03:00:00,2010-08-17T12:00:00,37,105.0
pm25,ridge,5088,2010-08-13T03:00:00,2010-08-17T12:00:00,37,105.0
pm25,extratrees,5088,2010-08-13T03:00:00,2010-08-17T12:00:00,37,105.0
pm25,lightgbm,5688,2010-09-09T23:00:00,2010-09-12T04:00:00,37,53.0
pm25,ridge,5688,2010-09-09T23:00:00,2010-09-12T04:00:00,37,53.0
pm25,extratrees,5688,2010-09-09T23:00:00,2010-09-12T04:00:00,37,53.0
pm25,lightgbm,5712,2010-09-10T23:00:00,2010-09-13T04:00:00,37,53.0
pm25,ridge,5712,2010-09-10T23:00:00,2010-09-13T04:00:00,37,53.0
pm25,extratrees,5712,2010-09-10T23:00:00,2010-09-13T04:00:00,37,53.0
pm25,lightgbm,5880,2010-09-18T15:00:00,2010-09-20T09:00:00,37,42.0
pm25,ridge,5880,2010-09-18T15:00:00,2010-09-20T09:00:00,37,42.0
pm25,extratrees,5880,2010-09-18T15:00:00,2010-09-20T09:00:00,37,42.0
pm25,lightgbm,5904,2010-09-19T15:00:00,2010-10-01T00:00:00,37,273.0
pm25,ridge,5904,2010-09-19T15:00:00,2010-10-01T00:00:00,37,273.0
pm25,extratrees,5904,2010-09-19T15:00:00,2010-10-01T00:00:00,37,273.0
pm25,lightgbm,5928,2010-09-20T20:00:00,2010-10-02T00:00:00,37,268.0
pm25,ridge,5928,2010-09-20T20:00:00,2010-10-02T00:00:00,37,268.0
pm25,extratrees,5928,2010-09-20T20:00:00,2010-10-02T00:00:00,37,268.0
pm25,lightgbm,6192,2010-10-11T11:00:00,2010-10-13T02:00:00,37,39.0
pm25,ridge,6192,2010-10-11T11:00:00,2010-10-13T02:00:00,37,39.0
pm25,extratrees,6192,2010-10-11T11:00:00,2010-10-13T02:00:00,37,39.0
pm25,lightgbm,6216,2010-10-12T11:00:00,2010-10-14T02:00:00,37,39.0
pm25,ridge,6216,2010-10-12T11:00:00,2010-10-14T02:00:00,37,39.0
pm25,extratrees,6216,2010-10-12T11:00:00,2010-10-14T02:00:00,37,39.0
pm25,lightgbm,6672,2010-10-31T13:00:00,2010-11-04T08:00:00,37,91.0
pm25,ridge,6672,2010-10-31T13:00:00,2010-11-04T08:00:00,37,91.0
pm25,extratrees,6672,2010-10-31T13:00:00,2010-11-04T08:00:00,37,91.0
pm25,lightgbm,7128,2010-11-21T19:00:00,2010-11-23T10:00:00,37,39.0
pm25,ridge,7128,2010-11-21T19:00:00,2010-11-23T10:00:00,37,39.0
pm25,extratrees,7128,2010-11-21T19:00:00,2010-11-23T10:00:00,37,39.0
pm25,lightgbm,8064,2010-12-30T21:00:00,2011-01-02T10:00:00,37,61.0
pm25,ridge,8064,2010-12-30T21:00:00,2011-01-02T10:00:00,37,61.0
pm25,extratrees,8064,2010-12-30T21:00:00,2011-01-02T10:00:00,37,61.0
pm25,lightgbm,8088,2010-12-31T21:00:00,2011-01-03T10:00:00,37,61.0
pm25,ridge,8088,2010-12-31T21:00:00,2011-01-03T10:00:00,37,61.0
pm25,extratrees,8088,2010-12-31T21:00:00,2011-01-03T10:00:00,37,61.0
pm25,lightgbm,8232,2011-01-07T21:00:00,2011-01-11T10:00:00,37,85.0
pm25,ridge,8232,2011-01-07T21:00:00,2011-01-11T10:00:00,37,85.0
pm25,extratrees,8232,2011-01-07T21:00:00,2011-01-11T10:00:00,37,85.0
pm25,lightgbm,504,2010-01-23T00:00:00,2010-01-27T09:00:00,38,105.0
pm25,ridge,504,2010-01-23T00:00:00,2010-01-27T09:00:00,38,105.0
pm25,extratrees,504,2010-01-23T00:00:00,2010-01-27T09:00:00,38,105.0
pm25,lightgbm,936,2010-02-12T19:00:00,2010-02-14T10:00:00,38,39.0
pm25,ridge,936,2010-02-12T19:00:00,2010-02-14T10:00:00,38,39.0
pm25,extratrees,936,2010-02-12T19:00:00,2010-02-14T10:00:00,38,39.0
pm25,lightgbm,960,2010-02-13T19:00:00,2010-02-15T10:00:00,38,39.0
pm25,ridge,960,2010-02-13T19:00:00,2010-02-15T10:00:00,38,39.0
pm25,extratrees,960,2010-02-13T19:00:00,2010-02-15T10:00:00,38,39.0
pm25,lightgbm,1752,2010-03-18T20:00:00,2010-03-20T12:00:00,38,40.0
pm25,ridge,1752,2010-03-18T20:00:00,2010-03-20T12:00:00,38,40.0
pm25,extratrees,1752,2010-03-18T20:00:00,2010-03-20T12:00:00,38,40.0
pm25,lightgbm,1776,2010-03-19T20:00:00,2010-03-21T12:00:00,38,40.0
pm25,ridge,1776,2010-03-19T20:00:00,2010-03-21T12:00:00,38,40.0
pm25,extratrees,1776,2010-03-19T20:00:00,2010-03-21T12:00:00,38,40.0
pm25,lightgbm,1824,2010-03-21T22:00:00,2010-03-23T13:00:00,38,39.0
pm25,ridge,1824,2010-03-21T22:00:00,2010-03-23T13:00:00,38,39.0
pm25,extratrees,1824,2010-03-21T22:00:00,2010-03-23T13:00:00,38,39.0
pm25,lightgbm,1848,2010-03-22T22:00:00,2010-03-24T13:00:00,38,39.0
pm25,ridge,1848,2010-03-22T22:00:00,2010-03-24T13:00:00,38,39.0
pm25,extratrees,1848,2010-03-22T22:00:00,2010-03-24T13:00:00,38,39.0
pm25,lightgbm,1992,2010-03-28T23:00:00,2010-03-31T21:00:00,38,70.0
pm25,ridge,1992,2010-03-28T23:00:00,2010-03-31T21:00:00,38,70.0
pm25,extratrees,1992,2010-03-28T23:00:00,2010-03-31T21:00:00,38,70.0
pm25,lightgbm,2016,2010-03-29T23:00:00,2010-04-01T23:00:00,38,72.0
pm25,ridge,2016,2010-03-29T23:00:00,2010-04-01T23:00:00,38,72.0
pm25,extratrees,2016,2010-03-29T23:00:00,2010-04-01T23:00:00,38,72.0
pm25,lightgbm,2040,2010-04-01T07:00:00,2010-04-02T23:00:00,38,40.0
pm25,ridge,2040,2010-04-01T07:00:00,2010-04-02T23:00:00,38,40.0
pm25,extratrees,2040,2010-04-01T07:00:00,2010-04-02T23:00:00,38,40.0
pm25,lightgbm,3120,2010-05-16T09:00:00,2010-05-18T01:00:00,38,40.0
pm25,ridge,3120,2010-05-16T09:00:00,2010-05-18T01:00:00,38,40.0
pm25,extratrees,3120,2010-05-16T09:00:00,2010-05-18T01:00:00,38,40.0
pm25,lightgbm,3144,2010-05-17T09:00:00,2010-05-19T01:00:00,38,40.0
pm25,ridge,3144,2010-05-17T09:00:00,2010-05-19T01:00:00,38,40.0
pm25,extratrees,3144,2010-05-17T09:00:00,2010-05-19T01:00:00,38,40.0
pm25,lightgbm,3360,2010-05-26T11:00:00,2010-05-28T06:00:00,38,43.0
pm25,ridge,3360,2010-05-26T11:00:00,2010-05-28T06:00:00,38,43.0
pm25,extratrees,3360,2010-05-26T11:00:00,2010-05-28T06:00:00,38,43.0
pm25,lightgbm,3384,2010-05-27T11:00:00,2010-05-29T06:00:00,38,43.0
pm25,ridge,3384,2010-05-27T11:00:00,2010-05-29T06:00:00,38,43.0
pm25,extratrees,3384,2010-05-27T11:00:00,2010-05-29T06:00:00,38,43.0
pm25,lightgbm,3480,2010-05-31T16:00:00,2010-06-03T02:00:00,38,58.0
pm25,ridge,3480,2010-05-31T16:00:00,2010-06-03T02:00:00,38,58.0
pm25,extratrees,3480,2010-05-31T16:00:00,2010-06-03T02:00:00,38,58.0
pm25,lightgbm,3504,2010-06-01T17:00:00,2010-06-04T02:00:00,38,57.0
pm25,ridge,3504,2010-06-01T17:00:00,2010-06-04T02:00:00,38,57.0
pm25,extratrees,3504,2010-06-01T17:00:00,2010-06-04T02:00:00,38,57.0
pm25,lightgbm,3528,2010-06-03T12:00:00,2010-06-08T02:00:00,38,110.0
pm25,ridge,3528,2010-06-03T12:00:00,2010-06-08T02:00:00,38,110.0
pm25,extratrees,3528,2010-06-03T12:00:00,2010-06-08T02:00:00,38,110.0
pm25,lightgbm,3552,2010-06-07T12:00:00,2010-06-10T15:00:00,38,75.0
pm25,ridge,3552,2010-06-07T12:00:00,2010-06-10T15:00:00,38,75.0
pm25,extratrees,3552,2010-06-07T12:00:00,2010-06-10T15:00:00,38,75.0
pm25,lightgbm,3792,2010-06-19T01:00:00,2010-06-20T17:00:00,38,40.0
pm25,ridge,3792,2010-06-19T01:00:00,2010-06-20T17:00:00,38,40.0
pm25,extratrees,3792,2010-06-19T01:00:00,2010-06-20T17:00:00,38,40.0
pm25,lightgbm,3816,2010-06-20T01:00:00,2010-06-21T17:00:00,38,40.0
pm25,ridge,3816,2010-06-20T01:00:00,2010-06-21T17:00:00,38,40.0
pm25,extratrees,3816,2010-06-20T01:00:00,2010-06-21T17:00:00,38,40.0
pm25,lightgbm,3840,2010-06-21T03:00:00,2010-06-23T17:00:00,38,62.0
pm25,ridge,3840,2010-06-21T03:00:00,2010-06-23T17:00:00,38,62.0
pm25,extratrees,3840,2010-06-21T03:00:00,2010-06-23T17:00:00,38,62.0
pm25,lightgbm,3864,2010-06-22T03:00:00,2010-06-24T17:00:00,38,62.0
pm25,ridge,3864,2010-06-22T03:00:00,2010-06-24T17:00:00,38,62.0
pm25,extratrees,3864,2010-06-22T03:00:00,2010-06-24T17:00:00,38,62.0
pm25,lightgbm,5088,2010-08-13T03:00:00,2010-08-17T13:00:00,38,106.0
pm25,ridge,5088,2010-08-13T03:00:00,2010-08-17T13:00:00,38,106.0
pm25,extratrees,5088,2010-08-13T03:00:00,2010-08-17T13:00:00,38,106.0
pm25,lightgbm,5688,2010-09-09T23:00:00,2010-09-12T05:00:00,38,54.0
pm25,ridge,5688,2010-09-09T23:00:00,2010-09-12T05:00:00,38,54.0
pm25,extratrees,5688,2010-09-09T23:00:00,2010-09-12T05:00:00,38,54.0
pm25,lightgbm,5712,2010-09-10T23:00:00,2010-09-13T05:00:00,38,54.0
pm25,ridge,5712,2010-09-10T23:00:00,2010-09-13T05:00:00,38,54.0
pm25,extratrees,5712,2010-09-10T23:00:00,2010-09-13T05:00:00,38,54.0
pm25,lightgbm,5880,2010-09-18T15:00:00,2010-09-20T10:00:00,38,43.0
pm25,ridge,5880,2010-09-18T15:00:00,2010-09-20T10:00:00,38,43.0
pm25,extratrees,5880,2010-09-18T15:00:00,2010-09-20T10:00:00,38,43.0
pm25,lightgbm,5904,2010-09-19T15:00:00,2010-10-01T01:00:00,38,274.0
pm25,ridge,5904,2010-09-19T15:00:00,2010-10-01T01:00:00,38,274.0
pm25,extratrees,5904,2010-09-19T15:00:00,2010-10-01T01:00:00,38,274.0
pm25,lightgbm,5928,2010-09-20T20:00:00,2010-10-02T01:00:00,38,269.0
pm25,ridge,5928,2010-09-20T20:00:00,2010-10-02T01:00:00,38,269.0
pm25,extratrees,5928,2010-09-20T20:00:00,2010-10-02T01:00:00,38,269.0
pm25,lightgbm,6192,2010-10-11T11:00:00,2010-10-13T03:00:00,38,40.0
pm25,ridge,6192,2010-10-11T11:00:00,2010-10-13T03:00:00,38,40.0
pm25,extratrees,6192,2010-10-11T11:00:00,2010-10-13T03:00:00,38,40.0
pm25,lightgbm,6216,2010-10-12T11:00:00,2010-10-14T03:00:00,38,40.0
pm25,ridge,6216,2010-10-12T11:00:00,2010-10-14T03:00:00,38,40.0
pm25,extratrees,6216,2010-10-12T11:00:00,2010-10-14T03:00:00,38,40.0
pm25,lightgbm,6672,2010-10-31T13:00:00,2010-11-04T09:00:00,38,92.0
pm25,ridge,6672,2010-10-31T13:00:00,2010-11-04T09:00:00,38,92.0
pm25,extratrees,6672,2010-10-31T13:00:00,2010-11-04T09:00:00,38,92.0
pm25,lightgbm,7128,2010-11-21T19:00:00,2010-11-23T11:00:00,38,40.0
pm25,ridge,7128,2010-11-21T19:00:00,2010-11-23T11:00:00,38,40.0
pm25,extratrees,7128,2010-11-21T19:00:00,2010-11-23T11:00:00,38,40.0
pm25,lightgbm,8064,2010-12-30T21:00:00,2011-01-02T11:00:00,38,62.0
pm25,ridge,8064,2010-12-30T21:00:00,2011-01-02T11:00:00,38,62.0
pm25,extratrees,8064,2010-12-30T21:00:00,2011-01-02T11:00:00,38,62.0
pm25,lightgbm,8088,2010-12-31T21:00:00,2011-01-03T11:00:00,38,62.0
pm25,ridge,8088,2010-12-31T21:00:00,2011-01-03T11:00:00,38,62.0
pm25,extratrees,8088,2010-12-31T21:00:00,2011-01-03T11:00:00,38,62.0
pm25,lightgbm,8232,2011-01-07T21:00:00,2011-01-11T11:00:00,38,86.0
pm25,ridge,8232,2011-01-07T21:00:00,2011-01-11T11:00:00,38,86.0
pm25,extratrees,8232,2011-01-07T21:00:00,2011-01-11T11:00:00,38,86.0
pm25,lightgbm,504,2010-01-23T00:00:00,2010-01-27T10:00:00,39,106.0
pm25,ridge,504,2010-01-23T00:00:00,2010-01-27T10:00:00,39,106.0
pm25,extratrees,504,2010-01-23T00:00:00,2010-01-27T10:00:00,39,106.0
pm25,lightgbm,936,2010-02-12T19:00:00,2010-02-14T11:00:00,39,40.0
pm25,ridge,936,2010-02-12T19:00:00,2010-02-14T11:00:00,39,40.0
pm25,extratrees,936,2010-02-12T19:00:00,2010-02-14T11:00:00,39,40.0
pm25,lightgbm,960,2010-02-13T19:00:00,2010-02-15T11:00:00,39,40.0
pm25,ridge,960,2010-02-13T19:00:00,2010-02-15T11:00:00,39,40.0
pm25,extratrees,960,2010-02-13T19:00:00,2010-02-15T11:00:00,39,40.0
pm25,lightgbm,1752,2010-03-18T20:00:00,2010-03-20T13:00:00,39,41.0
pm25,ridge,1752,2010-03-18T20:00:00,2010-03-20T13:00:00,39,41.0
pm25,extratrees,1752,2010-03-18T20:00:00,2010-03-20T13:00:00,39,41.0
pm25,lightgbm,1776,2010-03-19T20:00:00,2010-03-21T13:00:00,39,41.0
pm25,ridge,1776,2010-03-19T20:00:00,2010-03-21T13:00:00,39,41.0
pm25,extratrees,1776,2010-03-19T20:00:00,2010-03-21T13:00:00,39,41.0
pm25,lightgbm,1824,2010-03-21T22:00:00,2010-03-23T14:00:00,39,40.0
pm25,ridge,1824,2010-03-21T22:00:00,2010-03-23T14:00:00,39,40.0
pm25,extratrees,1824,2010-03-21T22:00:00,2010-03-23T14:00:00,39,40.0
pm25,lightgbm,1848,2010-03-22T22:00:00,2010-03-24T14:00:00,39,40.0
pm25,ridge,1848,2010-03-22T22:00:00,2010-03-24T14:00:00,39,40.0
pm25,extratrees,1848,2010-03-22T22:00:00,2010-03-24T14:00:00,39,40.0
pm25,lightgbm,1992,2010-03-28T23:00:00,2010-03-31T22:00:00,39,71.0
pm25,ridge,1992,2010-03-28T23:00:00,2010-03-31T22:00:00,39,71.0
pm25,extratrees,1992,2010-03-28T23:00:00,2010-03-31T22:00:00,39,71.0
pm25,lightgbm,2016,2010-03-29T23:00:00,2010-04-02T00:00:00,39,73.0
pm25,ridge,2016,2010-03-29T23:00:00,2010-04-02T00:00:00,39,73.0
pm25,extratrees,2016,2010-03-29T23:00:00,2010-04-02T00:00:00,39,73.0
pm25,lightgbm,2040,2010-04-01T07:00:00,2010-04-03T00:00:00,39,41.0
pm25,ridge,2040,2010-04-01T07:00:00,2010-04-03T00:00:00,39,41.0
pm25,extratrees,2040,2010-04-01T07:00:00,2010-04-03T00:00:00,39,41.0
pm25,lightgbm,3120,2010-05-16T09:00:00,2010-05-18T02:00:00,39,41.0
pm25,ridge,3120,2010-05-16T09:00:00,2010-05-18T02:00:00,39,41.0
pm25,extratrees,3120,2010-05-16T09:00:00,2010-05-18T02:00:00,39,41.0
pm25,lightgbm,3144,2010-05-17T09:00:00,2010-05-19T02:00:00,39,41.0
pm25,ridge,3144,2010-05-17T09:00:00,2010-05-19T02:00:00,39,41.0
pm25,extratrees,3144,2010-05-17T09:00:00,2010-05-19T02:00:00,39,41.0
pm25,lightgbm,3360,2010-05-26T11:00:00,2010-05-28T07:00:00,39,44.0
pm25,ridge,3360,2010-05-26T11:00:00,2010-05-28T07:00:00,39,44.0
pm25,extratrees,3360,2010-05-26T11:00:00,2010-05-28T07:00:00,39,44.0
pm25,lightgbm,3384,2010-05-27T11:00:00,2010-05-29T07:00:00,39,44.0
pm25,ridge,3384,2010-05-27T11:00:00,2010-05-29T07:00:00,39,44.0
pm25,extratrees,3384,2010-05-27T11:00:00,2010-05-29T07:00:00,39,44.0
pm25,lightgbm,3480,2010-05-31T16:00:00,2010-06-03T03:00:00,39,59.0
pm25,ridge,3480,2010-05-31T16:00:00,2010-06-03T03:00:00,39,59.0
pm25,extratrees,3480,2010-05-31T16:00:00,2010-06-03T03:00:00,39,59.0
pm25,lightgbm,3504,2010-06-01T17:00:00,2010-06-04T03:00:00,39,58.0
pm25,ridge,3504,2010-06-01T17:00:00,2010-06-04T03:00:00,39,58.0
pm25,extratrees,3504,2010-06-01T17:00:00,2010-06-04T03:00:00,39,58.0
pm25,lightgbm,3528,2010-06-03T12:00:00,2010-06-08T03:00:00,39,111.0
pm25,ridge,3528,2010-06-03T12:00:00,2010-06-08T03:00:00,39,111.0
pm25,extratrees,3528,2010-06-03T12:00:00,2010-06-08T03:00:00,39,111.0
pm25,lightgbm,3552,2010-06-07T12:00:00,2010-06-10T16:00:00,39,76.0
pm25,ridge,3552,2010-06-07T12:00:00,2010-06-10T16:00:00,39,76.0
pm25,extratrees,3552,2010-06-07T12:00:00,2010-06-10T16:00:00,39,76.0
pm25,lightgbm,3792,2010-06-19T01:00:00,2010-06-20T18:00:00,39,41.0
pm25,ridge,3792,2010-06-19T01:00:00,2010-06-20T18:00:00,39,41.0
pm25,extratrees,3792,2010-06-19T01:00:00,2010-06-20T18:00:00,39,41.0
pm25,lightgbm,3816,2010-06-20T01:00:00,2010-06-21T18:00:00,39,41.0
pm25,ridge,3816,2010-06-20T01:00:00,2010-06-21T18:00:00,39,41.0
pm25,extratrees,3816,2010-06-20T01:00:00,2010-06-21T18:00:00,39,41.0
pm25,lightgbm,3840,2010-06-21T03:00:00,2010-06-23T18:00:00,39,63.0
pm25,ridge,3840,2010-06-21T03:00:00,2010-06-23T18:00:00,39,63.0
pm25,extratrees,3840,2010-06-21T03:00:00,2010-06-23T18:00:00,39,63.0
pm25,lightgbm,3864,2010-06-22T03:00:00,2010-06-24T18:00:00,39,63.0
pm25,ridge,3864,2010-06-22T03:00:00,2010-06-24T18:00:00,39,63.0
pm25,extratrees,3864,2010-06-22T03:00:00,2010-06-24T18:00:00,39,63.0
pm25,lightgbm,5088,2010-08-13T03:00:00,2010-08-17T14:00:00,39,107.0
pm25,ridge,5088,2010-08-13T03:00:00,2010-08-17T14:00:00,39,107.0
pm25,extratrees,5088,2010-08-13T03:00:00,2010-08-17T14:00:00,39,107.0
pm25,lightgbm,5688,2010-09-09T23:00:00,2010-09-12T06:00:00,39,55.0
pm25,ridge,5688,2010-09-09T23:00:00,2010-09-12T06:00:00,39,55.0
pm25,extratrees,5688,2010-09-09T23:00:00,2010-09-12T06:00:00,39,55.0
pm25,lightgbm,5712,2010-09-10T23:00:00,2010-09-13T06:00:00,39,55.0
pm25,ridge,5712,2010-09-10T23:00:00,2010-09-13T06:00:00,39,55.0
pm25,extratrees,5712,2010-09-10T23:00:00,2010-09-13T06:00:00,39,55.0
pm25,lightgbm,5880,2010-09-18T15:00:00,2010-09-20T11:00:00,39,44.0
pm25,ridge,5880,2010-09-18T15:00:00,2010-09-20T11:00:00,39,44.0
pm25,extratrees,5880,2010-09-18T15:00:00,2010-09-20T11:00:00,39,44.0
pm25,lightgbm,5904,2010-09-19T15:00:00,2010-10-01T02:00:00,39,275.0
pm25,ridge,5904,2010-09-19T15:00:00,2010-10-01T02:00:00,39,275.0
pm25,extratrees,5904,2010-09-19T15:00:00,2010-10-01T02:00:00,39,275.0
pm25,lightgbm,5928,2010-09-20T20:00:00,2010-10-02T02:00:00,39,270.0
pm25,ridge,5928,2010-09-20T20:00:00,2010-10-02T02:00:00,39,270.0
pm25,extratrees,5928,2010-09-20T20:00:00,2010-10-02T02:00:00,39,270.0
pm25,lightgbm,6192,2010-10-11T11:00:00,2010-10-13T04:00:00,39,41.0
pm25,ridge,6192,2010-10-11T11:00:00,2010-10-13T04:00:00,39,41.0
pm25,extratrees,6192,2010-10-11T11:00:00,2010-10-13T04:00:00,39,41.0
pm25,lightgbm,6216,2010-10-12T11:00:00,2010-10-14T04:00:00,39,41.0
pm25,ridge,6216,2010-10-12T11:00:00,2010-10-14T04:00:00,39,41.0
pm25,extratrees,6216,2010-10-12T11:00:00,2010-10-14T04:00:00,39,41.0
pm25,lightgbm,6672,2010-10-31T13:00:00,2010-11-04T10:00:00,39,93.0
pm25,ridge,6672,2010-10-31T13:00:00,2010-11-04T10:00:00,39,93.0
pm25,extratrees,6672,2010-10-31T13:00:00,2010-11-04T10:00:00,39,93.0
pm25,lightgbm,7128,2010-11-21T19:00:00,2010-11-23T12:00:00,39,41.0
pm25,ridge,7128,2010-11-21T19:00:00,2010-11-23T12:00:00,39,41.0
pm25,extratrees,7128,2010-11-21T19:00:00,2010-11-23T12:00:00,39,41.0
pm25,lightgbm,8064,2010-12-30T21:00:00,2011-01-02T12:00:00,39,63.0
pm25,ridge,8064,2010-12-30T21:00:00,2011-01-02T12:00:00,39,63.0
pm25,extratrees,8064,2010-12-30T21:00:00,2011-01-02T12:00:00,39,63.0
pm25,lightgbm,8088,2010-12-31T21:00:00,2011-01-03T12:00:00,39,63.0
pm25,ridge,8088,2010-12-31T21:00:00,2011-01-03T12:00:00,39,63.0
pm25,extratrees,8088,2010-12-31T21:00:00,2011-01-03T12:00:00,39,63.0
pm25,lightgbm,8232,2011-01-07T21:00:00,2011-01-11T12:00:00,39,87.0
pm25,ridge,8232,2011-01-07T21:00:00,2011-01-11T12:00:00,39,87.0
pm25,extratrees,8232,2011-01-07T21:00:00,2011-01-11T12:00:00,39,87.0
pm25,lightgbm,504,2010-01-23T00:00:00,2010-01-27T11:00:00,40,107.0
pm25,ridge,504,2010-01-23T00:00:00,2010-01-27T11:00:00,40,107.0
pm25,extratrees,504,2010-01-23T00:00:00,2010-01-27T11:00:00,40,107.0
pm25,lightgbm,936,2010-02-12T19:00:00,2010-02-14T12:00:00,40,41.0
pm25,ridge,936,2010-02-12T19:00:00,2010-02-14T12:00:00,40,41.0
pm25,extratrees,936,2010-02-12T19:00:00,2010-02-14T12:00:00,40,41.0
pm25,lightgbm,960,2010-02-13T19:00:00,2010-02-15T12:00:00,40,41.0
pm25,ridge,960,2010-02-13T19:00:00,2010-02-15T12:00:00,40,41.0
pm25,extratrees,960,2010-02-13T19:00:00,2010-02-15T12:00:00,40,41.0
pm25,lightgbm,1752,2010-03-18T20:00:00,2010-03-20T14:00:00,40,42.0
pm25,ridge,1752,2010-03-18T20:00:00,2010-03-20T14:00:00,40,42.0
pm25,extratrees,1752,2010-03-18T20:00:00,2010-03-20T14:00:00,40,42.0
pm25,lightgbm,1776,2010-03-19T20:00:00,2010-03-21T14:00:00,40,42.0
pm25,ridge,1776,2010-03-19T20:00:00,2010-03-21T14:00:00,40,42.0
pm25,extratrees,1776,2010-03-19T20:00:00,2010-03-21T14:00:00,40,42.0
pm25,lightgbm,1824,2010-03-21T22:00:00,2010-03-23T15:00:00,40,41.0
pm25,ridge,1824,2010-03-21T22:00:00,2010-03-23T15:00:00,40,41.0
pm25,extratrees,1824,2010-03-21T22:00:00,2010-03-23T15:00:00,40,41.0
pm25,lightgbm,1848,2010-03-22T22:00:00,2010-03-24T15:00:00,40,41.0
pm25,ridge,1848,2010-03-22T22:00:00,2010-03-24T15:00:00,40,41.0
pm25,extratrees,1848,2010-03-22T22:00:00,2010-03-24T15:00:00,40,41.0
pm25,lightgbm,1992,2010-03-28T23:00:00,2010-03-31T23:00:00,40,72.0
pm25,ridge,1992,2010-03-28T23:00:00,2010-03-31T23:00:00,40,72.0
pm25,extratrees,1992,2010-03-28T23:00:00,2010-03-31T23:00:00,40,72.0
pm25,lightgbm,2016,2010-03-29T23:00:00,2010-04-02T01:00:00,40,74.0
pm25,ridge,2016,2010-03-29T23:00:00,2010-04-02T01:00:00,40,74.0
pm25,extratrees,2016,2010-03-29T23:00:00,2010-04-02T01:00:00,40,74.0
pm25,lightgbm,2040,2010-04-01T07:00:00,2010-04-03T01:00:00,40,42.0
pm25,ridge,2040,2010-04-01T07:00:00,2010-04-03T01:00:00,40,42.0
pm25,extratrees,2040,2010-04-01T07:00:00,2010-04-03T01:00:00,40,42.0
pm25,lightgbm,3120,2010-05-16T09:00:00,2010-05-18T03:00:00,40,42.0
pm25,ridge,3120,2010-05-16T09:00:00,2010-05-18T03:00:00,40,42.0
pm25,extratrees,3120,2010-05-16T09:00:00,2010-05-18T03:00:00,40,42.0
pm25,lightgbm,3144,2010-05-17T09:00:00,2010-05-19T03:00:00,40,42.0
pm25,ridge,3144,2010-05-17T09:00:00,2010-05-19T03:00:00,40,42.0
pm25,extratrees,3144,2010-05-17T09:00:00,2010-05-19T03:00:00,40,42.0
pm25,lightgbm,3360,2010-05-26T11:00:00,2010-05-28T08:00:00,40,45.0
pm25,ridge,3360,2010-05-26T11:00:00,2010-05-28T08:00:00,40,45.0
pm25,extratrees,3360,2010-05-26T11:00:00,2010-05-28T08:00:00,40,45.0
pm25,lightgbm,3384,2010-05-27T11:00:00,2010-05-29T08:00:00,40,45.0
pm25,ridge,3384,2010-05-27T11:00:00,2010-05-29T08:00:00,40,45.0
pm25,extratrees,3384,2010-05-27T11:00:00,2010-05-29T08:00:00,40,45.0
pm25,lightgbm,3480,2010-05-31T16:00:00,2010-06-03T04:00:00,40,60.0
pm25,ridge,3480,2010-05-31T16:00:00,2010-06-03T04:00:00,40,60.0
pm25,extratrees,3480,2010-05-31T16:00:00,2010-06-03T04:00:00,40,60.0
pm25,lightgbm,3504,2010-06-01T17:00:00,2010-06-04T04:00:00,40,59.0
pm25,ridge,3504,2010-06-01T17:00:00,2010-06-04T04:00:00,40,59.0
pm25,extratrees,3504,2010-06-01T17:00:00,2010-06-04T04:00:00,40,59.0
pm25,lightgbm,3528,2010-06-03T12:00:00,2010-06-09T17:00:00,40,149.0
pm25,ridge,3528,2010-06-03T12:00:00,2010-06-09T17:00:00,40,149.0
pm25,extratrees,3528,2010-06-03T12:00:00,2010-06-09T17:00:00,40,149.0
pm25,lightgbm,3552,2010-06-07T12:00:00,2010-06-10T17:00:00,40,77.0
pm25,ridge,3552,2010-06-07T12:00:00,2010-06-10T17:00:00,40,77.0
pm25,extratrees,3552,2010-06-07T12:00:00,2010-06-10T17:00:00,40,77.0
pm25,lightgbm,3792,2010-06-19T01:00:00,2010-06-20T19:00:00,40,42.0
pm25,ridge,3792,2010-06-19T01:00:00,2010-06-20T19:00:00,40,42.0
pm25,extratrees,3792,2010-06-19T01:00:00,2010-06-20T19:00:00,40,42.0
pm25,lightgbm,3816,2010-06-20T01:00:00,2010-06-21T19:00:00,40,42.0
pm25,ridge,3816,2010-06-20T01:00:00,2010-06-21T19:00:00,40,42.0
pm25,extratrees,3816,2010-06-20T01:00:00,2010-06-21T19:00:00,40,42.0
pm25,lightgbm,3840,2010-06-21T03:00:00,2010-06-23T19:00:00,40,64.0
pm25,ridge,3840,2010-06-21T03:00:00,2010-06-23T19:00:00,40,64.0
pm25,extratrees,3840,2010-06-21T03:00:00,2010-06-23T19:00:00,40,64.0
pm25,lightgbm,3864,2010-06-22T03:00:00,2010-06-24T19:00:00,40,64.0
pm25,ridge,3864,2010-06-22T03:00:00,2010-06-24T19:00:00,40,64.0
pm25,extratrees,3864,2010-06-22T03:00:00,2010-06-24T19:00:00,40,64.0
pm25,lightgbm,5088,2010-08-13T03:00:00,2010-08-17T15:00:00,40,108.0
pm25,ridge,5088,2010-08-13T03:00:00,2010-08-17T15:00:00,40,108.0
pm25,extratrees,5088,2010-08-13T03:00:00,2010-08-17T15:00:00,40,108.0
pm25,lightgbm,5688,2010-09-09T23:00:00,2010-09-12T07:00:00,40,56.0
pm25,ridge,5688,2010-09-09T23:00:00,2010-09-12T07:00:00,40,56.0
pm25,extratrees,5688,2010-09-09T23:00:00,2010-09-12T07:00:00,40,56.0
pm25,lightgbm,5712,2010-09-10T23:00:00,2010-09-13T07:00:00,40,56.0
pm25,ridge,5712,2010-09-10T23:00:00,2010-09-13T07:00:00,40,56.0
pm25,extratrees,5712,2010-09-10T23:00:00,2010-09-13T07:00:00,40,56.0
pm25,lightgbm,5880,2010-09-18T15:00:00,2010-09-20T12:00:00,40,45.0
pm25,ridge,5880,2010-09-18T15:00:00,2010-09-20T12:00:00,40,45.0
pm25,extratrees,5880,2010-09-18T15:00:00,2010-09-20T12:00:00,40,45.0
pm25,lightgbm,5904,2010-09-19T15:00:00,2010-10-01T03:00:00,40,276.0
pm25,ridge,5904,2010-09-19T15:00:00,2010-10-01T03:00:00,40,276.0
pm25,extratrees,5904,2010-09-19T15:00:00,2010-10-01T03:00:00,40,276.0
pm25,lightgbm,5928,2010-09-20T20:00:00,2010-10-02T03:00:00,40,271.0
pm25,ridge,5928,2010-09-20T20:00:00,2010-10-02T03:00:00,40,271.0
pm25,extratrees,5928,2010-09-20T20:00:00,2010-10-02T03:00:00,40,271.0
pm25,lightgbm,6192,2010-10-11T11:00:00,2010-10-13T05:00:00,40,42.0
pm25,ridge,6192,2010-10-11T11:00:00,2010-10-13T05:00:00,40,42.0
pm25,extratrees,6192,2010-10-11T11:00:00,2010-10-13T05:00:00,40,42.0
pm25,lightgbm,6216,2010-10-12T11:00:00,2010-10-14T05:00:00,40,42.0
pm25,ridge,6216,2010-10-12T11:00:00,2010-10-14T05:00:00,40,42.0
pm25,extratrees,6216,2010-10-12T11:00:00,2010-10-14T05:00:00,40,42.0
pm25,lightgbm,6672,2010-10-31T13:00:00,2010-11-04T11:00:00,40,94.0
pm25,ridge,6672,2010-10-31T13:00:00,2010-11-04T11:00:00,40,94.0
pm25,extratrees,6672,2010-10-31T13:00:00,2010-11-04T11:00:00,40,94.0
pm25,lightgbm,7104,2010-11-20T19:00:00,2010-11-22T13:00:00,40,42.0
pm25,ridge,7104,2010-11-20T19:00:00,2010-11-22T13:00:00,40,42.0
pm25,extratrees,7104,2010-11-20T19:00:00,2010-11-22T13:00:00,40,42.0
pm25,lightgbm,7128,2010-11-21T19:00:00,2010-11-23T13:00:00,40,42.0
pm25,ridge,7128,2010-11-21T19:00:00,2010-11-23T13:00:00,40,42.0
pm25,extratrees,7128,2010-11-21T19:00:00,2010-11-23T13:00:00,40,42.0
pm25,lightgbm,8064,2010-12-30T21:00:00,2011-01-02T13:00:00,40,64.0
pm25,ridge,8064,2010-12-30T21:00:00,2011-01-02T13:00:00,40,64.0
pm25,extratrees,8064,2010-12-30T21:00:00,2011-01-02T13:00:00,40,64.0
pm25,lightgbm,8088,2010-12-31T21:00:00,2011-01-03T13:00:00,40,64.0
pm25,ridge,8088,2010-12-31T21:00:00,2011-01-03T13:00:00,40,64.0
pm25,extratrees,8088,2010-12-31T21:00:00,2011-01-03T13:00:00,40,64.0
pm25,lightgbm,8232,2011-01-07T21:00:00,2011-01-11T13:00:00,40,88.0
pm25,ridge,8232,2011-01-07T21:00:00,2011-01-11T13:00:00,40,88.0
pm25,extratrees,8232,2011-01-07T21:00:00,2011-01-11T13:00:00,40,88.0
pm25,lightgbm,480,2010-01-22T00:00:00,2010-01-26T12:00:00,41,108.0
pm25,ridge,480,2010-01-22T00:00:00,2010-01-26T12:00:00,41,108.0
pm25,extratrees,480,2010-01-22T00:00:00,2010-01-26T12:00:00,41,108.0
pm25,lightgbm,504,2010-01-23T00:00:00,2010-01-27T12:00:00,41,108.0
pm25,ridge,504,2010-01-23T00:00:00,2010-01-27T12:00:00,41,108.0
pm25,extratrees,504,2010-01-23T00:00:00,2010-01-27T12:00:00,41,108.0
pm25,lightgbm,936,2010-02-12T19:00:00,2010-02-14T13:00:00,41,42.0
pm25,ridge,936,2010-02-12T19:00:00,2010-02-14T13:00:00,41,42.0
pm25,extratrees,936,2010-02-12T19:00:00,2010-02-14T13:00:00,41,42.0
pm25,lightgbm,960,2010-02-13T19:00:00,2010-02-15T13:00:00,41,42.0
pm25,ridge,960,2010-02-13T19:00:00,2010-02-15T13:00:00,41,42.0
pm25,extratrees,960,2010-02-13T19:00:00,2010-02-15T13:00:00,41,42.0
pm25,lightgbm,1752,2010-03-18T20:00:00,2010-03-20T15:00:00,41,43.0
pm25,ridge,1752,2010-03-18T20:00:00,2010-03-20T15:00:00,41,43.0
pm25,extratrees,1752,2010-03-18T20:00:00,2010-03-20T15:00:00,41,43.0
pm25,lightgbm,1776,2010-03-19T20:00:00,2010-03-21T15:00:00,41,43.0
pm25,ridge,1776,2010-03-19T20:00:00,2010-03-21T15:00:00,41,43.0
pm25,extratrees,1776,2010-03-19T20:00:00,2010-03-21T15:00:00,41,43.0
pm25,lightgbm,1824,2010-03-21T22:00:00,2010-03-23T16:00:00,41,42.0
pm25,ridge,1824,2010-03-21T22:00:00,2010-03-23T16:00:00,41,42.0
pm25,extratrees,1824,2010-03-21T22:00:00,2010-03-23T16:00:00,41,42.0
pm25,lightgbm,1848,2010-03-22T22:00:00,2010-03-24T16:00:00,41,42.0
pm25,ridge,1848,2010-03-22T22:00:00,2010-03-24T16:00:00,41,42.0
pm25,extratrees,1848,2010-03-22T22:00:00,2010-03-24T16:00:00,41,42.0
pm25,lightgbm,1992,2010-03-28T23:00:00,2010-04-01T00:00:00,41,73.0
pm25,ridge,1992,2010-03-28T23:00:00,2010-04-01T00:00:00,41,73.0
pm25,extratrees,1992,2010-03-28T23:00:00,2010-04-01T00:00:00,41,73.0
pm25,lightgbm,2016,2010-03-29T23:00:00,2010-04-02T02:00:00,41,75.0
pm25,ridge,2016,2010-03-29T23:00:00,2010-04-02T02:00:00,41,75.0
pm25,extratrees,2016,2010-03-29T23:00:00,2010-04-02T02:00:00,41,75.0
pm25,lightgbm,2040,2010-04-01T07:00:00,2010-04-03T02:00:00,41,43.0
pm25,ridge,2040,2010-04-01T07:00:00,2010-04-03T02:00:00,41,43.0
pm25,extratrees,2040,2010-04-01T07:00:00,2010-04-03T02:00:00,41,43.0
pm25,lightgbm,3120,2010-05-16T09:00:00,2010-05-18T04:00:00,41,43.0
pm25,ridge,3120,2010-05-16T09:00:00,2010-05-18T04:00:00,41,43.0
pm25,extratrees,3120,2010-05-16T09:00:00,2010-05-18T04:00:00,41,43.0
pm25,lightgbm,3144,2010-05-17T09:00:00,2010-05-19T04:00:00,41,43.0
pm25,ridge,3144,2010-05-17T09:00:00,2010-05-19T04:00:00,41,43.0
pm25,extratrees,3144,2010-05-17T09:00:00,2010-05-19T04:00:00,41,43.0
pm25,lightgbm,3360,2010-05-26T11:00:00,2010-05-28T09:00:00,41,46.0
pm25,ridge,3360,2010-05-26T11:00:00,2010-05-28T09:00:00,41,46.0
pm25,extratrees,3360,2010-05-26T11:00:00,2010-05-28T09:00:00,41,46.0
pm25,lightgbm,3384,2010-05-27T11:00:00,2010-05-29T09:00:00,41,46.0
pm25,ridge,3384,2010-05-27T11:00:00,2010-05-29T09:00:00,41,46.0
pm25,extratrees,3384,2010-05-27T11:00:00,2010-05-29T09:00:00,41,46.0
pm25,lightgbm,3480,2010-05-31T16:00:00,2010-06-03T05:00:00,41,61.0
pm25,ridge,3480,2010-05-31T16:00:00,2010-06-03T05:00:00,41,61.0
pm25,extratrees,3480,2010-05-31T16:00:00,2010-06-03T05:00:00,41,61.0
pm25,lightgbm,3504,2010-06-01T17:00:00,2010-06-04T05:00:00,41,60.0
pm25,ridge,3504,2010-06-01T17:00:00,2010-06-04T05:00:00,41,60.0
pm25,extratrees,3504,2010-06-01T17:00:00,2010-06-04T05:00:00,41,60.0
pm25,lightgbm,3528,2010-06-03T12:00:00,2010-06-09T18:00:00,41,150.0
pm25,ridge,3528,2010-06-03T12:00:00,2010-06-09T18:00:00,41,150.0
pm25,extratrees,3528,2010-06-03T12:00:00,2010-06-09T18:00:00,41,150.0
pm25,lightgbm,3552,2010-06-07T12:00:00,2010-06-10T18:00:00,41,78.0
pm25,ridge,3552,2010-06-07T12:00:00,2010-06-10T18:00:00,41,78.0
pm25,extratrees,3552,2010-06-07T12:00:00,2010-06-10T18:00:00,41,78.0
pm25,lightgbm,3792,2010-06-19T01:00:00,2010-06-20T20:00:00,41,43.0
pm25,ridge,3792,2010-06-19T01:00:00,2010-06-20T20:00:00,41,43.0
pm25,extratrees,3792,2010-06-19T01:00:00,2010-06-20T20:00:00,41,43.0
pm25,lightgbm,3816,2010-06-20T01:00:00,2010-06-21T20:00:00,41,43.0
pm25,ridge,3816,2010-06-20T01:00:00,2010-06-21T20:00:00,41,43.0
pm25,extratrees,3816,2010-06-20T01:00:00,2010-06-21T20:00:00,41,43.0
pm25,lightgbm,3840,2010-06-21T03:00:00,2010-06-23T20:00:00,41,65.0
pm25,ridge,3840,2010-06-21T03:00:00,2010-06-23T20:00:00,41,65.0
pm25,extratrees,3840,2010-06-21T03:00:00,2010-06-23T20:00:00,41,65.0
pm25,lightgbm,3864,2010-06-22T03:00:00,2010-06-24T20:00:00,41,65.0
pm25,ridge,3864,2010-06-22T03:00:00,2010-06-24T20:00:00,41,65.0
pm25,extratrees,3864,2010-06-22T03:00:00,2010-06-24T20:00:00,41,65.0
pm25,lightgbm,5064,2010-08-12T03:00:00,2010-08-16T16:00:00,41,109.0
pm25,ridge,5064,2010-08-12T03:00:00,2010-08-16T16:00:00,41,109.0
pm25,extratrees,5064,2010-08-12T03:00:00,2010-08-16T16:00:00,41,109.0
pm25,lightgbm,5088,2010-08-13T03:00:00,2010-08-17T16:00:00,41,109.0
pm25,ridge,5088,2010-08-13T03:00:00,2010-08-17T16:00:00,41,109.0
pm25,extratrees,5088,2010-08-13T03:00:00,2010-08-17T16:00:00,41,109.0
pm25,lightgbm,5688,2010-09-09T23:00:00,2010-09-12T08:00:00,41,57.0
pm25,ridge,5688,2010-09-09T23:00:00,2010-09-12T08:00:00,41,57.0
pm25,extratrees,5688,2010-09-09T23:00:00,2010-09-12T08:00:00,41,57.0
pm25,lightgbm,5712,2010-09-10T23:00:00,2010-09-13T08:00:00,41,57.0
pm25,ridge,5712,2010-09-10T23:00:00,2010-09-13T08:00:00,41,57.0
pm25,extratrees,5712,2010-09-10T23:00:00,2010-09-13T08:00:00,41,57.0
pm25,lightgbm,5880,2010-09-18T15:00:00,2010-09-20T13:00:00,41,46.0
pm25,ridge,5880,2010-09-18T15:00:00,2010-09-20T13:00:00,41,46.0
pm25,extratrees,5880,2010-09-18T15:00:00,2010-09-20T13:00:00,41,46.0
pm25,lightgbm,5904,2010-09-19T15:00:00,2010-10-01T04:00:00,41,277.0
pm25,ridge,5904,2010-09-19T15:00:00,2010-10-01T04:00:00,41,277.0
pm25,extratrees,5904,2010-09-19T15:00:00,2010-10-01T04:00:00,41,277.0
pm25,lightgbm,5928,2010-09-20T20:00:00,2010-10-02T04:00:00,41,272.0
pm25,ridge,5928,2010-09-20T20:00:00,2010-10-02T04:00:00,41,272.0
pm25,extratrees,5928,2010-09-20T20:00:00,2010-10-02T04:00:00,41,272.0
pm25,lightgbm,6192,2010-10-11T11:00:00,2010-10-13T06:00:00,41,43.0
pm25,ridge,6192,2010-10-11T11:00:00,2010-10-13T06:00:00,41,43.0
pm25,extratrees,6192,2010-10-11T11:00:00,2010-10-13T06:00:00,41,43.0
pm25,lightgbm,6216,2010-10-12T11:00:00,2010-10-14T06:00:00,41,43.0
pm25,ridge,6216,2010-10-12T11:00:00,2010-10-14T06:00:00,41,43.0
pm25,extratrees,6216,2010-10-12T11:00:00,2010-10-14T06:00:00,41,43.0
pm25,lightgbm,6672,2010-10-31T13:00:00,2010-11-04T12:00:00,41,95.0
pm25,ridge,6672,2010-10-31T13:00:00,2010-11-04T12:00:00,41,95.0
pm25,extratrees,6672,2010-10-31T13:00:00,2010-11-04T12:00:00,41,95.0
pm25,lightgbm,7104,2010-11-20T19:00:00,2010-11-22T14:00:00,41,43.0
pm25,ridge,7104,2010-11-20T19:00:00,2010-11-22T14:00:00,41,43.0
pm25,extratrees,7104,2010-11-20T19:00:00,2010-11-22T14:00:00,41,43.0
pm25,lightgbm,7128,2010-11-21T19:00:00,2010-11-23T14:00:00,41,43.0
pm25,ridge,7128,2010-11-21T19:00:00,2010-11-23T14:00:00,41,43.0
pm25,extratrees,7128,2010-11-21T19:00:00,2010-11-23T14:00:00,41,43.0
pm25,lightgbm,8064,2010-12-30T21:00:00,2011-01-02T14:00:00,41,65.0
pm25,ridge,8064,2010-12-30T21:00:00,2011-01-02T14:00:00,41,65.0
pm25,extratrees,8064,2010-12-30T21:00:00,2011-01-02T14:00:00,41,65.0
pm25,lightgbm,8088,2010-12-31T21:00:00,2011-01-03T14:00:00,41,65.0
pm25,ridge,8088,2010-12-31T21:00:00,2011-01-03T14:00:00,41,65.0
pm25,extratrees,8088,2010-12-31T21:00:00,2011-01-03T14:00:00,41,65.0
pm25,lightgbm,8232,2011-01-07T21:00:00,2011-01-11T14:00:00,41,89.0
pm25,ridge,8232,2011-01-07T21:00:00,2011-01-11T14:00:00,41,89.0
pm25,extratrees,8232,2011-01-07T21:00:00,2011-01-11T14:00:00,41,89.0
pm25,lightgbm,480,2010-01-22T00:00:00,2010-01-26T13:00:00,42,109.0
pm25,ridge,480,2010-01-22T00:00:00,2010-01-26T13:00:00,42,109.0
pm25,extratrees,480,2010-01-22T00:00:00,2010-01-26T13:00:00,42,109.0
pm25,lightgbm,504,2010-01-23T00:00:00,2010-01-27T13:00:00,42,109.0
pm25,ridge,504,2010-01-23T00:00:00,2010-01-27T13:00:00,42,109.0
pm25,extratrees,504,2010-01-23T00:00:00,2010-01-27T13:00:00,42,109.0
pm25,lightgbm,936,2010-02-12T19:00:00,2010-02-14T14:00:00,42,43.0
pm25,ridge,936,2010-02-12T19:00:00,2010-02-14T14:00:00,42,43.0
pm25,extratrees,936,2010-02-12T19:00:00,2010-02-14T14:00:00,42,43.0
pm25,lightgbm,960,2010-02-13T19:00:00,2010-02-15T14:00:00,42,43.0
pm25,ridge,960,2010-02-13T19:00:00,2010-02-15T14:00:00,42,43.0
pm25,extratrees,960,2010-02-13T19:00:00,2010-02-15T14:00:00,42,43.0
pm25,lightgbm,1752,2010-03-18T20:00:00,2010-03-20T16:00:00,42,44.0
pm25,ridge,1752,2010-03-18T20:00:00,2010-03-20T16:00:00,42,44.0
pm25,extratrees,1752,2010-03-18T20:00:00,2010-03-20T16:00:00,42,44.0
pm25,lightgbm,1776,2010-03-19T20:00:00,2010-03-21T16:00:00,42,44.0
pm25,ridge,1776,2010-03-19T20:00:00,2010-03-21T16:00:00,42,44.0
pm25,extratrees,1776,2010-03-19T20:00:00,2010-03-21T16:00:00,42,44.0
pm25,lightgbm,1824,2010-03-21T22:00:00,2010-03-23T17:00:00,42,43.0
pm25,ridge,1824,2010-03-21T22:00:00,2010-03-23T17:00:00,42,43.0
pm25,extratrees,1824,2010-03-21T22:00:00,2010-03-23T17:00:00,42,43.0
pm25,lightgbm,1848,2010-03-22T22:00:00,2010-03-24T17:00:00,42,43.0
pm25,ridge,1848,2010-03-22T22:00:00,2010-03-24T17:00:00,42,43.0
pm25,extratrees,1848,2010-03-22T22:00:00,2010-03-24T17:00:00,42,43.0
pm25,lightgbm,1992,2010-03-28T23:00:00,2010-04-01T01:00:00,42,74.0
pm25,ridge,1992,2010-03-28T23:00:00,2010-04-01T01:00:00,42,74.0
pm25,extratrees,1992,2010-03-28T23:00:00,2010-04-01T01:00:00,42,74.0
pm25,lightgbm,2016,2010-03-29T23:00:00,2010-04-02T03:00:00,42,76.0
pm25,ridge,2016,2010-03-29T23:00:00,2010-04-02T03:00:00,42,76.0
pm25,extratrees,2016,2010-03-29T23:00:00,2010-04-02T03:00:00,42,76.0
pm25,lightgbm,2040,2010-04-01T07:00:00,2010-04-03T03:00:00,42,44.0
pm25,ridge,2040,2010-04-01T07:00:00,2010-04-03T03:00:00,42,44.0
pm25,extratrees,2040,2010-04-01T07:00:00,2010-04-03T03:00:00,42,44.0
pm25,lightgbm,3120,2010-05-16T09:00:00,2010-05-18T05:00:00,42,44.0
pm25,ridge,3120,2010-05-16T09:00:00,2010-05-18T05:00:00,42,44.0
pm25,extratrees,3120,2010-05-16T09:00:00,2010-05-18T05:00:00,42,44.0
pm25,lightgbm,3144,2010-05-17T09:00:00,2010-05-19T05:00:00,42,44.0
pm25,ridge,3144,2010-05-17T09:00:00,2010-05-19T05:00:00,42,44.0
pm25,extratrees,3144,2010-05-17T09:00:00,2010-05-19T05:00:00,42,44.0
pm25,lightgbm,3360,2010-05-26T11:00:00,2010-05-28T10:00:00,42,47.0
pm25,ridge,3360,2010-05-26T11:00:00,2010-05-28T10:00:00,42,47.0
pm25,extratrees,3360,2010-05-26T11:00:00,2010-05-28T10:00:00,42,47.0
pm25,lightgbm,3384,2010-05-27T11:00:00,2010-05-29T10:00:00,42,47.0
pm25,ridge,3384,2010-05-27T11:00:00,2010-05-29T10:00:00,42,47.0
pm25,extratrees,3384,2010-05-27T11:00:00,2010-05-29T10:00:00,42,47.0
pm25,lightgbm,3480,2010-05-31T16:00:00,2010-06-03T06:00:00,42,62.0
pm25,ridge,3480,2010-05-31T16:00:00,2010-06-03T06:00:00,42,62.0
pm25,extratrees,3480,2010-05-31T16:00:00,2010-06-03T06:00:00,42,62.0
pm25,lightgbm,3504,2010-06-01T17:00:00,2010-06-04T06:00:00,42,61.0
pm25,ridge,3504,2010-06-01T17:00:00,2010-06-04T06:00:00,42,61.0
pm25,extratrees,3504,2010-06-01T17:00:00,2010-06-04T06:00:00,42,61.0
pm25,lightgbm,3528,2010-06-03T12:00:00,2010-06-09T19:00:00,42,151.0
pm25,ridge,3528,2010-06-03T12:00:00,2010-06-09T19:00:00,42,151.0
pm25,extratrees,3528,2010-06-03T12:00:00,2010-06-09T19:00:00,42,151.0
pm25,lightgbm,3552,2010-06-07T12:00:00,2010-06-10T19:00:00,42,79.0
pm25,ridge,3552,2010-06-07T12:00:00,2010-06-10T19:00:00,42,79.0
pm25,extratrees,3552,2010-06-07T12:00:00,2010-06-10T19:00:00,42,79.0
pm25,lightgbm,3792,2010-06-19T01:00:00,2010-06-20T21:00:00,42,44.0
pm25,ridge,3792,2010-06-19T01:00:00,2010-06-20T21:00:00,42,44.0
pm25,extratrees,3792,2010-06-19T01:00:00,2010-06-20T21:00:00,42,44.0
pm25,lightgbm,3816,2010-06-20T01:00:00,2010-06-21T21:00:00,42,44.0
pm25,ridge,3816,2010-06-20T01:00:00,2010-06-21T21:00:00,42,44.0
pm25,extratrees,3816,2010-06-20T01:00:00,2010-06-21T21:00:00,42,44.0
pm25,lightgbm,3840,2010-06-21T03:00:00,2010-06-23T21:00:00,42,66.0
pm25,ridge,3840,2010-06-21T03:00:00,2010-06-23T21:00:00,42,66.0
pm25,extratrees,3840,2010-06-21T03:00:00,2010-06-23T21:00:00,42,66.0
pm25,lightgbm,3864,2010-06-22T03:00:00,2010-06-24T21:00:00,42,66.0
pm25,ridge,3864,2010-06-22T03:00:00,2010-06-24T21:00:00,42,66.0
pm25,extratrees,3864,2010-06-22T03:00:00,2010-06-24T21:00:00,42,66.0
pm25,lightgbm,5064,2010-08-12T03:00:00,2010-08-16T17:00:00,42,110.0
pm25,ridge,5064,2010-08-12T03:00:00,2010-08-16T17:00:00,42,110.0
pm25,extratrees,5064,2010-08-12T03:00:00,2010-08-16T17:00:00,42,110.0
pm25,lightgbm,5088,2010-08-13T03:00:00,2010-08-17T17:00:00,42,110.0
pm25,ridge,5088,2010-08-13T03:00:00,2010-08-17T17:00:00,42,110.0
pm25,extratrees,5088,2010-08-13T03:00:00,2010-08-17T17:00:00,42,110.0
pm25,lightgbm,5688,2010-09-09T23:00:00,2010-09-12T09:00:00,42,58.0
pm25,ridge,5688,2010-09-09T23:00:00,2010-09-12T09:00:00,42,58.0
pm25,extratrees,5688,2010-09-09T23:00:00,2010-09-12T09:00:00,42,58.0
pm25,lightgbm,5712,2010-09-10T23:00:00,2010-09-13T09:00:00,42,58.0
pm25,ridge,5712,2010-09-10T23:00:00,2010-09-13T09:00:00,42,58.0
pm25,extratrees,5712,2010-09-10T23:00:00,2010-09-13T09:00:00,42,58.0
pm25,lightgbm,5880,2010-09-18T15:00:00,2010-09-20T14:00:00,42,47.0
pm25,ridge,5880,2010-09-18T15:00:00,2010-09-20T14:00:00,42,47.0
pm25,extratrees,5880,2010-09-18T15:00:00,2010-09-20T14:00:00,42,47.0
pm25,lightgbm,5904,2010-09-19T15:00:00,2010-10-01T05:00:00,42,278.0
pm25,ridge,5904,2010-09-19T15:00:00,2010-10-01T05:00:00,42,278.0
pm25,extratrees,5904,2010-09-19T15:00:00,2010-10-01T05:00:00,42,278.0
pm25,lightgbm,5928,2010-09-20T20:00:00,2010-10-02T05:00:00,42,273.0
pm25,ridge,5928,2010-09-20T20:00:00,2010-10-02T05:00:00,42,273.0
pm25,extratrees,5928,2010-09-20T20:00:00,2010-10-02T05:00:00,42,273.0
pm25,lightgbm,6192,2010-10-11T11:00:00,2010-10-13T07:00:00,42,44.0
pm25,ridge,6192,2010-10-11T11:00:00,2010-10-13T07:00:00,42,44.0
pm25,extratrees,6192,2010-10-11T11:00:00,2010-10-13T07:00:00,42,44.0
pm25,lightgbm,6216,2010-10-12T11:00:00,2010-10-14T07:00:00,42,44.0
pm25,ridge,6216,2010-10-12T11:00:00,2010-10-14T07:00:00,42,44.0
pm25,extratrees,6216,2010-10-12T11:00:00,2010-10-14T07:00:00,42,44.0
pm25,lightgbm,6672,2010-10-31T13:00:00,2010-11-04T13:00:00,42,96.0
pm25,ridge,6672,2010-10-31T13:00:00,2010-11-04T13:00:00,42,96.0
pm25,extratrees,6672,2010-10-31T13:00:00,2010-11-04T13:00:00,42,96.0
pm25,lightgbm,7104,2010-11-20T19:00:00,2010-11-22T15:00:00,42,44.0
pm25,ridge,7104,2010-11-20T19:00:00,2010-11-22T15:00:00,42,44.0
pm25,extratrees,7104,2010-11-20T19:00:00,2010-11-22T15:00:00,42,44.0
pm25,lightgbm,7128,2010-11-21T19:00:00,2010-11-23T15:00:00,42,44.0
pm25,ridge,7128,2010-11-21T19:00:00,2010-11-23T15:00:00,42,44.0
pm25,extratrees,7128,2010-11-21T19:00:00,2010-11-23T15:00:00,42,44.0
pm25,lightgbm,8064,2010-12-30T21:00:00,2011-01-02T15:00:00,42,66.0
pm25,ridge,8064,2010-12-30T21:00:00,2011-01-02T15:00:00,42,66.0
pm25,extratrees,8064,2010-12-30T21:00:00,2011-01-02T15:00:00,42,66.0
pm25,lightgbm,8088,2010-12-31T21:00:00,2011-01-03T15:00:00,42,66.0
pm25,ridge,8088,2010-12-31T21:00:00,2011-01-03T15:00:00,42,66.0
pm25,extratrees,8088,2010-12-31T21:00:00,2011-01-03T15:00:00,42,66.0
pm25,lightgbm,8232,2011-01-07T21:00:00,2011-01-11T15:00:00,42,90.0
pm25,ridge,8232,2011-01-07T21:00:00,2011-01-11T15:00:00,42,90.0
pm25,extratrees,8232,2011-01-07T21:00:00,2011-01-11T15:00:00,42,90.0
pm25,lightgbm,480,2010-01-22T00:00:00,2010-01-26T14:00:00,43,110.0
pm25,ridge,480,2010-01-22T00:00:00,2010-01-26T14:00:00,43,110.0
pm25,extratrees,480,2010-01-22T00:00:00,2010-01-26T14:00:00,43,110.0
pm25,lightgbm,504,2010-01-23T00:00:00,2010-01-27T14:00:00,43,110.0
pm25,ridge,504,2010-01-23T00:00:00,2010-01-27T14:00:00,43,110.0
pm25,extratrees,504,2010-01-23T00:00:00,2010-01-27T14:00:00,43,110.0
pm25,lightgbm,936,2010-02-12T19:00:00,2010-02-14T15:00:00,43,44.0
pm25,ridge,936,2010-02-12T19:00:00,2010-02-14T15:00:00,43,44.0
pm25,extratrees,936,2010-02-12T19:00:00,2010-02-14T15:00:00,43,44.0
pm25,lightgbm,960,2010-02-13T19:00:00,2010-02-15T15:00:00,43,44.0
pm25,ridge,960,2010-02-13T19:00:00,2010-02-15T15:00:00,43,44.0
pm25,extratrees,960,2010-02-13T19:00:00,2010-02-15T15:00:00,43,44.0
pm25,lightgbm,1752,2010-03-18T20:00:00,2010-03-20T17:00:00,43,45.0
pm25,ridge,1752,2010-03-18T20:00:00,2010-03-20T17:00:00,43,45.0
pm25,extratrees,1752,2010-03-18T20:00:00,2010-03-20T17:00:00,43,45.0
pm25,lightgbm,1776,2010-03-19T20:00:00,2010-03-21T17:00:00,43,45.0
pm25,ridge,1776,2010-03-19T20:00:00,2010-03-21T17:00:00,43,45.0
pm25,extratrees,1776,2010-03-19T20:00:00,2010-03-21T17:00:00,43,45.0
pm25,lightgbm,1824,2010-03-21T22:00:00,2010-03-23T18:00:00,43,44.0
pm25,ridge,1824,2010-03-21T22:00:00,2010-03-23T18:00:00,43,44.0
pm25,extratrees,1824,2010-03-21T22:00:00,2010-03-23T18:00:00,43,44.0
pm25,lightgbm,1848,2010-03-22T22:00:00,2010-03-24T18:00:00,43,44.0
pm25,ridge,1848,2010-03-22T22:00:00,2010-03-24T18:00:00,43,44.0
pm25,extratrees,1848,2010-03-22T22:00:00,2010-03-24T18:00:00,43,44.0
pm25,lightgbm,1992,2010-03-28T23:00:00,2010-04-01T02:00:00,43,75.0
pm25,ridge,1992,2010-03-28T23:00:00,2010-04-01T02:00:00,43,75.0
pm25,extratrees,1992,2010-03-28T23:00:00,2010-04-01T02:00:00,43,75.0
pm25,lightgbm,2016,2010-03-29T23:00:00,2010-04-02T04:00:00,43,77.0
pm25,ridge,2016,2010-03-29T23:00:00,2010-04-02T04:00:00,43,77.0
pm25,extratrees,2016,2010-03-29T23:00:00,2010-04-02T04:00:00,43,77.0
pm25,lightgbm,2040,2010-04-01T07:00:00,2010-04-03T04:00:00,43,45.0
pm25,ridge,2040,2010-04-01T07:00:00,2010-04-03T04:00:00,43,45.0
pm25,extratrees,2040,2010-04-01T07:00:00,2010-04-03T04:00:00,43,45.0
pm25,lightgbm,3120,2010-05-16T09:00:00,2010-05-18T06:00:00,43,45.0
pm25,ridge,3120,2010-05-16T09:00:00,2010-05-18T06:00:00,43,45.0
pm25,extratrees,3120,2010-05-16T09:00:00,2010-05-18T06:00:00,43,45.0
pm25,lightgbm,3144,2010-05-17T09:00:00,2010-05-19T06:00:00,43,45.0
pm25,ridge,3144,2010-05-17T09:00:00,2010-05-19T06:00:00,43,45.0
pm25,extratrees,3144,2010-05-17T09:00:00,2010-05-19T06:00:00,43,45.0
pm25,lightgbm,3360,2010-05-26T11:00:00,2010-05-28T11:00:00,43,48.0
pm25,ridge,3360,2010-05-26T11:00:00,2010-05-28T11:00:00,43,48.0
pm25,extratrees,3360,2010-05-26T11:00:00,2010-05-28T11:00:00,43,48.0
pm25,lightgbm,3384,2010-05-27T11:00:00,2010-05-29T11:00:00,43,48.0
pm25,ridge,3384,2010-05-27T11:00:00,2010-05-29T11:00:00,43,48.0
pm25,extratrees,3384,2010-05-27T11:00:00,2010-05-29T11:00:00,43,48.0
pm25,lightgbm,3480,2010-05-31T16:00:00,2010-06-03T07:00:00,43,63.0
pm25,ridge,3480,2010-05-31T16:00:00,2010-06-03T07:00:00,43,63.0
pm25,extratrees,3480,2010-05-31T16:00:00,2010-06-03T07:00:00,43,63.0
pm25,lightgbm,3504,2010-06-01T17:00:00,2010-06-04T07:00:00,43,62.0
pm25,ridge,3504,2010-06-01T17:00:00,2010-06-04T07:00:00,43,62.0
pm25,extratrees,3504,2010-06-01T17:00:00,2010-06-04T07:00:00,43,62.0
pm25,lightgbm,3528,2010-06-03T12:00:00,2010-06-09T20:00:00,43,152.0
pm25,ridge,3528,2010-06-03T12:00:00,2010-06-09T20:00:00,43,152.0
pm25,extratrees,3528,2010-06-03T12:00:00,2010-06-09T20:00:00,43,152.0
pm25,lightgbm,3552,2010-06-07T12:00:00,2010-06-10T20:00:00,43,80.0
pm25,ridge,3552,2010-06-07T12:00:00,2010-06-10T20:00:00,43,80.0
pm25,extratrees,3552,2010-06-07T12:00:00,2010-06-10T20:00:00,43,80.0
pm25,lightgbm,3792,2010-06-19T01:00:00,2010-06-20T22:00:00,43,45.0
pm25,ridge,3792,2010-06-19T01:00:00,2010-06-20T22:00:00,43,45.0
pm25,extratrees,3792,2010-06-19T01:00:00,2010-06-20T22:00:00,43,45.0
pm25,lightgbm,3816,2010-06-20T01:00:00,2010-06-21T22:00:00,43,45.0
pm25,ridge,3816,2010-06-20T01:00:00,2010-06-21T22:00:00,43,45.0
pm25,extratrees,3816,2010-06-20T01:00:00,2010-06-21T22:00:00,43,45.0
pm25,lightgbm,3840,2010-06-21T03:00:00,2010-06-23T22:00:00,43,67.0
pm25,ridge,3840,2010-06-21T03:00:00,2010-06-23T22:00:00,43,67.0
pm25,extratrees,3840,2010-06-21T03:00:00,2010-06-23T22:00:00,43,67.0
pm25,lightgbm,3864,2010-06-22T03:00:00,2010-06-24T22:00:00,43,67.0
pm25,ridge,3864,2010-06-22T03:00:00,2010-06-24T22:00:00,43,67.0
pm25,extratrees,3864,2010-06-22T03:00:00,2010-06-24T22:00:00,43,67.0
pm25,lightgbm,5064,2010-08-12T03:00:00,2010-08-16T18:00:00,43,111.0
pm25,ridge,5064,2010-08-12T03:00:00,2010-08-16T18:00:00,43,111.0
pm25,extratrees,5064,2010-08-12T03:00:00,2010-08-16T18:00:00,43,111.0
pm25,lightgbm,5088,2010-08-13T03:00:00,2010-08-17T18:00:00,43,111.0
pm25,ridge,5088,2010-08-13T03:00:00,2010-08-17T18:00:00,43,111.0
pm25,extratrees,5088,2010-08-13T03:00:00,2010-08-17T18:00:00,43,111.0
pm25,lightgbm,5688,2010-09-09T23:00:00,2010-09-12T10:00:00,43,59.0
pm25,ridge,5688,2010-09-09T23:00:00,2010-09-12T10:00:00,43,59.0
pm25,extratrees,5688,2010-09-09T23:00:00,2010-09-12T10:00:00,43,59.0
pm25,lightgbm,5712,2010-09-10T23:00:00,2010-09-13T10:00:00,43,59.0
pm25,ridge,5712,2010-09-10T23:00:00,2010-09-13T10:00:00,43,59.0
pm25,extratrees,5712,2010-09-10T23:00:00,2010-09-13T10:00:00,43,59.0
pm25,lightgbm,5880,2010-09-18T15:00:00,2010-09-20T15:00:00,43,48.0
pm25,ridge,5880,2010-09-18T15:00:00,2010-09-20T15:00:00,43,48.0
pm25,extratrees,5880,2010-09-18T15:00:00,2010-09-20T15:00:00,43,48.0
pm25,lightgbm,5904,2010-09-19T15:00:00,2010-10-01T06:00:00,43,279.0
pm25,ridge,5904,2010-09-19T15:00:00,2010-10-01T06:00:00,43,279.0
pm25,extratrees,5904,2010-09-19T15:00:00,2010-10-01T06:00:00,43,279.0
pm25,lightgbm,5928,2010-09-20T20:00:00,2010-10-02T06:00:00,43,274.0
pm25,ridge,5928,2010-09-20T20:00:00,2010-10-02T06:00:00,43,274.0
pm25,extratrees,5928,2010-09-20T20:00:00,2010-10-02T06:00:00,43,274.0
pm25,lightgbm,6192,2010-10-11T11:00:00,2010-10-13T08:00:00,43,45.0
pm25,ridge,6192,2010-10-11T11:00:00,2010-10-13T08:00:00,43,45.0
pm25,extratrees,6192,2010-10-11T11:00:00,2010-10-13T08:00:00,43,45.0
pm25,lightgbm,6216,2010-10-12T11:00:00,2010-10-14T08:00:00,43,45.0
pm25,ridge,6216,2010-10-12T11:00:00,2010-10-14T08:00:00,43,45.0
pm25,extratrees,6216,2010-10-12T11:00:00,2010-10-14T08:00:00,43,45.0
pm25,lightgbm,6672,2010-10-31T13:00:00,2010-11-04T14:00:00,43,97.0
pm25,ridge,6672,2010-10-31T13:00:00,2010-11-04T14:00:00,43,97.0
pm25,extratrees,6672,2010-10-31T13:00:00,2010-11-04T14:00:00,43,97.0
pm25,lightgbm,7104,2010-11-20T19:00:00,2010-11-22T16:00:00,43,45.0
pm25,ridge,7104,2010-11-20T19:00:00,2010-11-22T16:00:00,43,45.0
pm25,extratrees,7104,2010-11-20T19:00:00,2010-11-22T16:00:00,43,45.0
pm25,lightgbm,7128,2010-11-21T19:00:00,2010-11-23T16:00:00,43,45.0
pm25,ridge,7128,2010-11-21T19:00:00,2010-11-23T16:00:00,43,45.0
pm25,extratrees,7128,2010-11-21T19:00:00,2010-11-23T16:00:00,43,45.0
pm25,lightgbm,8064,2010-12-30T21:00:00,2011-01-02T16:00:00,43,67.0
pm25,ridge,8064,2010-12-30T21:00:00,2011-01-02T16:00:00,43,67.0
pm25,extratrees,8064,2010-12-30T21:00:00,2011-01-02T16:00:00,43,67.0
pm25,lightgbm,8088,2010-12-31T21:00:00,2011-01-03T16:00:00,43,67.0
pm25,ridge,8088,2010-12-31T21:00:00,2011-01-03T16:00:00,43,67.0
pm25,extratrees,8088,2010-12-31T21:00:00,2011-01-03T16:00:00,43,67.0
pm25,lightgbm,8208,2011-01-06T21:00:00,2011-01-10T16:00:00,43,91.0
pm25,ridge,8208,2011-01-06T21:00:00,2011-01-10T16:00:00,43,91.0
pm25,extratrees,8208,2011-01-06T21:00:00,2011-01-10T16:00:00,43,91.0
pm25,lightgbm,8232,2011-01-07T21:00:00,2011-01-11T16:00:00,43,91.0
pm25,ridge,8232,2011-01-07T21:00:00,2011-01-11T16:00:00,43,91.0
pm25,extratrees,8232,2011-01-07T21:00:00,2011-01-11T16:00:00,43,91.0
pm25,lightgbm,480,2010-01-22T00:00:00,2010-01-26T15:00:00,44,111.0
pm25,ridge,480,2010-01-22T00:00:00,2010-01-26T15:00:00,44,111.0
pm25,extratrees,480,2010-01-22T00:00:00,2010-01-26T15:00:00,44,111.0
pm25,lightgbm,504,2010-01-23T00:00:00,2010-01-27T15:00:00,44,111.0
pm25,ridge,504,2010-01-23T00:00:00,2010-01-27T15:00:00,44,111.0
pm25,extratrees,504,2010-01-23T00:00:00,2010-01-27T15:00:00,44,111.0
pm25,lightgbm,936,2010-02-12T19:00:00,2010-02-14T16:00:00,44,45.0
pm25,ridge,936,2010-02-12T19:00:00,2010-02-14T16:00:00,44,45.0
pm25,extratrees,936,2010-02-12T19:00:00,2010-02-14T16:00:00,44,45.0
pm25,lightgbm,960,2010-02-13T19:00:00,2010-02-15T16:00:00,44,45.0
pm25,ridge,960,2010-02-13T19:00:00,2010-02-15T16:00:00,44,45.0
pm25,extratrees,960,2010-02-13T19:00:00,2010-02-15T16:00:00,44,45.0
pm25,lightgbm,1752,2010-03-18T20:00:00,2010-03-20T18:00:00,44,46.0
pm25,ridge,1752,2010-03-18T20:00:00,2010-03-20T18:00:00,44,46.0
pm25,extratrees,1752,2010-03-18T20:00:00,2010-03-20T18:00:00,44,46.0
pm25,lightgbm,1776,2010-03-19T20:00:00,2010-03-21T18:00:00,44,46.0
pm25,ridge,1776,2010-03-19T20:00:00,2010-03-21T18:00:00,44,46.0
pm25,extratrees,1776,2010-03-19T20:00:00,2010-03-21T18:00:00,44,46.0
pm25,lightgbm,1824,2010-03-21T22:00:00,2010-03-23T19:00:00,44,45.0
pm25,ridge,1824,2010-03-21T22:00:00,2010-03-23T19:00:00,44,45.0
pm25,extratrees,1824,2010-03-21T22:00:00,2010-03-23T19:00:00,44,45.0
pm25,lightgbm,1848,2010-03-22T22:00:00,2010-03-24T19:00:00,44,45.0
pm25,ridge,1848,2010-03-22T22:00:00,2010-03-24T19:00:00,44,45.0
pm25,extratrees,1848,2010-03-22T22:00:00,2010-03-24T19:00:00,44,45.0
pm25,lightgbm,1992,2010-03-28T23:00:00,2010-04-01T03:00:00,44,76.0
pm25,ridge,1992,2010-03-28T23:00:00,2010-04-01T03:00:00,44,76.0
pm25,extratrees,1992,2010-03-28T23:00:00,2010-04-01T03:00:00,44,76.0
pm25,lightgbm,2016,2010-03-29T23:00:00,2010-04-02T05:00:00,44,78.0
pm25,ridge,2016,2010-03-29T23:00:00,2010-04-02T05:00:00,44,78.0
pm25,extratrees,2016,2010-03-29T23:00:00,2010-04-02T05:00:00,44,78.0
pm25,lightgbm,2040,2010-04-01T07:00:00,2010-04-03T05:00:00,44,46.0
pm25,ridge,2040,2010-04-01T07:00:00,2010-04-03T05:00:00,44,46.0
pm25,extratrees,2040,2010-04-01T07:00:00,2010-04-03T05:00:00,44,46.0
pm25,lightgbm,3120,2010-05-16T09:00:00,2010-05-18T07:00:00,44,46.0
pm25,ridge,3120,2010-05-16T09:00:00,2010-05-18T07:00:00,44,46.0
pm25,extratrees,3120,2010-05-16T09:00:00,2010-05-18T07:00:00,44,46.0
pm25,lightgbm,3144,2010-05-17T09:00:00,2010-05-19T07:00:00,44,46.0
pm25,ridge,3144,2010-05-17T09:00:00,2010-05-19T07:00:00,44,46.0
pm25,extratrees,3144,2010-05-17T09:00:00,2010-05-19T07:00:00,44,46.0
pm25,lightgbm,3360,2010-05-26T11:00:00,2010-05-28T12:00:00,44,49.0
pm25,ridge,3360,2010-05-26T11:00:00,2010-05-28T12:00:00,44,49.0
pm25,extratrees,3360,2010-05-26T11:00:00,2010-05-28T12:00:00,44,49.0
pm25,lightgbm,3384,2010-05-27T11:00:00,2010-05-29T12:00:00,44,49.0
pm25,ridge,3384,2010-05-27T11:00:00,2010-05-29T12:00:00,44,49.0
pm25,extratrees,3384,2010-05-27T11:00:00,2010-05-29T12:00:00,44,49.0
pm25,lightgbm,3480,2010-05-31T16:00:00,2010-06-03T08:00:00,44,64.0
pm25,ridge,3480,2010-05-31T16:00:00,2010-06-03T08:00:00,44,64.0
pm25,extratrees,3480,2010-05-31T16:00:00,2010-06-03T08:00:00,44,64.0
pm25,lightgbm,3504,2010-06-01T17:00:00,2010-06-04T08:00:00,44,63.0
pm25,ridge,3504,2010-06-01T17:00:00,2010-06-04T08:00:00,44,63.0
pm25,extratrees,3504,2010-06-01T17:00:00,2010-06-04T08:00:00,44,63.0
pm25,lightgbm,3528,2010-06-03T12:00:00,2010-06-09T21:00:00,44,153.0
pm25,ridge,3528,2010-06-03T12:00:00,2010-06-09T21:00:00,44,153.0
pm25,extratrees,3528,2010-06-03T12:00:00,2010-06-09T21:00:00,44,153.0
pm25,lightgbm,3552,2010-06-07T12:00:00,2010-06-10T21:00:00,44,81.0
pm25,ridge,3552,2010-06-07T12:00:00,2010-06-10T21:00:00,44,81.0
pm25,extratrees,3552,2010-06-07T12:00:00,2010-06-10T21:00:00,44,81.0
pm25,lightgbm,3792,2010-06-19T01:00:00,2010-06-20T23:00:00,44,46.0
pm25,ridge,3792,2010-06-19T01:00:00,2010-06-20T23:00:00,44,46.0
pm25,extratrees,3792,2010-06-19T01:00:00,2010-06-20T23:00:00,44,46.0
pm25,lightgbm,3816,2010-06-20T01:00:00,2010-06-21T23:00:00,44,46.0
pm25,ridge,3816,2010-06-20T01:00:00,2010-06-21T23:00:00,44,46.0
pm25,extratrees,3816,2010-06-20T01:00:00,2010-06-21T23:00:00,44,46.0
pm25,lightgbm,3840,2010-06-21T03:00:00,2010-06-23T23:00:00,44,68.0
pm25,ridge,3840,2010-06-21T03:00:00,2010-06-23T23:00:00,44,68.0
pm25,extratrees,3840,2010-06-21T03:00:00,2010-06-23T23:00:00,44,68.0
pm25,lightgbm,3864,2010-06-22T03:00:00,2010-06-24T23:00:00,44,68.0
pm25,ridge,3864,2010-06-22T03:00:00,2010-06-24T23:00:00,44,68.0
pm25,extratrees,3864,2010-06-22T03:00:00,2010-06-24T23:00:00,44,68.0
pm25,lightgbm,5064,2010-08-12T03:00:00,2010-08-16T19:00:00,44,112.0
pm25,ridge,5064,2010-08-12T03:00:00,2010-08-16T19:00:00,44,112.0
pm25,extratrees,5064,2010-08-12T03:00:00,2010-08-16T19:00:00,44,112.0
pm25,lightgbm,5088,2010-08-13T03:00:00,2010-08-17T19:00:00,44,112.0
pm25,ridge,5088,2010-08-13T03:00:00,2010-08-17T19:00:00,44,112.0
pm25,extratrees,5088,2010-08-13T03:00:00,2010-08-17T19:00:00,44,112.0
pm25,lightgbm,5688,2010-09-09T23:00:00,2010-09-12T11:00:00,44,60.0
pm25,ridge,5688,2010-09-09T23:00:00,2010-09-12T11:00:00,44,60.0
pm25,extratrees,5688,2010-09-09T23:00:00,2010-09-12T11:00:00,44,60.0
pm25,lightgbm,5712,2010-09-10T23:00:00,2010-09-13T11:00:00,44,60.0
pm25,ridge,5712,2010-09-10T23:00:00,2010-09-13T11:00:00,44,60.0
pm25,extratrees,5712,2010-09-10T23:00:00,2010-09-13T11:00:00,44,60.0
pm25,lightgbm,5880,2010-09-18T15:00:00,2010-09-20T16:00:00,44,49.0
pm25,ridge,5880,2010-09-18T15:00:00,2010-09-20T16:00:00,44,49.0
pm25,extratrees,5880,2010-09-18T15:00:00,2010-09-20T16:00:00,44,49.0
pm25,lightgbm,5904,2010-09-19T15:00:00,2010-10-01T07:00:00,44,280.0
pm25,ridge,5904,2010-09-19T15:00:00,2010-10-01T07:00:00,44,280.0
pm25,extratrees,5904,2010-09-19T15:00:00,2010-10-01T07:00:00,44,280.0
pm25,lightgbm,5928,2010-09-20T20:00:00,2010-10-02T07:00:00,44,275.0
pm25,ridge,5928,2010-09-20T20:00:00,2010-10-02T07:00:00,44,275.0
pm25,extratrees,5928,2010-09-20T20:00:00,2010-10-02T07:00:00,44,275.0
pm25,lightgbm,6192,2010-10-11T11:00:00,2010-10-13T09:00:00,44,46.0
pm25,ridge,6192,2010-10-11T11:00:00,2010-10-13T09:00:00,44,46.0
pm25,extratrees,6192,2010-10-11T11:00:00,2010-10-13T09:00:00,44,46.0
pm25,lightgbm,6216,2010-10-12T11:00:00,2010-10-14T09:00:00,44,46.0
pm25,ridge,6216,2010-10-12T11:00:00,2010-10-14T09:00:00,44,46.0
pm25,extratrees,6216,2010-10-12T11:00:00,2010-10-14T09:00:00,44,46.0
pm25,lightgbm,6648,2010-10-30T13:00:00,2010-11-03T15:00:00,44,98.0
pm25,ridge,6648,2010-10-30T13:00:00,2010-11-03T15:00:00,44,98.0
pm25,extratrees,6648,2010-10-30T13:00:00,2010-11-03T15:00:00,44,98.0
pm25,lightgbm,6672,2010-10-31T13:00:00,2010-11-04T15:00:00,44,98.0
pm25,ridge,6672,2010-10-31T13:00:00,2010-11-04T15:00:00,44,98.0
pm25,extratrees,6672,2010-10-31T13:00:00,2010-11-04T15:00:00,44,98.0
pm25,lightgbm,7104,2010-11-20T19:00:00,2010-11-22T17:00:00,44,46.0
pm25,ridge,7104,2010-11-20T19:00:00,2010-11-22T17:00:00,44,46.0
pm25,extratrees,7104,2010-11-20T19:00:00,2010-11-22T17:00:00,44,46.0
pm25,lightgbm,7128,2010-11-21T19:00:00,2010-11-23T17:00:00,44,46.0
pm25,ridge,7128,2010-11-21T19:00:00,2010-11-23T17:00:00,44,46.0
pm25,extratrees,7128,2010-11-21T19:00:00,2010-11-23T17:00:00,44,46.0
pm25,lightgbm,8064,2010-12-30T21:00:00,2011-01-02T17:00:00,44,68.0
pm25,ridge,8064,2010-12-30T21:00:00,2011-01-02T17:00:00,44,68.0
pm25,extratrees,8064,2010-12-30T21:00:00,2011-01-02T17:00:00,44,68.0
pm25,lightgbm,8088,2010-12-31T21:00:00,2011-01-03T17:00:00,44,68.0
pm25,ridge,8088,2010-12-31T21:00:00,2011-01-03T17:00:00,44,68.0
pm25,extratrees,8088,2010-12-31T21:00:00,2011-01-03T17:00:00,44,68.0
pm25,lightgbm,8208,2011-01-06T21:00:00,2011-01-10T17:00:00,44,92.0
pm25,ridge,8208,2011-01-06T21:00:00,2011-01-10T17:00:00,44,92.0
pm25,extratrees,8208,2011-01-06T21:00:00,2011-01-10T17:00:00,44,92.0
pm25,lightgbm,8232,2011-01-07T21:00:00,2011-01-11T17:00:00,44,92.0
pm25,ridge,8232,2011-01-07T21:00:00,2011-01-11T17:00:00,44,92.0
pm25,extratrees,8232,2011-01-07T21:00:00,2011-01-11T17:00:00,44,92.0
pm25,lightgbm,480,2010-01-22T00:00:00,2010-01-26T16:00:00,45,112.0
pm25,ridge,480,2010-01-22T00:00:00,2010-01-26T16:00:00,45,112.0
pm25,extratrees,480,2010-01-22T00:00:00,2010-01-26T16:00:00,45,112.0
pm25,lightgbm,504,2010-01-23T00:00:00,2010-01-27T16:00:00,45,112.0
pm25,ridge,504,2010-01-23T00:00:00,2010-01-27T16:00:00,45,112.0
pm25,extratrees,504,2010-01-23T00:00:00,2010-01-27T16:00:00,45,112.0
pm25,lightgbm,936,2010-02-12T19:00:00,2010-02-14T17:00:00,45,46.0
pm25,ridge,936,2010-02-12T19:00:00,2010-02-14T17:00:00,45,46.0
pm25,extratrees,936,2010-02-12T19:00:00,2010-02-14T17:00:00,45,46.0
pm25,lightgbm,960,2010-02-13T19:00:00,2010-02-15T17:00:00,45,46.0
pm25,ridge,960,2010-02-13T19:00:00,2010-02-15T17:00:00,45,46.0
pm25,extratrees,960,2010-02-13T19:00:00,2010-02-15T17:00:00,45,46.0
pm25,lightgbm,1752,2010-03-18T20:00:00,2010-03-20T19:00:00,45,47.0
pm25,ridge,1752,2010-03-18T20:00:00,2010-03-20T19:00:00,45,47.0
pm25,extratrees,1752,2010-03-18T20:00:00,2010-03-20T19:00:00,45,47.0
pm25,lightgbm,1776,2010-03-19T20:00:00,2010-03-21T19:00:00,45,47.0
pm25,ridge,1776,2010-03-19T20:00:00,2010-03-21T19:00:00,45,47.0
pm25,extratrees,1776,2010-03-19T20:00:00,2010-03-21T19:00:00,45,47.0
pm25,lightgbm,1824,2010-03-21T22:00:00,2010-03-23T20:00:00,45,46.0
pm25,ridge,1824,2010-03-21T22:00:00,2010-03-23T20:00:00,45,46.0
pm25,extratrees,1824,2010-03-21T22:00:00,2010-03-23T20:00:00,45,46.0
pm25,lightgbm,1848,2010-03-22T22:00:00,2010-03-24T20:00:00,45,46.0
pm25,ridge,1848,2010-03-22T22:00:00,2010-03-24T20:00:00,45,46.0
pm25,extratrees,1848,2010-03-22T22:00:00,2010-03-24T20:00:00,45,46.0
pm25,lightgbm,1992,2010-03-28T23:00:00,2010-04-01T04:00:00,45,77.0
pm25,ridge,1992,2010-03-28T23:00:00,2010-04-01T04:00:00,45,77.0
pm25,extratrees,1992,2010-03-28T23:00:00,2010-04-01T04:00:00,45,77.0
pm25,lightgbm,2016,2010-03-29T23:00:00,2010-04-02T06:00:00,45,79.0
pm25,ridge,2016,2010-03-29T23:00:00,2010-04-02T06:00:00,45,79.0
pm25,extratrees,2016,2010-03-29T23:00:00,2010-04-02T06:00:00,45,79.0
pm25,lightgbm,2040,2010-04-01T07:00:00,2010-04-03T06:00:00,45,47.0
pm25,ridge,2040,2010-04-01T07:00:00,2010-04-03T06:00:00,45,47.0
pm25,extratrees,2040,2010-04-01T07:00:00,2010-04-03T06:00:00,45,47.0
pm25,lightgbm,3120,2010-05-16T09:00:00,2010-05-18T08:00:00,45,47.0
pm25,ridge,3120,2010-05-16T09:00:00,2010-05-18T08:00:00,45,47.0
pm25,extratrees,3120,2010-05-16T09:00:00,2010-05-18T08:00:00,45,47.0
pm25,lightgbm,3144,2010-05-17T09:00:00,2010-05-19T08:00:00,45,47.0
pm25,ridge,3144,2010-05-17T09:00:00,2010-05-19T08:00:00,45,47.0
pm25,extratrees,3144,2010-05-17T09:00:00,2010-05-19T08:00:00,45,47.0
pm25,lightgbm,3360,2010-05-26T11:00:00,2010-05-28T13:00:00,45,50.0
pm25,ridge,3360,2010-05-26T11:00:00,2010-05-28T13:00:00,45,50.0
pm25,extratrees,3360,2010-05-26T11:00:00,2010-05-28T13:00:00,45,50.0
pm25,lightgbm,3384,2010-05-27T11:00:00,2010-05-29T13:00:00,45,50.0
pm25,ridge,3384,2010-05-27T11:00:00,2010-05-29T13:00:00,45,50.0
pm25,extratrees,3384,2010-05-27T11:00:00,2010-05-29T13:00:00,45,50.0
pm25,lightgbm,3480,2010-05-31T16:00:00,2010-06-03T09:00:00,45,65.0
pm25,ridge,3480,2010-05-31T16:00:00,2010-06-03T09:00:00,45,65.0
pm25,extratrees,3480,2010-05-31T16:00:00,2010-06-03T09:00:00,45,65.0
pm25,lightgbm,3504,2010-06-01T17:00:00,2010-06-04T09:00:00,45,64.0
pm25,ridge,3504,2010-06-01T17:00:00,2010-06-04T09:00:00,45,64.0
pm25,extratrees,3504,2010-06-01T17:00:00,2010-06-04T09:00:00,45,64.0
pm25,lightgbm,3528,2010-06-03T12:00:00,2010-06-09T22:00:00,45,154.0
pm25,ridge,3528,2010-06-03T12:00:00,2010-06-09T22:00:00,45,154.0
pm25,extratrees,3528,2010-06-03T12:00:00,2010-06-09T22:00:00,45,154.0
pm25,lightgbm,3552,2010-06-07T12:00:00,2010-06-10T22:00:00,45,82.0
pm25,ridge,3552,2010-06-07T12:00:00,2010-06-10T22:00:00,45,82.0
pm25,extratrees,3552,2010-06-07T12:00:00,2010-06-10T22:00:00,45,82.0
pm25,lightgbm,3792,2010-06-19T01:00:00,2010-06-21T00:00:00,45,47.0
pm25,ridge,3792,2010-06-19T01:00:00,2010-06-21T00:00:00,45,47.0
pm25,extratrees,3792,2010-06-19T01:00:00,2010-06-21T00:00:00,45,47.0
pm25,lightgbm,3816,2010-06-20T01:00:00,2010-06-22T00:00:00,45,47.0
pm25,ridge,3816,2010-06-20T01:00:00,2010-06-22T00:00:00,45,47.0
pm25,extratrees,3816,2010-06-20T01:00:00,2010-06-22T00:00:00,45,47.0
pm25,lightgbm,3840,2010-06-21T03:00:00,2010-06-24T00:00:00,45,69.0
pm25,ridge,3840,2010-06-21T03:00:00,2010-06-24T00:00:00,45,69.0
pm25,extratrees,3840,2010-06-21T03:00:00,2010-06-24T00:00:00,45,69.0
pm25,lightgbm,3864,2010-06-22T03:00:00,2010-06-25T00:00:00,45,69.0
pm25,ridge,3864,2010-06-22T03:00:00,2010-06-25T00:00:00,45,69.0
pm25,extratrees,3864,2010-06-22T03:00:00,2010-06-25T00:00:00,45,69.0
pm25,lightgbm,5064,2010-08-12T03:00:00,2010-08-16T20:00:00,45,113.0
pm25,ridge,5064,2010-08-12T03:00:00,2010-08-16T20:00:00,45,113.0
pm25,extratrees,5064,2010-08-12T03:00:00,2010-08-16T20:00:00,45,113.0
pm25,lightgbm,5088,2010-08-13T03:00:00,2010-08-17T20:00:00,45,113.0
pm25,ridge,5088,2010-08-13T03:00:00,2010-08-17T20:00:00,45,113.0
pm25,extratrees,5088,2010-08-13T03:00:00,2010-08-17T20:00:00,45,113.0
pm25,lightgbm,5688,2010-09-09T23:00:00,2010-09-12T12:00:00,45,61.0
pm25,ridge,5688,2010-09-09T23:00:00,2010-09-12T12:00:00,45,61.0
pm25,extratrees,5688,2010-09-09T23:00:00,2010-09-12T12:00:00,45,61.0
pm25,lightgbm,5712,2010-09-10T23:00:00,2010-09-13T12:00:00,45,61.0
pm25,ridge,5712,2010-09-10T23:00:00,2010-09-13T12:00:00,45,61.0
pm25,extratrees,5712,2010-09-10T23:00:00,2010-09-13T12:00:00,45,61.0
pm25,lightgbm,5880,2010-09-18T15:00:00,2010-09-20T17:00:00,45,50.0
pm25,ridge,5880,2010-09-18T15:00:00,2010-09-20T17:00:00,45,50.0
pm25,extratrees,5880,2010-09-18T15:00:00,2010-09-20T17:00:00,45,50.0
pm25,lightgbm,5904,2010-09-19T15:00:00,2010-10-01T08:00:00,45,281.0
pm25,ridge,5904,2010-09-19T15:00:00,2010-10-01T08:00:00,45,281.0
pm25,extratrees,5904,2010-09-19T15:00:00,2010-10-01T08:00:00,45,281.0
pm25,lightgbm,5928,2010-09-20T20:00:00,2010-10-02T08:00:00,45,276.0
pm25,ridge,5928,2010-09-20T20:00:00,2010-10-02T08:00:00,45,276.0
pm25,extratrees,5928,2010-09-20T20:00:00,2010-10-02T08:00:00,45,276.0
pm25,lightgbm,6192,2010-10-11T11:00:00,2010-10-13T10:00:00,45,47.0
pm25,ridge,6192,2010-10-11T11:00:00,2010-10-13T10:00:00,45,47.0
pm25,extratrees,6192,2010-10-11T11:00:00,2010-10-13T10:00:00,45,47.0
pm25,lightgbm,6216,2010-10-12T11:00:00,2010-10-14T10:00:00,45,47.0
pm25,ridge,6216,2010-10-12T11:00:00,2010-10-14T10:00:00,45,47.0
pm25,extratrees,6216,2010-10-12T11:00:00,2010-10-14T10:00:00,45,47.0
pm25,lightgbm,6648,2010-10-30T13:00:00,2010-11-03T16:00:00,45,99.0
pm25,ridge,6648,2010-10-30T13:00:00,2010-11-03T16:00:00,45,99.0
pm25,extratrees,6648,2010-10-30T13:00:00,2010-11-03T16:00:00,45,99.0
pm25,lightgbm,6672,2010-10-31T13:00:00,2010-11-04T16:00:00,45,99.0
pm25,ridge,6672,2010-10-31T13:00:00,2010-11-04T16:00:00,45,99.0
pm25,extratrees,6672,2010-10-31T13:00:00,2010-11-04T16:00:00,45,99.0
pm25,lightgbm,7104,2010-11-20T19:00:00,2010-11-22T18:00:00,45,47.0
pm25,ridge,7104,2010-11-20T19:00:00,2010-11-22T18:00:00,45,47.0
pm25,extratrees,7104,2010-11-20T19:00:00,2010-11-22T18:00:00,45,47.0
pm25,lightgbm,7128,2010-11-21T19:00:00,2010-11-23T18:00:00,45,47.0
pm25,ridge,7128,2010-11-21T19:00:00,2010-11-23T18:00:00,45,47.0
pm25,extratrees,7128,2010-11-21T19:00:00,2010-11-23T18:00:00,45,47.0
pm25,lightgbm,8064,2010-12-30T21:00:00,2011-01-02T18:00:00,45,69.0
pm25,ridge,8064,2010-12-30T21:00:00,2011-01-02T18:00:00,45,69.0
pm25,extratrees,8064,2010-12-30T21:00:00,2011-01-02T18:00:00,45,69.0
pm25,lightgbm,8088,2010-12-31T21:00:00,2011-01-03T18:00:00,45,69.0
pm25,ridge,8088,2010-12-31T21:00:00,2011-01-03T18:00:00,45,69.0
pm25,extratrees,8088,2010-12-31T21:00:00,2011-01-03T18:00:00,45,69.0
pm25,lightgbm,8208,2011-01-06T21:00:00,2011-01-10T18:00:00,45,93.0
pm25,ridge,8208,2011-01-06T21:00:00,2011-01-10T18:00:00,45,93.0
pm25,extratrees,8208,2011-01-06T21:00:00,2011-01-10T18:00:00,45,93.0
pm25,lightgbm,8232,2011-01-07T21:00:00,2011-01-11T18:00:00,45,93.0
pm25,ridge,8232,2011-01-07T21:00:00,2011-01-11T18:00:00,45,93.0
pm25,extratrees,8232,2011-01-07T21:00:00,2011-01-11T18:00:00,45,93.0
pm25,lightgbm,480,2010-01-22T00:00:00,2010-01-26T17:00:00,46,113.0
pm25,ridge,480,2010-01-22T00:00:00,2010-01-26T17:00:00,46,113.0
pm25,extratrees,480,2010-01-22T00:00:00,2010-01-26T17:00:00,46,113.0
pm25,lightgbm,504,2010-01-23T00:00:00,2010-01-27T17:00:00,46,113.0
pm25,ridge,504,2010-01-23T00:00:00,2010-01-27T17:00:00,46,113.0
pm25,extratrees,504,2010-01-23T00:00:00,2010-01-27T17:00:00,46,113.0
pm25,lightgbm,936,2010-02-12T19:00:00,2010-02-14T18:00:00,46,47.0
pm25,ridge,936,2010-02-12T19:00:00,2010-02-14T18:00:00,46,47.0
pm25,extratrees,936,2010-02-12T19:00:00,2010-02-14T18:00:00,46,47.0
pm25,lightgbm,960,2010-02-13T19:00:00,2010-02-15T18:00:00,46,47.0
pm25,ridge,960,2010-02-13T19:00:00,2010-02-15T18:00:00,46,47.0
pm25,extratrees,960,2010-02-13T19:00:00,2010-02-15T18:00:00,46,47.0
pm25,lightgbm,1752,2010-03-18T20:00:00,2010-03-20T20:00:00,46,48.0
pm25,ridge,1752,2010-03-18T20:00:00,2010-03-20T20:00:00,46,48.0
pm25,extratrees,1752,2010-03-18T20:00:00,2010-03-20T20:00:00,46,48.0
pm25,lightgbm,1776,2010-03-19T20:00:00,2010-03-21T20:00:00,46,48.0
pm25,ridge,1776,2010-03-19T20:00:00,2010-03-21T20:00:00,46,48.0
pm25,extratrees,1776,2010-03-19T20:00:00,2010-03-21T20:00:00,46,48.0
pm25,lightgbm,1824,2010-03-21T22:00:00,2010-03-23T21:00:00,46,47.0
pm25,ridge,1824,2010-03-21T22:00:00,2010-03-23T21:00:00,46,47.0
pm25,extratrees,1824,2010-03-21T22:00:00,2010-03-23T21:00:00,46,47.0
pm25,lightgbm,1848,2010-03-22T22:00:00,2010-03-24T21:00:00,46,47.0
pm25,ridge,1848,2010-03-22T22:00:00,2010-03-24T21:00:00,46,47.0
pm25,extratrees,1848,2010-03-22T22:00:00,2010-03-24T21:00:00,46,47.0
pm25,lightgbm,1992,2010-03-28T23:00:00,2010-04-01T05:00:00,46,78.0
pm25,ridge,1992,2010-03-28T23:00:00,2010-04-01T05:00:00,46,78.0
pm25,extratrees,1992,2010-03-28T23:00:00,2010-04-01T05:00:00,46,78.0
pm25,lightgbm,2016,2010-03-29T23:00:00,2010-04-02T07:00:00,46,80.0
pm25,ridge,2016,2010-03-29T23:00:00,2010-04-02T07:00:00,46,80.0
pm25,extratrees,2016,2010-03-29T23:00:00,2010-04-02T07:00:00,46,80.0
pm25,lightgbm,2040,2010-04-01T07:00:00,2010-04-03T07:00:00,46,48.0
pm25,ridge,2040,2010-04-01T07:00:00,2010-04-03T07:00:00,46,48.0
pm25,extratrees,2040,2010-04-01T07:00:00,2010-04-03T07:00:00,46,48.0
pm25,lightgbm,3120,2010-05-16T09:00:00,2010-05-18T09:00:00,46,48.0
pm25,ridge,3120,2010-05-16T09:00:00,2010-05-18T09:00:00,46,48.0
pm25,extratrees,3120,2010-05-16T09:00:00,2010-05-18T09:00:00,46,48.0
pm25,lightgbm,3144,2010-05-17T09:00:00,2010-05-19T09:00:00,46,48.0
pm25,ridge,3144,2010-05-17T09:00:00,2010-05-19T09:00:00,46,48.0
pm25,extratrees,3144,2010-05-17T09:00:00,2010-05-19T09:00:00,46,48.0
pm25,lightgbm,3360,2010-05-26T11:00:00,2010-05-28T14:00:00,46,51.0
pm25,ridge,3360,2010-05-26T11:00:00,2010-05-28T14:00:00,46,51.0
pm25,extratrees,3360,2010-05-26T11:00:00,2010-05-28T14:00:00,46,51.0
pm25,lightgbm,3384,2010-05-27T11:00:00,2010-05-29T14:00:00,46,51.0
pm25,ridge,3384,2010-05-27T11:00:00,2010-05-29T14:00:00,46,51.0
pm25,extratrees,3384,2010-05-27T11:00:00,2010-05-29T14:00:00,46,51.0
pm25,lightgbm,3480,2010-05-31T16:00:00,2010-06-03T10:00:00,46,66.0
pm25,ridge,3480,2010-05-31T16:00:00,2010-06-03T10:00:00,46,66.0
pm25,extratrees,3480,2010-05-31T16:00:00,2010-06-03T10:00:00,46,66.0
pm25,lightgbm,3504,2010-06-01T17:00:00,2010-06-04T10:00:00,46,65.0
pm25,ridge,3504,2010-06-01T17:00:00,2010-06-04T10:00:00,46,65.0
pm25,extratrees,3504,2010-06-01T17:00:00,2010-06-04T10:00:00,46,65.0
pm25,lightgbm,3528,2010-06-03T12:00:00,2010-06-09T23:00:00,46,155.0
pm25,ridge,3528,2010-06-03T12:00:00,2010-06-09T23:00:00,46,155.0
pm25,extratrees,3528,2010-06-03T12:00:00,2010-06-09T23:00:00,46,155.0
pm25,lightgbm,3552,2010-06-07T12:00:00,2010-06-10T23:00:00,46,83.0
pm25,ridge,3552,2010-06-07T12:00:00,2010-06-10T23:00:00,46,83.0
pm25,extratrees,3552,2010-06-07T12:00:00,2010-06-10T23:00:00,46,83.0
pm25,lightgbm,3792,2010-06-19T01:00:00,2010-06-21T01:00:00,46,48.0
pm25,ridge,3792,2010-06-19T01:00:00,2010-06-21T01:00:00,46,48.0
pm25,extratrees,3792,2010-06-19T01:00:00,2010-06-21T01:00:00,46,48.0
pm25,lightgbm,3816,2010-06-20T01:00:00,2010-06-22T01:00:00,46,48.0
pm25,ridge,3816,2010-06-20T01:00:00,2010-06-22T01:00:00,46,48.0
pm25,extratrees,3816,2010-06-20T01:00:00,2010-06-22T01:00:00,46,48.0
pm25,lightgbm,3840,2010-06-21T03:00:00,2010-06-24T01:00:00,46,70.0
pm25,ridge,3840,2010-06-21T03:00:00,2010-06-24T01:00:00,46,70.0
pm25,extratrees,3840,2010-06-21T03:00:00,2010-06-24T01:00:00,46,70.0
pm25,lightgbm,3864,2010-06-22T03:00:00,2010-06-25T01:00:00,46,70.0
pm25,ridge,3864,2010-06-22T03:00:00,2010-06-25T01:00:00,46,70.0
pm25,extratrees,3864,2010-06-22T03:00:00,2010-06-25T01:00:00,46,70.0
pm25,lightgbm,5064,2010-08-12T03:00:00,2010-08-16T21:00:00,46,114.0
pm25,ridge,5064,2010-08-12T03:00:00,2010-08-16T21:00:00,46,114.0
pm25,extratrees,5064,2010-08-12T03:00:00,2010-08-16T21:00:00,46,114.0
pm25,lightgbm,5088,2010-08-13T03:00:00,2010-08-17T21:00:00,46,114.0
pm25,ridge,5088,2010-08-13T03:00:00,2010-08-17T21:00:00,46,114.0
pm25,extratrees,5088,2010-08-13T03:00:00,2010-08-17T21:00:00,46,114.0
pm25,lightgbm,5688,2010-09-09T23:00:00,2010-09-12T13:00:00,46,62.0
pm25,ridge,5688,2010-09-09T23:00:00,2010-09-12T13:00:00,46,62.0
pm25,extratrees,5688,2010-09-09T23:00:00,2010-09-12T13:00:00,46,62.0
pm25,lightgbm,5712,2010-09-10T23:00:00,2010-09-13T13:00:00,46,62.0
pm25,ridge,5712,2010-09-10T23:00:00,2010-09-13T13:00:00,46,62.0
pm25,extratrees,5712,2010-09-10T23:00:00,2010-09-13T13:00:00,46,62.0
pm25,lightgbm,5880,2010-09-18T15:00:00,2010-09-20T18:00:00,46,51.0
pm25,ridge,5880,2010-09-18T15:00:00,2010-09-20T18:00:00,46,51.0
pm25,extratrees,5880,2010-09-18T15:00:00,2010-09-20T18:00:00,46,51.0
pm25,lightgbm,5904,2010-09-19T15:00:00,2010-10-01T09:00:00,46,282.0
pm25,ridge,5904,2010-09-19T15:00:00,2010-10-01T09:00:00,46,282.0
pm25,extratrees,5904,2010-09-19T15:00:00,2010-10-01T09:00:00,46,282.0
pm25,lightgbm,5928,2010-09-20T20:00:00,2010-10-02T09:00:00,46,277.0
pm25,ridge,5928,2010-09-20T20:00:00,2010-10-02T09:00:00,46,277.0
pm25,extratrees,5928,2010-09-20T20:00:00,2010-10-02T09:00:00,46,277.0
pm25,lightgbm,6192,2010-10-11T11:00:00,2010-10-13T11:00:00,46,48.0
pm25,ridge,6192,2010-10-11T11:00:00,2010-10-13T11:00:00,46,48.0
pm25,extratrees,6192,2010-10-11T11:00:00,2010-10-13T11:00:00,46,48.0
pm25,lightgbm,6216,2010-10-12T11:00:00,2010-10-14T11:00:00,46,48.0
pm25,ridge,6216,2010-10-12T11:00:00,2010-10-14T11:00:00,46,48.0
pm25,extratrees,6216,2010-10-12T11:00:00,2010-10-14T11:00:00,46,48.0
pm25,lightgbm,6648,2010-10-30T13:00:00,2010-11-03T17:00:00,46,100.0
pm25,ridge,6648,2010-10-30T13:00:00,2010-11-03T17:00:00,46,100.0
pm25,extratrees,6648,2010-10-30T13:00:00,2010-11-03T17:00:00,46,100.0
pm25,lightgbm,6672,2010-10-31T13:00:00,2010-11-04T17:00:00,46,100.0
pm25,ridge,6672,2010-10-31T13:00:00,2010-11-04T17:00:00,46,100.0
pm25,extratrees,6672,2010-10-31T13:00:00,2010-11-04T17:00:00,46,100.0
pm25,lightgbm,7104,2010-11-20T19:00:00,2010-11-22T19:00:00,46,48.0
pm25,ridge,7104,2010-11-20T19:00:00,2010-11-22T19:00:00,46,48.0
pm25,extratrees,7104,2010-11-20T19:00:00,2010-11-22T19:00:00,46,48.0
pm25,lightgbm,7128,2010-11-21T19:00:00,2010-11-23T19:00:00,46,48.0
pm25,ridge,7128,2010-11-21T19:00:00,2010-11-23T19:00:00,46,48.0
pm25,extratrees,7128,2010-11-21T19:00:00,2010-11-23T19:00:00,46,48.0
pm25,lightgbm,8064,2010-12-30T21:00:00,2011-01-02T19:00:00,46,70.0
pm25,ridge,8064,2010-12-30T21:00:00,2011-01-02T19:00:00,46,70.0
pm25,extratrees,8064,2010-12-30T21:00:00,2011-01-02T19:00:00,46,70.0
pm25,lightgbm,8088,2010-12-31T21:00:00,2011-01-03T19:00:00,46,70.0
pm25,ridge,8088,2010-12-31T21:00:00,2011-01-03T19:00:00,46,70.0
pm25,extratrees,8088,2010-12-31T21:00:00,2011-01-03T19:00:00,46,70.0
pm25,lightgbm,8208,2011-01-06T21:00:00,2011-01-10T19:00:00,46,94.0
pm25,ridge,8208,2011-01-06T21:00:00,2011-01-10T19:00:00,46,94.0
pm25,extratrees,8208,2011-01-06T21:00:00,2011-01-10T19:00:00,46,94.0
pm25,lightgbm,8232,2011-01-07T21:00:00,2011-01-11T19:00:00,46,94.0
pm25,ridge,8232,2011-01-07T21:00:00,2011-01-11T19:00:00,46,94.0
pm25,extratrees,8232,2011-01-07T21:00:00,2011-01-11T19:00:00,46,94.0
pm25,lightgbm,480,2010-01-22T00:00:00,2010-01-26T18:00:00,47,114.0
pm25,ridge,480,2010-01-22T00:00:00,2010-01-26T18:00:00,47,114.0
pm25,extratrees,480,2010-01-22T00:00:00,2010-01-26T18:00:00,47,114.0
pm25,lightgbm,504,2010-01-23T00:00:00,2010-01-27T18:00:00,47,114.0
pm25,ridge,504,2010-01-23T00:00:00,2010-01-27T18:00:00,47,114.0
pm25,extratrees,504,2010-01-23T00:00:00,2010-01-27T18:00:00,47,114.0
pm25,lightgbm,936,2010-02-12T19:00:00,2010-02-14T19:00:00,47,48.0
pm25,ridge,936,2010-02-12T19:00:00,2010-02-14T19:00:00,47,48.0
pm25,extratrees,936,2010-02-12T19:00:00,2010-02-14T19:00:00,47,48.0
pm25,lightgbm,960,2010-02-13T19:00:00,2010-02-15T19:00:00,47,48.0
pm25,ridge,960,2010-02-13T19:00:00,2010-02-15T19:00:00,47,48.0
pm25,extratrees,960,2010-02-13T19:00:00,2010-02-15T19:00:00,47,48.0
pm25,lightgbm,1752,2010-03-18T20:00:00,2010-03-20T21:00:00,47,49.0
pm25,ridge,1752,2010-03-18T20:00:00,2010-03-20T21:00:00,47,49.0
pm25,extratrees,1752,2010-03-18T20:00:00,2010-03-20T21:00:00,47,49.0
pm25,lightgbm,1776,2010-03-19T20:00:00,2010-03-21T21:00:00,47,49.0
pm25,ridge,1776,2010-03-19T20:00:00,2010-03-21T21:00:00,47,49.0
pm25,extratrees,1776,2010-03-19T20:00:00,2010-03-21T21:00:00,47,49.0
pm25,lightgbm,1824,2010-03-21T22:00:00,2010-03-23T22:00:00,47,48.0
pm25,ridge,1824,2010-03-21T22:00:00,2010-03-23T22:00:00,47,48.0
pm25,extratrees,1824,2010-03-21T22:00:00,2010-03-23T22:00:00,47,48.0
pm25,lightgbm,1848,2010-03-22T22:00:00,2010-03-24T22:00:00,47,48.0
pm25,ridge,1848,2010-03-22T22:00:00,2010-03-24T22:00:00,47,48.0
pm25,extratrees,1848,2010-03-22T22:00:00,2010-03-24T22:00:00,47,48.0
pm25,lightgbm,1992,2010-03-28T23:00:00,2010-04-01T06:00:00,47,79.0
pm25,ridge,1992,2010-03-28T23:00:00,2010-04-01T06:00:00,47,79.0
pm25,extratrees,1992,2010-03-28T23:00:00,2010-04-01T06:00:00,47,79.0
pm25,lightgbm,2016,2010-03-29T23:00:00,2010-04-02T08:00:00,47,81.0
pm25,ridge,2016,2010-03-29T23:00:00,2010-04-02T08:00:00,47,81.0
pm25,extratrees,2016,2010-03-29T23:00:00,2010-04-02T08:00:00,47,81.0
pm25,lightgbm,2040,2010-04-01T07:00:00,2010-04-03T08:00:00,47,49.0
pm25,ridge,2040,2010-04-01T07:00:00,2010-04-03T08:00:00,47,49.0
pm25,extratrees,2040,2010-04-01T07:00:00,2010-04-03T08:00:00,47,49.0
pm25,lightgbm,3120,2010-05-16T09:00:00,2010-05-18T10:00:00,47,49.0
pm25,ridge,3120,2010-05-16T09:00:00,2010-05-18T10:00:00,47,49.0
pm25,extratrees,3120,2010-05-16T09:00:00,2010-05-18T10:00:00,47,49.0
pm25,lightgbm,3144,2010-05-17T09:00:00,2010-05-19T10:00:00,47,49.0
pm25,ridge,3144,2010-05-17T09:00:00,2010-05-19T10:00:00,47,49.0
pm25,extratrees,3144,2010-05-17T09:00:00,2010-05-19T10:00:00,47,49.0
pm25,lightgbm,3360,2010-05-26T11:00:00,2010-05-28T15:00:00,47,52.0
pm25,ridge,3360,2010-05-26T11:00:00,2010-05-28T15:00:00,47,52.0
pm25,extratrees,3360,2010-05-26T11:00:00,2010-05-28T15:00:00,47,52.0
pm25,lightgbm,3384,2010-05-27T11:00:00,2010-05-29T15:00:00,47,52.0
pm25,ridge,3384,2010-05-27T11:00:00,2010-05-29T15:00:00,47,52.0
pm25,extratrees,3384,2010-05-27T11:00:00,2010-05-29T15:00:00,47,52.0
pm25,lightgbm,3480,2010-05-31T16:00:00,2010-06-03T11:00:00,47,67.0
pm25,ridge,3480,2010-05-31T16:00:00,2010-06-03T11:00:00,47,67.0
pm25,extratrees,3480,2010-05-31T16:00:00,2010-06-03T11:00:00,47,67.0
pm25,lightgbm,3504,2010-06-01T17:00:00,2010-06-04T11:00:00,47,66.0
pm25,ridge,3504,2010-06-01T17:00:00,2010-06-04T11:00:00,47,66.0
pm25,extratrees,3504,2010-06-01T17:00:00,2010-06-04T11:00:00,47,66.0
pm25,lightgbm,3528,2010-06-03T12:00:00,2010-06-10T00:00:00,47,156.0
pm25,ridge,3528,2010-06-03T12:00:00,2010-06-10T00:00:00,47,156.0
pm25,extratrees,3528,2010-06-03T12:00:00,2010-06-10T00:00:00,47,156.0
pm25,lightgbm,3552,2010-06-07T12:00:00,2010-06-11T00:00:00,47,84.0
pm25,ridge,3552,2010-06-07T12:00:00,2010-06-11T00:00:00,47,84.0
pm25,extratrees,3552,2010-06-07T12:00:00,2010-06-11T00:00:00,47,84.0
pm25,lightgbm,3792,2010-06-19T01:00:00,2010-06-21T02:00:00,47,49.0
pm25,ridge,3792,2010-06-19T01:00:00,2010-06-21T02:00:00,47,49.0
pm25,extratrees,3792,2010-06-19T01:00:00,2010-06-21T02:00:00,47,49.0
pm25,lightgbm,3816,2010-06-20T01:00:00,2010-06-22T02:00:00,47,49.0
pm25,ridge,3816,2010-06-20T01:00:00,2010-06-22T02:00:00,47,49.0
pm25,extratrees,3816,2010-06-20T01:00:00,2010-06-22T02:00:00,47,49.0
pm25,lightgbm,3840,2010-06-21T03:00:00,2010-06-24T02:00:00,47,71.0
pm25,ridge,3840,2010-06-21T03:00:00,2010-06-24T02:00:00,47,71.0
pm25,extratrees,3840,2010-06-21T03:00:00,2010-06-24T02:00:00,47,71.0
pm25,lightgbm,3864,2010-06-22T03:00:00,2010-06-25T02:00:00,47,71.0
pm25,ridge,3864,2010-06-22T03:00:00,2010-06-25T02:00:00,47,71.0
pm25,extratrees,3864,2010-06-22T03:00:00,2010-06-25T02:00:00,47,71.0
pm25,lightgbm,5064,2010-08-12T03:00:00,2010-08-16T22:00:00,47,115.0
pm25,ridge,5064,2010-08-12T03:00:00,2010-08-16T22:00:00,47,115.0
pm25,extratrees,5064,2010-08-12T03:00:00,2010-08-16T22:00:00,47,115.0
pm25,lightgbm,5088,2010-08-13T03:00:00,2010-08-17T22:00:00,47,115.0
pm25,ridge,5088,2010-08-13T03:00:00,2010-08-17T22:00:00,47,115.0
pm25,extratrees,5088,2010-08-13T03:00:00,2010-08-17T22:00:00,47,115.0
pm25,lightgbm,5688,2010-09-09T23:00:00,2010-09-12T14:00:00,47,63.0
pm25,ridge,5688,2010-09-09T23:00:00,2010-09-12T14:00:00,47,63.0
pm25,extratrees,5688,2010-09-09T23:00:00,2010-09-12T14:00:00,47,63.0
pm25,lightgbm,5712,2010-09-10T23:00:00,2010-09-13T14:00:00,47,63.0
pm25,ridge,5712,2010-09-10T23:00:00,2010-09-13T14:00:00,47,63.0
pm25,extratrees,5712,2010-09-10T23:00:00,2010-09-13T14:00:00,47,63.0
pm25,lightgbm,5880,2010-09-18T15:00:00,2010-09-20T19:00:00,47,52.0
pm25,ridge,5880,2010-09-18T15:00:00,2010-09-20T19:00:00,47,52.0
pm25,extratrees,5880,2010-09-18T15:00:00,2010-09-20T19:00:00,47,52.0
pm25,lightgbm,5904,2010-09-19T15:00:00,2010-10-01T10:00:00,47,283.0
pm25,ridge,5904,2010-09-19T15:00:00,2010-10-01T10:00:00,47,283.0
pm25,extratrees,5904,2010-09-19T15:00:00,2010-10-01T10:00:00,47,283.0
pm25,lightgbm,5928,2010-09-20T20:00:00,2010-10-02T10:00:00,47,278.0
pm25,ridge,5928,2010-09-20T20:00:00,2010-10-02T10:00:00,47,278.0
pm25,extratrees,5928,2010-09-20T20:00:00,2010-10-02T10:00:00,47,278.0
pm25,lightgbm,6192,2010-10-11T11:00:00,2010-10-13T12:00:00,47,49.0
pm25,ridge,6192,2010-10-11T11:00:00,2010-10-13T12:00:00,47,49.0
pm25,extratrees,6192,2010-10-11T11:00:00,2010-10-13T12:00:00,47,49.0
pm25,lightgbm,6216,2010-10-12T11:00:00,2010-10-14T12:00:00,47,49.0
pm25,ridge,6216,2010-10-12T11:00:00,2010-10-14T12:00:00,47,49.0
pm25,extratrees,6216,2010-10-12T11:00:00,2010-10-14T12:00:00,47,49.0
pm25,lightgbm,6648,2010-10-30T13:00:00,2010-11-03T18:00:00,47,101.0
pm25,ridge,6648,2010-10-30T13:00:00,2010-11-03T18:00:00,47,101.0
pm25,extratrees,6648,2010-10-30T13:00:00,2010-11-03T18:00:00,47,101.0
pm25,lightgbm,6672,2010-10-31T13:00:00,2010-11-04T18:00:00,47,101.0
pm25,ridge,6672,2010-10-31T13:00:00,2010-11-04T18:00:00,47,101.0
pm25,extratrees,6672,2010-10-31T13:00:00,2010-11-04T18:00:00,47,101.0
pm25,lightgbm,7104,2010-11-20T19:00:00,2010-11-22T20:00:00,47,49.0
pm25,ridge,7104,2010-11-20T19:00:00,2010-11-22T20:00:00,47,49.0
pm25,extratrees,7104,2010-11-20T19:00:00,2010-11-22T20:00:00,47,49.0
pm25,lightgbm,7128,2010-11-21T19:00:00,2010-11-23T20:00:00,47,49.0
pm25,ridge,7128,2010-11-21T19:00:00,2010-11-23T20:00:00,47,49.0
pm25,extratrees,7128,2010-11-21T19:00:00,2010-11-23T20:00:00,47,49.0
pm25,lightgbm,8064,2010-12-30T21:00:00,2011-01-02T20:00:00,47,71.0
pm25,ridge,8064,2010-12-30T21:00:00,2011-01-02T20:00:00,47,71.0
pm25,extratrees,8064,2010-12-30T21:00:00,2011-01-02T20:00:00,47,71.0
pm25,lightgbm,8088,2010-12-31T21:00:00,2011-01-03T20:00:00,47,71.0
pm25,ridge,8088,2010-12-31T21:00:00,2011-01-03T20:00:00,47,71.0
pm25,extratrees,8088,2010-12-31T21:00:00,2011-01-03T20:00:00,47,71.0
pm25,lightgbm,8208,2011-01-06T21:00:00,2011-01-10T20:00:00,47,95.0
pm25,ridge,8208,2011-01-06T21:00:00,2011-01-10T20:00:00,47,95.0
pm25,extratrees,8208,2011-01-06T21:00:00,2011-01-10T20:00:00,47,95.0
pm25,lightgbm,8232,2011-01-07T21:00:00,2011-01-11T20:00:00,47,95.0
pm25,ridge,8232,2011-01-07T21:00:00,2011-01-11T20:00:00,47,95.0
pm25,extratrees,8232,2011-01-07T21:00:00,2011-01-11T20:00:00,47,95.0
pm25,lightgbm,480,2010-01-22T00:00:00,2010-01-26T19:00:00,48,115.0
pm25,ridge,480,2010-01-22T00:00:00,2010-01-26T19:00:00,48,115.0
pm25,extratrees,480,2010-01-22T00:00:00,2010-01-26T19:00:00,48,115.0
pm25,lightgbm,504,2010-01-23T00:00:00,2010-01-27T19:00:00,48,115.0
pm25,ridge,504,2010-01-23T00:00:00,2010-01-27T19:00:00,48,115.0
pm25,extratrees,504,2010-01-23T00:00:00,2010-01-27T19:00:00,48,115.0
pm25,lightgbm,936,2010-02-12T19:00:00,2010-02-14T20:00:00,48,49.0
pm25,ridge,936,2010-02-12T19:00:00,2010-02-14T20:00:00,48,49.0
pm25,extratrees,936,2010-02-12T19:00:00,2010-02-14T20:00:00,48,49.0
pm25,lightgbm,960,2010-02-13T19:00:00,2010-02-15T20:00:00,48,49.0
pm25,ridge,960,2010-02-13T19:00:00,2010-02-15T20:00:00,48,49.0
pm25,extratrees,960,2010-02-13T19:00:00,2010-02-15T20:00:00,48,49.0
pm25,lightgbm,1752,2010-03-18T20:00:00,2010-03-20T22:00:00,48,50.0
pm25,ridge,1752,2010-03-18T20:00:00,2010-03-20T22:00:00,48,50.0
pm25,extratrees,1752,2010-03-18T20:00:00,2010-03-20T22:00:00,48,50.0
pm25,lightgbm,1776,2010-03-19T20:00:00,2010-03-21T22:00:00,48,50.0
pm25,ridge,1776,2010-03-19T20:00:00,2010-03-21T22:00:00,48,50.0
pm25,extratrees,1776,2010-03-19T20:00:00,2010-03-21T22:00:00,48,50.0
pm25,lightgbm,1824,2010-03-21T22:00:00,2010-03-23T23:00:00,48,49.0
pm25,ridge,1824,2010-03-21T22:00:00,2010-03-23T23:00:00,48,49.0
pm25,extratrees,1824,2010-03-21T22:00:00,2010-03-23T23:00:00,48,49.0
pm25,lightgbm,1848,2010-03-22T22:00:00,2010-03-24T23:00:00,48,49.0
pm25,ridge,1848,2010-03-22T22:00:00,2010-03-24T23:00:00,48,49.0
pm25,extratrees,1848,2010-03-22T22:00:00,2010-03-24T23:00:00,48,49.0
pm25,lightgbm,1992,2010-03-28T23:00:00,2010-04-01T07:00:00,48,80.0
pm25,ridge,1992,2010-03-28T23:00:00,2010-04-01T07:00:00,48,80.0
pm25,extratrees,1992,2010-03-28T23:00:00,2010-04-01T07:00:00,48,80.0
pm25,lightgbm,2016,2010-03-29T23:00:00,2010-04-02T09:00:00,48,82.0
pm25,ridge,2016,2010-03-29T23:00:00,2010-04-02T09:00:00,48,82.0
pm25,extratrees,2016,2010-03-29T23:00:00,2010-04-02T09:00:00,48,82.0
pm25,lightgbm,2040,2010-04-01T07:00:00,2010-04-03T09:00:00,48,50.0
pm25,ridge,2040,2010-04-01T07:00:00,2010-04-03T09:00:00,48,50.0
pm25,extratrees,2040,2010-04-01T07:00:00,2010-04-03T09:00:00,48,50.0
pm25,lightgbm,3120,2010-05-16T09:00:00,2010-05-18T11:00:00,48,50.0
pm25,ridge,3120,2010-05-16T09:00:00,2010-05-18T11:00:00,48,50.0
pm25,extratrees,3120,2010-05-16T09:00:00,2010-05-18T11:00:00,48,50.0
pm25,lightgbm,3144,2010-05-17T09:00:00,2010-05-19T11:00:00,48,50.0
pm25,ridge,3144,2010-05-17T09:00:00,2010-05-19T11:00:00,48,50.0
pm25,extratrees,3144,2010-05-17T09:00:00,2010-05-19T11:00:00,48,50.0
pm25,lightgbm,3360,2010-05-26T11:00:00,2010-05-28T16:00:00,48,53.0
pm25,ridge,3360,2010-05-26T11:00:00,2010-05-28T16:00:00,48,53.0
pm25,extratrees,3360,2010-05-26T11:00:00,2010-05-28T16:00:00,48,53.0
pm25,lightgbm,3384,2010-05-27T11:00:00,2010-05-29T16:00:00,48,53.0
pm25,ridge,3384,2010-05-27T11:00:00,2010-05-29T16:00:00,48,53.0
pm25,extratrees,3384,2010-05-27T11:00:00,2010-05-29T16:00:00,48,53.0
pm25,lightgbm,3456,2010-05-30T16:00:00,2010-06-01T17:00:00,48,49.0
pm25,ridge,3456,2010-05-30T16:00:00,2010-06-01T17:00:00,48,49.0
pm25,extratrees,3456,2010-05-30T16:00:00,2010-06-01T17:00:00,48,49.0
pm25,lightgbm,3480,2010-05-31T16:00:00,2010-06-03T12:00:00,48,68.0
pm25,ridge,3480,2010-05-31T16:00:00,2010-06-03T12:00:00,48,68.0
pm25,extratrees,3480,2010-05-31T16:00:00,2010-06-03T12:00:00,48,68.0
pm25,lightgbm,3504,2010-06-01T17:00:00,2010-06-07T12:00:00,48,139.0
pm25,ridge,3504,2010-06-01T17:00:00,2010-06-07T12:00:00,48,139.0
pm25,extratrees,3504,2010-06-01T17:00:00,2010-06-07T12:00:00,48,139.0
pm25,lightgbm,3528,2010-06-03T12:00:00,2010-06-10T01:00:00,48,157.0
pm25,ridge,3528,2010-06-03T12:00:00,2010-06-10T01:00:00,48,157.0
pm25,extratrees,3528,2010-06-03T12:00:00,2010-06-10T01:00:00,48,157.0
pm25,lightgbm,3552,2010-06-07T12:00:00,2010-06-11T01:00:00,48,85.0
pm25,ridge,3552,2010-06-07T12:00:00,2010-06-11T01:00:00,48,85.0
pm25,extratrees,3552,2010-06-07T12:00:00,2010-06-11T01:00:00,48,85.0
pm25,lightgbm,3792,2010-06-19T01:00:00,2010-06-21T03:00:00,48,50.0
pm25,ridge,3792,2010-06-19T01:00:00,2010-06-21T03:00:00,48,50.0
pm25,extratrees,3792,2010-06-19T01:00:00,2010-06-21T03:00:00,48,50.0
pm25,lightgbm,3816,2010-06-20T01:00:00,2010-06-22T03:00:00,48,50.0
pm25,ridge,3816,2010-06-20T01:00:00,2010-06-22T03:00:00,48,50.0
pm25,extratrees,3816,2010-06-20T01:00:00,2010-06-22T03:00:00,48,50.0
pm25,lightgbm,3840,2010-06-21T03:00:00,2010-06-24T03:00:00,48,72.0
pm25,ridge,3840,2010-06-21T03:00:00,2010-06-24T03:00:00,48,72.0
pm25,extratrees,3840,2010-06-21T03:00:00,2010-06-24T03:00:00,48,72.0
pm25,lightgbm,3864,2010-06-22T03:00:00,2010-06-25T03:00:00,48,72.0
pm25,ridge,3864,2010-06-22T03:00:00,2010-06-25T03:00:00,48,72.0
pm25,extratrees,3864,2010-06-22T03:00:00,2010-06-25T03:00:00,48,72.0
pm25,lightgbm,5064,2010-08-12T03:00:00,2010-08-16T23:00:00,48,116.0
pm25,ridge,5064,2010-08-12T03:00:00,2010-08-16T23:00:00,48,116.0
pm25,extratrees,5064,2010-08-12T03:00:00,2010-08-16T23:00:00,48,116.0
pm25,lightgbm,5088,2010-08-13T03:00:00,2010-08-17T23:00:00,48,116.0
pm25,ridge,5088,2010-08-13T03:00:00,2010-08-17T23:00:00,48,116.0
pm25,extratrees,5088,2010-08-13T03:00:00,2010-08-17T23:00:00,48,116.0
pm25,lightgbm,5688,2010-09-09T23:00:00,2010-09-12T15:00:00,48,64.0
pm25,ridge,5688,2010-09-09T23:00:00,2010-09-12T15:00:00,48,64.0
pm25,extratrees,5688,2010-09-09T23:00:00,2010-09-12T15:00:00,48,64.0
pm25,lightgbm,5712,2010-09-10T23:00:00,2010-09-13T15:00:00,48,64.0
pm25,ridge,5712,2010-09-10T23:00:00,2010-09-13T15:00:00,48,64.0
pm25,extratrees,5712,2010-09-10T23:00:00,2010-09-13T15:00:00,48,64.0
pm25,lightgbm,5880,2010-09-18T15:00:00,2010-09-20T20:00:00,48,53.0
pm25,ridge,5880,2010-09-18T15:00:00,2010-09-20T20:00:00,48,53.0
pm25,extratrees,5880,2010-09-18T15:00:00,2010-09-20T20:00:00,48,53.0
pm25,lightgbm,5904,2010-09-19T15:00:00,2010-10-01T11:00:00,48,284.0
pm25,ridge,5904,2010-09-19T15:00:00,2010-10-01T11:00:00,48,284.0
pm25,extratrees,5904,2010-09-19T15:00:00,2010-10-01T11:00:00,48,284.0
pm25,lightgbm,5928,2010-09-20T20:00:00,2010-10-02T11:00:00,48,279.0
pm25,ridge,5928,2010-09-20T20:00:00,2010-10-02T11:00:00,48,279.0
pm25,extratrees,5928,2010-09-20T20:00:00,2010-10-02T11:00:00,48,279.0
pm25,lightgbm,6192,2010-10-11T11:00:00,2010-10-13T13:00:00,48,50.0
pm25,ridge,6192,2010-10-11T11:00:00,2010-10-13T13:00:00,48,50.0
pm25,extratrees,6192,2010-10-11T11:00:00,2010-10-13T13:00:00,48,50.0
pm25,lightgbm,6216,2010-10-12T11:00:00,2010-10-14T13:00:00,48,50.0
pm25,ridge,6216,2010-10-12T11:00:00,2010-10-14T13:00:00,48,50.0
pm25,extratrees,6216,2010-10-12T11:00:00,2010-10-14T13:00:00,48,50.0
pm25,lightgbm,6648,2010-10-30T13:00:00,2010-11-03T19:00:00,48,102.0
pm25,ridge,6648,2010-10-30T13:00:00,2010-11-03T19:00:00,48,102.0
pm25,extratrees,6648,2010-10-30T13:00:00,2010-11-03T19:00:00,48,102.0
pm25,lightgbm,6672,2010-10-31T13:00:00,2010-11-04T19:00:00,48,102.0
pm25,ridge,6672,2010-10-31T13:00:00,2010-11-04T19:00:00,48,102.0
pm25,extratrees,6672,2010-10-31T13:00:00,2010-11-04T19:00:00,48,102.0
pm25,lightgbm,7104,2010-11-20T19:00:00,2010-11-22T21:00:00,48,50.0
pm25,ridge,7104,2010-11-20T19:00:00,2010-11-22T21:00:00,48,50.0
pm25,extratrees,7104,2010-11-20T19:00:00,2010-11-22T21:00:00,48,50.0
pm25,lightgbm,7128,2010-11-21T19:00:00,2010-11-23T21:00:00,48,50.0
pm25,ridge,7128,2010-11-21T19:00:00,2010-11-23T21:00:00,48,50.0
pm25,extratrees,7128,2010-11-21T19:00:00,2010-11-23T21:00:00,48,50.0
pm25,lightgbm,8064,2010-12-30T21:00:00,2011-01-02T21:00:00,48,72.0
pm25,ridge,8064,2010-12-30T21:00:00,2011-01-02T21:00:00,48,72.0
pm25,extratrees,8064,2010-12-30T21:00:00,2011-01-02T21:00:00,48,72.0
pm25,lightgbm,8088,2010-12-31T21:00:00,2011-01-03T21:00:00,48,72.0
pm25,ridge,8088,2010-12-31T21:00:00,2011-01-03T21:00:00,48,72.0
pm25,extratrees,8088,2010-12-31T21:00:00,2011-01-03T21:00:00,48,72.0
pm25,lightgbm,8208,2011-01-06T21:00:00,2011-01-10T21:00:00,48,96.0
pm25,ridge,8208,2011-01-06T21:00:00,2011-01-10T21:00:00,48,96.0
pm25,extratrees,8208,2011-01-06T21:00:00,2011-01-10T21:00:00,48,96.0
pm25,lightgbm,8232,2011-01-07T21:00:00,2011-01-11T21:00:00,48,96.0
pm25,ridge,8232,2011-01-07T21:00:00,2011-01-11T21:00:00,48,96.0
pm25,extratrees,8232,2011-01-07T21:00:00,2011-01-11T21:00:00,48,96.0
pm25,knn,1848,2010-03-22T22:00:00,2010-03-23T00:00:00,1,2.0
pm25,mlp,1848,2010-03-22T22:00:00,2010-03-23T00:00:00,1,2.0
pm25,knn,1848,2010-03-22T22:00:00,2010-03-23T01:00:00,2,3.0
pm25,mlp,1848,2010-03-22T22:00:00,2010-03-23T01:00:00,2,3.0
pm25,knn,1848,2010-03-22T22:00:00,2010-03-23T02:00:00,3,4.0
pm25,mlp,1848,2010-03-22T22:00:00,2010-03-23T02:00:00,3,4.0
pm25,knn,6216,2010-10-12T11:00:00,2010-10-12T16:00:00,3,5.0
pm25,mlp,6216,2010-10-12T11:00:00,2010-10-12T16:00:00,3,5.0
pm25,knn,8088,2010-12-31T21:00:00,2011-01-02T00:00:00,3,27.0
pm25,mlp,8088,2010-12-31T21:00:00,2011-01-02T00:00:00,3,27.0
pm25,knn,1848,2010-03-22T22:00:00,2010-03-23T03:00:00,4,5.0
pm25,mlp,1848,2010-03-22T22:00:00,2010-03-23T03:00:00,4,5.0
pm25,knn,2040,2010-04-01T07:00:00,2010-04-01T13:00:00,4,6.0
pm25,mlp,2040,2010-04-01T07:00:00,2010-04-01T13:00:00,4,6.0
pm25,knn,5904,2010-09-19T15:00:00,2010-09-20T00:00:00,4,9.0
pm25,mlp,5904,2010-09-19T15:00:00,2010-09-20T00:00:00,4,9.0
pm25,knn,6216,2010-10-12T11:00:00,2010-10-12T17:00:00,4,6.0
pm25,mlp,6216,2010-10-12T11:00:00,2010-10-12T17:00:00,4,6.0
pm25,knn,8088,2010-12-31T21:00:00,2011-01-02T01:00:00,4,28.0
pm25,mlp,8088,2010-12-31T21:00:00,2011-01-02T01:00:00,4,28.0
pm25,knn,1848,2010-03-22T22:00:00,2010-03-23T04:00:00,5,6.0
pm25,mlp,1848,2010-03-22T22:00:00,2010-03-23T04:00:00,5,6.0
pm25,knn,2040,2010-04-01T07:00:00,2010-04-01T14:00:00,5,7.0
pm25,mlp,2040,2010-04-01T07:00:00,2010-04-01T14:00:00,5,7.0
pm25,knn,3504,2010-06-01T17:00:00,2010-06-02T17:00:00,5,24.0
pm25,mlp,3504,2010-06-01T17:00:00,2010-06-02T17:00:00,5,24.0
pm25,knn,5904,2010-09-19T15:00:00,2010-09-20T01:00:00,5,10.0
pm25,mlp,5904,2010-09-19T15:00:00,2010-09-20T01:00:00,5,10.0
pm25,knn,6216,2010-10-12T11:00:00,2010-10-12T18:00:00,5,7.0
pm25,mlp,6216,2010-10-12T11:00:00,2010-10-12T18:00:00,5,7.0
pm25,knn,8088,2010-12-31T21:00:00,2011-01-02T02:00:00,5,29.0
pm25,mlp,8088,2010-12-31T21:00:00,2011-01-02T02:00:00,5,29.0
pm25,knn,1848,2010-03-22T22:00:00,2010-03-23T05:00:00,6,7.0
pm25,mlp,1848,2010-03-22T22:00:00,2010-03-23T05:00:00,6,7.0
pm25,knn,2040,2010-04-01T07:00:00,2010-04-01T15:00:00,6,8.0
pm25,mlp,2040,2010-04-01T07:00:00,2010-04-01T15:00:00,6,8.0
pm25,knn,3504,2010-06-01T17:00:00,2010-06-02T18:00:00,6,25.0
pm25,mlp,3504,2010-06-01T17:00:00,2010-06-02T18:00:00,6,25.0
pm25,knn,5904,2010-09-19T15:00:00,2010-09-20T02:00:00,6,11.0
pm25,mlp,5904,2010-09-19T15:00:00,2010-09-20T02:00:00,6,11.0
pm25,knn,6216,2010-10-12T11:00:00,2010-10-12T19:00:00,6,8.0
pm25,mlp,6216,2010-10-12T11:00:00,2010-10-12T19:00:00,6,8.0
pm25,knn,8088,2010-12-31T21:00:00,2011-01-02T03:00:00,6,30.0
pm25,mlp,8088,2010-12-31T21:00:00,2011-01-02T03:00:00,6,30.0
pm25,knn,960,2010-02-13T19:00:00,2010-02-14T03:00:00,7,8.0
pm25,mlp,960,2010-02-13T19:00:00,2010-02-14T03:00:00,7,8.0
pm25,knn,1848,2010-03-22T22:00:00,2010-03-23T06:00:00,7,8.0
pm25,mlp,1848,2010-03-22T22:00:00,2010-03-23T06:00:00,7,8.0
pm25,knn,2016,2010-03-29T23:00:00,2010-03-30T13:00:00,7,14.0
pm25,mlp,2016,2010-03-29T23:00:00,2010-03-30T13:00:00,7,14.0
pm25,knn,2040,2010-04-01T07:00:00,2010-04-01T16:00:00,7,9.0
pm25,mlp,2040,2010-04-01T07:00:00,2010-04-01T16:00:00,7,9.0
pm25,knn,3504,2010-06-01T17:00:00,2010-06-02T19:00:00,7,26.0
pm25,mlp,3504,2010-06-01T17:00:00,2010-06-02T19:00:00,7,26.0
pm25,knn,3816,2010-06-20T01:00:00,2010-06-20T10:00:00,7,9.0
pm25,mlp,3816,2010-06-20T01:00:00,2010-06-20T10:00:00,7,9.0
pm25,knn,3864,2010-06-22T03:00:00,2010-06-23T10:00:00,7,31.0
pm25,mlp,3864,2010-06-22T03:00:00,2010-06-23T10:00:00,7,31.0
pm25,knn,5712,2010-09-10T23:00:00,2010-09-11T22:00:00,7,23.0
pm25,mlp,5712,2010-09-10T23:00:00,2010-09-11T22:00:00,7,23.0
pm25,knn,5904,2010-09-19T15:00:00,2010-09-20T03:00:00,7,12.0
pm25,mlp,5904,2010-09-19T15:00:00,2010-09-20T03:00:00,7,12.0
pm25,knn,6216,2010-10-12T11:00:00,2010-10-12T20:00:00,7,9.0
pm25,mlp,6216,2010-10-12T11:00:00,2010-10-12T20:00:00,7,9.0
pm25,knn,8088,2010-12-31T21:00:00,2011-01-02T04:00:00,7,31.0
pm25,mlp,8088,2010-12-31T21:00:00,2011-01-02T04:00:00,7,31.0
pm25,knn,960,2010-02-13T19:00:00,2010-02-14T04:00:00,8,9.0
pm25,mlp,960,2010-02-13T19:00:00,2010-02-14T04:00:00,8,9.0
pm25,knn,1848,2010-03-22T22:00:00,2010-03-23T07:00:00,8,9.0
pm25,mlp,1848,2010-03-22T22:00:00,2010-03-23T07:00:00,8,9.0
pm25,knn,2016,2010-03-29T23:00:00,2010-03-31T07:00:00,8,32.0
pm25,mlp,2016,2010-03-29T23:00:00,2010-03-31T07:00:00,8,32.0
pm25,knn,2040,2010-04-01T07:00:00,2010-04-01T17:00:00,8,10.0
pm25,mlp,2040,2010-04-01T07:00:00,2010-04-01T17:00:00,8,10.0
pm25,knn,3144,2010-05-17T09:00:00,2010-05-17T19:00:00,8,10.0
pm25,mlp,3144,2010-05-17T09:00:00,2010-05-17T19:00:00,8,10.0
pm25,knn,3384,2010-05-27T11:00:00,2010-05-28T00:00:00,8,13.0
pm25,mlp,3384,2010-05-27T11:00:00,2010-05-28T00:00:00,8,13.0
pm25,knn,3504,2010-06-01T17:00:00,2010-06-02T20:00:00,8,27.0
pm25,mlp,3504,2010-06-01T17:00:00,2010-06-02T20:00:00,8,27.0
pm25,knn,3816,2010-06-20T01:00:00,2010-06-20T11:00:00,8,10.0
pm25,mlp,3816,2010-06-20T01:00:00,2010-06-20T11:00:00,8,10.0
pm25,knn,3864,2010-06-22T03:00:00,2010-06-23T11:00:00,8,32.0
pm25,mlp,3864,2010-06-22T03:00:00,2010-06-23T11:00:00,8,32.0
pm25,knn,5712,2010-09-10T23:00:00,2010-09-11T23:00:00,8,24.0
pm25,mlp,5712,2010-09-10T23:00:00,2010-09-11T23:00:00,8,24.0
pm25,knn,5904,2010-09-19T15:00:00,2010-09-20T04:00:00,8,13.0
pm25,mlp,5904,2010-09-19T15:00:00,2010-09-20T04:00:00,8,13.0
pm25,knn,6216,2010-10-12T11:00:00,2010-10-12T21:00:00,8,10.0
pm25,mlp,6216,2010-10-12T11:00:00,2010-10-12T21:00:00,8,10.0
pm25,knn,8088,2010-12-31T21:00:00,2011-01-02T05:00:00,8,32.0
pm25,mlp,8088,2010-12-31T21:00:00,2011-01-02T05:00:00,8,32.0
pm25,knn,960,2010-02-13T19:00:00,2010-02-14T05:00:00,9,10.0
pm25,mlp,960,2010-02-13T19:00:00,2010-02-14T05:00:00,9,10.0
pm25,knn,1776,2010-03-19T20:00:00,2010-03-20T07:00:00,9,11.0
pm25,mlp,1776,2010-03-19T20:00:00,2010-03-20T07:00:00,9,11.0
pm25,knn,1848,2010-03-22T22:00:00,2010-03-23T08:00:00,9,10.0
pm25,mlp,1848,2010-03-22T22:00:00,2010-03-23T08:00:00,9,10.0
pm25,knn,2016,2010-03-29T23:00:00,2010-03-31T08:00:00,9,33.0
pm25,mlp,2016,2010-03-29T23:00:00,2010-03-31T08:00:00,9,33.0
pm25,knn,2040,2010-04-01T07:00:00,2010-04-01T18:00:00,9,11.0
pm25,mlp,2040,2010-04-01T07:00:00,2010-04-01T18:00:00,9,11.0
pm25,knn,3144,2010-05-17T09:00:00,2010-05-17T20:00:00,9,11.0
pm25,mlp,3144,2010-05-17T09:00:00,2010-05-17T20:00:00,9,11.0
pm25,knn,3384,2010-05-27T11:00:00,2010-05-28T01:00:00,9,14.0
pm25,mlp,3384,2010-05-27T11:00:00,2010-05-28T01:00:00,9,14.0
pm25,knn,3504,2010-06-01T17:00:00,2010-06-02T21:00:00,9,28.0
pm25,mlp,3504,2010-06-01T17:00:00,2010-06-02T21:00:00,9,28.0
pm25,knn,3816,2010-06-20T01:00:00,2010-06-20T12:00:00,9,11.0
pm25,mlp,3816,2010-06-20T01:00:00,2010-06-20T12:00:00,9,11.0
pm25,knn,3864,2010-06-22T03:00:00,2010-06-23T12:00:00,9,33.0
pm25,mlp,3864,2010-06-22T03:00:00,2010-06-23T12:00:00,9,33.0
pm25,knn,5712,2010-09-10T23:00:00,2010-09-12T00:00:00,9,25.0
pm25,mlp,5712,2010-09-10T23:00:00,2010-09-12T00:00:00,9,25.0
pm25,knn,5904,2010-09-19T15:00:00,2010-09-20T05:00:00,9,14.0
pm25,mlp,5904,2010-09-19T15:00:00,2010-09-20T05:00:00,9,14.0
pm25,knn,5928,2010-09-20T20:00:00,2010-09-27T16:00:00,9,164.0
pm25,mlp,5928,2010-09-20T20:00:00,2010-09-27T16:00:00,9,164.0
pm25,knn,6216,2010-10-12T11:00:00,2010-10-12T22:00:00,9,11.0
pm25,mlp,6216,2010-10-12T11:00:00,2010-10-12T22:00:00,9,11.0
pm25,knn,8088,2010-12-31T21:00:00,2011-01-02T06:00:00,9,33.0
pm25,mlp,8088,2010-12-31T21:00:00,2011-01-02T06:00:00,9,33.0
pm25,knn,960,2010-02-13T19:00:00,2010-02-14T06:00:00,10,11.0
pm25,mlp,960,2010-02-13T19:00:00,2010-02-14T06:00:00,10,11.0
pm25,knn,1776,2010-03-19T20:00:00,2010-03-20T08:00:00,10,12.0
pm25,mlp,1776,2010-03-19T20:00:00,2010-03-20T08:00:00,10,12.0
pm25,knn,1848,2010-03-22T22:00:00,2010-03-23T09:00:00,10,11.0
pm25,mlp,1848,2010-03-22T22:00:00,2010-03-23T09:00:00,10,11.0
pm25,knn,2016,2010-03-29T23:00:00,2010-03-31T17:00:00,10,42.0
pm25,mlp,2016,2010-03-29T23:00:00,2010-03-31T17:00:00,10,42.0
pm25,knn,2040,2010-04-01T07:00:00,2010-04-01T19:00:00,10,12.0
pm25,mlp,2040,2010-04-01T07:00:00,2010-04-01T19:00:00,10,12.0
pm25,knn,3144,2010-05-17T09:00:00,2010-05-17T21:00:00,10,12.0
pm25,mlp,3144,2010-05-17T09:00:00,2010-05-17T21:00:00,10,12.0
pm25,knn,3384,2010-05-27T11:00:00,2010-05-28T02:00:00,10,15.0
pm25,mlp,3384,2010-05-27T11:00:00,2010-05-28T02:00:00,10,15.0
pm25,knn,3504,2010-06-01T17:00:00,2010-06-02T22:00:00,10,29.0
pm25,mlp,3504,2010-06-01T17:00:00,2010-06-02T22:00:00,10,29.0
pm25,knn,3816,2010-06-20T01:00:00,2010-06-20T13:00:00,10,12.0
pm25,mlp,3816,2010-06-20T01:00:00,2010-06-20T13:00:00,10,12.0
pm25,knn,3864,2010-06-22T03:00:00,2010-06-23T13:00:00,10,34.0
pm25,mlp,3864,2010-06-22T03:00:00,2010-06-23T13:00:00,10,34.0
pm25,knn,5712,2010-09-10T23:00:00,2010-09-12T01:00:00,10,26.0
pm25,mlp,5712,2010-09-10T23:00:00,2010-09-12T01:00:00,10,26.0
pm25,knn,5904,2010-09-19T15:00:00,2010-09-20T06:00:00,10,15.0
pm25,mlp,5904,2010-09-19T15:00:00,2010-09-20T06:00:00,10,15.0
pm25,knn,5928,2010-09-20T20:00:00,2010-09-30T21:00:00,10,241.0
pm25,mlp,5928,2010-09-20T20:00:00,2010-09-30T21:00:00,10,241.0
pm25,knn,6216,2010-10-12T11:00:00,2010-10-12T23:00:00,10,12.0
pm25,mlp,6216,2010-10-12T11:00:00,2010-10-12T23:00:00,10,12.0
pm25,knn,8088,2010-12-31T21:00:00,2011-01-02T07:00:00,10,34.0
pm25,mlp,8088,2010-12-31T21:00:00,2011-01-02T07:00:00,10,34.0
pm25,knn,960,2010-02-13T19:00:00,2010-02-14T07:00:00,11,12.0
pm25,mlp,960,2010-02-13T19:00:00,2010-02-14T07:00:00,11,12.0
pm25,knn,1776,2010-03-19T20:00:00,2010-03-20T09:00:00,11,13.0
pm25,mlp,1776,2010-03-19T20:00:00,2010-03-20T09:00:00,11,13.0
pm25,knn,1848,2010-03-22T22:00:00,2010-03-23T10:00:00,11,12.0
pm25,mlp,1848,2010-03-22T22:00:00,2010-03-23T10:00:00,11,12.0
pm25,knn,2016,2010-03-29T23:00:00,2010-03-31T18:00:00,11,43.0
pm25,mlp,2016,2010-03-29T23:00:00,2010-03-31T18:00:00,11,43.0
pm25,knn,2040,2010-04-01T07:00:00,2010-04-01T20:00:00,11,13.0
pm25,mlp,2040,2010-04-01T07:00:00,2010-04-01T20:00:00,11,13.0
pm25,knn,3144,2010-05-17T09:00:00,2010-05-17T22:00:00,11,13.0
pm25,mlp,3144,2010-05-17T09:00:00,2010-05-17T22:00:00,11,13.0
pm25,knn,3384,2010-05-27T11:00:00,2010-05-28T03:00:00,11,16.0
pm25,mlp,3384,2010-05-27T11:00:00,2010-05-28T03:00:00,11,16.0
pm25,knn,3504,2010-06-01T17:00:00,2010-06-02T23:00:00,11,30.0
pm25,mlp,3504,2010-06-01T17:00:00,2010-06-02T23:00:00,11,30.0
pm25,knn,3816,2010-06-20T01:00:00,2010-06-20T14:00:00,11,13.0
pm25,mlp,3816,2010-06-20T01:00:00,2010-06-20T14:00:00,11,13.0
pm25,knn,3864,2010-06-22T03:00:00,2010-06-23T14:00:00,11,35.0
pm25,mlp,3864,2010-06-22T03:00:00,2010-06-23T14:00:00,11,35.0
pm25,knn,5712,2010-09-10T23:00:00,2010-09-12T02:00:00,11,27.0
pm25,mlp,5712,2010-09-10T23:00:00,2010-09-12T02:00:00,11,27.0
pm25,knn,5904,2010-09-19T15:00:00,2010-09-20T07:00:00,11,16.0
pm25,mlp,5904,2010-09-19T15:00:00,2010-09-20T07:00:00,11,16.0
pm25,knn,5928,2010-09-20T20:00:00,2010-09-30T22:00:00,11,242.0
pm25,mlp,5928,2010-09-20T20:00:00,2010-09-30T22:00:00,11,242.0
pm25,knn,6216,2010-10-12T11:00:00,2010-10-13T00:00:00,11,13.0
pm25,mlp,6216,2010-10-12T11:00:00,2010-10-13T00:00:00,11,13.0
pm25,knn,8088,2010-12-31T21:00:00,2011-01-02T08:00:00,11,35.0
pm25,mlp,8088,2010-12-31T21:00:00,2011-01-02T08:00:00,11,35.0
pm25,knn,960,2010-02-13T19:00:00,2010-02-14T08:00:00,12,13.0
pm25,mlp,960,2010-02-13T19:00:00,2010-02-14T08:00:00,12,13.0
pm25,knn,1776,2010-03-19T20:00:00,2010-03-20T10:00:00,12,14.0
pm25,mlp,1776,2010-03-19T20:00:00,2010-03-20T10:00:00,12,14.0
pm25,knn,1848,2010-03-22T22:00:00,2010-03-23T11:00:00,12,13.0
pm25,mlp,1848,2010-03-22T22:00:00,2010-03-23T11:00:00,12,13.0
pm25,knn,2016,2010-03-29T23:00:00,2010-03-31T19:00:00,12,44.0
pm25,mlp,2016,2010-03-29T23:00:00,2010-03-31T19:00:00,12,44.0
pm25,knn,2040,2010-04-01T07:00:00,2010-04-01T21:00:00,12,14.0
pm25,mlp,2040,2010-04-01T07:00:00,2010-04-01T21:00:00,12,14.0
pm25,knn,3144,2010-05-17T09:00:00,2010-05-17T23:00:00,12,14.0
pm25,mlp,3144,2010-05-17T09:00:00,2010-05-17T23:00:00,12,14.0
pm25,knn,3384,2010-05-27T11:00:00,2010-05-28T04:00:00,12,17.0
pm25,mlp,3384,2010-05-27T11:00:00,2010-05-28T04:00:00,12,17.0
pm25,knn,3504,2010-06-01T17:00:00,2010-06-03T00:00:00,12,31.0
pm25,mlp,3504,2010-06-01T17:00:00,2010-06-03T00:00:00,12,31.0
pm25,knn,3816,2010-06-20T01:00:00,2010-06-20T15:00:00,12,14.0
pm25,mlp,3816,2010-06-20T01:00:00,2010-06-20T15:00:00,12,14.0
pm25,knn,3864,2010-06-22T03:00:00,2010-06-23T15:00:00,12,36.0
pm25,mlp,3864,2010-06-22T03:00:00,2010-06-23T15:00:00,12,36.0
pm25,knn,5712,2010-09-10T23:00:00,2010-09-12T03:00:00,12,28.0
pm25,mlp,5712,2010-09-10T23:00:00,2010-09-12T03:00:00,12,28.0
pm25,knn,5904,2010-09-19T15:00:00,2010-09-20T08:00:00,12,17.0
pm25,mlp,5904,2010-09-19T15:00:00,2010-09-20T08:00:00,12,17.0
pm25,knn,5928,2010-09-20T20:00:00,2010-09-30T23:00:00,12,243.0
pm25,mlp,5928,2010-09-20T20:00:00,2010-09-30T23:00:00,12,243.0
pm25,knn,6216,2010-10-12T11:00:00,2010-10-13T01:00:00,12,14.0
pm25,mlp,6216,2010-10-12T11:00:00,2010-10-13T01:00:00,12,14.0
pm25,knn,8088,2010-12-31T21:00:00,2011-01-02T09:00:00,12,36.0
pm25,mlp,8088,2010-12-31T21:00:00,2011-01-02T09:00:00,12,36.0
pm25,knn,960,2010-02-13T19:00:00,2010-02-14T09:00:00,13,14.0
pm25,mlp,960,2010-02-13T19:00:00,2010-02-14T09:00:00,13,14.0
pm25,knn,1776,2010-03-19T20:00:00,2010-03-20T11:00:00,13,15.0
pm25,mlp,1776,2010-03-19T20:00:00,2010-03-20T11:00:00,13,15.0
pm25,knn,1848,2010-03-22T22:00:00,2010-03-23T12:00:00,13,14.0
pm25,mlp,1848,2010-03-22T22:00:00,2010-03-23T12:00:00,13,14.0
pm25,knn,2016,2010-03-29T23:00:00,2010-03-31T20:00:00,13,45.0
pm25,mlp,2016,2010-03-29T23:00:00,2010-03-31T20:00:00,13,45.0
pm25,knn,2040,2010-04-01T07:00:00,2010-04-01T22:00:00,13,15.0
pm25,mlp,2040,2010-04-01T07:00:00,2010-04-01T22:00:00,13,15.0
pm25,knn,3144,2010-05-17T09:00:00,2010-05-18T00:00:00,13,15.0
pm25,mlp,3144,2010-05-17T09:00:00,2010-05-18T00:00:00,13,15.0
pm25,knn,3384,2010-05-27T11:00:00,2010-05-28T05:00:00,13,18.0
pm25,mlp,3384,2010-05-27T11:00:00,2010-05-28T05:00:00,13,18.0
pm25,knn,3504,2010-06-01T17:00:00,2010-06-03T01:00:00,13,32.0
pm25,mlp,3504,2010-06-01T17:00:00,2010-06-03T01:00:00,13,32.0
pm25,knn,3816,2010-06-20T01:00:00,2010-06-20T16:00:00,13,15.0
pm25,mlp,3816,2010-06-20T01:00:00,2010-06-20T16:00:00,13,15.0
pm25,knn,3864,2010-06-22T03:00:00,2010-06-23T16:00:00,13,37.0
pm25,mlp,3864,2010-06-22T03:00:00,2010-06-23T16:00:00,13,37.0
pm25,knn,5712,2010-09-10T23:00:00,2010-09-12T04:00:00,13,29.0
pm25,mlp,5712,2010-09-10T23:00:00,2010-09-12T04:00:00,13,29.0
pm25,knn,5904,2010-09-19T15:00:00,2010-09-20T09:00:00,13,18.0
pm25,mlp,5904,2010-09-19T15:00:00,2010-09-20T09:00:00,13,18.0
pm25,knn,5928,2010-09-20T20:00:00,2010-10-01T00:00:00,13,244.0
pm25,mlp,5928,2010-09-20T20:00:00,2010-10-01T00:00:00,13,244.0
pm25,knn,6216,2010-10-12T11:00:00,2010-10-13T02:00:00,13,15.0
pm25,mlp,6216,2010-10-12T11:00:00,2010-10-13T02:00:00,13,15.0
pm25,knn,8088,2010-12-31T21:00:00,2011-01-02T10:00:00,13,37.0
pm25,mlp,8088,2010-12-31T21:00:00,2011-01-02T10:00:00,13,37.0
pm25,knn,960,2010-02-13T19:00:00,2010-02-14T10:00:00,14,15.0
pm25,mlp,960,2010-02-13T19:00:00,2010-02-14T10:00:00,14,15.0
pm25,knn,1776,2010-03-19T20:00:00,2010-03-20T12:00:00,14,16.0
pm25,mlp,1776,2010-03-19T20:00:00,2010-03-20T12:00:00,14,16.0
pm25,knn,1848,2010-03-22T22:00:00,2010-03-23T13:00:00,14,15.0
pm25,mlp,1848,2010-03-22T22:00:00,2010-03-23T13:00:00,14,15.0
pm25,knn,2016,2010-03-29T23:00:00,2010-03-31T21:00:00,14,46.0
pm25,mlp,2016,2010-03-29T23:00:00,2010-03-31T21:00:00,14,46.0
pm25,knn,2040,2010-04-01T07:00:00,2010-04-01T23:00:00,14,16.0
pm25,mlp,2040,2010-04-01T07:00:00,2010-04-01T23:00:00,14,16.0
pm25,knn,3144,2010-05-17T09:00:00,2010-05-18T01:00:00,14,16.0
pm25,mlp,3144,2010-05-17T09:00:00,2010-05-18T01:00:00,14,16.0
pm25,knn,3384,2010-05-27T11:00:00,2010-05-28T06:00:00,14,19.0
pm25,mlp,3384,2010-05-27T11:00:00,2010-05-28T06:00:00,14,19.0
pm25,knn,3504,2010-06-01T17:00:00,2010-06-03T02:00:00,14,33.0
pm25,mlp,3504,2010-06-01T17:00:00,2010-06-03T02:00:00,14,33.0
pm25,knn,3816,2010-06-20T01:00:00,2010-06-20T17:00:00,14,16.0
pm25,mlp,3816,2010-06-20T01:00:00,2010-06-20T17:00:00,14,16.0
pm25,knn,3864,2010-06-22T03:00:00,2010-06-23T17:00:00,14,38.0
pm25,mlp,3864,2010-06-22T03:00:00,2010-06-23T17:00:00,14,38.0
pm25,knn,5712,2010-09-10T23:00:00,2010-09-12T05:00:00,14,30.0
pm25,mlp,5712,2010-09-10T23:00:00,2010-09-12T05:00:00,14,30.0
pm25,knn,5904,2010-09-19T15:00:00,2010-09-20T10:00:00,14,19.0
pm25,mlp,5904,2010-09-19T15:00:00,2010-09-20T10:00:00,14,19.0
pm25,knn,5928,2010-09-20T20:00:00,2010-10-01T01:00:00,14,245.0
pm25,mlp,5928,2010-09-20T20:00:00,2010-10-01T01:00:00,14,245.0
pm25,knn,6216,2010-10-12T11:00:00,2010-10-13T03:00:00,14,16.0
pm25,mlp,6216,2010-10-12T11:00:00,2010-10-13T03:00:00,14,16.0
pm25,knn,8088,2010-12-31T21:00:00,2011-01-02T11:00:00,14,38.0
pm25,mlp,8088,2010-12-31T21:00:00,2011-01-02T11:00:00,14,38.0
pm25,knn,960,2010-02-13T19:00:00,2010-02-14T11:00:00,15,16.0
pm25,mlp,960,2010-02-13T19:00:00,2010-02-14T11:00:00,15,16.0
pm25,knn,1776,2010-03-19T20:00:00,2010-03-20T13:00:00,15,17.0
pm25,mlp,1776,2010-03-19T20:00:00,2010-03-20T13:00:00,15,17.0
pm25,knn,1848,2010-03-22T22:00:00,2010-03-23T14:00:00,15,16.0
pm25,mlp,1848,2010-03-22T22:00:00,2010-03-23T14:00:00,15,16.0
pm25,knn,2016,2010-03-29T23:00:00,2010-03-31T22:00:00,15,47.0
pm25,mlp,2016,2010-03-29T23:00:00,2010-03-31T22:00:00,15,47.0
pm25,knn,2040,2010-04-01T07:00:00,2010-04-02T00:00:00,15,17.0
pm25,mlp,2040,2010-04-01T07:00:00,2010-04-02T00:00:00,15,17.0
pm25,knn,3144,2010-05-17T09:00:00,2010-05-18T02:00:00,15,17.0
pm25,mlp,3144,2010-05-17T09:00:00,2010-05-18T02:00:00,15,17.0
pm25,knn,3384,2010-05-27T11:00:00,2010-05-28T07:00:00,15,20.0
pm25,mlp,3384,2010-05-27T11:00:00,2010-05-28T07:00:00,15,20.0
pm25,knn,3504,2010-06-01T17:00:00,2010-06-03T03:00:00,15,34.0
pm25,mlp,3504,2010-06-01T17:00:00,2010-06-03T03:00:00,15,34.0
pm25,knn,3816,2010-06-20T01:00:00,2010-06-20T18:00:00,15,17.0
pm25,mlp,3816,2010-06-20T01:00:00,2010-06-20T18:00:00,15,17.0
pm25,knn,3864,2010-06-22T03:00:00,2010-06-23T18:00:00,15,39.0
pm25,mlp,3864,2010-06-22T03:00:00,2010-06-23T18:00:00,15,39.0
pm25,knn,5712,2010-09-10T23:00:00,2010-09-12T06:00:00,15,31.0
pm25,mlp,5712,2010-09-10T23:00:00,2010-09-12T06:00:00,15,31.0
pm25,knn,5904,2010-09-19T15:00:00,2010-09-20T11:00:00,15,20.0
pm25,mlp,5904,2010-09-19T15:00:00,2010-09-20T11:00:00,15,20.0
pm25,knn,5928,2010-09-20T20:00:00,2010-10-01T02:00:00,15,246.0
pm25,mlp,5928,2010-09-20T20:00:00,2010-10-01T02:00:00,15,246.0
pm25,knn,6216,2010-10-12T11:00:00,2010-10-13T04:00:00,15,17.0
pm25,mlp,6216,2010-10-12T11:00:00,2010-10-13T04:00:00,15,17.0
pm25,knn,8088,2010-12-31T21:00:00,2011-01-02T12:00:00,15,39.0
pm25,mlp,8088,2010-12-31T21:00:00,2011-01-02T12:00:00,15,39.0
pm25,knn,960,2010-02-13T19:00:00,2010-02-14T12:00:00,16,17.0
pm25,mlp,960,2010-02-13T19:00:00,2010-02-14T12:00:00,16,17.0
pm25,knn,1776,2010-03-19T20:00:00,2010-03-20T14:00:00,16,18.0
pm25,mlp,1776,2010-03-19T20:00:00,2010-03-20T14:00:00,16,18.0
pm25,knn,1848,2010-03-22T22:00:00,2010-03-23T15:00:00,16,17.0
pm25,mlp,1848,2010-03-22T22:00:00,2010-03-23T15:00:00,16,17.0
pm25,knn,2016,2010-03-29T23:00:00,2010-03-31T23:00:00,16,48.0
pm25,mlp,2016,2010-03-29T23:00:00,2010-03-31T23:00:00,16,48.0
pm25,knn,2040,2010-04-01T07:00:00,2010-04-02T01:00:00,16,18.0
pm25,mlp,2040,2010-04-01T07:00:00,2010-04-02T01:00:00,16,18.0
pm25,knn,3144,2010-05-17T09:00:00,2010-05-18T03:00:00,16,18.0
pm25,mlp,3144,2010-05-17T09:00:00,2010-05-18T03:00:00,16,18.0
pm25,knn,3384,2010-05-27T11:00:00,2010-05-28T08:00:00,16,21.0
pm25,mlp,3384,2010-05-27T11:00:00,2010-05-28T08:00:00,16,21.0
pm25,knn,3504,2010-06-01T17:00:00,2010-06-03T04:00:00,16,35.0
pm25,mlp,3504,2010-06-01T17:00:00,2010-06-03T04:00:00,16,35.0
pm25,knn,3552,2010-06-07T12:00:00,2010-06-09T17:00:00,16,53.0
pm25,mlp,3552,2010-06-07T12:00:00,2010-06-09T17:00:00,16,53.0
pm25,knn,3816,2010-06-20T01:00:00,2010-06-20T19:00:00,16,18.0
pm25,mlp,3816,2010-06-20T01:00:00,2010-06-20T19:00:00,16,18.0
pm25,knn,3864,2010-06-22T03:00:00,2010-06-23T19:00:00,16,40.0
pm25,mlp,3864,2010-06-22T03:00:00,2010-06-23T19:00:00,16,40.0
pm25,knn,5712,2010-09-10T23:00:00,2010-09-12T07:00:00,16,32.0
pm25,mlp,5712,2010-09-10T23:00:00,2010-09-12T07:00:00,16,32.0
pm25,knn,5904,2010-09-19T15:00:00,2010-09-20T12:00:00,16,21.0
pm25,mlp,5904,2010-09-19T15:00:00,2010-09-20T12:00:00,16,21.0
pm25,knn,5928,2010-09-20T20:00:00,2010-10-01T03:00:00,16,247.0
pm25,mlp,5928,2010-09-20T20:00:00,2010-10-01T03:00:00,16,247.0
pm25,knn,6216,2010-10-12T11:00:00,2010-10-13T05:00:00,16,18.0
pm25,mlp,6216,2010-10-12T11:00:00,2010-10-13T05:00:00,16,18.0
pm25,knn,7128,2010-11-21T19:00:00,2010-11-22T13:00:00,16,18.0
pm25,mlp,7128,2010-11-21T19:00:00,2010-11-22T13:00:00,16,18.0
pm25,knn,8088,2010-12-31T21:00:00,2011-01-02T13:00:00,16,40.0
pm25,mlp,8088,2010-12-31T21:00:00,2011-01-02T13:00:00,16,40.0
pm25,knn,504,2010-01-23T00:00:00,2010-01-26T12:00:00,17,84.0
pm25,mlp,504,2010-01-23T00:00:00,2010-01-26T12:00:00,17,84.0
pm25,knn,960,2010-02-13T19:00:00,2010-02-14T13:00:00,17,18.0
pm25,mlp,960,2010-02-13T19:00:00,2010-02-14T13:00:00,17,18.0
pm25,knn,1776,2010-03-19T20:00:00,2010-03-20T15:00:00,17,19.0
pm25,mlp,1776,2010-03-19T20:00:00,2010-03-20T15:00:00,17,19.0
pm25,knn,1848,2010-03-22T22:00:00,2010-03-23T16:00:00,17,18.0
pm25,mlp,1848,2010-03-22T22:00:00,2010-03-23T16:00:00,17,18.0
pm25,knn,2016,2010-03-29T23:00:00,2010-04-01T00:00:00,17,49.0
pm25,mlp,2016,2010-03-29T23:00:00,2010-04-01T00:00:00,17,49.0
pm25,knn,2040,2010-04-01T07:00:00,2010-04-02T02:00:00,17,19.0
pm25,mlp,2040,2010-04-01T07:00:00,2010-04-02T02:00:00,17,19.0
pm25,knn,3144,2010-05-17T09:00:00,2010-05-18T04:00:00,17,19.0
pm25,mlp,3144,2010-05-17T09:00:00,2010-05-18T04:00:00,17,19.0
pm25,knn,3384,2010-05-27T11:00:00,2010-05-28T09:00:00,17,22.0
pm25,mlp,3384,2010-05-27T11:00:00,2010-05-28T09:00:00,17,22.0
pm25,knn,3504,2010-06-01T17:00:00,2010-06-03T05:00:00,17,36.0
pm25,mlp,3504,2010-06-01T17:00:00,2010-06-03T05:00:00,17,36.0
pm25,knn,3552,2010-06-07T12:00:00,2010-06-09T18:00:00,17,54.0
pm25,mlp,3552,2010-06-07T12:00:00,2010-06-09T18:00:00,17,54.0
pm25,knn,3816,2010-06-20T01:00:00,2010-06-20T20:00:00,17,19.0
pm25,mlp,3816,2010-06-20T01:00:00,2010-06-20T20:00:00,17,19.0
pm25,knn,3864,2010-06-22T03:00:00,2010-06-23T20:00:00,17,41.0
pm25,mlp,3864,2010-06-22T03:00:00,2010-06-23T20:00:00,17,41.0
pm25,knn,5088,2010-08-13T03:00:00,2010-08-16T16:00:00,17,85.0
pm25,mlp,5088,2010-08-13T03:00:00,2010-08-16T16:00:00,17,85.0
pm25,knn,5712,2010-09-10T23:00:00,2010-09-12T08:00:00,17,33.0
pm25,mlp,5712,2010-09-10T23:00:00,2010-09-12T08:00:00,17,33.0
pm25,knn,5904,2010-09-19T15:00:00,2010-09-20T13:00:00,17,22.0
pm25,mlp,5904,2010-09-19T15:00:00,2010-09-20T13:00:00,17,22.0
pm25,knn,5928,2010-09-20T20:00:00,2010-10-01T04:00:00,17,248.0
pm25,mlp,5928,2010-09-20T20:00:00,2010-10-01T04:00:00,17,248.0
pm25,knn,6216,2010-10-12T11:00:00,2010-10-13T06:00:00,17,19.0
pm25,mlp,6216,2010-10-12T11:00:00,2010-10-13T06:00:00,17,19.0
pm25,knn,7128,2010-11-21T19:00:00,2010-11-22T14:00:00,17,19.0
pm25,mlp,7128,2010-11-21T19:00:00,2010-11-22T14:00:00,17,19.0
pm25,knn,8088,2010-12-31T21:00:00,2011-01-02T14:00:00,17,41.0
pm25,mlp,8088,2010-12-31T21:00:00,2011-01-02T14:00:00,17,41.0
pm25,knn,504,2010-01-23T00:00:00,2010-01-26T13:00:00,18,85.0
pm25,mlp,504,2010-01-23T00:00:00,2010-01-26T13:00:00,18,85.0
pm25,knn,960,2010-02-13T19:00:00,2010-02-14T14:00:00,18,19.0
pm25,mlp,960,2010-02-13T19:00:00,2010-02-14T14:00:00,18,19.0
pm25,knn,1776,2010-03-19T20:00:00,2010-03-20T16:00:00,18,20.0
pm25,mlp,1776,2010-03-19T20:00:00,2010-03-20T16:00:00,18,20.0
pm25,knn,1848,2010-03-22T22:00:00,2010-03-23T17:00:00,18,19.0
pm25,mlp,1848,2010-03-22T22:00:00,2010-03-23T17:00:00,18,19.0
pm25,knn,2016,2010-03-29T23:00:00,2010-04-01T01:00:00,18,50.0
pm25,mlp,2016,2010-03-29T23:00:00,2010-04-01T01:00:00,18,50.0
pm25,knn,2040,2010-04-01T07:00:00,2010-04-02T03:00:00,18,20.0
pm25,mlp,2040,2010-04-01T07:00:00,2010-04-02T03:00:00,18,20.0
pm25,knn,3144,2010-05-17T09:00:00,2010-05-18T05:00:00,18,20.0
pm25,mlp,3144,2010-05-17T09:00:00,2010-05-18T05:00:00,18,20.0
pm25,knn,3384,2010-05-27T11:00:00,2010-05-28T10:00:00,18,23.0
pm25,mlp,3384,2010-05-27T11:00:00,2010-05-28T10:00:00,18,23.0
pm25,knn,3504,2010-06-01T17:00:00,2010-06-03T06:00:00,18,37.0
pm25,mlp,3504,2010-06-01T17:00:00,2010-06-03T06:00:00,18,37.0
pm25,knn,3552,2010-06-07T12:00:00,2010-06-09T19:00:00,18,55.0
pm25,mlp,3552,2010-06-07T12:00:00,2010-06-09T19:00:00,18,55.0
pm25,knn,3816,2010-06-20T01:00:00,2010-06-20T21:00:00,18,20.0
pm25,mlp,3816,2010-06-20T01:00:00,2010-06-20T21:00:00,18,20.0
pm25,knn,3864,2010-06-22T03:00:00,2010-06-23T21:00:00,18,42.0
pm25,mlp,3864,2010-06-22T03:00:00,2010-06-23T21:00:00,18,42.0
pm25,knn,5088,2010-08-13T03:00:00,2010-08-16T17:00:00,18,86.0
pm25,mlp,5088,2010-08-13T03:00:00,2010-08-16T17:00:00,18,86.0
pm25,knn,5712,2010-09-10T23:00:00,2010-09-12T09:00:00,18,34.0
pm25,mlp,5712,2010-09-10T23:00:00,2010-09-12T09:00:00,18,34.0
pm25,knn,5904,2010-09-19T15:00:00,2010-09-20T14:00:00,18,23.0
pm25,mlp,5904,2010-09-19T15:00:00,2010-09-20T14:00:00,18,23.0
pm25,knn,5928,2010-09-20T20:00:00,2010-10-01T05:00:00,18,249.0
pm25,mlp,5928,2010-09-20T20:00:00,2010-10-01T05:00:00,18,249.0
pm25,knn,6216,2010-10-12T11:00:00,2010-10-13T07:00:00,18,20.0
pm25,mlp,6216,2010-10-12T11:00:00,2010-10-13T07:00:00,18,20.0
pm25,knn,7128,2010-11-21T19:00:00,2010-11-22T15:00:00,18,20.0
pm25,mlp,7128,2010-11-21T19:00:00,2010-11-22T15:00:00,18,20.0
pm25,knn,8088,2010-12-31T21:00:00,2011-01-02T15:00:00,18,42.0
pm25,mlp,8088,2010-12-31T21:00:00,2011-01-02T15:00:00,18,42.0
pm25,knn,504,2010-01-23T00:00:00,2010-01-26T14:00:00,19,86.0
pm25,mlp,504,2010-01-23T00:00:00,2010-01-26T14:00:00,19,86.0
pm25,knn,960,2010-02-13T19:00:00,2010-02-14T15:00:00,19,20.0
pm25,mlp,960,2010-02-13T19:00:00,2010-02-14T15:00:00,19,20.0
pm25,knn,1776,2010-03-19T20:00:00,2010-03-20T17:00:00,19,21.0
pm25,mlp,1776,2010-03-19T20:00:00,2010-03-20T17:00:00,19,21.0
pm25,knn,1848,2010-03-22T22:00:00,2010-03-23T18:00:00,19,20.0
pm25,mlp,1848,2010-03-22T22:00:00,2010-03-23T18:00:00,19,20.0
pm25,knn,2016,2010-03-29T23:00:00,2010-04-01T02:00:00,19,51.0
pm25,mlp,2016,2010-03-29T23:00:00,2010-04-01T02:00:00,19,51.0
pm25,knn,2040,2010-04-01T07:00:00,2010-04-02T04:00:00,19,21.0
pm25,mlp,2040,2010-04-01T07:00:00,2010-04-02T04:00:00,19,21.0
pm25,knn,3144,2010-05-17T09:00:00,2010-05-18T06:00:00,19,21.0
pm25,mlp,3144,2010-05-17T09:00:00,2010-05-18T06:00:00,19,21.0
pm25,knn,3384,2010-05-27T11:00:00,2010-05-28T11:00:00,19,24.0
pm25,mlp,3384,2010-05-27T11:00:00,2010-05-28T11:00:00,19,24.0
pm25,knn,3504,2010-06-01T17:00:00,2010-06-03T07:00:00,19,38.0
pm25,mlp,3504,2010-06-01T17:00:00,2010-06-03T07:00:00,19,38.0
pm25,knn,3552,2010-06-07T12:00:00,2010-06-09T20:00:00,19,56.0
pm25,mlp,3552,2010-06-07T12:00:00,2010-06-09T20:00:00,19,56.0
pm25,knn,3816,2010-06-20T01:00:00,2010-06-20T22:00:00,19,21.0
pm25,mlp,3816,2010-06-20T01:00:00,2010-06-20T22:00:00,19,21.0
pm25,knn,3864,2010-06-22T03:00:00,2010-06-23T22:00:00,19,43.0
pm25,mlp,3864,2010-06-22T03:00:00,2010-06-23T22:00:00,19,43.0
pm25,knn,5088,2010-08-13T03:00:00,2010-08-16T18:00:00,19,87.0
pm25,mlp,5088,2010-08-13T03:00:00,2010-08-16T18:00:00,19,87.0
pm25,knn,5712,2010-09-10T23:00:00,2010-09-12T10:00:00,19,35.0
pm25,mlp,5712,2010-09-10T23:00:00,2010-09-12T10:00:00,19,35.0
pm25,knn,5904,2010-09-19T15:00:00,2010-09-20T15:00:00,19,24.0
pm25,mlp,5904,2010-09-19T15:00:00,2010-09-20T15:00:00,19,24.0
pm25,knn,5928,2010-09-20T20:00:00,2010-10-01T06:00:00,19,250.0
pm25,mlp,5928,2010-09-20T20:00:00,2010-10-01T06:00:00,19,250.0
pm25,knn,6216,2010-10-12T11:00:00,2010-10-13T08:00:00,19,21.0
pm25,mlp,6216,2010-10-12T11:00:00,2010-10-13T08:00:00,19,21.0
pm25,knn,7128,2010-11-21T19:00:00,2010-11-22T16:00:00,19,21.0
pm25,mlp,7128,2010-11-21T19:00:00,2010-11-22T16:00:00,19,21.0
pm25,knn,8088,2010-12-31T21:00:00,2011-01-02T16:00:00,19,43.0
pm25,mlp,8088,2010-12-31T21:00:00,2011-01-02T16:00:00,19,43.0
pm25,knn,8232,2011-01-07T21:00:00,2011-01-10T16:00:00,19,67.0
pm25,mlp,8232,2011-01-07T21:00:00,2011-01-10T16:00:00,19,67.0
pm25,knn,504,2010-01-23T00:00:00,2010-01-26T15:00:00,20,87.0
pm25,mlp,504,2010-01-23T00:00:00,2010-01-26T15:00:00,20,87.0
pm25,knn,960,2010-02-13T19:00:00,2010-02-14T16:00:00,20,21.0
pm25,mlp,960,2010-02-13T19:00:00,2010-02-14T16:00:00,20,21.0
pm25,knn,1776,2010-03-19T20:00:00,2010-03-20T18:00:00,20,22.0
pm25,mlp,1776,2010-03-19T20:00:00,2010-03-20T18:00:00,20,22.0
pm25,knn,1848,2010-03-22T22:00:00,2010-03-23T19:00:00,20,21.0
pm25,mlp,1848,2010-03-22T22:00:00,2010-03-23T19:00:00,20,21.0
pm25,knn,2016,2010-03-29T23:00:00,2010-04-01T03:00:00,20,52.0
pm25,mlp,2016,2010-03-29T23:00:00,2010-04-01T03:00:00,20,52.0
pm25,knn,2040,2010-04-01T07:00:00,2010-04-02T05:00:00,20,22.0
pm25,mlp,2040,2010-04-01T07:00:00,2010-04-02T05:00:00,20,22.0
pm25,knn,3144,2010-05-17T09:00:00,2010-05-18T07:00:00,20,22.0
pm25,mlp,3144,2010-05-17T09:00:00,2010-05-18T07:00:00,20,22.0
pm25,knn,3384,2010-05-27T11:00:00,2010-05-28T12:00:00,20,25.0
pm25,mlp,3384,2010-05-27T11:00:00,2010-05-28T12:00:00,20,25.0
pm25,knn,3504,2010-06-01T17:00:00,2010-06-03T08:00:00,20,39.0
pm25,mlp,3504,2010-06-01T17:00:00,2010-06-03T08:00:00,20,39.0
pm25,knn,3552,2010-06-07T12:00:00,2010-06-09T21:00:00,20,57.0
pm25,mlp,3552,2010-06-07T12:00:00,2010-06-09T21:00:00,20,57.0
pm25,knn,3816,2010-06-20T01:00:00,2010-06-20T23:00:00,20,22.0
pm25,mlp,3816,2010-06-20T01:00:00,2010-06-20T23:00:00,20,22.0
pm25,knn,3864,2010-06-22T03:00:00,2010-06-23T23:00:00,20,44.0
pm25,mlp,3864,2010-06-22T03:00:00,2010-06-23T23:00:00,20,44.0
pm25,knn,5088,2010-08-13T03:00:00,2010-08-16T19:00:00,20,88.0
pm25,mlp,5088,2010-08-13T03:00:00,2010-08-16T19:00:00,20,88.0
pm25,knn,5712,2010-09-10T23:00:00,2010-09-12T11:00:00,20,36.0
pm25,mlp,5712,2010-09-10T23:00:00,2010-09-12T11:00:00,20,36.0
pm25,knn,5904,2010-09-19T15:00:00,2010-09-20T16:00:00,20,25.0
pm25,mlp,5904,2010-09-19T15:00:00,2010-09-20T16:00:00,20,25.0
pm25,knn,5928,2010-09-20T20:00:00,2010-10-01T07:00:00,20,251.0
pm25,mlp,5928,2010-09-20T20:00:00,2010-10-01T07:00:00,20,251.0
pm25,knn,6216,2010-10-12T11:00:00,2010-10-13T09:00:00,20,22.0
pm25,mlp,6216,2010-10-12T11:00:00,2010-10-13T09:00:00,20,22.0
pm25,knn,6672,2010-10-31T13:00:00,2010-11-03T15:00:00,20,74.0
pm25,mlp,6672,2010-10-31T13:00:00,2010-11-03T15:00:00,20,74.0
pm25,knn,7128,2010-11-21T19:00:00,2010-11-22T17:00:00,20,22.0
pm25,mlp,7128,2010-11-21T19:00:00,2010-11-22T17:00:00,20,22.0
pm25,knn,8088,2010-12-31T21:00:00,2011-01-02T17:00:00,20,44.0
pm25,mlp,8088,2010-12-31T21:00:00,2011-01-02T17:00:00,20,44.0
pm25,knn,8232,2011-01-07T21:00:00,2011-01-10T17:00:00,20,68.0
pm25,mlp,8232,2011-01-07T21:00:00,2011-01-10T17:00:00,20,68.0
pm25,knn,504,2010-01-23T00:00:00,2010-01-26T16:00:00,21,88.0
pm25,mlp,504,2010-01-23T00:00:00,2010-01-26T16:00:00,21,88.0
pm25,knn,960,2010-02-13T19:00:00,2010-02-14T17:00:00,21,22.0
pm25,mlp,960,2010-02-13T19:00:00,2010-02-14T17:00:00,21,22.0
pm25,knn,1776,2010-03-19T20:00:00,2010-03-20T19:00:00,21,23.0
pm25,mlp,1776,2010-03-19T20:00:00,2010-03-20T19:00:00,21,23.0
pm25,knn,1848,2010-03-22T22:00:00,2010-03-23T20:00:00,21,22.0
pm25,mlp,1848,2010-03-22T22:00:00,2010-03-23T20:00:00,21,22.0
pm25,knn,2016,2010-03-29T23:00:00,2010-04-01T04:00:00,21,53.0
pm25,mlp,2016,2010-03-29T23:00:00,2010-04-01T04:00:00,21,53.0
pm25,knn,2040,2010-04-01T07:00:00,2010-04-02T06:00:00,21,23.0
pm25,mlp,2040,2010-04-01T07:00:00,2010-04-02T06:00:00,21,23.0
pm25,knn,3144,2010-05-17T09:00:00,2010-05-18T08:00:00,21,23.0
pm25,mlp,3144,2010-05-17T09:00:00,2010-05-18T08:00:00,21,23.0
pm25,knn,3384,2010-05-27T11:00:00,2010-05-28T13:00:00,21,26.0
pm25,mlp,3384,2010-05-27T11:00:00,2010-05-28T13:00:00,21,26.0
pm25,knn,3504,2010-06-01T17:00:00,2010-06-03T09:00:00,21,40.0
pm25,mlp,3504,2010-06-01T17:00:00,2010-06-03T09:00:00,21,40.0
pm25,knn,3552,2010-06-07T12:00:00,2010-06-09T22:00:00,21,58.0
pm25,mlp,3552,2010-06-07T12:00:00,2010-06-09T22:00:00,21,58.0
pm25,knn,3816,2010-06-20T01:00:00,2010-06-21T00:00:00,21,23.0
pm25,mlp,3816,2010-06-20T01:00:00,2010-06-21T00:00:00,21,23.0
pm25,knn,3864,2010-06-22T03:00:00,2010-06-24T00:00:00,21,45.0
pm25,mlp,3864,2010-06-22T03:00:00,2010-06-24T00:00:00,21,45.0
pm25,knn,5088,2010-08-13T03:00:00,2010-08-16T20:00:00,21,89.0
pm25,mlp,5088,2010-08-13T03:00:00,2010-08-16T20:00:00,21,89.0
pm25,knn,5712,2010-09-10T23:00:00,2010-09-12T12:00:00,21,37.0
pm25,mlp,5712,2010-09-10T23:00:00,2010-09-12T12:00:00,21,37.0
pm25,knn,5904,2010-09-19T15:00:00,2010-09-20T17:00:00,21,26.0
pm25,mlp,5904,2010-09-19T15:00:00,2010-09-20T17:00:00,21,26.0
pm25,knn,5928,2010-09-20T20:00:00,2010-10-01T08:00:00,21,252.0
pm25,mlp,5928,2010-09-20T20:00:00,2010-10-01T08:00:00,21,252.0
pm25,knn,6216,2010-10-12T11:00:00,2010-10-13T10:00:00,21,23.0
pm25,mlp,6216,2010-10-12T11:00:00,2010-10-13T10:00:00,21,23.0
pm25,knn,6672,2010-10-31T13:00:00,2010-11-03T16:00:00,21,75.0
pm25,mlp,6672,2010-10-31T13:00:00,2010-11-03T16:00:00,21,75.0
pm25,knn,7128,2010-11-21T19:00:00,2010-11-22T18:00:00,21,23.0
pm25,mlp,7128,2010-11-21T19:00:00,2010-11-22T18:00:00,21,23.0
pm25,knn,8088,2010-12-31T21:00:00,2011-01-02T18:00:00,21,45.0
pm25,mlp,8088,2010-12-31T21:00:00,2011-01-02T18:00:00,21,45.0
pm25,knn,8232,2011-01-07T21:00:00,2011-01-10T18:00:00,21,69.0
pm25,mlp,8232,2011-01-07T21:00:00,2011-01-10T18:00:00,21,69.0
pm25,knn,504,2010-01-23T00:00:00,2010-01-26T17:00:00,22,89.0
pm25,mlp,504,2010-01-23T00:00:00,2010-01-26T17:00:00,22,89.0
pm25,knn,960,2010-02-13T19:00:00,2010-02-14T18:00:00,22,23.0
pm25,mlp,960,2010-02-13T19:00:00,2010-02-14T18:00:00,22,23.0
pm25,knn,1776,2010-03-19T20:00:00,2010-03-20T20:00:00,22,24.0
pm25,mlp,1776,2010-03-19T20:00:00,2010-03-20T20:00:00,22,24.0
pm25,knn,1848,2010-03-22T22:00:00,2010-03-23T21:00:00,22,23.0
pm25,mlp,1848,2010-03-22T22:00:00,2010-03-23T21:00:00,22,23.0
pm25,knn,2016,2010-03-29T23:00:00,2010-04-01T05:00:00,22,54.0
pm25,mlp,2016,2010-03-29T23:00:00,2010-04-01T05:00:00,22,54.0
pm25,knn,2040,2010-04-01T07:00:00,2010-04-02T07:00:00,22,24.0
pm25,mlp,2040,2010-04-01T07:00:00,2010-04-02T07:00:00,22,24.0
pm25,knn,3144,2010-05-17T09:00:00,2010-05-18T09:00:00,22,24.0
pm25,mlp,3144,2010-05-17T09:00:00,2010-05-18T09:00:00,22,24.0
pm25,knn,3384,2010-05-27T11:00:00,2010-05-28T14:00:00,22,27.0
pm25,mlp,3384,2010-05-27T11:00:00,2010-05-28T14:00:00,22,27.0
pm25,knn,3504,2010-06-01T17:00:00,2010-06-03T10:00:00,22,41.0
pm25,mlp,3504,2010-06-01T17:00:00,2010-06-03T10:00:00,22,41.0
pm25,knn,3552,2010-06-07T12:00:00,2010-06-09T23:00:00,22,59.0
pm25,mlp,3552,2010-06-07T12:00:00,2010-06-09T23:00:00,22,59.0
pm25,knn,3816,2010-06-20T01:00:00,2010-06-21T01:00:00,22,24.0
pm25,mlp,3816,2010-06-20T01:00:00,2010-06-21T01:00:00,22,24.0
pm25,knn,3864,2010-06-22T03:00:00,2010-06-24T01:00:00,22,46.0
pm25,mlp,3864,2010-06-22T03:00:00,2010-06-24T01:00:00,22,46.0
pm25,knn,5088,2010-08-13T03:00:00,2010-08-16T21:00:00,22,90.0
pm25,mlp,5088,2010-08-13T03:00:00,2010-08-16T21:00:00,22,90.0
pm25,knn,5712,2010-09-10T23:00:00,2010-09-12T13:00:00,22,38.0
pm25,mlp,5712,2010-09-10T23:00:00,2010-09-12T13:00:00,22,38.0
pm25,knn,5904,2010-09-19T15:00:00,2010-09-20T18:00:00,22,27.0
pm25,mlp,5904,2010-09-19T15:00:00,2010-09-20T18:00:00,22,27.0
pm25,knn,5928,2010-09-20T20:00:00,2010-10-01T09:00:00,22,253.0
pm25,mlp,5928,2010-09-20T20:00:00,2010-10-01T09:00:00,22,253.0
pm25,knn,6216,2010-10-12T11:00:00,2010-10-13T11:00:00,22,24.0
pm25,mlp,6216,2010-10-12T11:00:00,2010-10-13T11:00:00,22,24.0
pm25,knn,6672,2010-10-31T13:00:00,2010-11-03T17:00:00,22,76.0
pm25,mlp,6672,2010-10-31T13:00:00,2010-11-03T17:00:00,22,76.0
pm25,knn,7128,2010-11-21T19:00:00,2010-11-22T19:00:00,22,24.0
pm25,mlp,7128,2010-11-21T19:00:00,2010-11-22T19:00:00,22,24.0
pm25,knn,8088,2010-12-31T21:00:00,2011-01-02T19:00:00,22,46.0
pm25,mlp,8088,2010-12-31T21:00:00,2011-01-02T19:00:00,22,46.0
pm25,knn,8232,2011-01-07T21:00:00,2011-01-10T19:00:00,22,70.0
pm25,mlp,8232,2011-01-07T21:00:00,2011-01-10T19:00:00,22,70.0
pm25,knn,504,2010-01-23T00:00:00,2010-01-26T18:00:00,23,90.0
pm25,mlp,504,2010-01-23T00:00:00,2010-01-26T18:00:00,23,90.0
pm25,knn,960,2010-02-13T19:00:00,2010-02-14T19:00:00,23,24.0
pm25,mlp,960,2010-02-13T19:00:00,2010-02-14T19:00:00,23,24.0
pm25,knn,1776,2010-03-19T20:00:00,2010-03-20T21:00:00,23,25.0
pm25,mlp,1776,2010-03-19T20:00:00,2010-03-20T21:00:00,23,25.0
pm25,knn,1848,2010-03-22T22:00:00,2010-03-23T22:00:00,23,24.0
pm25,mlp,1848,2010-03-22T22:00:00,2010-03-23T22:00:00,23,24.0
pm25,knn,2016,2010-03-29T23:00:00,2010-04-01T06:00:00,23,55.0
pm25,mlp,2016,2010-03-29T23:00:00,2010-04-01T06:00:00,23,55.0
pm25,knn,2040,2010-04-01T07:00:00,2010-04-02T08:00:00,23,25.0
pm25,mlp,2040,2010-04-01T07:00:00,2010-04-02T08:00:00,23,25.0
pm25,knn,3144,2010-05-17T09:00:00,2010-05-18T10:00:00,23,25.0
pm25,mlp,3144,2010-05-17T09:00:00,2010-05-18T10:00:00,23,25.0
pm25,knn,3384,2010-05-27T11:00:00,2010-05-28T15:00:00,23,28.0
pm25,mlp,3384,2010-05-27T11:00:00,2010-05-28T15:00:00,23,28.0
pm25,knn,3504,2010-06-01T17:00:00,2010-06-03T11:00:00,23,42.0
pm25,mlp,3504,2010-06-01T17:00:00,2010-06-03T11:00:00,23,42.0
pm25,knn,3552,2010-06-07T12:00:00,2010-06-10T00:00:00,23,60.0
pm25,mlp,3552,2010-06-07T12:00:00,2010-06-10T00:00:00,23,60.0
pm25,knn,3816,2010-06-20T01:00:00,2010-06-21T02:00:00,23,25.0
pm25,mlp,3816,2010-06-20T01:00:00,2010-06-21T02:00:00,23,25.0
pm25,knn,3864,2010-06-22T03:00:00,2010-06-24T02:00:00,23,47.0
pm25,mlp,3864,2010-06-22T03:00:00,2010-06-24T02:00:00,23,47.0
pm25,knn,5088,2010-08-13T03:00:00,2010-08-16T22:00:00,23,91.0
pm25,mlp,5088,2010-08-13T03:00:00,2010-08-16T22:00:00,23,91.0
pm25,knn,5712,2010-09-10T23:00:00,2010-09-12T14:00:00,23,39.0
pm25,mlp,5712,2010-09-10T23:00:00,2010-09-12T14:00:00,23,39.0
pm25,knn,5904,2010-09-19T15:00:00,2010-09-20T19:00:00,23,28.0
pm25,mlp,5904,2010-09-19T15:00:00,2010-09-20T19:00:00,23,28.0
pm25,knn,5928,2010-09-20T20:00:00,2010-10-01T10:00:00,23,254.0
pm25,mlp,5928,2010-09-20T20:00:00,2010-10-01T10:00:00,23,254.0
pm25,knn,6216,2010-10-12T11:00:00,2010-10-13T12:00:00,23,25.0
pm25,mlp,6216,2010-10-12T11:00:00,2010-10-13T12:00:00,23,25.0
pm25,knn,6672,2010-10-31T13:00:00,2010-11-03T18:00:00,23,77.0
pm25,mlp,6672,2010-10-31T13:00:00,2010-11-03T18:00:00,23,77.0
pm25,knn,7128,2010-11-21T19:00:00,2010-11-22T20:00:00,23,25.0
pm25,mlp,7128,2010-11-21T19:00:00,2010-11-22T20:00:00,23,25.0
pm25,knn,8088,2010-12-31T21:00:00,2011-01-02T20:00:00,23,47.0
pm25,mlp,8088,2010-12-31T21:00:00,2011-01-02T20:00:00,23,47.0
pm25,knn,8232,2011-01-07T21:00:00,2011-01-10T20:00:00,23,71.0
pm25,mlp,8232,2011-01-07T21:00:00,2011-01-10T20:00:00,23,71.0
pm25,knn,504,2010-01-23T00:00:00,2010-01-26T19:00:00,24,91.0
pm25,mlp,504,2010-01-23T00:00:00,2010-01-26T19:00:00,24,91.0
pm25,knn,960,2010-02-13T19:00:00,2010-02-14T20:00:00,24,25.0
pm25,mlp,960,2010-02-13T19:00:00,2010-02-14T20:00:00,24,25.0
pm25,knn,1776,2010-03-19T20:00:00,2010-03-20T22:00:00,24,26.0
pm25,mlp,1776,2010-03-19T20:00:00,2010-03-20T22:00:00,24,26.0
pm25,knn,1848,2010-03-22T22:00:00,2010-03-23T23:00:00,24,25.0
pm25,mlp,1848,2010-03-22T22:00:00,2010-03-23T23:00:00,24,25.0
pm25,knn,2016,2010-03-29T23:00:00,2010-04-01T07:00:00,24,56.0
pm25,mlp,2016,2010-03-29T23:00:00,2010-04-01T07:00:00,24,56.0
pm25,knn,2040,2010-04-01T07:00:00,2010-04-02T09:00:00,24,26.0
pm25,mlp,2040,2010-04-01T07:00:00,2010-04-02T09:00:00,24,26.0
pm25,knn,3144,2010-05-17T09:00:00,2010-05-18T11:00:00,24,26.0
pm25,mlp,3144,2010-05-17T09:00:00,2010-05-18T11:00:00,24,26.0
pm25,knn,3384,2010-05-27T11:00:00,2010-05-28T16:00:00,24,29.0
pm25,mlp,3384,2010-05-27T11:00:00,2010-05-28T16:00:00,24,29.0
pm25,knn,3480,2010-05-31T16:00:00,2010-06-01T17:00:00,24,25.0
pm25,mlp,3480,2010-05-31T16:00:00,2010-06-01T17:00:00,24,25.0
pm25,knn,3504,2010-06-01T17:00:00,2010-06-03T12:00:00,24,43.0
pm25,mlp,3504,2010-06-01T17:00:00,2010-06-03T12:00:00,24,43.0
pm25,knn,3528,2010-06-03T12:00:00,2010-06-07T12:00:00,24,96.0
pm25,mlp,3528,2010-06-03T12:00:00,2010-06-07T12:00:00,24,96.0
pm25,knn,3552,2010-06-07T12:00:00,2010-06-10T01:00:00,24,61.0
pm25,mlp,3552,2010-06-07T12:00:00,2010-06-10T01:00:00,24,61.0
pm25,knn,3816,2010-06-20T01:00:00,2010-06-21T03:00:00,24,26.0
pm25,mlp,3816,2010-06-20T01:00:00,2010-06-21T03:00:00,24,26.0
pm25,knn,3864,2010-06-22T03:00:00,2010-06-24T03:00:00,24,48.0
pm25,mlp,3864,2010-06-22T03:00:00,2010-06-24T03:00:00,24,48.0
pm25,knn,5088,2010-08-13T03:00:00,2010-08-16T23:00:00,24,92.0
pm25,mlp,5088,2010-08-13T03:00:00,2010-08-16T23:00:00,24,92.0
pm25,knn,5712,2010-09-10T23:00:00,2010-09-12T15:00:00,24,40.0
pm25,mlp,5712,2010-09-10T23:00:00,2010-09-12T15:00:00,24,40.0
pm25,knn,5904,2010-09-19T15:00:00,2010-09-20T20:00:00,24,29.0
pm25,mlp,5904,2010-09-19T15:00:00,2010-09-20T20:00:00,24,29.0
pm25,knn,5928,2010-09-20T20:00:00,2010-10-01T11:00:00,24,255.0
pm25,mlp,5928,2010-09-20T20:00:00,2010-10-01T11:00:00,24,255.0
pm25,knn,6216,2010-10-12T11:00:00,2010-10-13T13:00:00,24,26.0
pm25,mlp,6216,2010-10-12T11:00:00,2010-10-13T13:00:00,24,26.0
pm25,knn,6672,2010-10-31T13:00:00,2010-11-03T19:00:00,24,78.0
pm25,mlp,6672,2010-10-31T13:00:00,2010-11-03T19:00:00,24,78.0
pm25,knn,7128,2010-11-21T19:00:00,2010-11-22T21:00:00,24,26.0
pm25,mlp,7128,2010-11-21T19:00:00,2010-11-22T21:00:00,24,26.0
pm25,knn,8088,2010-12-31T21:00:00,2011-01-02T21:00:00,24,48.0
pm25,mlp,8088,2010-12-31T21:00:00,2011-01-02T21:00:00,24,48.0
pm25,knn,8232,2011-01-07T21:00:00,2011-01-10T21:00:00,24,72.0
pm25,mlp,8232,2011-01-07T21:00:00,2011-01-10T21:00:00,24,72.0
pm25,knn,504,2010-01-23T00:00:00,2010-01-26T20:00:00,25,92.0
pm25,mlp,504,2010-01-23T00:00:00,2010-01-26T20:00:00,25,92.0
pm25,knn,960,2010-02-13T19:00:00,2010-02-14T21:00:00,25,26.0
pm25,mlp,960,2010-02-13T19:00:00,2010-02-14T21:00:00,25,26.0
pm25,knn,1776,2010-03-19T20:00:00,2010-03-20T23:00:00,25,27.0
pm25,mlp,1776,2010-03-19T20:00:00,2010-03-20T23:00:00,25,27.0
pm25,knn,1824,2010-03-21T22:00:00,2010-03-23T00:00:00,25,26.0
pm25,mlp,1824,2010-03-21T22:00:00,2010-03-23T00:00:00,25,26.0
pm25,knn,1848,2010-03-22T22:00:00,2010-03-24T00:00:00,25,26.0
pm25,mlp,1848,2010-03-22T22:00:00,2010-03-24T00:00:00,25,26.0
pm25,knn,2016,2010-03-29T23:00:00,2010-04-01T08:00:00,25,57.0
pm25,mlp,2016,2010-03-29T23:00:00,2010-04-01T08:00:00,25,57.0
pm25,knn,2040,2010-04-01T07:00:00,2010-04-02T10:00:00,25,27.0
pm25,mlp,2040,2010-04-01T07:00:00,2010-04-02T10:00:00,25,27.0
pm25,knn,3144,2010-05-17T09:00:00,2010-05-18T12:00:00,25,27.0
pm25,mlp,3144,2010-05-17T09:00:00,2010-05-18T12:00:00,25,27.0
pm25,knn,3384,2010-05-27T11:00:00,2010-05-28T17:00:00,25,30.0
pm25,mlp,3384,2010-05-27T11:00:00,2010-05-28T17:00:00,25,30.0
pm25,knn,3480,2010-05-31T16:00:00,2010-06-01T18:00:00,25,26.0
pm25,mlp,3480,2010-05-31T16:00:00,2010-06-01T18:00:00,25,26.0
pm25,knn,3504,2010-06-01T17:00:00,2010-06-03T13:00:00,25,44.0
pm25,mlp,3504,2010-06-01T17:00:00,2010-06-03T13:00:00,25,44.0
pm25,knn,3528,2010-06-03T12:00:00,2010-06-07T13:00:00,25,97.0
pm25,mlp,3528,2010-06-03T12:00:00,2010-06-07T13:00:00,25,97.0
pm25,knn,3552,2010-06-07T12:00:00,2010-06-10T02:00:00,25,62.0
pm25,mlp,3552,2010-06-07T12:00:00,2010-06-10T02:00:00,25,62.0
pm25,knn,3816,2010-06-20T01:00:00,2010-06-21T04:00:00,25,27.0
pm25,mlp,3816,2010-06-20T01:00:00,2010-06-21T04:00:00,25,27.0
pm25,knn,3864,2010-06-22T03:00:00,2010-06-24T04:00:00,25,49.0
pm25,mlp,3864,2010-06-22T03:00:00,2010-06-24T04:00:00,25,49.0
pm25,knn,5088,2010-08-13T03:00:00,2010-08-17T00:00:00,25,93.0
pm25,mlp,5088,2010-08-13T03:00:00,2010-08-17T00:00:00,25,93.0
pm25,knn,5712,2010-09-10T23:00:00,2010-09-12T16:00:00,25,41.0
pm25,mlp,5712,2010-09-10T23:00:00,2010-09-12T16:00:00,25,41.0
pm25,knn,5904,2010-09-19T15:00:00,2010-09-20T21:00:00,25,30.0
pm25,mlp,5904,2010-09-19T15:00:00,2010-09-20T21:00:00,25,30.0
pm25,knn,5928,2010-09-20T20:00:00,2010-10-01T12:00:00,25,256.0
pm25,mlp,5928,2010-09-20T20:00:00,2010-10-01T12:00:00,25,256.0
pm25,knn,6216,2010-10-12T11:00:00,2010-10-13T14:00:00,25,27.0
pm25,mlp,6216,2010-10-12T11:00:00,2010-10-13T14:00:00,25,27.0
pm25,knn,6672,2010-10-31T13:00:00,2010-11-03T20:00:00,25,79.0
pm25,mlp,6672,2010-10-31T13:00:00,2010-11-03T20:00:00,25,79.0
pm25,knn,7128,2010-11-21T19:00:00,2010-11-22T22:00:00,25,27.0
pm25,mlp,7128,2010-11-21T19:00:00,2010-11-22T22:00:00,25,27.0
pm25,knn,8088,2010-12-31T21:00:00,2011-01-02T22:00:00,25,49.0
pm25,mlp,8088,2010-12-31T21:00:00,2011-01-02T22:00:00,25,49.0
pm25,knn,8232,2011-01-07T21:00:00,2011-01-10T22:00:00,25,73.0
pm25,mlp,8232,2011-01-07T21:00:00,2011-01-10T22:00:00,25,73.0
pm25,knn,504,2010-01-23T00:00:00,2010-01-26T21:00:00,26,93.0
pm25,mlp,504,2010-01-23T00:00:00,2010-01-26T21:00:00,26,93.0
pm25,knn,960,2010-02-13T19:00:00,2010-02-14T22:00:00,26,27.0
pm25,mlp,960,2010-02-13T19:00:00,2010-02-14T22:00:00,26,27.0
pm25,knn,1776,2010-03-19T20:00:00,2010-03-21T00:00:00,26,28.0
pm25,mlp,1776,2010-03-19T20:00:00,2010-03-21T00:00:00,26,28.0
pm25,knn,1824,2010-03-21T22:00:00,2010-03-23T01:00:00,26,27.0
pm25,mlp,1824,2010-03-21T22:00:00,2010-03-23T01:00:00,26,27.0
pm25,knn,1848,2010-03-22T22:00:00,2010-03-24T01:00:00,26,27.0
pm25,mlp,1848,2010-03-22T22:00:00,2010-03-24T01:00:00,26,27.0
pm25,knn,2016,2010-03-29T23:00:00,2010-04-01T09:00:00,26,58.0
pm25,mlp,2016,2010-03-29T23:00:00,2010-04-01T09:00:00,26,58.0
pm25,knn,2040,2010-04-01T07:00:00,2010-04-02T11:00:00,26,28.0
pm25,mlp,2040,2010-04-01T07:00:00,2010-04-02T11:00:00,26,28.0
pm25,knn,3144,2010-05-17T09:00:00,2010-05-18T13:00:00,26,28.0
pm25,mlp,3144,2010-05-17T09:00:00,2010-05-18T13:00:00,26,28.0
pm25,knn,3384,2010-05-27T11:00:00,2010-05-28T18:00:00,26,31.0
pm25,mlp,3384,2010-05-27T11:00:00,2010-05-28T18:00:00,26,31.0
pm25,knn,3480,2010-05-31T16:00:00,2010-06-01T19:00:00,26,27.0
pm25,mlp,3480,2010-05-31T16:00:00,2010-06-01T19:00:00,26,27.0
pm25,knn,3504,2010-06-01T17:00:00,2010-06-03T14:00:00,26,45.0
pm25,mlp,3504,2010-06-01T17:00:00,2010-06-03T14:00:00,26,45.0
pm25,knn,3528,2010-06-03T12:00:00,2010-06-07T14:00:00,26,98.0
pm25,mlp,3528,2010-06-03T12:00:00,2010-06-07T14:00:00,26,98.0
pm25,knn,3552,2010-06-07T12:00:00,2010-06-10T03:00:00,26,63.0
pm25,mlp,3552,2010-06-07T12:00:00,2010-06-10T03:00:00,26,63.0
pm25,knn,3816,2010-06-20T01:00:00,2010-06-21T05:00:00,26,28.0
pm25,mlp,3816,2010-06-20T01:00:00,2010-06-21T05:00:00,26,28.0
pm25,knn,3864,2010-06-22T03:00:00,2010-06-24T05:00:00,26,50.0
pm25,mlp,3864,2010-06-22T03:00:00,2010-06-24T05:00:00,26,50.0
pm25,knn,5088,2010-08-13T03:00:00,2010-08-17T01:00:00,26,94.0
pm25,mlp,5088,2010-08-13T03:00:00,2010-08-17T01:00:00,26,94.0
pm25,knn,5712,2010-09-10T23:00:00,2010-09-12T17:00:00,26,42.0
pm25,mlp,5712,2010-09-10T23:00:00,2010-09-12T17:00:00,26,42.0
pm25,knn,5904,2010-09-19T15:00:00,2010-09-20T22:00:00,26,31.0
pm25,mlp,5904,2010-09-19T15:00:00,2010-09-20T22:00:00,26,31.0
pm25,knn,5928,2010-09-20T20:00:00,2010-10-01T13:00:00,26,257.0
pm25,mlp,5928,2010-09-20T20:00:00,2010-10-01T13:00:00,26,257.0
pm25,knn,6216,2010-10-12T11:00:00,2010-10-13T15:00:00,26,28.0
pm25,mlp,6216,2010-10-12T11:00:00,2010-10-13T15:00:00,26,28.0
pm25,knn,6672,2010-10-31T13:00:00,2010-11-03T21:00:00,26,80.0
pm25,mlp,6672,2010-10-31T13:00:00,2010-11-03T21:00:00,26,80.0
pm25,knn,7128,2010-11-21T19:00:00,2010-11-22T23:00:00,26,28.0
pm25,mlp,7128,2010-11-21T19:00:00,2010-11-22T23:00:00,26,28.0
pm25,knn,8088,2010-12-31T21:00:00,2011-01-02T23:00:00,26,50.0
pm25,mlp,8088,2010-12-31T21:00:00,2011-01-02T23:00:00,26,50.0
pm25,knn,8232,2011-01-07T21:00:00,2011-01-10T23:00:00,26,74.0
pm25,mlp,8232,2011-01-07T21:00:00,2011-01-10T23:00:00,26,74.0
pm25,knn,504,2010-01-23T00:00:00,2010-01-26T22:00:00,27,94.0
pm25,mlp,504,2010-01-23T00:00:00,2010-01-26T22:00:00,27,94.0
pm25,knn,960,2010-02-13T19:00:00,2010-02-14T23:00:00,27,28.0
pm25,mlp,960,2010-02-13T19:00:00,2010-02-14T23:00:00,27,28.0
pm25,knn,1776,2010-03-19T20:00:00,2010-03-21T01:00:00,27,29.0
pm25,mlp,1776,2010-03-19T20:00:00,2010-03-21T01:00:00,27,29.0
pm25,knn,1824,2010-03-21T22:00:00,2010-03-23T02:00:00,27,28.0
pm25,mlp,1824,2010-03-21T22:00:00,2010-03-23T02:00:00,27,28.0
pm25,knn,1848,2010-03-22T22:00:00,2010-03-24T02:00:00,27,28.0
pm25,mlp,1848,2010-03-22T22:00:00,2010-03-24T02:00:00,27,28.0
pm25,knn,2016,2010-03-29T23:00:00,2010-04-01T10:00:00,27,59.0
pm25,mlp,2016,2010-03-29T23:00:00,2010-04-01T10:00:00,27,59.0
pm25,knn,2040,2010-04-01T07:00:00,2010-04-02T12:00:00,27,29.0
pm25,mlp,2040,2010-04-01T07:00:00,2010-04-02T12:00:00,27,29.0
pm25,knn,3144,2010-05-17T09:00:00,2010-05-18T14:00:00,27,29.0
pm25,mlp,3144,2010-05-17T09:00:00,2010-05-18T14:00:00,27,29.0
pm25,knn,3384,2010-05-27T11:00:00,2010-05-28T19:00:00,27,32.0
pm25,mlp,3384,2010-05-27T11:00:00,2010-05-28T19:00:00,27,32.0
pm25,knn,3480,2010-05-31T16:00:00,2010-06-01T20:00:00,27,28.0
pm25,mlp,3480,2010-05-31T16:00:00,2010-06-01T20:00:00,27,28.0
pm25,knn,3504,2010-06-01T17:00:00,2010-06-03T15:00:00,27,46.0
pm25,mlp,3504,2010-06-01T17:00:00,2010-06-03T15:00:00,27,46.0
pm25,knn,3528,2010-06-03T12:00:00,2010-06-07T15:00:00,27,99.0
pm25,mlp,3528,2010-06-03T12:00:00,2010-06-07T15:00:00,27,99.0
pm25,knn,3552,2010-06-07T12:00:00,2010-06-10T04:00:00,27,64.0
pm25,mlp,3552,2010-06-07T12:00:00,2010-06-10T04:00:00,27,64.0
pm25,knn,3816,2010-06-20T01:00:00,2010-06-21T06:00:00,27,29.0
pm25,mlp,3816,2010-06-20T01:00:00,2010-06-21T06:00:00,27,29.0
pm25,knn,3864,2010-06-22T03:00:00,2010-06-24T06:00:00,27,51.0
pm25,mlp,3864,2010-06-22T03:00:00,2010-06-24T06:00:00,27,51.0
pm25,knn,5088,2010-08-13T03:00:00,2010-08-17T02:00:00,27,95.0
pm25,mlp,5088,2010-08-13T03:00:00,2010-08-17T02:00:00,27,95.0
pm25,knn,5712,2010-09-10T23:00:00,2010-09-12T18:00:00,27,43.0
pm25,mlp,5712,2010-09-10T23:00:00,2010-09-12T18:00:00,27,43.0
pm25,knn,5904,2010-09-19T15:00:00,2010-09-20T23:00:00,27,32.0
pm25,mlp,5904,2010-09-19T15:00:00,2010-09-20T23:00:00,27,32.0
pm25,knn,5928,2010-09-20T20:00:00,2010-10-01T14:00:00,27,258.0
pm25,mlp,5928,2010-09-20T20:00:00,2010-10-01T14:00:00,27,258.0
pm25,knn,6192,2010-10-11T11:00:00,2010-10-12T16:00:00,27,29.0
pm25,mlp,6192,2010-10-11T11:00:00,2010-10-12T16:00:00,27,29.0
pm25,knn,6216,2010-10-12T11:00:00,2010-10-13T16:00:00,27,29.0
pm25,mlp,6216,2010-10-12T11:00:00,2010-10-13T16:00:00,27,29.0
pm25,knn,6672,2010-10-31T13:00:00,2010-11-03T22:00:00,27,81.0
pm25,mlp,6672,2010-10-31T13:00:00,2010-11-03T22:00:00,27,81.0
pm25,knn,7128,2010-11-21T19:00:00,2010-11-23T00:00:00,27,29.0
pm25,mlp,7128,2010-11-21T19:00:00,2010-11-23T00:00:00,27,29.0
pm25,knn,8064,2010-12-30T21:00:00,2011-01-02T00:00:00,27,51.0
pm25,mlp,8064,2010-12-30T21:00:00,2011-01-02T00:00:00,27,51.0
pm25,knn,8088,2010-12-31T21:00:00,2011-01-03T00:00:00,27,51.0
pm25,mlp,8088,2010-12-31T21:00:00,2011-01-03T00:00:00,27,51.0
pm25,knn,8232,2011-01-07T21:00:00,2011-01-11T00:00:00,27,75.0
pm25,mlp,8232,2011-01-07T21:00:00,2011-01-11T00:00:00,27,75.0
pm25,knn,504,2010-01-23T00:00:00,2010-01-26T23:00:00,28,95.0
pm25,mlp,504,2010-01-23T00:00:00,2010-01-26T23:00:00,28,95.0
pm25,knn,960,2010-02-13T19:00:00,2010-02-15T00:00:00,28,29.0
pm25,mlp,960,2010-02-13T19:00:00,2010-02-15T00:00:00,28,29.0
pm25,knn,1776,2010-03-19T20:00:00,2010-03-21T02:00:00,28,30.0
pm25,mlp,1776,2010-03-19T20:00:00,2010-03-21T02:00:00,28,30.0
pm25,knn,1824,2010-03-21T22:00:00,2010-03-23T03:00:00,28,29.0
pm25,mlp,1824,2010-03-21T22:00:00,2010-03-23T03:00:00,28,29.0
pm25,knn,1848,2010-03-22T22:00:00,2010-03-24T03:00:00,28,29.0
pm25,mlp,1848,2010-03-22T22:00:00,2010-03-24T03:00:00,28,29.0
pm25,knn,2016,2010-03-29T23:00:00,2010-04-01T13:00:00,28,62.0
pm25,mlp,2016,2010-03-29T23:00:00,2010-04-01T13:00:00,28,62.0
pm25,knn,2040,2010-04-01T07:00:00,2010-04-02T13:00:00,28,30.0
pm25,mlp,2040,2010-04-01T07:00:00,2010-04-02T13:00:00,28,30.0
pm25,knn,3144,2010-05-17T09:00:00,2010-05-18T15:00:00,28,30.0
pm25,mlp,3144,2010-05-17T09:00:00,2010-05-18T15:00:00,28,30.0
pm25,knn,3384,2010-05-27T11:00:00,2010-05-28T20:00:00,28,33.0
pm25,mlp,3384,2010-05-27T11:00:00,2010-05-28T20:00:00,28,33.0
pm25,knn,3480,2010-05-31T16:00:00,2010-06-01T21:00:00,28,29.0
pm25,mlp,3480,2010-05-31T16:00:00,2010-06-01T21:00:00,28,29.0
pm25,knn,3504,2010-06-01T17:00:00,2010-06-03T16:00:00,28,47.0
pm25,mlp,3504,2010-06-01T17:00:00,2010-06-03T16:00:00,28,47.0
pm25,knn,3528,2010-06-03T12:00:00,2010-06-07T16:00:00,28,100.0
pm25,mlp,3528,2010-06-03T12:00:00,2010-06-07T16:00:00,28,100.0
pm25,knn,3552,2010-06-07T12:00:00,2010-06-10T05:00:00,28,65.0
pm25,mlp,3552,2010-06-07T12:00:00,2010-06-10T05:00:00,28,65.0
pm25,knn,3816,2010-06-20T01:00:00,2010-06-21T07:00:00,28,30.0
pm25,mlp,3816,2010-06-20T01:00:00,2010-06-21T07:00:00,28,30.0
pm25,knn,3864,2010-06-22T03:00:00,2010-06-24T07:00:00,28,52.0
pm25,mlp,3864,2010-06-22T03:00:00,2010-06-24T07:00:00,28,52.0
pm25,knn,5088,2010-08-13T03:00:00,2010-08-17T03:00:00,28,96.0
pm25,mlp,5088,2010-08-13T03:00:00,2010-08-17T03:00:00,28,96.0
pm25,knn,5712,2010-09-10T23:00:00,2010-09-12T19:00:00,28,44.0
pm25,mlp,5712,2010-09-10T23:00:00,2010-09-12T19:00:00,28,44.0
pm25,knn,5880,2010-09-18T15:00:00,2010-09-20T00:00:00,28,33.0
pm25,mlp,5880,2010-09-18T15:00:00,2010-09-20T00:00:00,28,33.0
pm25,knn,5904,2010-09-19T15:00:00,2010-09-21T00:00:00,28,33.0
pm25,mlp,5904,2010-09-19T15:00:00,2010-09-21T00:00:00,28,33.0
pm25,knn,5928,2010-09-20T20:00:00,2010-10-01T15:00:00,28,259.0
pm25,mlp,5928,2010-09-20T20:00:00,2010-10-01T15:00:00,28,259.0
pm25,knn,6192,2010-10-11T11:00:00,2010-10-12T17:00:00,28,30.0
pm25,mlp,6192,2010-10-11T11:00:00,2010-10-12T17:00:00,28,30.0
pm25,knn,6216,2010-10-12T11:00:00,2010-10-13T17:00:00,28,30.0
pm25,mlp,6216,2010-10-12T11:00:00,2010-10-13T17:00:00,28,30.0
pm25,knn,6672,2010-10-31T13:00:00,2010-11-03T23:00:00,28,82.0
pm25,mlp,6672,2010-10-31T13:00:00,2010-11-03T23:00:00,28,82.0
pm25,knn,7128,2010-11-21T19:00:00,2010-11-23T01:00:00,28,30.0
pm25,mlp,7128,2010-11-21T19:00:00,2010-11-23T01:00:00,28,30.0
pm25,knn,8064,2010-12-30T21:00:00,2011-01-02T01:00:00,28,52.0
pm25,mlp,8064,2010-12-30T21:00:00,2011-01-02T01:00:00,28,52.0
pm25,knn,8088,2010-12-31T21:00:00,2011-01-03T01:00:00,28,52.0
pm25,mlp,8088,2010-12-31T21:00:00,2011-01-03T01:00:00,28,52.0
pm25,knn,8232,2011-01-07T21:00:00,2011-01-11T01:00:00,28,76.0
pm25,mlp,8232,2011-01-07T21:00:00,2011-01-11T01:00:00,28,76.0
pm25,knn,504,2010-01-23T00:00:00,2010-01-27T00:00:00,29,96.0
pm25,mlp,504,2010-01-23T00:00:00,2010-01-27T00:00:00,29,96.0
pm25,knn,960,2010-02-13T19:00:00,2010-02-15T01:00:00,29,30.0
pm25,mlp,960,2010-02-13T19:00:00,2010-02-15T01:00:00,29,30.0
pm25,knn,1776,2010-03-19T20:00:00,2010-03-21T03:00:00,29,31.0
pm25,mlp,1776,2010-03-19T20:00:00,2010-03-21T03:00:00,29,31.0
pm25,knn,1824,2010-03-21T22:00:00,2010-03-23T04:00:00,29,30.0
pm25,mlp,1824,2010-03-21T22:00:00,2010-03-23T04:00:00,29,30.0
pm25,knn,1848,2010-03-22T22:00:00,2010-03-24T04:00:00,29,30.0
pm25,mlp,1848,2010-03-22T22:00:00,2010-03-24T04:00:00,29,30.0
pm25,knn,2016,2010-03-29T23:00:00,2010-04-01T14:00:00,29,63.0
pm25,mlp,2016,2010-03-29T23:00:00,2010-04-01T14:00:00,29,63.0
pm25,knn,2040,2010-04-01T07:00:00,2010-04-02T14:00:00,29,31.0
pm25,mlp,2040,2010-04-01T07:00:00,2010-04-02T14:00:00,29,31.0
pm25,knn,3144,2010-05-17T09:00:00,2010-05-18T16:00:00,29,31.0
pm25,mlp,3144,2010-05-17T09:00:00,2010-05-18T16:00:00,29,31.0
pm25,knn,3384,2010-05-27T11:00:00,2010-05-28T21:00:00,29,34.0
pm25,mlp,3384,2010-05-27T11:00:00,2010-05-28T21:00:00,29,34.0
pm25,knn,3480,2010-05-31T16:00:00,2010-06-02T17:00:00,29,49.0
pm25,mlp,3480,2010-05-31T16:00:00,2010-06-02T17:00:00,29,49.0
pm25,knn,3504,2010-06-01T17:00:00,2010-06-03T17:00:00,29,48.0
pm25,mlp,3504,2010-06-01T17:00:00,2010-06-03T17:00:00,29,48.0
pm25,knn,3528,2010-06-03T12:00:00,2010-06-07T17:00:00,29,101.0
pm25,mlp,3528,2010-06-03T12:00:00,2010-06-07T17:00:00,29,101.0
pm25,knn,3552,2010-06-07T12:00:00,2010-06-10T06:00:00,29,66.0
pm25,mlp,3552,2010-06-07T12:00:00,2010-06-10T06:00:00,29,66.0
pm25,knn,3816,2010-06-20T01:00:00,2010-06-21T08:00:00,29,31.0
pm25,mlp,3816,2010-06-20T01:00:00,2010-06-21T08:00:00,29,31.0
pm25,knn,3864,2010-06-22T03:00:00,2010-06-24T08:00:00,29,53.0
pm25,mlp,3864,2010-06-22T03:00:00,2010-06-24T08:00:00,29,53.0
pm25,knn,5088,2010-08-13T03:00:00,2010-08-17T04:00:00,29,97.0
pm25,mlp,5088,2010-08-13T03:00:00,2010-08-17T04:00:00,29,97.0
pm25,knn,5712,2010-09-10T23:00:00,2010-09-12T20:00:00,29,45.0
pm25,mlp,5712,2010-09-10T23:00:00,2010-09-12T20:00:00,29,45.0
pm25,knn,5880,2010-09-18T15:00:00,2010-09-20T01:00:00,29,34.0
pm25,mlp,5880,2010-09-18T15:00:00,2010-09-20T01:00:00,29,34.0
pm25,knn,5904,2010-09-19T15:00:00,2010-09-21T01:00:00,29,34.0
pm25,mlp,5904,2010-09-19T15:00:00,2010-09-21T01:00:00,29,34.0
pm25,knn,5928,2010-09-20T20:00:00,2010-10-01T16:00:00,29,260.0
pm25,mlp,5928,2010-09-20T20:00:00,2010-10-01T16:00:00,29,260.0
pm25,knn,6192,2010-10-11T11:00:00,2010-10-12T18:00:00,29,31.0
pm25,mlp,6192,2010-10-11T11:00:00,2010-10-12T18:00:00,29,31.0
pm25,knn,6216,2010-10-12T11:00:00,2010-10-13T18:00:00,29,31.0
pm25,mlp,6216,2010-10-12T11:00:00,2010-10-13T18:00:00,29,31.0
pm25,knn,6672,2010-10-31T13:00:00,2010-11-04T00:00:00,29,83.0
pm25,mlp,6672,2010-10-31T13:00:00,2010-11-04T00:00:00,29,83.0
pm25,knn,7128,2010-11-21T19:00:00,2010-11-23T02:00:00,29,31.0
pm25,mlp,7128,2010-11-21T19:00:00,2010-11-23T02:00:00,29,31.0
pm25,knn,8064,2010-12-30T21:00:00,2011-01-02T02:00:00,29,53.0
pm25,mlp,8064,2010-12-30T21:00:00,2011-01-02T02:00:00,29,53.0
pm25,knn,8088,2010-12-31T21:00:00,2011-01-03T02:00:00,29,53.0
pm25,mlp,8088,2010-12-31T21:00:00,2011-01-03T02:00:00,29,53.0
pm25,knn,8232,2011-01-07T21:00:00,2011-01-11T02:00:00,29,77.0
pm25,mlp,8232,2011-01-07T21:00:00,2011-01-11T02:00:00,29,77.0
pm25,knn,504,2010-01-23T00:00:00,2010-01-27T01:00:00,30,97.0
pm25,mlp,504,2010-01-23T00:00:00,2010-01-27T01:00:00,30,97.0
pm25,knn,960,2010-02-13T19:00:00,2010-02-15T02:00:00,30,31.0
pm25,mlp,960,2010-02-13T19:00:00,2010-02-15T02:00:00,30,31.0
pm25,knn,1776,2010-03-19T20:00:00,2010-03-21T04:00:00,30,32.0
pm25,mlp,1776,2010-03-19T20:00:00,2010-03-21T04:00:00,30,32.0
pm25,knn,1824,2010-03-21T22:00:00,2010-03-23T05:00:00,30,31.0
pm25,mlp,1824,2010-03-21T22:00:00,2010-03-23T05:00:00,30,31.0
pm25,knn,1848,2010-03-22T22:00:00,2010-03-24T05:00:00,30,31.0
pm25,mlp,1848,2010-03-22T22:00:00,2010-03-24T05:00:00,30,31.0
pm25,knn,2016,2010-03-29T23:00:00,2010-04-01T15:00:00,30,64.0
pm25,mlp,2016,2010-03-29T23:00:00,2010-04-01T15:00:00,30,64.0
pm25,knn,2040,2010-04-01T07:00:00,2010-04-02T15:00:00,30,32.0
pm25,mlp,2040,2010-04-01T07:00:00,2010-04-02T15:00:00,30,32.0
pm25,knn,3144,2010-05-17T09:00:00,2010-05-18T17:00:00,30,32.0
pm25,mlp,3144,2010-05-17T09:00:00,2010-05-18T17:00:00,30,32.0
pm25,knn,3384,2010-05-27T11:00:00,2010-05-28T22:00:00,30,35.0
pm25,mlp,3384,2010-05-27T11:00:00,2010-05-28T22:00:00,30,35.0
pm25,knn,3480,2010-05-31T16:00:00,2010-06-02T18:00:00,30,50.0
pm25,mlp,3480,2010-05-31T16:00:00,2010-06-02T18:00:00,30,50.0
pm25,knn,3504,2010-06-01T17:00:00,2010-06-03T18:00:00,30,49.0
pm25,mlp,3504,2010-06-01T17:00:00,2010-06-03T18:00:00,30,49.0
pm25,knn,3528,2010-06-03T12:00:00,2010-06-07T18:00:00,30,102.0
pm25,mlp,3528,2010-06-03T12:00:00,2010-06-07T18:00:00,30,102.0
pm25,knn,3552,2010-06-07T12:00:00,2010-06-10T07:00:00,30,67.0
pm25,mlp,3552,2010-06-07T12:00:00,2010-06-10T07:00:00,30,67.0
pm25,knn,3816,2010-06-20T01:00:00,2010-06-21T09:00:00,30,32.0
pm25,mlp,3816,2010-06-20T01:00:00,2010-06-21T09:00:00,30,32.0
pm25,knn,3864,2010-06-22T03:00:00,2010-06-24T09:00:00,30,54.0
pm25,mlp,3864,2010-06-22T03:00:00,2010-06-24T09:00:00,30,54.0
pm25,knn,5088,2010-08-13T03:00:00,2010-08-17T05:00:00,30,98.0
pm25,mlp,5088,2010-08-13T03:00:00,2010-08-17T05:00:00,30,98.0
pm25,knn,5712,2010-09-10T23:00:00,2010-09-12T21:00:00,30,46.0
pm25,mlp,5712,2010-09-10T23:00:00,2010-09-12T21:00:00,30,46.0
pm25,knn,5880,2010-09-18T15:00:00,2010-09-20T02:00:00,30,35.0
pm25,mlp,5880,2010-09-18T15:00:00,2010-09-20T02:00:00,30,35.0
pm25,knn,5904,2010-09-19T15:00:00,2010-09-21T02:00:00,30,35.0
pm25,mlp,5904,2010-09-19T15:00:00,2010-09-21T02:00:00,30,35.0
pm25,knn,5928,2010-09-20T20:00:00,2010-10-01T17:00:00,30,261.0
pm25,mlp,5928,2010-09-20T20:00:00,2010-10-01T17:00:00,30,261.0
pm25,knn,6192,2010-10-11T11:00:00,2010-10-12T19:00:00,30,32.0
pm25,mlp,6192,2010-10-11T11:00:00,2010-10-12T19:00:00,30,32.0
pm25,knn,6216,2010-10-12T11:00:00,2010-10-13T19:00:00,30,32.0
pm25,mlp,6216,2010-10-12T11:00:00,2010-10-13T19:00:00,30,32.0
pm25,knn,6672,2010-10-31T13:00:00,2010-11-04T01:00:00,30,84.0
pm25,mlp,6672,2010-10-31T13:00:00,2010-11-04T01:00:00,30,84.0
pm25,knn,7128,2010-11-21T19:00:00,2010-11-23T03:00:00,30,32.0
pm25,mlp,7128,2010-11-21T19:00:00,2010-11-23T03:00:00,30,32.0
pm25,knn,8064,2010-12-30T21:00:00,2011-01-02T03:00:00,30,54.0
pm25,mlp,8064,2010-12-30T21:00:00,2011-01-02T03:00:00,30,54.0
pm25,knn,8088,2010-12-31T21:00:00,2011-01-03T03:00:00,30,54.0
pm25,mlp,8088,2010-12-31T21:00:00,2011-01-03T03:00:00,30,54.0
pm25,knn,8232,2011-01-07T21:00:00,2011-01-11T03:00:00,30,78.0
pm25,mlp,8232,2011-01-07T21:00:00,2011-01-11T03:00:00,30,78.0
pm25,knn,504,2010-01-23T00:00:00,2010-01-27T02:00:00,31,98.0
pm25,mlp,504,2010-01-23T00:00:00,2010-01-27T02:00:00,31,98.0
pm25,knn,936,2010-02-12T19:00:00,2010-02-14T03:00:00,31,32.0
pm25,mlp,936,2010-02-12T19:00:00,2010-02-14T03:00:00,31,32.0
pm25,knn,960,2010-02-13T19:00:00,2010-02-15T03:00:00,31,32.0
pm25,mlp,960,2010-02-13T19:00:00,2010-02-15T03:00:00,31,32.0
pm25,knn,1776,2010-03-19T20:00:00,2010-03-21T05:00:00,31,33.0
pm25,mlp,1776,2010-03-19T20:00:00,2010-03-21T05:00:00,31,33.0
pm25,knn,1824,2010-03-21T22:00:00,2010-03-23T06:00:00,31,32.0
pm25,mlp,1824,2010-03-21T22:00:00,2010-03-23T06:00:00,31,32.0
pm25,knn,1848,2010-03-22T22:00:00,2010-03-24T06:00:00,31,32.0
pm25,mlp,1848,2010-03-22T22:00:00,2010-03-24T06:00:00,31,32.0
pm25,knn,1992,2010-03-28T23:00:00,2010-03-30T13:00:00,31,38.0
pm25,mlp,1992,2010-03-28T23:00:00,2010-03-30T13:00:00,31,38.0
pm25,knn,2016,2010-03-29T23:00:00,2010-04-01T16:00:00,31,65.0
pm25,mlp,2016,2010-03-29T23:00:00,2010-04-01T16:00:00,31,65.0
pm25,knn,2040,2010-04-01T07:00:00,2010-04-02T16:00:00,31,33.0
pm25,mlp,2040,2010-04-01T07:00:00,2010-04-02T16:00:00,31,33.0
pm25,knn,3144,2010-05-17T09:00:00,2010-05-18T18:00:00,31,33.0
pm25,mlp,3144,2010-05-17T09:00:00,2010-05-18T18:00:00,31,33.0
pm25,knn,3384,2010-05-27T11:00:00,2010-05-28T23:00:00,31,36.0
pm25,mlp,3384,2010-05-27T11:00:00,2010-05-28T23:00:00,31,36.0
pm25,knn,3480,2010-05-31T16:00:00,2010-06-02T19:00:00,31,51.0
pm25,mlp,3480,2010-05-31T16:00:00,2010-06-02T19:00:00,31,51.0
pm25,knn,3504,2010-06-01T17:00:00,2010-06-03T19:00:00,31,50.0
pm25,mlp,3504,2010-06-01T17:00:00,2010-06-03T19:00:00,31,50.0
pm25,knn,3528,2010-06-03T12:00:00,2010-06-07T19:00:00,31,103.0
pm25,mlp,3528,2010-06-03T12:00:00,2010-06-07T19:00:00,31,103.0
pm25,knn,3552,2010-06-07T12:00:00,2010-06-10T08:00:00,31,68.0
pm25,mlp,3552,2010-06-07T12:00:00,2010-06-10T08:00:00,31,68.0
pm25,knn,3792,2010-06-19T01:00:00,2010-06-20T10:00:00,31,33.0
pm25,mlp,3792,2010-06-19T01:00:00,2010-06-20T10:00:00,31,33.0
pm25,knn,3816,2010-06-20T01:00:00,2010-06-21T10:00:00,31,33.0
pm25,mlp,3816,2010-06-20T01:00:00,2010-06-21T10:00:00,31,33.0
pm25,knn,3840,2010-06-21T03:00:00,2010-06-23T10:00:00,31,55.0
pm25,mlp,3840,2010-06-21T03:00:00,2010-06-23T10:00:00,31,55.0
pm25,knn,3864,2010-06-22T03:00:00,2010-06-24T10:00:00,31,55.0
pm25,mlp,3864,2010-06-22T03:00:00,2010-06-24T10:00:00,31,55.0
pm25,knn,5088,2010-08-13T03:00:00,2010-08-17T06:00:00,31,99.0
pm25,mlp,5088,2010-08-13T03:00:00,2010-08-17T06:00:00,31,99.0
pm25,knn,5688,2010-09-09T23:00:00,2010-09-11T22:00:00,31,47.0
pm25,mlp,5688,2010-09-09T23:00:00,2010-09-11T22:00:00,31,47.0
pm25,knn,5712,2010-09-10T23:00:00,2010-09-12T22:00:00,31,47.0
pm25,mlp,5712,2010-09-10T23:00:00,2010-09-12T22:00:00,31,47.0
pm25,knn,5880,2010-09-18T15:00:00,2010-09-20T03:00:00,31,36.0
pm25,mlp,5880,2010-09-18T15:00:00,2010-09-20T03:00:00,31,36.0
pm25,knn,5904,2010-09-19T15:00:00,2010-09-21T03:00:00,31,36.0
pm25,mlp,5904,2010-09-19T15:00:00,2010-09-21T03:00:00,31,36.0
pm25,knn,5928,2010-09-20T20:00:00,2010-10-01T18:00:00,31,262.0
pm25,mlp,5928,2010-09-20T20:00:00,2010-10-01T18:00:00,31,262.0
pm25,knn,6192,2010-10-11T11:00:00,2010-10-12T20:00:00,31,33.0
pm25,mlp,6192,2010-10-11T11:00:00,2010-10-12T20:00:00,31,33.0
pm25,knn,6216,2010-10-12T11:00:00,2010-10-13T20:00:00,31,33.0
pm25,mlp,6216,2010-10-12T11:00:00,2010-10-13T20:00:00,31,33.0
pm25,knn,6672,2010-10-31T13:00:00,2010-11-04T02:00:00,31,85.0
pm25,mlp,6672,2010-10-31T13:00:00,2010-11-04T02:00:00,31,85.0
pm25,knn,7128,2010-11-21T19:00:00,2010-11-23T04:00:00,31,33.0
pm25,mlp,7128,2010-11-21T19:00:00,2010-11-23T04:00:00,31,33.0
pm25,knn,8064,2010-12-30T21:00:00,2011-01-02T04:00:00,31,55.0
pm25,mlp,8064,2010-12-30T21:00:00,2011-01-02T04:00:00,31,55.0
pm25,knn,8088,2010-12-31T21:00:00,2011-01-03T04:00:00,31,55.0
pm25,mlp,8088,2010-12-31T21:00:00,2011-01-03T04:00:00,31,55.0
pm25,knn,8232,2011-01-07T21:00:00,2011-01-11T04:00:00,31,79.0
pm25,mlp,8232,2011-01-07T21:00:00,2011-01-11T04:00:00,31,79.0
pm25,knn,504,2010-01-23T00:00:00,2010-01-27T03:00:00,32,99.0
pm25,mlp,504,2010-01-23T00:00:00,2010-01-27T03:00:00,32,99.0
pm25,knn,936,2010-02-12T19:00:00,2010-02-14T04:00:00,32,33.0
pm25,mlp,936,2010-02-12T19:00:00,2010-02-14T04:00:00,32,33.0
pm25,knn,960,2010-02-13T19:00:00,2010-02-15T04:00:00,32,33.0
pm25,mlp,960,2010-02-13T19:00:00,2010-02-15T04:00:00,32,33.0
pm25,knn,1776,2010-03-19T20:00:00,2010-03-21T06:00:00,32,34.0
pm25,mlp,1776,2010-03-19T20:00:00,2010-03-21T06:00:00,32,34.0
pm25,knn,1824,2010-03-21T22:00:00,2010-03-23T07:00:00,32,33.0
pm25,mlp,1824,2010-03-21T22:00:00,2010-03-23T07:00:00,32,33.0
pm25,knn,1848,2010-03-22T22:00:00,2010-03-24T07:00:00,32,33.0
pm25,mlp,1848,2010-03-22T22:00:00,2010-03-24T07:00:00,32,33.0
pm25,knn,1992,2010-03-28T23:00:00,2010-03-31T07:00:00,32,56.0
pm25,mlp,1992,2010-03-28T23:00:00,2010-03-31T07:00:00,32,56.0
pm25,knn,2016,2010-03-29T23:00:00,2010-04-01T17:00:00,32,66.0
pm25,mlp,2016,2010-03-29T23:00:00,2010-04-01T17:00:00,32,66.0
pm25,knn,2040,2010-04-01T07:00:00,2010-04-02T17:00:00,32,34.0
pm25,mlp,2040,2010-04-01T07:00:00,2010-04-02T17:00:00,32,34.0
pm25,knn,3120,2010-05-16T09:00:00,2010-05-17T19:00:00,32,34.0
pm25,mlp,3120,2010-05-16T09:00:00,2010-05-17T19:00:00,32,34.0
pm25,knn,3144,2010-05-17T09:00:00,2010-05-18T19:00:00,32,34.0
pm25,mlp,3144,2010-05-17T09:00:00,2010-05-18T19:00:00,32,34.0
pm25,knn,3360,2010-05-26T11:00:00,2010-05-28T00:00:00,32,37.0
pm25,mlp,3360,2010-05-26T11:00:00,2010-05-28T00:00:00,32,37.0
pm25,knn,3384,2010-05-27T11:00:00,2010-05-29T00:00:00,32,37.0
pm25,mlp,3384,2010-05-27T11:00:00,2010-05-29T00:00:00,32,37.0
pm25,knn,3480,2010-05-31T16:00:00,2010-06-02T20:00:00,32,52.0
pm25,mlp,3480,2010-05-31T16:00:00,2010-06-02T20:00:00,32,52.0
pm25,knn,3504,2010-06-01T17:00:00,2010-06-03T20:00:00,32,51.0
pm25,mlp,3504,2010-06-01T17:00:00,2010-06-03T20:00:00,32,51.0
pm25,knn,3528,2010-06-03T12:00:00,2010-06-07T20:00:00,32,104.0
pm25,mlp,3528,2010-06-03T12:00:00,2010-06-07T20:00:00,32,104.0
pm25,knn,3552,2010-06-07T12:00:00,2010-06-10T09:00:00,32,69.0
pm25,mlp,3552,2010-06-07T12:00:00,2010-06-10T09:00:00,32,69.0
pm25,knn,3792,2010-06-19T01:00:00,2010-06-20T11:00:00,32,34.0
pm25,mlp,3792,2010-06-19T01:00:00,2010-06-20T11:00:00,32,34.0
pm25,knn,3816,2010-06-20T01:00:00,2010-06-21T11:00:00,32,34.0
pm25,mlp,3816,2010-06-20T01:00:00,2010-06-21T11:00:00,32,34.0
pm25,knn,3840,2010-06-21T03:00:00,2010-06-23T11:00:00,32,56.0
pm25,mlp,3840,2010-06-21T03:00:00,2010-06-23T11:00:00,32,56.0
pm25,knn,3864,2010-06-22T03:00:00,2010-06-24T11:00:00,32,56.0
pm25,mlp,3864,2010-06-22T03:00:00,2010-06-24T11:00:00,32,56.0
pm25,knn,5088,2010-08-13T03:00:00,2010-08-17T07:00:00,32,100.0
pm25,mlp,5088,2010-08-13T03:00:00,2010-08-17T07:00:00,32,100.0
pm25,knn,5688,2010-09-09T23:00:00,2010-09-11T23:00:00,32,48.0
pm25,mlp,5688,2010-09-09T23:00:00,2010-09-11T23:00:00,32,48.0
pm25,knn,5712,2010-09-10T23:00:00,2010-09-12T23:00:00,32,48.0
pm25,mlp,5712,2010-09-10T23:00:00,2010-09-12T23:00:00,32,48.0
pm25,knn,5880,2010-09-18T15:00:00,2010-09-20T04:00:00,32,37.0
pm25,mlp,5880,2010-09-18T15:00:00,2010-09-20T04:00:00,32,37.0
pm25,knn,5904,2010-09-19T15:00:00,2010-09-21T04:00:00,32,37.0
pm25,mlp,5904,2010-09-19T15:00:00,2010-09-21T04:00:00,32,37.0
pm25,knn,5928,2010-09-20T20:00:00,2010-10-01T19:00:00,32,263.0
pm25,mlp,5928,2010-09-20T20:00:00,2010-10-01T19:00:00,32,263.0
pm25,knn,6192,2010-10-11T11:00:00,2010-10-12T21:00:00,32,34.0
pm25,mlp,6192,2010-10-11T11:00:00,2010-10-12T21:00:00,32,34.0
pm25,knn,6216,2010-10-12T11:00:00,2010-10-13T21:00:00,32,34.0
pm25,mlp,6216,2010-10-12T11:00:00,2010-10-13T21:00:00,32,34.0
pm25,knn,6672,2010-10-31T13:00:00,2010-11-04T03:00:00,32,86.0
pm25,mlp,6672,2010-10-31T13:00:00,2010-11-04T03:00:00,32,86.0
pm25,knn,7128,2010-11-21T19:00:00,2010-11-23T05:00:00,32,34.0
pm25,mlp,7128,2010-11-21T19:00:00,2010-11-23T05:00:00,32,34.0
pm25,knn,8064,2010-12-30T21:00:00,2011-01-02T05:00:00,32,56.0
pm25,mlp,8064,2010-12-30T21:00:00,2011-01-02T05:00:00,32,56.0
pm25,knn,8088,2010-12-31T21:00:00,2011-01-03T05:00:00,32,56.0
pm25,mlp,8088,2010-12-31T21:00:00,2011-01-03T05:00:00,32,56.0
pm25,knn,8232,2011-01-07T21:00:00,2011-01-11T05:00:00,32,80.0
pm25,mlp,8232,2011-01-07T21:00:00,2011-01-11T05:00:00,32,80.0
pm25,knn,504,2010-01-23T00:00:00,2010-01-27T04:00:00,33,100.0
pm25,mlp,504,2010-01-23T00:00:00,2010-01-27T04:00:00,33,100.0
pm25,knn,936,2010-02-12T19:00:00,2010-02-14T05:00:00,33,34.0
pm25,mlp,936,2010-02-12T19:00:00,2010-02-14T05:00:00,33,34.0
pm25,knn,960,2010-02-13T19:00:00,2010-02-15T05:00:00,33,34.0
pm25,mlp,960,2010-02-13T19:00:00,2010-02-15T05:00:00,33,34.0
pm25,knn,1752,2010-03-18T20:00:00,2010-03-20T07:00:00,33,35.0
pm25,mlp,1752,2010-03-18T20:00:00,2010-03-20T07:00:00,33,35.0
pm25,knn,1776,2010-03-19T20:00:00,2010-03-21T07:00:00,33,35.0
pm25,mlp,1776,2010-03-19T20:00:00,2010-03-21T07:00:00,33,35.0
pm25,knn,1824,2010-03-21T22:00:00,2010-03-23T08:00:00,33,34.0
pm25,mlp,1824,2010-03-21T22:00:00,2010-03-23T08:00:00,33,34.0
pm25,knn,1848,2010-03-22T22:00:00,2010-03-24T08:00:00,33,34.0
pm25,mlp,1848,2010-03-22T22:00:00,2010-03-24T08:00:00,33,34.0
pm25,knn,1992,2010-03-28T23:00:00,2010-03-31T08:00:00,33,57.0
pm25,mlp,1992,2010-03-28T23:00:00,2010-03-31T08:00:00,33,57.0
pm25,knn,2016,2010-03-29T23:00:00,2010-04-01T18:00:00,33,67.0
pm25,mlp,2016,2010-03-29T23:00:00,2010-04-01T18:00:00,33,67.0
pm25,knn,2040,2010-04-01T07:00:00,2010-04-02T18:00:00,33,35.0
pm25,mlp,2040,2010-04-01T07:00:00,2010-04-02T18:00:00,33,35.0
pm25,knn,3120,2010-05-16T09:00:00,2010-05-17T20:00:00,33,35.0
pm25,mlp,3120,2010-05-16T09:00:00,2010-05-17T20:00:00,33,35.0
pm25,knn,3144,2010-05-17T09:00:00,2010-05-18T20:00:00,33,35.0
pm25,mlp,3144,2010-05-17T09:00:00,2010-05-18T20:00:00,33,35.0
pm25,knn,3360,2010-05-26T11:00:00,2010-05-28T01:00:00,33,38.0
pm25,mlp,3360,2010-05-26T11:00:00,2010-05-28T01:00:00,33,38.0
pm25,knn,3384,2010-05-27T11:00:00,2010-05-29T01:00:00,33,38.0
pm25,mlp,3384,2010-05-27T11:00:00,2010-05-29T01:00:00,33,38.0
pm25,knn,3480,2010-05-31T16:00:00,2010-06-02T21:00:00,33,53.0
pm25,mlp,3480,2010-05-31T16:00:00,2010-06-02T21:00:00,33,53.0
pm25,knn,3504,2010-06-01T17:00:00,2010-06-03T21:00:00,33,52.0
pm25,mlp,3504,2010-06-01T17:00:00,2010-06-03T21:00:00,33,52.0
pm25,knn,3528,2010-06-03T12:00:00,2010-06-07T21:00:00,33,105.0
pm25,mlp,3528,2010-06-03T12:00:00,2010-06-07T21:00:00,33,105.0
pm25,knn,3552,2010-06-07T12:00:00,2010-06-10T10:00:00,33,70.0
pm25,mlp,3552,2010-06-07T12:00:00,2010-06-10T10:00:00,33,70.0
pm25,knn,3792,2010-06-19T01:00:00,2010-06-20T12:00:00,33,35.0
pm25,mlp,3792,2010-06-19T01:00:00,2010-06-20T12:00:00,33,35.0
pm25,knn,3816,2010-06-20T01:00:00,2010-06-21T12:00:00,33,35.0
pm25,mlp,3816,2010-06-20T01:00:00,2010-06-21T12:00:00,33,35.0
pm25,knn,3840,2010-06-21T03:00:00,2010-06-23T12:00:00,33,57.0
pm25,mlp,3840,2010-06-21T03:00:00,2010-06-23T12:00:00,33,57.0
pm25,knn,3864,2010-06-22T03:00:00,2010-06-24T12:00:00,33,57.0
pm25,mlp,3864,2010-06-22T03:00:00,2010-06-24T12:00:00,33,57.0
pm25,knn,5088,2010-08-13T03:00:00,2010-08-17T08:00:00,33,101.0
pm25,mlp,5088,2010-08-13T03:00:00,2010-08-17T08:00:00,33,101.0
pm25,knn,5688,2010-09-09T23:00:00,2010-09-12T00:00:00,33,49.0
pm25,mlp,5688,2010-09-09T23:00:00,2010-09-12T00:00:00,33,49.0
pm25,knn,5712,2010-09-10T23:00:00,2010-09-13T00:00:00,33,49.0
pm25,mlp,5712,2010-09-10T23:00:00,2010-09-13T00:00:00,33,49.0
pm25,knn,5880,2010-09-18T15:00:00,2010-09-20T05:00:00,33,38.0
pm25,mlp,5880,2010-09-18T15:00:00,2010-09-20T05:00:00,33,38.0
pm25,knn,5904,2010-09-19T15:00:00,2010-09-27T16:00:00,33,193.0
pm25,mlp,5904,2010-09-19T15:00:00,2010-09-27T16:00:00,33,193.0
pm25,knn,5928,2010-09-20T20:00:00,2010-10-01T20:00:00,33,264.0
pm25,mlp,5928,2010-09-20T20:00:00,2010-10-01T20:00:00,33,264.0
pm25,knn,6192,2010-10-11T11:00:00,2010-10-12T22:00:00,33,35.0
pm25,mlp,6192,2010-10-11T11:00:00,2010-10-12T22:00:00,33,35.0
pm25,knn,6216,2010-10-12T11:00:00,2010-10-13T22:00:00,33,35.0
pm25,mlp,6216,2010-10-12T11:00:00,2010-10-13T22:00:00,33,35.0
pm25,knn,6672,2010-10-31T13:00:00,2010-11-04T04:00:00,33,87.0
pm25,mlp,6672,2010-10-31T13:00:00,2010-11-04T04:00:00,33,87.0
pm25,knn,7128,2010-11-21T19:00:00,2010-11-23T06:00:00,33,35.0
pm25,mlp,7128,2010-11-21T19:00:00,2010-11-23T06:00:00,33,35.0
pm25,knn,8064,2010-12-30T21:00:00,2011-01-02T06:00:00,33,57.0
pm25,mlp,8064,2010-12-30T21:00:00,2011-01-02T06:00:00,33,57.0
pm25,knn,8088,2010-12-31T21:00:00,2011-01-03T06:00:00,33,57.0
pm25,mlp,8088,2010-12-31T21:00:00,2011-01-03T06:00:00,33,57.0
pm25,knn,8232,2011-01-07T21:00:00,2011-01-11T06:00:00,33,81.0
pm25,mlp,8232,2011-01-07T21:00:00,2011-01-11T06:00:00,33,81.0
pm25,knn,504,2010-01-23T00:00:00,2010-01-27T05:00:00,34,101.0
pm25,mlp,504,2010-01-23T00:00:00,2010-01-27T05:00:00,34,101.0
pm25,knn,936,2010-02-12T19:00:00,2010-02-14T06:00:00,34,35.0
pm25,mlp,936,2010-02-12T19:00:00,2010-02-14T06:00:00,34,35.0
pm25,knn,960,2010-02-13T19:00:00,2010-02-15T06:00:00,34,35.0
pm25,mlp,960,2010-02-13T19:00:00,2010-02-15T06:00:00,34,35.0
pm25,knn,1752,2010-03-18T20:00:00,2010-03-20T08:00:00,34,36.0
pm25,mlp,1752,2010-03-18T20:00:00,2010-03-20T08:00:00,34,36.0
pm25,knn,1776,2010-03-19T20:00:00,2010-03-21T08:00:00,34,36.0
pm25,mlp,1776,2010-03-19T20:00:00,2010-03-21T08:00:00,34,36.0
pm25,knn,1824,2010-03-21T22:00:00,2010-03-23T09:00:00,34,35.0
pm25,mlp,1824,2010-03-21T22:00:00,2010-03-23T09:00:00,34,35.0
pm25,knn,1848,2010-03-22T22:00:00,2010-03-24T09:00:00,34,35.0
pm25,mlp,1848,2010-03-22T22:00:00,2010-03-24T09:00:00,34,35.0
pm25,knn,1992,2010-03-28T23:00:00,2010-03-31T17:00:00,34,66.0
pm25,mlp,1992,2010-03-28T23:00:00,2010-03-31T17:00:00,34,66.0
pm25,knn,2016,2010-03-29T23:00:00,2010-04-01T19:00:00,34,68.0
pm25,mlp,2016,2010-03-29T23:00:00,2010-04-01T19:00:00,34,68.0
pm25,knn,2040,2010-04-01T07:00:00,2010-04-02T19:00:00,34,36.0
pm25,mlp,2040,2010-04-01T07:00:00,2010-04-02T19:00:00,34,36.0
pm25,knn,3120,2010-05-16T09:00:00,2010-05-17T21:00:00,34,36.0
pm25,mlp,3120,2010-05-16T09:00:00,2010-05-17T21:00:00,34,36.0
pm25,knn,3144,2010-05-17T09:00:00,2010-05-18T21:00:00,34,36.0
pm25,mlp,3144,2010-05-17T09:00:00,2010-05-18T21:00:00,34,36.0
pm25,knn,3360,2010-05-26T11:00:00,2010-05-28T02:00:00,34,39.0
pm25,mlp,3360,2010-05-26T11:00:00,2010-05-28T02:00:00,34,39.0
pm25,knn,3384,2010-05-27T11:00:00,2010-05-29T02:00:00,34,39.0
pm25,mlp,3384,2010-05-27T11:00:00,2010-05-29T02:00:00,34,39.0
pm25,knn,3480,2010-05-31T16:00:00,2010-06-02T22:00:00,34,54.0
pm25,mlp,3480,2010-05-31T16:00:00,2010-06-02T22:00:00,34,54.0
pm25,knn,3504,2010-06-01T17:00:00,2010-06-03T22:00:00,34,53.0
pm25,mlp,3504,2010-06-01T17:00:00,2010-06-03T22:00:00,34,53.0
pm25,knn,3528,2010-06-03T12:00:00,2010-06-07T22:00:00,34,106.0
pm25,mlp,3528,2010-06-03T12:00:00,2010-06-07T22:00:00,34,106.0
pm25,knn,3552,2010-06-07T12:00:00,2010-06-10T11:00:00,34,71.0
pm25,mlp,3552,2010-06-07T12:00:00,2010-06-10T11:00:00,34,71.0
pm25,knn,3792,2010-06-19T01:00:00,2010-06-20T13:00:00,34,36.0
pm25,mlp,3792,2010-06-19T01:00:00,2010-06-20T13:00:00,34,36.0
pm25,knn,3816,2010-06-20T01:00:00,2010-06-21T13:00:00,34,36.0
pm25,mlp,3816,2010-06-20T01:00:00,2010-06-21T13:00:00,34,36.0
pm25,knn,3840,2010-06-21T03:00:00,2010-06-23T13:00:00,34,58.0
pm25,mlp,3840,2010-06-21T03:00:00,2010-06-23T13:00:00,34,58.0
pm25,knn,3864,2010-06-22T03:00:00,2010-06-24T13:00:00,34,58.0
pm25,mlp,3864,2010-06-22T03:00:00,2010-06-24T13:00:00,34,58.0
pm25,knn,5088,2010-08-13T03:00:00,2010-08-17T09:00:00,34,102.0
pm25,mlp,5088,2010-08-13T03:00:00,2010-08-17T09:00:00,34,102.0
pm25,knn,5688,2010-09-09T23:00:00,2010-09-12T01:00:00,34,50.0
pm25,mlp,5688,2010-09-09T23:00:00,2010-09-12T01:00:00,34,50.0
pm25,knn,5712,2010-09-10T23:00:00,2010-09-13T01:00:00,34,50.0
pm25,mlp,5712,2010-09-10T23:00:00,2010-09-13T01:00:00,34,50.0
pm25,knn,5880,2010-09-18T15:00:00,2010-09-20T06:00:00,34,39.0
pm25,mlp,5880,2010-09-18T15:00:00,2010-09-20T06:00:00,34,39.0
pm25,knn,5904,2010-09-19T15:00:00,2010-09-30T21:00:00,34,270.0
pm25,mlp,5904,2010-09-19T15:00:00,2010-09-30T21:00:00,34,270.0
pm25,knn,5928,2010-09-20T20:00:00,2010-10-01T21:00:00,34,265.0
pm25,mlp,5928,2010-09-20T20:00:00,2010-10-01T21:00:00,34,265.0
pm25,knn,6192,2010-10-11T11:00:00,2010-10-12T23:00:00,34,36.0
pm25,mlp,6192,2010-10-11T11:00:00,2010-10-12T23:00:00,34,36.0
pm25,knn,6216,2010-10-12T11:00:00,2010-10-13T23:00:00,34,36.0
pm25,mlp,6216,2010-10-12T11:00:00,2010-10-13T23:00:00,34,36.0
pm25,knn,6672,2010-10-31T13:00:00,2010-11-04T05:00:00,34,88.0
pm25,mlp,6672,2010-10-31T13:00:00,2010-11-04T05:00:00,34,88.0
pm25,knn,7128,2010-11-21T19:00:00,2010-11-23T07:00:00,34,36.0
pm25,mlp,7128,2010-11-21T19:00:00,2010-11-23T07:00:00,34,36.0
pm25,knn,8064,2010-12-30T21:00:00,2011-01-02T07:00:00,34,58.0
pm25,mlp,8064,2010-12-30T21:00:00,2011-01-02T07:00:00,34,58.0
pm25,knn,8088,2010-12-31T21:00:00,2011-01-03T07:00:00,34,58.0
pm25,mlp,8088,2010-12-31T21:00:00,2011-01-03T07:00:00,34,58.0
pm25,knn,8232,2011-01-07T21:00:00,2011-01-11T07:00:00,34,82.0
pm25,mlp,8232,2011-01-07T21:00:00,2011-01-11T07:00:00,34,82.0
pm25,knn,504,2010-01-23T00:00:00,2010-01-27T06:00:00,35,102.0
pm25,mlp,504,2010-01-23T00:00:00,2010-01-27T06:00:00,35,102.0
pm25,knn,936,2010-02-12T19:00:00,2010-02-14T07:00:00,35,36.0
pm25,mlp,936,2010-02-12T19:00:00,2010-02-14T07:00:00,35,36.0
pm25,knn,960,2010-02-13T19:00:00,2010-02-15T07:00:00,35,36.0
pm25,mlp,960,2010-02-13T19:00:00,2010-02-15T07:00:00,35,36.0
pm25,knn,1752,2010-03-18T20:00:00,2010-03-20T09:00:00,35,37.0
pm25,mlp,1752,2010-03-18T20:00:00,2010-03-20T09:00:00,35,37.0
pm25,knn,1776,2010-03-19T20:00:00,2010-03-21T09:00:00,35,37.0
pm25,mlp,1776,2010-03-19T20:00:00,2010-03-21T09:00:00,35,37.0
pm25,knn,1824,2010-03-21T22:00:00,2010-03-23T10:00:00,35,36.0
pm25,mlp,1824,2010-03-21T22:00:00,2010-03-23T10:00:00,35,36.0
pm25,knn,1848,2010-03-22T22:00:00,2010-03-24T10:00:00,35,36.0
pm25,mlp,1848,2010-03-22T22:00:00,2010-03-24T10:00:00,35,36.0
pm25,knn,1992,2010-03-28T23:00:00,2010-03-31T18:00:00,35,67.0
pm25,mlp,1992,2010-03-28T23:00:00,2010-03-31T18:00:00,35,67.0
pm25,knn,2016,2010-03-29T23:00:00,2010-04-01T20:00:00,35,69.0
pm25,mlp,2016,2010-03-29T23:00:00,2010-04-01T20:00:00,35,69.0
pm25,knn,2040,2010-04-01T07:00:00,2010-04-02T20:00:00,35,37.0
pm25,mlp,2040,2010-04-01T07:00:00,2010-04-02T20:00:00,35,37.0
pm25,knn,3120,2010-05-16T09:00:00,2010-05-17T22:00:00,35,37.0
pm25,mlp,3120,2010-05-16T09:00:00,2010-05-17T22:00:00,35,37.0
pm25,knn,3144,2010-05-17T09:00:00,2010-05-18T22:00:00,35,37.0
pm25,mlp,3144,2010-05-17T09:00:00,2010-05-18T22:00:00,35,37.0
pm25,knn,3360,2010-05-26T11:00:00,2010-05-28T03:00:00,35,40.0
pm25,mlp,3360,2010-05-26T11:00:00,2010-05-28T03:00:00,35,40.0
pm25,knn,3384,2010-05-27T11:00:00,2010-05-29T03:00:00,35,40.0
pm25,mlp,3384,2010-05-27T11:00:00,2010-05-29T03:00:00,35,40.0
pm25,knn,3480,2010-05-31T16:00:00,2010-06-02T23:00:00,35,55.0
pm25,mlp,3480,2010-05-31T16:00:00,2010-06-02T23:00:00,35,55.0
pm25,knn,3504,2010-06-01T17:00:00,2010-06-03T23:00:00,35,54.0
pm25,mlp,3504,2010-06-01T17:00:00,2010-06-03T23:00:00,35,54.0
pm25,knn,3528,2010-06-03T12:00:00,2010-06-07T23:00:00,35,107.0
pm25,mlp,3528,2010-06-03T12:00:00,2010-06-07T23:00:00,35,107.0
pm25,knn,3552,2010-06-07T12:00:00,2010-06-10T12:00:00,35,72.0
pm25,mlp,3552,2010-06-07T12:00:00,2010-06-10T12:00:00,35,72.0
pm25,knn,3792,2010-06-19T01:00:00,2010-06-20T14:00:00,35,37.0
pm25,mlp,3792,2010-06-19T01:00:00,2010-06-20T14:00:00,35,37.0
pm25,knn,3816,2010-06-20T01:00:00,2010-06-21T14:00:00,35,37.0
pm25,mlp,3816,2010-06-20T01:00:00,2010-06-21T14:00:00,35,37.0
pm25,knn,3840,2010-06-21T03:00:00,2010-06-23T14:00:00,35,59.0
pm25,mlp,3840,2010-06-21T03:00:00,2010-06-23T14:00:00,35,59.0
pm25,knn,3864,2010-06-22T03:00:00,2010-06-24T14:00:00,35,59.0
pm25,mlp,3864,2010-06-22T03:00:00,2010-06-24T14:00:00,35,59.0
pm25,knn,5088,2010-08-13T03:00:00,2010-08-17T10:00:00,35,103.0
pm25,mlp,5088,2010-08-13T03:00:00,2010-08-17T10:00:00,35,103.0
pm25,knn,5688,2010-09-09T23:00:00,2010-09-12T02:00:00,35,51.0
pm25,mlp,5688,2010-09-09T23:00:00,2010-09-12T02:00:00,35,51.0
pm25,knn,5712,2010-09-10T23:00:00,2010-09-13T02:00:00,35,51.0
pm25,mlp,5712,2010-09-10T23:00:00,2010-09-13T02:00:00,35,51.0
pm25,knn,5880,2010-09-18T15:00:00,2010-09-20T07:00:00,35,40.0
pm25,mlp,5880,2010-09-18T15:00:00,2010-09-20T07:00:00,35,40.0
pm25,knn,5904,2010-09-19T15:00:00,2010-09-30T22:00:00,35,271.0
pm25,mlp,5904,2010-09-19T15:00:00,2010-09-30T22:00:00,35,271.0
pm25,knn,5928,2010-09-20T20:00:00,2010-10-01T22:00:00,35,266.0
pm25,mlp,5928,2010-09-20T20:00:00,2010-10-01T22:00:00,35,266.0
pm25,knn,6192,2010-10-11T11:00:00,2010-10-13T00:00:00,35,37.0
pm25,mlp,6192,2010-10-11T11:00:00,2010-10-13T00:00:00,35,37.0
pm25,knn,6216,2010-10-12T11:00:00,2010-10-14T00:00:00,35,37.0
pm25,mlp,6216,2010-10-12T11:00:00,2010-10-14T00:00:00,35,37.0
pm25,knn,6672,2010-10-31T13:00:00,2010-11-04T06:00:00,35,89.0
pm25,mlp,6672,2010-10-31T13:00:00,2010-11-04T06:00:00,35,89.0
pm25,knn,7128,2010-11-21T19:00:00,2010-11-23T08:00:00,35,37.0
pm25,mlp,7128,2010-11-21T19:00:00,2010-11-23T08:00:00,35,37.0
pm25,knn,8064,2010-12-30T21:00:00,2011-01-02T08:00:00,35,59.0
pm25,mlp,8064,2010-12-30T21:00:00,2011-01-02T08:00:00,35,59.0
pm25,knn,8088,2010-12-31T21:00:00,2011-01-03T08:00:00,35,59.0
pm25,mlp,8088,2010-12-31T21:00:00,2011-01-03T08:00:00,35,59.0
pm25,knn,8232,2011-01-07T21:00:00,2011-01-11T08:00:00,35,83.0
pm25,mlp,8232,2011-01-07T21:00:00,2011-01-11T08:00:00,35,83.0
pm25,knn,504,2010-01-23T00:00:00,2010-01-27T07:00:00,36,103.0
pm25,mlp,504,2010-01-23T00:00:00,2010-01-27T07:00:00,36,103.0
pm25,knn,936,2010-02-12T19:00:00,2010-02-14T08:00:00,36,37.0
pm25,mlp,936,2010-02-12T19:00:00,2010-02-14T08:00:00,36,37.0
pm25,knn,960,2010-02-13T19:00:00,2010-02-15T08:00:00,36,37.0
pm25,mlp,960,2010-02-13T19:00:00,2010-02-15T08:00:00,36,37.0
pm25,knn,1752,2010-03-18T20:00:00,2010-03-20T10:00:00,36,38.0
pm25,mlp,1752,2010-03-18T20:00:00,2010-03-20T10:00:00,36,38.0
pm25,knn,1776,2010-03-19T20:00:00,2010-03-21T10:00:00,36,38.0
pm25,mlp,1776,2010-03-19T20:00:00,2010-03-21T10:00:00,36,38.0
pm25,knn,1824,2010-03-21T22:00:00,2010-03-23T11:00:00,36,37.0
pm25,mlp,1824,2010-03-21T22:00:00,2010-03-23T11:00:00,36,37.0
pm25,knn,1848,2010-03-22T22:00:00,2010-03-24T11:00:00,36,37.0
pm25,mlp,1848,2010-03-22T22:00:00,2010-03-24T11:00:00,36,37.0
pm25,knn,1992,2010-03-28T23:00:00,2010-03-31T19:00:00,36,68.0
pm25,mlp,1992,2010-03-28T23:00:00,2010-03-31T19:00:00,36,68.0
pm25,knn,2016,2010-03-29T23:00:00,2010-04-01T21:00:00,36,70.0
pm25,mlp,2016,2010-03-29T23:00:00,2010-04-01T21:00:00,36,70.0
pm25,knn,2040,2010-04-01T07:00:00,2010-04-02T21:00:00,36,38.0
pm25,mlp,2040,2010-04-01T07:00:00,2010-04-02T21:00:00,36,38.0
pm25,knn,3120,2010-05-16T09:00:00,2010-05-17T23:00:00,36,38.0
pm25,mlp,3120,2010-05-16T09:00:00,2010-05-17T23:00:00,36,38.0
pm25,knn,3144,2010-05-17T09:00:00,2010-05-18T23:00:00,36,38.0
pm25,mlp,3144,2010-05-17T09:00:00,2010-05-18T23:00:00,36,38.0
pm25,knn,3360,2010-05-26T11:00:00,2010-05-28T04:00:00,36,41.0
pm25,mlp,3360,2010-05-26T11:00:00,2010-05-28T04:00:00,36,41.0
pm25,knn,3384,2010-05-27T11:00:00,2010-05-29T04:00:00,36,41.0
pm25,mlp,3384,2010-05-27T11:00:00,2010-05-29T04:00:00,36,41.0
pm25,knn,3480,2010-05-31T16:00:00,2010-06-03T00:00:00,36,56.0
pm25,mlp,3480,2010-05-31T16:00:00,2010-06-03T00:00:00,36,56.0
pm25,knn,3504,2010-06-01T17:00:00,2010-06-04T00:00:00,36,55.0
pm25,mlp,3504,2010-06-01T17:00:00,2010-06-04T00:00:00,36,55.0
pm25,knn,3528,2010-06-03T12:00:00,2010-06-08T00:00:00,36,108.0
pm25,mlp,3528,2010-06-03T12:00:00,2010-06-08T00:00:00,36,108.0
pm25,knn,3552,2010-06-07T12:00:00,2010-06-10T13:00:00,36,73.0
pm25,mlp,3552,2010-06-07T12:00:00,2010-06-10T13:00:00,36,73.0
pm25,knn,3792,2010-06-19T01:00:00,2010-06-20T15:00:00,36,38.0
pm25,mlp,3792,2010-06-19T01:00:00,2010-06-20T15:00:00,36,38.0
pm25,knn,3816,2010-06-20T01:00:00,2010-06-21T15:00:00,36,38.0
pm25,mlp,3816,2010-06-20T01:00:00,2010-06-21T15:00:00,36,38.0
pm25,knn,3840,2010-06-21T03:00:00,2010-06-23T15:00:00,36,60.0
pm25,mlp,3840,2010-06-21T03:00:00,2010-06-23T15:00:00,36,60.0
pm25,knn,3864,2010-06-22T03:00:00,2010-06-24T15:00:00,36,60.0
pm25,mlp,3864,2010-06-22T03:00:00,2010-06-24T15:00:00,36,60.0
pm25,knn,5088,2010-08-13T03:00:00,2010-08-17T11:00:00,36,104.0
pm25,mlp,5088,2010-08-13T03:00:00,2010-08-17T11:00:00,36,104.0
pm25,knn,5688,2010-09-09T23:00:00,2010-09-12T03:00:00,36,52.0
pm25,mlp,5688,2010-09-09T23:00:00,2010-09-12T03:00:00,36,52.0
pm25,knn,5712,2010-09-10T23:00:00,2010-09-13T03:00:00,36,52.0
pm25,mlp,5712,2010-09-10T23:00:00,2010-09-13T03:00:00,36,52.0
pm25,knn,5880,2010-09-18T15:00:00,2010-09-20T08:00:00,36,41.0
pm25,mlp,5880,2010-09-18T15:00:00,2010-09-20T08:00:00,36,41.0
pm25,knn,5904,2010-09-19T15:00:00,2010-09-30T23:00:00,36,272.0
pm25,mlp,5904,2010-09-19T15:00:00,2010-09-30T23:00:00,36,272.0
pm25,knn,5928,2010-09-20T20:00:00,2010-10-01T23:00:00,36,267.0
pm25,mlp,5928,2010-09-20T20:00:00,2010-10-01T23:00:00,36,267.0
pm25,knn,6192,2010-10-11T11:00:00,2010-10-13T01:00:00,36,38.0
pm25,mlp,6192,2010-10-11T11:00:00,2010-10-13T01:00:00,36,38.0
pm25,knn,6216,2010-10-12T11:00:00,2010-10-14T01:00:00,36,38.0
pm25,mlp,6216,2010-10-12T11:00:00,2010-10-14T01:00:00,36,38.0
pm25,knn,6672,2010-10-31T13:00:00,2010-11-04T07:00:00,36,90.0
pm25,mlp,6672,2010-10-31T13:00:00,2010-11-04T07:00:00,36,90.0
pm25,knn,7128,2010-11-21T19:00:00,2010-11-23T09:00:00,36,38.0
pm25,mlp,7128,2010-11-21T19:00:00,2010-11-23T09:00:00,36,38.0
pm25,knn,8064,2010-12-30T21:00:00,2011-01-02T09:00:00,36,60.0
pm25,mlp,8064,2010-12-30T21:00:00,2011-01-02T09:00:00,36,60.0
pm25,knn,8088,2010-12-31T21:00:00,2011-01-03T09:00:00,36,60.0
pm25,mlp,8088,2010-12-31T21:00:00,2011-01-03T09:00:00,36,60.0
pm25,knn,8232,2011-01-07T21:00:00,2011-01-11T09:00:00,36,84.0
pm25,mlp,8232,2011-01-07T21:00:00,2011-01-11T09:00:00,36,84.0
pm25,knn,504,2010-01-23T00:00:00,2010-01-27T08:00:00,37,104.0
pm25,mlp,504,2010-01-23T00:00:00,2010-01-27T08:00:00,37,104.0
pm25,knn,936,2010-02-12T19:00:00,2010-02-14T09:00:00,37,38.0
pm25,mlp,936,2010-02-12T19:00:00,2010-02-14T09:00:00,37,38.0
pm25,knn,960,2010-02-13T19:00:00,2010-02-15T09:00:00,37,38.0
pm25,mlp,960,2010-02-13T19:00:00,2010-02-15T09:00:00,37,38.0
pm25,knn,1752,2010-03-18T20:00:00,2010-03-20T11:00:00,37,39.0
pm25,mlp,1752,2010-03-18T20:00:00,2010-03-20T11:00:00,37,39.0
pm25,knn,1776,2010-03-19T20:00:00,2010-03-21T11:00:00,37,39.0
pm25,mlp,1776,2010-03-19T20:00:00,2010-03-21T11:00:00,37,39.0
pm25,knn,1824,2010-03-21T22:00:00,2010-03-23T12:00:00,37,38.0
pm25,mlp,1824,2010-03-21T22:00:00,2010-03-23T12:00:00,37,38.0
pm25,knn,1848,2010-03-22T22:00:00,2010-03-24T12:00:00,37,38.0
pm25,mlp,1848,2010-03-22T22:00:00,2010-03-24T12:00:00,37,38.0
pm25,knn,1992,2010-03-28T23:00:00,2010-03-31T20:00:00,37,69.0
pm25,mlp,1992,2010-03-28T23:00:00,2010-03-31T20:00:00,37,69.0
pm25,knn,2016,2010-03-29T23:00:00,2010-04-01T22:00:00,37,71.0
pm25,mlp,2016,2010-03-29T23:00:00,2010-04-01T22:00:00,37,71.0
pm25,knn,2040,2010-04-01T07:00:00,2010-04-02T22:00:00,37,39.0
pm25,mlp,2040,2010-04-01T07:00:00,2010-04-02T22:00:00,37,39.0
pm25,knn,3120,2010-05-16T09:00:00,2010-05-18T00:00:00,37,39.0
pm25,mlp,3120,2010-05-16T09:00:00,2010-05-18T00:00:00,37,39.0
pm25,knn,3144,2010-05-17T09:00:00,2010-05-19T00:00:00,37,39.0
pm25,mlp,3144,2010-05-17T09:00:00,2010-05-19T00:00:00,37,39.0
pm25,knn,3360,2010-05-26T11:00:00,2010-05-28T05:00:00,37,42.0
pm25,mlp,3360,2010-05-26T11:00:00,2010-05-28T05:00:00,37,42.0
pm25,knn,3384,2010-05-27T11:00:00,2010-05-29T05:00:00,37,42.0
pm25,mlp,3384,2010-05-27T11:00:00,2010-05-29T05:00:00,37,42.0
pm25,knn,3480,2010-05-31T16:00:00,2010-06-03T01:00:00,37,57.0
pm25,mlp,3480,2010-05-31T16:00:00,2010-06-03T01:00:00,37,57.0
pm25,knn,3504,2010-06-01T17:00:00,2010-06-04T01:00:00,37,56.0
pm25,mlp,3504,2010-06-01T17:00:00,2010-06-04T01:00:00,37,56.0
pm25,knn,3528,2010-06-03T12:00:00,2010-06-08T01:00:00,37,109.0
pm25,mlp,3528,2010-06-03T12:00:00,2010-06-08T01:00:00,37,109.0
pm25,knn,3552,2010-06-07T12:00:00,2010-06-10T14:00:00,37,74.0
pm25,mlp,3552,2010-06-07T12:00:00,2010-06-10T14:00:00,37,74.0
pm25,knn,3792,2010-06-19T01:00:00,2010-06-20T16:00:00,37,39.0
pm25,mlp,3792,2010-06-19T01:00:00,2010-06-20T16:00:00,37,39.0
pm25,knn,3816,2010-06-20T01:00:00,2010-06-21T16:00:00,37,39.0
pm25,mlp,3816,2010-06-20T01:00:00,2010-06-21T16:00:00,37,39.0
pm25,knn,3840,2010-06-21T03:00:00,2010-06-23T16:00:00,37,61.0
pm25,mlp,3840,2010-06-21T03:00:00,2010-06-23T16:00:00,37,61.0
pm25,knn,3864,2010-06-22T03:00:00,2010-06-24T16:00:00,37,61.0
pm25,mlp,3864,2010-06-22T03:00:00,2010-06-24T16:00:00,37,61.0
pm25,knn,5088,2010-08-13T03:00:00,2010-08-17T12:00:00,37,105.0
pm25,mlp,5088,2010-08-13T03:00:00,2010-08-17T12:00:00,37,105.0
pm25,knn,5688,2010-09-09T23:00:00,2010-09-12T04:00:00,37,53.0
pm25,mlp,5688,2010-09-09T23:00:00,2010-09-12T04:00:00,37,53.0
pm25,knn,5712,2010-09-10T23:00:00,2010-09-13T04:00:00,37,53.0
pm25,mlp,5712,2010-09-10T23:00:00,2010-09-13T04:00:00,37,53.0
pm25,knn,5880,2010-09-18T15:00:00,2010-09-20T09:00:00,37,42.0
pm25,mlp,5880,2010-09-18T15:00:00,2010-09-20T09:00:00,37,42.0
pm25,knn,5904,2010-09-19T15:00:00,2010-10-01T00:00:00,37,273.0
pm25,mlp,5904,2010-09-19T15:00:00,2010-10-01T00:00:00,37,273.0
pm25,knn,5928,2010-09-20T20:00:00,2010-10-02T00:00:00,37,268.0
pm25,mlp,5928,2010-09-20T20:00:00,2010-10-02T00:00:00,37,268.0
pm25,knn,6192,2010-10-11T11:00:00,2010-10-13T02:00:00,37,39.0
pm25,mlp,6192,2010-10-11T11:00:00,2010-10-13T02:00:00,37,39.0
pm25,knn,6216,2010-10-12T11:00:00,2010-10-14T02:00:00,37,39.0
pm25,mlp,6216,2010-10-12T11:00:00,2010-10-14T02:00:00,37,39.0
pm25,knn,6672,2010-10-31T13:00:00,2010-11-04T08:00:00,37,91.0
pm25,mlp,6672,2010-10-31T13:00:00,2010-11-04T08:00:00,37,91.0
pm25,knn,7128,2010-11-21T19:00:00,2010-11-23T10:00:00,37,39.0
pm25,mlp,7128,2010-11-21T19:00:00,2010-11-23T10:00:00,37,39.0
pm25,knn,8064,2010-12-30T21:00:00,2011-01-02T10:00:00,37,61.0
pm25,mlp,8064,2010-12-30T21:00:00,2011-01-02T10:00:00,37,61.0
pm25,knn,8088,2010-12-31T21:00:00,2011-01-03T10:00:00,37,61.0
pm25,mlp,8088,2010-12-31T21:00:00,2011-01-03T10:00:00,37,61.0
pm25,knn,8232,2011-01-07T21:00:00,2011-01-11T10:00:00,37,85.0
pm25,mlp,8232,2011-01-07T21:00:00,2011-01-11T10:00:00,37,85.0
pm25,knn,504,2010-01-23T00:00:00,2010-01-27T09:00:00,38,105.0
pm25,mlp,504,2010-01-23T00:00:00,2010-01-27T09:00:00,38,105.0
pm25,knn,936,2010-02-12T19:00:00,2010-02-14T10:00:00,38,39.0
pm25,mlp,936,2010-02-12T19:00:00,2010-02-14T10:00:00,38,39.0
pm25,knn,960,2010-02-13T19:00:00,2010-02-15T10:00:00,38,39.0
pm25,mlp,960,2010-02-13T19:00:00,2010-02-15T10:00:00,38,39.0
pm25,knn,1752,2010-03-18T20:00:00,2010-03-20T12:00:00,38,40.0
pm25,mlp,1752,2010-03-18T20:00:00,2010-03-20T12:00:00,38,40.0
pm25,knn,1776,2010-03-19T20:00:00,2010-03-21T12:00:00,38,40.0
pm25,mlp,1776,2010-03-19T20:00:00,2010-03-21T12:00:00,38,40.0
pm25,knn,1824,2010-03-21T22:00:00,2010-03-23T13:00:00,38,39.0
pm25,mlp,1824,2010-03-21T22:00:00,2010-03-23T13:00:00,38,39.0
pm25,knn,1848,2010-03-22T22:00:00,2010-03-24T13:00:00,38,39.0
pm25,mlp,1848,2010-03-22T22:00:00,2010-03-24T13:00:00,38,39.0
pm25,knn,1992,2010-03-28T23:00:00,2010-03-31T21:00:00,38,70.0
pm25,mlp,1992,2010-03-28T23:00:00,2010-03-31T21:00:00,38,70.0
pm25,knn,2016,2010-03-29T23:00:00,2010-04-01T23:00:00,38,72.0
pm25,mlp,2016,2010-03-29T23:00:00,2010-04-01T23:00:00,38,72.0
pm25,knn,2040,2010-04-01T07:00:00,2010-04-02T23:00:00,38,40.0
pm25,mlp,2040,2010-04-01T07:00:00,2010-04-02T23:00:00,38,40.0
pm25,knn,3120,2010-05-16T09:00:00,2010-05-18T01:00:00,38,40.0
pm25,mlp,3120,2010-05-16T09:00:00,2010-05-18T01:00:00,38,40.0
pm25,knn,3144,2010-05-17T09:00:00,2010-05-19T01:00:00,38,40.0
pm25,mlp,3144,2010-05-17T09:00:00,2010-05-19T01:00:00,38,40.0
pm25,knn,3360,2010-05-26T11:00:00,2010-05-28T06:00:00,38,43.0
pm25,mlp,3360,2010-05-26T11:00:00,2010-05-28T06:00:00,38,43.0
pm25,knn,3384,2010-05-27T11:00:00,2010-05-29T06:00:00,38,43.0
pm25,mlp,3384,2010-05-27T11:00:00,2010-05-29T06:00:00,38,43.0
pm25,knn,3480,2010-05-31T16:00:00,2010-06-03T02:00:00,38,58.0
pm25,mlp,3480,2010-05-31T16:00:00,2010-06-03T02:00:00,38,58.0
pm25,knn,3504,2010-06-01T17:00:00,2010-06-04T02:00:00,38,57.0
pm25,mlp,3504,2010-06-01T17:00:00,2010-06-04T02:00:00,38,57.0
pm25,knn,3528,2010-06-03T12:00:00,2010-06-08T02:00:00,38,110.0
pm25,mlp,3528,2010-06-03T12:00:00,2010-06-08T02:00:00,38,110.0
pm25,knn,3552,2010-06-07T12:00:00,2010-06-10T15:00:00,38,75.0
pm25,mlp,3552,2010-06-07T12:00:00,2010-06-10T15:00:00,38,75.0
pm25,knn,3792,2010-06-19T01:00:00,2010-06-20T17:00:00,38,40.0
pm25,mlp,3792,2010-06-19T01:00:00,2010-06-20T17:00:00,38,40.0
pm25,knn,3816,2010-06-20T01:00:00,2010-06-21T17:00:00,38,40.0
pm25,mlp,3816,2010-06-20T01:00:00,2010-06-21T17:00:00,38,40.0
pm25,knn,3840,2010-06-21T03:00:00,2010-06-23T17:00:00,38,62.0
pm25,mlp,3840,2010-06-21T03:00:00,2010-06-23T17:00:00,38,62.0
pm25,knn,3864,2010-06-22T03:00:00,2010-06-24T17:00:00,38,62.0
pm25,mlp,3864,2010-06-22T03:00:00,2010-06-24T17:00:00,38,62.0
pm25,knn,5088,2010-08-13T03:00:00,2010-08-17T13:00:00,38,106.0
pm25,mlp,5088,2010-08-13T03:00:00,2010-08-17T13:00:00,38,106.0
pm25,knn,5688,2010-09-09T23:00:00,2010-09-12T05:00:00,38,54.0
pm25,mlp,5688,2010-09-09T23:00:00,2010-09-12T05:00:00,38,54.0
pm25,knn,5712,2010-09-10T23:00:00,2010-09-13T05:00:00,38,54.0
pm25,mlp,5712,2010-09-10T23:00:00,2010-09-13T05:00:00,38,54.0
pm25,knn,5880,2010-09-18T15:00:00,2010-09-20T10:00:00,38,43.0
pm25,mlp,5880,2010-09-18T15:00:00,2010-09-20T10:00:00,38,43.0
pm25,knn,5904,2010-09-19T15:00:00,2010-10-01T01:00:00,38,274.0
pm25,mlp,5904,2010-09-19T15:00:00,2010-10-01T01:00:00,38,274.0
pm25,knn,5928,2010-09-20T20:00:00,2010-10-02T01:00:00,38,269.0
pm25,mlp,5928,2010-09-20T20:00:00,2010-10-02T01:00:00,38,269.0
pm25,knn,6192,2010-10-11T11:00:00,2010-10-13T03:00:00,38,40.0
pm25,mlp,6192,2010-10-11T11:00:00,2010-10-13T03:00:00,38,40.0
pm25,knn,6216,2010-10-12T11:00:00,2010-10-14T03:00:00,38,40.0
pm25,mlp,6216,2010-10-12T11:00:00,2010-10-14T03:00:00,38,40.0
pm25,knn,6672,2010-10-31T13:00:00,2010-11-04T09:00:00,38,92.0
pm25,mlp,6672,2010-10-31T13:00:00,2010-11-04T09:00:00,38,92.0
pm25,knn,7128,2010-11-21T19:00:00,2010-11-23T11:00:00,38,40.0
pm25,mlp,7128,2010-11-21T19:00:00,2010-11-23T11:00:00,38,40.0
pm25,knn,8064,2010-12-30T21:00:00,2011-01-02T11:00:00,38,62.0
pm25,mlp,8064,2010-12-30T21:00:00,2011-01-02T11:00:00,38,62.0
pm25,knn,8088,2010-12-31T21:00:00,2011-01-03T11:00:00,38,62.0
pm25,mlp,8088,2010-12-31T21:00:00,2011-01-03T11:00:00,38,62.0
pm25,knn,8232,2011-01-07T21:00:00,2011-01-11T11:00:00,38,86.0
pm25,mlp,8232,2011-01-07T21:00:00,2011-01-11T11:00:00,38,86.0
pm25,knn,504,2010-01-23T00:00:00,2010-01-27T10:00:00,39,106.0
pm25,mlp,504,2010-01-23T00:00:00,2010-01-27T10:00:00,39,106.0
pm25,knn,936,2010-02-12T19:00:00,2010-02-14T11:00:00,39,40.0
pm25,mlp,936,2010-02-12T19:00:00,2010-02-14T11:00:00,39,40.0
pm25,knn,960,2010-02-13T19:00:00,2010-02-15T11:00:00,39,40.0
pm25,mlp,960,2010-02-13T19:00:00,2010-02-15T11:00:00,39,40.0
pm25,knn,1752,2010-03-18T20:00:00,2010-03-20T13:00:00,39,41.0
pm25,mlp,1752,2010-03-18T20:00:00,2010-03-20T13:00:00,39,41.0
pm25,knn,1776,2010-03-19T20:00:00,2010-03-21T13:00:00,39,41.0
pm25,mlp,1776,2010-03-19T20:00:00,2010-03-21T13:00:00,39,41.0
pm25,knn,1824,2010-03-21T22:00:00,2010-03-23T14:00:00,39,40.0
pm25,mlp,1824,2010-03-21T22:00:00,2010-03-23T14:00:00,39,40.0
pm25,knn,1848,2010-03-22T22:00:00,2010-03-24T14:00:00,39,40.0
pm25,mlp,1848,2010-03-22T22:00:00,2010-03-24T14:00:00,39,40.0
pm25,knn,1992,2010-03-28T23:00:00,2010-03-31T22:00:00,39,71.0
pm25,mlp,1992,2010-03-28T23:00:00,2010-03-31T22:00:00,39,71.0
pm25,knn,2016,2010-03-29T23:00:00,2010-04-02T00:00:00,39,73.0
pm25,mlp,2016,2010-03-29T23:00:00,2010-04-02T00:00:00,39,73.0
pm25,knn,2040,2010-04-01T07:00:00,2010-04-03T00:00:00,39,41.0
pm25,mlp,2040,2010-04-01T07:00:00,2010-04-03T00:00:00,39,41.0
pm25,knn,3120,2010-05-16T09:00:00,2010-05-18T02:00:00,39,41.0
pm25,mlp,3120,2010-05-16T09:00:00,2010-05-18T02:00:00,39,41.0
pm25,knn,3144,2010-05-17T09:00:00,2010-05-19T02:00:00,39,41.0
pm25,mlp,3144,2010-05-17T09:00:00,2010-05-19T02:00:00,39,41.0
pm25,knn,3360,2010-05-26T11:00:00,2010-05-28T07:00:00,39,44.0
pm25,mlp,3360,2010-05-26T11:00:00,2010-05-28T07:00:00,39,44.0
pm25,knn,3384,2010-05-27T11:00:00,2010-05-29T07:00:00,39,44.0
pm25,mlp,3384,2010-05-27T11:00:00,2010-05-29T07:00:00,39,44.0
pm25,knn,3480,2010-05-31T16:00:00,2010-06-03T03:00:00,39,59.0
pm25,mlp,3480,2010-05-31T16:00:00,2010-06-03T03:00:00,39,59.0
pm25,knn,3504,2010-06-01T17:00:00,2010-06-04T03:00:00,39,58.0
pm25,mlp,3504,2010-06-01T17:00:00,2010-06-04T03:00:00,39,58.0
pm25,knn,3528,2010-06-03T12:00:00,2010-06-08T03:00:00,39,111.0
pm25,mlp,3528,2010-06-03T12:00:00,2010-06-08T03:00:00,39,111.0
pm25,knn,3552,2010-06-07T12:00:00,2010-06-10T16:00:00,39,76.0
pm25,mlp,3552,2010-06-07T12:00:00,2010-06-10T16:00:00,39,76.0
pm25,knn,3792,2010-06-19T01:00:00,2010-06-20T18:00:00,39,41.0
pm25,mlp,3792,2010-06-19T01:00:00,2010-06-20T18:00:00,39,41.0
pm25,knn,3816,2010-06-20T01:00:00,2010-06-21T18:00:00,39,41.0
pm25,mlp,3816,2010-06-20T01:00:00,2010-06-21T18:00:00,39,41.0
pm25,knn,3840,2010-06-21T03:00:00,2010-06-23T18:00:00,39,63.0
pm25,mlp,3840,2010-06-21T03:00:00,2010-06-23T18:00:00,39,63.0
pm25,knn,3864,2010-06-22T03:00:00,2010-06-24T18:00:00,39,63.0
pm25,mlp,3864,2010-06-22T03:00:00,2010-06-24T18:00:00,39,63.0
pm25,knn,5088,2010-08-13T03:00:00,2010-08-17T14:00:00,39,107.0
pm25,mlp,5088,2010-08-13T03:00:00,2010-08-17T14:00:00,39,107.0
pm25,knn,5688,2010-09-09T23:00:00,2010-09-12T06:00:00,39,55.0
pm25,mlp,5688,2010-09-09T23:00:00,2010-09-12T06:00:00,39,55.0
pm25,knn,5712,2010-09-10T23:00:00,2010-09-13T06:00:00,39,55.0
pm25,mlp,5712,2010-09-10T23:00:00,2010-09-13T06:00:00,39,55.0
pm25,knn,5880,2010-09-18T15:00:00,2010-09-20T11:00:00,39,44.0
pm25,mlp,5880,2010-09-18T15:00:00,2010-09-20T11:00:00,39,44.0
pm25,knn,5904,2010-09-19T15:00:00,2010-10-01T02:00:00,39,275.0
pm25,mlp,5904,2010-09-19T15:00:00,2010-10-01T02:00:00,39,275.0
pm25,knn,5928,2010-09-20T20:00:00,2010-10-02T02:00:00,39,270.0
pm25,mlp,5928,2010-09-20T20:00:00,2010-10-02T02:00:00,39,270.0
pm25,knn,6192,2010-10-11T11:00:00,2010-10-13T04:00:00,39,41.0
pm25,mlp,6192,2010-10-11T11:00:00,2010-10-13T04:00:00,39,41.0
pm25,knn,6216,2010-10-12T11:00:00,2010-10-14T04:00:00,39,41.0
pm25,mlp,6216,2010-10-12T11:00:00,2010-10-14T04:00:00,39,41.0
pm25,knn,6672,2010-10-31T13:00:00,2010-11-04T10:00:00,39,93.0
pm25,mlp,6672,2010-10-31T13:00:00,2010-11-04T10:00:00,39,93.0
pm25,knn,7128,2010-11-21T19:00:00,2010-11-23T12:00:00,39,41.0
pm25,mlp,7128,2010-11-21T19:00:00,2010-11-23T12:00:00,39,41.0
pm25,knn,8064,2010-12-30T21:00:00,2011-01-02T12:00:00,39,63.0
pm25,mlp,8064,2010-12-30T21:00:00,2011-01-02T12:00:00,39,63.0
pm25,knn,8088,2010-12-31T21:00:00,2011-01-03T12:00:00,39,63.0
pm25,mlp,8088,2010-12-31T21:00:00,2011-01-03T12:00:00,39,63.0
pm25,knn,8232,2011-01-07T21:00:00,2011-01-11T12:00:00,39,87.0
pm25,mlp,8232,2011-01-07T21:00:00,2011-01-11T12:00:00,39,87.0
pm25,knn,504,2010-01-23T00:00:00,2010-01-27T11:00:00,40,107.0
pm25,mlp,504,2010-01-23T00:00:00,2010-01-27T11:00:00,40,107.0
pm25,knn,936,2010-02-12T19:00:00,2010-02-14T12:00:00,40,41.0
pm25,mlp,936,2010-02-12T19:00:00,2010-02-14T12:00:00,40,41.0
pm25,knn,960,2010-02-13T19:00:00,2010-02-15T12:00:00,40,41.0
pm25,mlp,960,2010-02-13T19:00:00,2010-02-15T12:00:00,40,41.0
pm25,knn,1752,2010-03-18T20:00:00,2010-03-20T14:00:00,40,42.0
pm25,mlp,1752,2010-03-18T20:00:00,2010-03-20T14:00:00,40,42.0
pm25,knn,1776,2010-03-19T20:00:00,2010-03-21T14:00:00,40,42.0
pm25,mlp,1776,2010-03-19T20:00:00,2010-03-21T14:00:00,40,42.0
pm25,knn,1824,2010-03-21T22:00:00,2010-03-23T15:00:00,40,41.0
pm25,mlp,1824,2010-03-21T22:00:00,2010-03-23T15:00:00,40,41.0
pm25,knn,1848,2010-03-22T22:00:00,2010-03-24T15:00:00,40,41.0
pm25,mlp,1848,2010-03-22T22:00:00,2010-03-24T15:00:00,40,41.0
pm25,knn,1992,2010-03-28T23:00:00,2010-03-31T23:00:00,40,72.0
pm25,mlp,1992,2010-03-28T23:00:00,2010-03-31T23:00:00,40,72.0
pm25,knn,2016,2010-03-29T23:00:00,2010-04-02T01:00:00,40,74.0
pm25,mlp,2016,2010-03-29T23:00:00,2010-04-02T01:00:00,40,74.0
pm25,knn,2040,2010-04-01T07:00:00,2010-04-03T01:00:00,40,42.0
pm25,mlp,2040,2010-04-01T07:00:00,2010-04-03T01:00:00,40,42.0
pm25,knn,3120,2010-05-16T09:00:00,2010-05-18T03:00:00,40,42.0
pm25,mlp,3120,2010-05-16T09:00:00,2010-05-18T03:00:00,40,42.0
pm25,knn,3144,2010-05-17T09:00:00,2010-05-19T03:00:00,40,42.0
pm25,mlp,3144,2010-05-17T09:00:00,2010-05-19T03:00:00,40,42.0
pm25,knn,3360,2010-05-26T11:00:00,2010-05-28T08:00:00,40,45.0
pm25,mlp,3360,2010-05-26T11:00:00,2010-05-28T08:00:00,40,45.0
pm25,knn,3384,2010-05-27T11:00:00,2010-05-29T08:00:00,40,45.0
pm25,mlp,3384,2010-05-27T11:00:00,2010-05-29T08:00:00,40,45.0
pm25,knn,3480,2010-05-31T16:00:00,2010-06-03T04:00:00,40,60.0
pm25,mlp,3480,2010-05-31T16:00:00,2010-06-03T04:00:00,40,60.0
pm25,knn,3504,2010-06-01T17:00:00,2010-06-04T04:00:00,40,59.0
pm25,mlp,3504,2010-06-01T17:00:00,2010-06-04T04:00:00,40,59.0
pm25,knn,3528,2010-06-03T12:00:00,2010-06-09T17:00:00,40,149.0
pm25,mlp,3528,2010-06-03T12:00:00,2010-06-09T17:00:00,40,149.0
pm25,knn,3552,2010-06-07T12:00:00,2010-06-10T17:00:00,40,77.0
pm25,mlp,3552,2010-06-07T12:00:00,2010-06-10T17:00:00,40,77.0
pm25,knn,3792,2010-06-19T01:00:00,2010-06-20T19:00:00,40,42.0
pm25,mlp,3792,2010-06-19T01:00:00,2010-06-20T19:00:00,40,42.0
pm25,knn,3816,2010-06-20T01:00:00,2010-06-21T19:00:00,40,42.0
pm25,mlp,3816,2010-06-20T01:00:00,2010-06-21T19:00:00,40,42.0
pm25,knn,3840,2010-06-21T03:00:00,2010-06-23T19:00:00,40,64.0
pm25,mlp,3840,2010-06-21T03:00:00,2010-06-23T19:00:00,40,64.0
pm25,knn,3864,2010-06-22T03:00:00,2010-06-24T19:00:00,40,64.0
pm25,mlp,3864,2010-06-22T03:00:00,2010-06-24T19:00:00,40,64.0
pm25,knn,5088,2010-08-13T03:00:00,2010-08-17T15:00:00,40,108.0
pm25,mlp,5088,2010-08-13T03:00:00,2010-08-17T15:00:00,40,108.0
pm25,knn,5688,2010-09-09T23:00:00,2010-09-12T07:00:00,40,56.0
pm25,mlp,5688,2010-09-09T23:00:00,2010-09-12T07:00:00,40,56.0
pm25,knn,5712,2010-09-10T23:00:00,2010-09-13T07:00:00,40,56.0
pm25,mlp,5712,2010-09-10T23:00:00,2010-09-13T07:00:00,40,56.0
pm25,knn,5880,2010-09-18T15:00:00,2010-09-20T12:00:00,40,45.0
pm25,mlp,5880,2010-09-18T15:00:00,2010-09-20T12:00:00,40,45.0
pm25,knn,5904,2010-09-19T15:00:00,2010-10-01T03:00:00,40,276.0
pm25,mlp,5904,2010-09-19T15:00:00,2010-10-01T03:00:00,40,276.0
pm25,knn,5928,2010-09-20T20:00:00,2010-10-02T03:00:00,40,271.0
pm25,mlp,5928,2010-09-20T20:00:00,2010-10-02T03:00:00,40,271.0
pm25,knn,6192,2010-10-11T11:00:00,2010-10-13T05:00:00,40,42.0
pm25,mlp,6192,2010-10-11T11:00:00,2010-10-13T05:00:00,40,42.0
pm25,knn,6216,2010-10-12T11:00:00,2010-10-14T05:00:00,40,42.0
pm25,mlp,6216,2010-10-12T11:00:00,2010-10-14T05:00:00,40,42.0
pm25,knn,6672,2010-10-31T13:00:00,2010-11-04T11:00:00,40,94.0
pm25,mlp,6672,2010-10-31T13:00:00,2010-11-04T11:00:00,40,94.0
pm25,knn,7104,2010-11-20T19:00:00,2010-11-22T13:00:00,40,42.0
pm25,mlp,7104,2010-11-20T19:00:00,2010-11-22T13:00:00,40,42.0
pm25,knn,7128,2010-11-21T19:00:00,2010-11-23T13:00:00,40,42.0
pm25,mlp,7128,2010-11-21T19:00:00,2010-11-23T13:00:00,40,42.0
pm25,knn,8064,2010-12-30T21:00:00,2011-01-02T13:00:00,40,64.0
pm25,mlp,8064,2010-12-30T21:00:00,2011-01-02T13:00:00,40,64.0
pm25,knn,8088,2010-12-31T21:00:00,2011-01-03T13:00:00,40,64.0
pm25,mlp,8088,2010-12-31T21:00:00,2011-01-03T13:00:00,40,64.0
pm25,knn,8232,2011-01-07T21:00:00,2011-01-11T13:00:00,40,88.0
pm25,mlp,8232,2011-01-07T21:00:00,2011-01-11T13:00:00,40,88.0
pm25,knn,480,2010-01-22T00:00:00,2010-01-26T12:00:00,41,108.0
pm25,mlp,480,2010-01-22T00:00:00,2010-01-26T12:00:00,41,108.0
pm25,knn,504,2010-01-23T00:00:00,2010-01-27T12:00:00,41,108.0
pm25,mlp,504,2010-01-23T00:00:00,2010-01-27T12:00:00,41,108.0
pm25,knn,936,2010-02-12T19:00:00,2010-02-14T13:00:00,41,42.0
pm25,mlp,936,2010-02-12T19:00:00,2010-02-14T13:00:00,41,42.0
pm25,knn,960,2010-02-13T19:00:00,2010-02-15T13:00:00,41,42.0
pm25,mlp,960,2010-02-13T19:00:00,2010-02-15T13:00:00,41,42.0
pm25,knn,1752,2010-03-18T20:00:00,2010-03-20T15:00:00,41,43.0
pm25,mlp,1752,2010-03-18T20:00:00,2010-03-20T15:00:00,41,43.0
pm25,knn,1776,2010-03-19T20:00:00,2010-03-21T15:00:00,41,43.0
pm25,mlp,1776,2010-03-19T20:00:00,2010-03-21T15:00:00,41,43.0
pm25,knn,1824,2010-03-21T22:00:00,2010-03-23T16:00:00,41,42.0
pm25,mlp,1824,2010-03-21T22:00:00,2010-03-23T16:00:00,41,42.0
pm25,knn,1848,2010-03-22T22:00:00,2010-03-24T16:00:00,41,42.0
pm25,mlp,1848,2010-03-22T22:00:00,2010-03-24T16:00:00,41,42.0
pm25,knn,1992,2010-03-28T23:00:00,2010-04-01T00:00:00,41,73.0
pm25,mlp,1992,2010-03-28T23:00:00,2010-04-01T00:00:00,41,73.0
pm25,knn,2016,2010-03-29T23:00:00,2010-04-02T02:00:00,41,75.0
pm25,mlp,2016,2010-03-29T23:00:00,2010-04-02T02:00:00,41,75.0
pm25,knn,2040,2010-04-01T07:00:00,2010-04-03T02:00:00,41,43.0
pm25,mlp,2040,2010-04-01T07:00:00,2010-04-03T02:00:00,41,43.0
pm25,knn,3120,2010-05-16T09:00:00,2010-05-18T04:00:00,41,43.0
pm25,mlp,3120,2010-05-16T09:00:00,2010-05-18T04:00:00,41,43.0
pm25,knn,3144,2010-05-17T09:00:00,2010-05-19T04:00:00,41,43.0
pm25,mlp,3144,2010-05-17T09:00:00,2010-05-19T04:00:00,41,43.0
pm25,knn,3360,2010-05-26T11:00:00,2010-05-28T09:00:00,41,46.0
pm25,mlp,3360,2010-05-26T11:00:00,2010-05-28T09:00:00,41,46.0
pm25,knn,3384,2010-05-27T11:00:00,2010-05-29T09:00:00,41,46.0
pm25,mlp,3384,2010-05-27T11:00:00,2010-05-29T09:00:00,41,46.0
pm25,knn,3480,2010-05-31T16:00:00,2010-06-03T05:00:00,41,61.0
pm25,mlp,3480,2010-05-31T16:00:00,2010-06-03T05:00:00,41,61.0
pm25,knn,3504,2010-06-01T17:00:00,2010-06-04T05:00:00,41,60.0
pm25,mlp,3504,2010-06-01T17:00:00,2010-06-04T05:00:00,41,60.0
pm25,knn,3528,2010-06-03T12:00:00,2010-06-09T18:00:00,41,150.0
pm25,mlp,3528,2010-06-03T12:00:00,2010-06-09T18:00:00,41,150.0
pm25,knn,3552,2010-06-07T12:00:00,2010-06-10T18:00:00,41,78.0
pm25,mlp,3552,2010-06-07T12:00:00,2010-06-10T18:00:00,41,78.0
pm25,knn,3792,2010-06-19T01:00:00,2010-06-20T20:00:00,41,43.0
pm25,mlp,3792,2010-06-19T01:00:00,2010-06-20T20:00:00,41,43.0
pm25,knn,3816,2010-06-20T01:00:00,2010-06-21T20:00:00,41,43.0
pm25,mlp,3816,2010-06-20T01:00:00,2010-06-21T20:00:00,41,43.0
pm25,knn,3840,2010-06-21T03:00:00,2010-06-23T20:00:00,41,65.0
pm25,mlp,3840,2010-06-21T03:00:00,2010-06-23T20:00:00,41,65.0
pm25,knn,3864,2010-06-22T03:00:00,2010-06-24T20:00:00,41,65.0
pm25,mlp,3864,2010-06-22T03:00:00,2010-06-24T20:00:00,41,65.0
pm25,knn,5064,2010-08-12T03:00:00,2010-08-16T16:00:00,41,109.0
pm25,mlp,5064,2010-08-12T03:00:00,2010-08-16T16:00:00,41,109.0
pm25,knn,5088,2010-08-13T03:00:00,2010-08-17T16:00:00,41,109.0
pm25,mlp,5088,2010-08-13T03:00:00,2010-08-17T16:00:00,41,109.0
pm25,knn,5688,2010-09-09T23:00:00,2010-09-12T08:00:00,41,57.0
pm25,mlp,5688,2010-09-09T23:00:00,2010-09-12T08:00:00,41,57.0
pm25,knn,5712,2010-09-10T23:00:00,2010-09-13T08:00:00,41,57.0
pm25,mlp,5712,2010-09-10T23:00:00,2010-09-13T08:00:00,41,57.0
pm25,knn,5880,2010-09-18T15:00:00,2010-09-20T13:00:00,41,46.0
pm25,mlp,5880,2010-09-18T15:00:00,2010-09-20T13:00:00,41,46.0
pm25,knn,5904,2010-09-19T15:00:00,2010-10-01T04:00:00,41,277.0
pm25,mlp,5904,2010-09-19T15:00:00,2010-10-01T04:00:00,41,277.0
pm25,knn,5928,2010-09-20T20:00:00,2010-10-02T04:00:00,41,272.0
pm25,mlp,5928,2010-09-20T20:00:00,2010-10-02T04:00:00,41,272.0
pm25,knn,6192,2010-10-11T11:00:00,2010-10-13T06:00:00,41,43.0
pm25,mlp,6192,2010-10-11T11:00:00,2010-10-13T06:00:00,41,43.0
pm25,knn,6216,2010-10-12T11:00:00,2010-10-14T06:00:00,41,43.0
pm25,mlp,6216,2010-10-12T11:00:00,2010-10-14T06:00:00,41,43.0
pm25,knn,6672,2010-10-31T13:00:00,2010-11-04T12:00:00,41,95.0
pm25,mlp,6672,2010-10-31T13:00:00,2010-11-04T12:00:00,41,95.0
pm25,knn,7104,2010-11-20T19:00:00,2010-11-22T14:00:00,41,43.0
pm25,mlp,7104,2010-11-20T19:00:00,2010-11-22T14:00:00,41,43.0
pm25,knn,7128,2010-11-21T19:00:00,2010-11-23T14:00:00,41,43.0
pm25,mlp,7128,2010-11-21T19:00:00,2010-11-23T14:00:00,41,43.0
pm25,knn,8064,2010-12-30T21:00:00,2011-01-02T14:00:00,41,65.0
pm25,mlp,8064,2010-12-30T21:00:00,2011-01-02T14:00:00,41,65.0
pm25,knn,8088,2010-12-31T21:00:00,2011-01-03T14:00:00,41,65.0
pm25,mlp,8088,2010-12-31T21:00:00,2011-01-03T14:00:00,41,65.0
pm25,knn,8232,2011-01-07T21:00:00,2011-01-11T14:00:00,41,89.0
pm25,mlp,8232,2011-01-07T21:00:00,2011-01-11T14:00:00,41,89.0
pm25,knn,480,2010-01-22T00:00:00,2010-01-26T13:00:00,42,109.0
pm25,mlp,480,2010-01-22T00:00:00,2010-01-26T13:00:00,42,109.0
pm25,knn,504,2010-01-23T00:00:00,2010-01-27T13:00:00,42,109.0
pm25,mlp,504,2010-01-23T00:00:00,2010-01-27T13:00:00,42,109.0
pm25,knn,936,2010-02-12T19:00:00,2010-02-14T14:00:00,42,43.0
pm25,mlp,936,2010-02-12T19:00:00,2010-02-14T14:00:00,42,43.0
pm25,knn,960,2010-02-13T19:00:00,2010-02-15T14:00:00,42,43.0
pm25,mlp,960,2010-02-13T19:00:00,2010-02-15T14:00:00,42,43.0
pm25,knn,1752,2010-03-18T20:00:00,2010-03-20T16:00:00,42,44.0
pm25,mlp,1752,2010-03-18T20:00:00,2010-03-20T16:00:00,42,44.0
pm25,knn,1776,2010-03-19T20:00:00,2010-03-21T16:00:00,42,44.0
pm25,mlp,1776,2010-03-19T20:00:00,2010-03-21T16:00:00,42,44.0
pm25,knn,1824,2010-03-21T22:00:00,2010-03-23T17:00:00,42,43.0
pm25,mlp,1824,2010-03-21T22:00:00,2010-03-23T17:00:00,42,43.0
pm25,knn,1848,2010-03-22T22:00:00,2010-03-24T17:00:00,42,43.0
pm25,mlp,1848,2010-03-22T22:00:00,2010-03-24T17:00:00,42,43.0
pm25,knn,1992,2010-03-28T23:00:00,2010-04-01T01:00:00,42,74.0
pm25,mlp,1992,2010-03-28T23:00:00,2010-04-01T01:00:00,42,74.0
pm25,knn,2016,2010-03-29T23:00:00,2010-04-02T03:00:00,42,76.0
pm25,mlp,2016,2010-03-29T23:00:00,2010-04-02T03:00:00,42,76.0
pm25,knn,2040,2010-04-01T07:00:00,2010-04-03T03:00:00,42,44.0
pm25,mlp,2040,2010-04-01T07:00:00,2010-04-03T03:00:00,42,44.0
pm25,knn,3120,2010-05-16T09:00:00,2010-05-18T05:00:00,42,44.0
pm25,mlp,3120,2010-05-16T09:00:00,2010-05-18T05:00:00,42,44.0
pm25,knn,3144,2010-05-17T09:00:00,2010-05-19T05:00:00,42,44.0
pm25,mlp,3144,2010-05-17T09:00:00,2010-05-19T05:00:00,42,44.0
pm25,knn,3360,2010-05-26T11:00:00,2010-05-28T10:00:00,42,47.0
pm25,mlp,3360,2010-05-26T11:00:00,2010-05-28T10:00:00,42,47.0
pm25,knn,3384,2010-05-27T11:00:00,2010-05-29T10:00:00,42,47.0
pm25,mlp,3384,2010-05-27T11:00:00,2010-05-29T10:00:00,42,47.0
pm25,knn,3480,2010-05-31T16:00:00,2010-06-03T06:00:00,42,62.0
pm25,mlp,3480,2010-05-31T16:00:00,2010-06-03T06:00:00,42,62.0
pm25,knn,3504,2010-06-01T17:00:00,2010-06-04T06:00:00,42,61.0
pm25,mlp,3504,2010-06-01T17:00:00,2010-06-04T06:00:00,42,61.0
pm25,knn,3528,2010-06-03T12:00:00,2010-06-09T19:00:00,42,151.0
pm25,mlp,3528,2010-06-03T12:00:00,2010-06-09T19:00:00,42,151.0
pm25,knn,3552,2010-06-07T12:00:00,2010-06-10T19:00:00,42,79.0
pm25,mlp,3552,2010-06-07T12:00:00,2010-06-10T19:00:00,42,79.0
pm25,knn,3792,2010-06-19T01:00:00,2010-06-20T21:00:00,42,44.0
pm25,mlp,3792,2010-06-19T01:00:00,2010-06-20T21:00:00,42,44.0
pm25,knn,3816,2010-06-20T01:00:00,2010-06-21T21:00:00,42,44.0
pm25,mlp,3816,2010-06-20T01:00:00,2010-06-21T21:00:00,42,44.0
pm25,knn,3840,2010-06-21T03:00:00,2010-06-23T21:00:00,42,66.0
pm25,mlp,3840,2010-06-21T03:00:00,2010-06-23T21:00:00,42,66.0
pm25,knn,3864,2010-06-22T03:00:00,2010-06-24T21:00:00,42,66.0
pm25,mlp,3864,2010-06-22T03:00:00,2010-06-24T21:00:00,42,66.0
pm25,knn,5064,2010-08-12T03:00:00,2010-08-16T17:00:00,42,110.0
pm25,mlp,5064,2010-08-12T03:00:00,2010-08-16T17:00:00,42,110.0
pm25,knn,5088,2010-08-13T03:00:00,2010-08-17T17:00:00,42,110.0
pm25,mlp,5088,2010-08-13T03:00:00,2010-08-17T17:00:00,42,110.0
pm25,knn,5688,2010-09-09T23:00:00,2010-09-12T09:00:00,42,58.0
pm25,mlp,5688,2010-09-09T23:00:00,2010-09-12T09:00:00,42,58.0
pm25,knn,5712,2010-09-10T23:00:00,2010-09-13T09:00:00,42,58.0
pm25,mlp,5712,2010-09-10T23:00:00,2010-09-13T09:00:00,42,58.0
pm25,knn,5880,2010-09-18T15:00:00,2010-09-20T14:00:00,42,47.0
pm25,mlp,5880,2010-09-18T15:00:00,2010-09-20T14:00:00,42,47.0
pm25,knn,5904,2010-09-19T15:00:00,2010-10-01T05:00:00,42,278.0
pm25,mlp,5904,2010-09-19T15:00:00,2010-10-01T05:00:00,42,278.0
pm25,knn,5928,2010-09-20T20:00:00,2010-10-02T05:00:00,42,273.0
pm25,mlp,5928,2010-09-20T20:00:00,2010-10-02T05:00:00,42,273.0
pm25,knn,6192,2010-10-11T11:00:00,2010-10-13T07:00:00,42,44.0
pm25,mlp,6192,2010-10-11T11:00:00,2010-10-13T07:00:00,42,44.0
pm25,knn,6216,2010-10-12T11:00:00,2010-10-14T07:00:00,42,44.0
pm25,mlp,6216,2010-10-12T11:00:00,2010-10-14T07:00:00,42,44.0
pm25,knn,6672,2010-10-31T13:00:00,2010-11-04T13:00:00,42,96.0
pm25,mlp,6672,2010-10-31T13:00:00,2010-11-04T13:00:00,42,96.0
pm25,knn,7104,2010-11-20T19:00:00,2010-11-22T15:00:00,42,44.0
pm25,mlp,7104,2010-11-20T19:00:00,2010-11-22T15:00:00,42,44.0
pm25,knn,7128,2010-11-21T19:00:00,2010-11-23T15:00:00,42,44.0
pm25,mlp,7128,2010-11-21T19:00:00,2010-11-23T15:00:00,42,44.0
pm25,knn,8064,2010-12-30T21:00:00,2011-01-02T15:00:00,42,66.0
pm25,mlp,8064,2010-12-30T21:00:00,2011-01-02T15:00:00,42,66.0
pm25,knn,8088,2010-12-31T21:00:00,2011-01-03T15:00:00,42,66.0
pm25,mlp,8088,2010-12-31T21:00:00,2011-01-03T15:00:00,42,66.0
pm25,knn,8232,2011-01-07T21:00:00,2011-01-11T15:00:00,42,90.0
pm25,mlp,8232,2011-01-07T21:00:00,2011-01-11T15:00:00,42,90.0
pm25,knn,480,2010-01-22T00:00:00,2010-01-26T14:00:00,43,110.0
pm25,mlp,480,2010-01-22T00:00:00,2010-01-26T14:00:00,43,110.0
pm25,knn,504,2010-01-23T00:00:00,2010-01-27T14:00:00,43,110.0
pm25,mlp,504,2010-01-23T00:00:00,2010-01-27T14:00:00,43,110.0
pm25,knn,936,2010-02-12T19:00:00,2010-02-14T15:00:00,43,44.0
pm25,mlp,936,2010-02-12T19:00:00,2010-02-14T15:00:00,43,44.0
pm25,knn,960,2010-02-13T19:00:00,2010-02-15T15:00:00,43,44.0
pm25,mlp,960,2010-02-13T19:00:00,2010-02-15T15:00:00,43,44.0
pm25,knn,1752,2010-03-18T20:00:00,2010-03-20T17:00:00,43,45.0
pm25,mlp,1752,2010-03-18T20:00:00,2010-03-20T17:00:00,43,45.0
pm25,knn,1776,2010-03-19T20:00:00,2010-03-21T17:00:00,43,45.0
pm25,mlp,1776,2010-03-19T20:00:00,2010-03-21T17:00:00,43,45.0
pm25,knn,1824,2010-03-21T22:00:00,2010-03-23T18:00:00,43,44.0
pm25,mlp,1824,2010-03-21T22:00:00,2010-03-23T18:00:00,43,44.0
pm25,knn,1848,2010-03-22T22:00:00,2010-03-24T18:00:00,43,44.0
pm25,mlp,1848,2010-03-22T22:00:00,2010-03-24T18:00:00,43,44.0
pm25,knn,1992,2010-03-28T23:00:00,2010-04-01T02:00:00,43,75.0
pm25,mlp,1992,2010-03-28T23:00:00,2010-04-01T02:00:00,43,75.0
pm25,knn,2016,2010-03-29T23:00:00,2010-04-02T04:00:00,43,77.0
pm25,mlp,2016,2010-03-29T23:00:00,2010-04-02T04:00:00,43,77.0
pm25,knn,2040,2010-04-01T07:00:00,2010-04-03T04:00:00,43,45.0
pm25,mlp,2040,2010-04-01T07:00:00,2010-04-03T04:00:00,43,45.0
pm25,knn,3120,2010-05-16T09:00:00,2010-05-18T06:00:00,43,45.0
pm25,mlp,3120,2010-05-16T09:00:00,2010-05-18T06:00:00,43,45.0
pm25,knn,3144,2010-05-17T09:00:00,2010-05-19T06:00:00,43,45.0
pm25,mlp,3144,2010-05-17T09:00:00,2010-05-19T06:00:00,43,45.0
pm25,knn,3360,2010-05-26T11:00:00,2010-05-28T11:00:00,43,48.0
pm25,mlp,3360,2010-05-26T11:00:00,2010-05-28T11:00:00,43,48.0
pm25,knn,3384,2010-05-27T11:00:00,2010-05-29T11:00:00,43,48.0
pm25,mlp,3384,2010-05-27T11:00:00,2010-05-29T11:00:00,43,48.0
pm25,knn,3480,2010-05-31T16:00:00,2010-06-03T07:00:00,43,63.0
pm25,mlp,3480,2010-05-31T16:00:00,2010-06-03T07:00:00,43,63.0
pm25,knn,3504,2010-06-01T17:00:00,2010-06-04T07:00:00,43,62.0
pm25,mlp,3504,2010-06-01T17:00:00,2010-06-04T07:00:00,43,62.0
pm25,knn,3528,2010-06-03T12:00:00,2010-06-09T20:00:00,43,152.0
pm25,mlp,3528,2010-06-03T12:00:00,2010-06-09T20:00:00,43,152.0
pm25,knn,3552,2010-06-07T12:00:00,2010-06-10T20:00:00,43,80.0
pm25,mlp,3552,2010-06-07T12:00:00,2010-06-10T20:00:00,43,80.0
pm25,knn,3792,2010-06-19T01:00:00,2010-06-20T22:00:00,43,45.0
pm25,mlp,3792,2010-06-19T01:00:00,2010-06-20T22:00:00,43,45.0
pm25,knn,3816,2010-06-20T01:00:00,2010-06-21T22:00:00,43,45.0
pm25,mlp,3816,2010-06-20T01:00:00,2010-06-21T22:00:00,43,45.0
pm25,knn,3840,2010-06-21T03:00:00,2010-06-23T22:00:00,43,67.0
pm25,mlp,3840,2010-06-21T03:00:00,2010-06-23T22:00:00,43,67.0
pm25,knn,3864,2010-06-22T03:00:00,2010-06-24T22:00:00,43,67.0
pm25,mlp,3864,2010-06-22T03:00:00,2010-06-24T22:00:00,43,67.0
pm25,knn,5064,2010-08-12T03:00:00,2010-08-16T18:00:00,43,111.0
pm25,mlp,5064,2010-08-12T03:00:00,2010-08-16T18:00:00,43,111.0
pm25,knn,5088,2010-08-13T03:00:00,2010-08-17T18:00:00,43,111.0
pm25,mlp,5088,2010-08-13T03:00:00,2010-08-17T18:00:00,43,111.0
pm25,knn,5688,2010-09-09T23:00:00,2010-09-12T10:00:00,43,59.0
pm25,mlp,5688,2010-09-09T23:00:00,2010-09-12T10:00:00,43,59.0
pm25,knn,5712,2010-09-10T23:00:00,2010-09-13T10:00:00,43,59.0
pm25,mlp,5712,2010-09-10T23:00:00,2010-09-13T10:00:00,43,59.0
pm25,knn,5880,2010-09-18T15:00:00,2010-09-20T15:00:00,43,48.0
pm25,mlp,5880,2010-09-18T15:00:00,2010-09-20T15:00:00,43,48.0
pm25,knn,5904,2010-09-19T15:00:00,2010-10-01T06:00:00,43,279.0
pm25,mlp,5904,2010-09-19T15:00:00,2010-10-01T06:00:00,43,279.0
pm25,knn,5928,2010-09-20T20:00:00,2010-10-02T06:00:00,43,274.0
pm25,mlp,5928,2010-09-20T20:00:00,2010-10-02T06:00:00,43,274.0
pm25,knn,6192,2010-10-11T11:00:00,2010-10-13T08:00:00,43,45.0
pm25,mlp,6192,2010-10-11T11:00:00,2010-10-13T08:00:00,43,45.0
pm25,knn,6216,2010-10-12T11:00:00,2010-10-14T08:00:00,43,45.0
pm25,mlp,6216,2010-10-12T11:00:00,2010-10-14T08:00:00,43,45.0
pm25,knn,6672,2010-10-31T13:00:00,2010-11-04T14:00:00,43,97.0
pm25,mlp,6672,2010-10-31T13:00:00,2010-11-04T14:00:00,43,97.0
pm25,knn,7104,2010-11-20T19:00:00,2010-11-22T16:00:00,43,45.0
pm25,mlp,7104,2010-11-20T19:00:00,2010-11-22T16:00:00,43,45.0
pm25,knn,7128,2010-11-21T19:00:00,2010-11-23T16:00:00,43,45.0
pm25,mlp,7128,2010-11-21T19:00:00,2010-11-23T16:00:00,43,45.0
pm25,knn,8064,2010-12-30T21:00:00,2011-01-02T16:00:00,43,67.0
pm25,mlp,8064,2010-12-30T21:00:00,2011-01-02T16:00:00,43,67.0
pm25,knn,8088,2010-12-31T21:00:00,2011-01-03T16:00:00,43,67.0
pm25,mlp,8088,2010-12-31T21:00:00,2011-01-03T16:00:00,43,67.0
pm25,knn,8208,2011-01-06T21:00:00,2011-01-10T16:00:00,43,91.0
pm25,mlp,8208,2011-01-06T21:00:00,2011-01-10T16:00:00,43,91.0
pm25,knn,8232,2011-01-07T21:00:00,2011-01-11T16:00:00,43,91.0
pm25,mlp,8232,2011-01-07T21:00:00,2011-01-11T16:00:00,43,91.0
pm25,knn,480,2010-01-22T00:00:00,2010-01-26T15:00:00,44,111.0
pm25,mlp,480,2010-01-22T00:00:00,2010-01-26T15:00:00,44,111.0
pm25,knn,504,2010-01-23T00:00:00,2010-01-27T15:00:00,44,111.0
pm25,mlp,504,2010-01-23T00:00:00,2010-01-27T15:00:00,44,111.0
pm25,knn,936,2010-02-12T19:00:00,2010-02-14T16:00:00,44,45.0
pm25,mlp,936,2010-02-12T19:00:00,2010-02-14T16:00:00,44,45.0
pm25,knn,960,2010-02-13T19:00:00,2010-02-15T16:00:00,44,45.0
pm25,mlp,960,2010-02-13T19:00:00,2010-02-15T16:00:00,44,45.0
pm25,knn,1752,2010-03-18T20:00:00,2010-03-20T18:00:00,44,46.0
pm25,mlp,1752,2010-03-18T20:00:00,2010-03-20T18:00:00,44,46.0
pm25,knn,1776,2010-03-19T20:00:00,2010-03-21T18:00:00,44,46.0
pm25,mlp,1776,2010-03-19T20:00:00,2010-03-21T18:00:00,44,46.0
pm25,knn,1824,2010-03-21T22:00:00,2010-03-23T19:00:00,44,45.0
pm25,mlp,1824,2010-03-21T22:00:00,2010-03-23T19:00:00,44,45.0
pm25,knn,1848,2010-03-22T22:00:00,2010-03-24T19:00:00,44,45.0
pm25,mlp,1848,2010-03-22T22:00:00,2010-03-24T19:00:00,44,45.0
pm25,knn,1992,2010-03-28T23:00:00,2010-04-01T03:00:00,44,76.0
pm25,mlp,1992,2010-03-28T23:00:00,2010-04-01T03:00:00,44,76.0
pm25,knn,2016,2010-03-29T23:00:00,2010-04-02T05:00:00,44,78.0
pm25,mlp,2016,2010-03-29T23:00:00,2010-04-02T05:00:00,44,78.0
pm25,knn,2040,2010-04-01T07:00:00,2010-04-03T05:00:00,44,46.0
pm25,mlp,2040,2010-04-01T07:00:00,2010-04-03T05:00:00,44,46.0
pm25,knn,3120,2010-05-16T09:00:00,2010-05-18T07:00:00,44,46.0
pm25,mlp,3120,2010-05-16T09:00:00,2010-05-18T07:00:00,44,46.0
pm25,knn,3144,2010-05-17T09:00:00,2010-05-19T07:00:00,44,46.0
pm25,mlp,3144,2010-05-17T09:00:00,2010-05-19T07:00:00,44,46.0
pm25,knn,3360,2010-05-26T11:00:00,2010-05-28T12:00:00,44,49.0
pm25,mlp,3360,2010-05-26T11:00:00,2010-05-28T12:00:00,44,49.0
pm25,knn,3384,2010-05-27T11:00:00,2010-05-29T12:00:00,44,49.0
pm25,mlp,3384,2010-05-27T11:00:00,2010-05-29T12:00:00,44,49.0
pm25,knn,3480,2010-05-31T16:00:00,2010-06-03T08:00:00,44,64.0
pm25,mlp,3480,2010-05-31T16:00:00,2010-06-03T08:00:00,44,64.0
pm25,knn,3504,2010-06-01T17:00:00,2010-06-04T08:00:00,44,63.0
pm25,mlp,3504,2010-06-01T17:00:00,2010-06-04T08:00:00,44,63.0
pm25,knn,3528,2010-06-03T12:00:00,2010-06-09T21:00:00,44,153.0
pm25,mlp,3528,2010-06-03T12:00:00,2010-06-09T21:00:00,44,153.0
pm25,knn,3552,2010-06-07T12:00:00,2010-06-10T21:00:00,44,81.0
pm25,mlp,3552,2010-06-07T12:00:00,2010-06-10T21:00:00,44,81.0
pm25,knn,3792,2010-06-19T01:00:00,2010-06-20T23:00:00,44,46.0
pm25,mlp,3792,2010-06-19T01:00:00,2010-06-20T23:00:00,44,46.0
pm25,knn,3816,2010-06-20T01:00:00,2010-06-21T23:00:00,44,46.0
pm25,mlp,3816,2010-06-20T01:00:00,2010-06-21T23:00:00,44,46.0
pm25,knn,3840,2010-06-21T03:00:00,2010-06-23T23:00:00,44,68.0
pm25,mlp,3840,2010-06-21T03:00:00,2010-06-23T23:00:00,44,68.0
pm25,knn,3864,2010-06-22T03:00:00,2010-06-24T23:00:00,44,68.0
pm25,mlp,3864,2010-06-22T03:00:00,2010-06-24T23:00:00,44,68.0
pm25,knn,5064,2010-08-12T03:00:00,2010-08-16T19:00:00,44,112.0
pm25,mlp,5064,2010-08-12T03:00:00,2010-08-16T19:00:00,44,112.0
pm25,knn,5088,2010-08-13T03:00:00,2010-08-17T19:00:00,44,112.0
pm25,mlp,5088,2010-08-13T03:00:00,2010-08-17T19:00:00,44,112.0
pm25,knn,5688,2010-09-09T23:00:00,2010-09-12T11:00:00,44,60.0
pm25,mlp,5688,2010-09-09T23:00:00,2010-09-12T11:00:00,44,60.0
pm25,knn,5712,2010-09-10T23:00:00,2010-09-13T11:00:00,44,60.0
pm25,mlp,5712,2010-09-10T23:00:00,2010-09-13T11:00:00,44,60.0
pm25,knn,5880,2010-09-18T15:00:00,2010-09-20T16:00:00,44,49.0
pm25,mlp,5880,2010-09-18T15:00:00,2010-09-20T16:00:00,44,49.0
pm25,knn,5904,2010-09-19T15:00:00,2010-10-01T07:00:00,44,280.0
pm25,mlp,5904,2010-09-19T15:00:00,2010-10-01T07:00:00,44,280.0
pm25,knn,5928,2010-09-20T20:00:00,2010-10-02T07:00:00,44,275.0
pm25,mlp,5928,2010-09-20T20:00:00,2010-10-02T07:00:00,44,275.0
pm25,knn,6192,2010-10-11T11:00:00,2010-10-13T09:00:00,44,46.0
pm25,mlp,6192,2010-10-11T11:00:00,2010-10-13T09:00:00,44,46.0
pm25,knn,6216,2010-10-12T11:00:00,2010-10-14T09:00:00,44,46.0
pm25,mlp,6216,2010-10-12T11:00:00,2010-10-14T09:00:00,44,46.0
pm25,knn,6648,2010-10-30T13:00:00,2010-11-03T15:00:00,44,98.0
pm25,mlp,6648,2010-10-30T13:00:00,2010-11-03T15:00:00,44,98.0
pm25,knn,6672,2010-10-31T13:00:00,2010-11-04T15:00:00,44,98.0
pm25,mlp,6672,2010-10-31T13:00:00,2010-11-04T15:00:00,44,98.0
pm25,knn,7104,2010-11-20T19:00:00,2010-11-22T17:00:00,44,46.0
pm25,mlp,7104,2010-11-20T19:00:00,2010-11-22T17:00:00,44,46.0
pm25,knn,7128,2010-11-21T19:00:00,2010-11-23T17:00:00,44,46.0
pm25,mlp,7128,2010-11-21T19:00:00,2010-11-23T17:00:00,44,46.0
pm25,knn,8064,2010-12-30T21:00:00,2011-01-02T17:00:00,44,68.0
pm25,mlp,8064,2010-12-30T21:00:00,2011-01-02T17:00:00,44,68.0
pm25,knn,8088,2010-12-31T21:00:00,2011-01-03T17:00:00,44,68.0
pm25,mlp,8088,2010-12-31T21:00:00,2011-01-03T17:00:00,44,68.0
pm25,knn,8208,2011-01-06T21:00:00,2011-01-10T17:00:00,44,92.0
pm25,mlp,8208,2011-01-06T21:00:00,2011-01-10T17:00:00,44,92.0
pm25,knn,8232,2011-01-07T21:00:00,2011-01-11T17:00:00,44,92.0
pm25,mlp,8232,2011-01-07T21:00:00,2011-01-11T17:00:00,44,92.0
pm25,knn,480,2010-01-22T00:00:00,2010-01-26T16:00:00,45,112.0
pm25,mlp,480,2010-01-22T00:00:00,2010-01-26T16:00:00,45,112.0
pm25,knn,504,2010-01-23T00:00:00,2010-01-27T16:00:00,45,112.0
pm25,mlp,504,2010-01-23T00:00:00,2010-01-27T16:00:00,45,112.0
pm25,knn,936,2010-02-12T19:00:00,2010-02-14T17:00:00,45,46.0
pm25,mlp,936,2010-02-12T19:00:00,2010-02-14T17:00:00,45,46.0
pm25,knn,960,2010-02-13T19:00:00,2010-02-15T17:00:00,45,46.0
pm25,mlp,960,2010-02-13T19:00:00,2010-02-15T17:00:00,45,46.0
pm25,knn,1752,2010-03-18T20:00:00,2010-03-20T19:00:00,45,47.0
pm25,mlp,1752,2010-03-18T20:00:00,2010-03-20T19:00:00,45,47.0
pm25,knn,1776,2010-03-19T20:00:00,2010-03-21T19:00:00,45,47.0
pm25,mlp,1776,2010-03-19T20:00:00,2010-03-21T19:00:00,45,47.0
pm25,knn,1824,2010-03-21T22:00:00,2010-03-23T20:00:00,45,46.0
pm25,mlp,1824,2010-03-21T22:00:00,2010-03-23T20:00:00,45,46.0
pm25,knn,1848,2010-03-22T22:00:00,2010-03-24T20:00:00,45,46.0
pm25,mlp,1848,2010-03-22T22:00:00,2010-03-24T20:00:00,45,46.0
pm25,knn,1992,2010-03-28T23:00:00,2010-04-01T04:00:00,45,77.0
pm25,mlp,1992,2010-03-28T23:00:00,2010-04-01T04:00:00,45,77.0
pm25,knn,2016,2010-03-29T23:00:00,2010-04-02T06:00:00,45,79.0
pm25,mlp,2016,2010-03-29T23:00:00,2010-04-02T06:00:00,45,79.0
pm25,knn,2040,2010-04-01T07:00:00,2010-04-03T06:00:00,45,47.0
pm25,mlp,2040,2010-04-01T07:00:00,2010-04-03T06:00:00,45,47.0
pm25,knn,3120,2010-05-16T09:00:00,2010-05-18T08:00:00,45,47.0
pm25,mlp,3120,2010-05-16T09:00:00,2010-05-18T08:00:00,45,47.0
pm25,knn,3144,2010-05-17T09:00:00,2010-05-19T08:00:00,45,47.0
pm25,mlp,3144,2010-05-17T09:00:00,2010-05-19T08:00:00,45,47.0
pm25,knn,3360,2010-05-26T11:00:00,2010-05-28T13:00:00,45,50.0
pm25,mlp,3360,2010-05-26T11:00:00,2010-05-28T13:00:00,45,50.0
pm25,knn,3384,2010-05-27T11:00:00,2010-05-29T13:00:00,45,50.0
pm25,mlp,3384,2010-05-27T11:00:00,2010-05-29T13:00:00,45,50.0
pm25,knn,3480,2010-05-31T16:00:00,2010-06-03T09:00:00,45,65.0
pm25,mlp,3480,2010-05-31T16:00:00,2010-06-03T09:00:00,45,65.0
pm25,knn,3504,2010-06-01T17:00:00,2010-06-04T09:00:00,45,64.0
pm25,mlp,3504,2010-06-01T17:00:00,2010-06-04T09:00:00,45,64.0
pm25,knn,3528,2010-06-03T12:00:00,2010-06-09T22:00:00,45,154.0
pm25,mlp,3528,2010-06-03T12:00:00,2010-06-09T22:00:00,45,154.0
pm25,knn,3552,2010-06-07T12:00:00,2010-06-10T22:00:00,45,82.0
pm25,mlp,3552,2010-06-07T12:00:00,2010-06-10T22:00:00,45,82.0
pm25,knn,3792,2010-06-19T01:00:00,2010-06-21T00:00:00,45,47.0
pm25,mlp,3792,2010-06-19T01:00:00,2010-06-21T00:00:00,45,47.0
pm25,knn,3816,2010-06-20T01:00:00,2010-06-22T00:00:00,45,47.0
pm25,mlp,3816,2010-06-20T01:00:00,2010-06-22T00:00:00,45,47.0
pm25,knn,3840,2010-06-21T03:00:00,2010-06-24T00:00:00,45,69.0
pm25,mlp,3840,2010-06-21T03:00:00,2010-06-24T00:00:00,45,69.0
pm25,knn,3864,2010-06-22T03:00:00,2010-06-25T00:00:00,45,69.0
pm25,mlp,3864,2010-06-22T03:00:00,2010-06-25T00:00:00,45,69.0
pm25,knn,5064,2010-08-12T03:00:00,2010-08-16T20:00:00,45,113.0
pm25,mlp,5064,2010-08-12T03:00:00,2010-08-16T20:00:00,45,113.0
pm25,knn,5088,2010-08-13T03:00:00,2010-08-17T20:00:00,45,113.0
pm25,mlp,5088,2010-08-13T03:00:00,2010-08-17T20:00:00,45,113.0
pm25,knn,5688,2010-09-09T23:00:00,2010-09-12T12:00:00,45,61.0
pm25,mlp,5688,2010-09-09T23:00:00,2010-09-12T12:00:00,45,61.0
pm25,knn,5712,2010-09-10T23:00:00,2010-09-13T12:00:00,45,61.0
pm25,mlp,5712,2010-09-10T23:00:00,2010-09-13T12:00:00,45,61.0
pm25,knn,5880,2010-09-18T15:00:00,2010-09-20T17:00:00,45,50.0
pm25,mlp,5880,2010-09-18T15:00:00,2010-09-20T17:00:00,45,50.0
pm25,knn,5904,2010-09-19T15:00:00,2010-10-01T08:00:00,45,281.0
pm25,mlp,5904,2010-09-19T15:00:00,2010-10-01T08:00:00,45,281.0
pm25,knn,5928,2010-09-20T20:00:00,2010-10-02T08:00:00,45,276.0
pm25,mlp,5928,2010-09-20T20:00:00,2010-10-02T08:00:00,45,276.0
pm25,knn,6192,2010-10-11T11:00:00,2010-10-13T10:00:00,45,47.0
pm25,mlp,6192,2010-10-11T11:00:00,2010-10-13T10:00:00,45,47.0
pm25,knn,6216,2010-10-12T11:00:00,2010-10-14T10:00:00,45,47.0
pm25,mlp,6216,2010-10-12T11:00:00,2010-10-14T10:00:00,45,47.0
pm25,knn,6648,2010-10-30T13:00:00,2010-11-03T16:00:00,45,99.0
pm25,mlp,6648,2010-10-30T13:00:00,2010-11-03T16:00:00,45,99.0
pm25,knn,6672,2010-10-31T13:00:00,2010-11-04T16:00:00,45,99.0
pm25,mlp,6672,2010-10-31T13:00:00,2010-11-04T16:00:00,45,99.0
pm25,knn,7104,2010-11-20T19:00:00,2010-11-22T18:00:00,45,47.0
pm25,mlp,7104,2010-11-20T19:00:00,2010-11-22T18:00:00,45,47.0
pm25,knn,7128,2010-11-21T19:00:00,2010-11-23T18:00:00,45,47.0
pm25,mlp,7128,2010-11-21T19:00:00,2010-11-23T18:00:00,45,47.0
pm25,knn,8064,2010-12-30T21:00:00,2011-01-02T18:00:00,45,69.0
pm25,mlp,8064,2010-12-30T21:00:00,2011-01-02T18:00:00,45,69.0
pm25,knn,8088,2010-12-31T21:00:00,2011-01-03T18:00:00,45,69.0
pm25,mlp,8088,2010-12-31T21:00:00,2011-01-03T18:00:00,45,69.0
pm25,knn,8208,2011-01-06T21:00:00,2011-01-10T18:00:00,45,93.0
pm25,mlp,8208,2011-01-06T21:00:00,2011-01-10T18:00:00,45,93.0
pm25,knn,8232,2011-01-07T21:00:00,2011-01-11T18:00:00,45,93.0
pm25,mlp,8232,2011-01-07T21:00:00,2011-01-11T18:00:00,45,93.0
pm25,knn,480,2010-01-22T00:00:00,2010-01-26T17:00:00,46,113.0
pm25,mlp,480,2010-01-22T00:00:00,2010-01-26T17:00:00,46,113.0
pm25,knn,504,2010-01-23T00:00:00,2010-01-27T17:00:00,46,113.0
pm25,mlp,504,2010-01-23T00:00:00,2010-01-27T17:00:00,46,113.0
pm25,knn,936,2010-02-12T19:00:00,2010-02-14T18:00:00,46,47.0
pm25,mlp,936,2010-02-12T19:00:00,2010-02-14T18:00:00,46,47.0
pm25,knn,960,2010-02-13T19:00:00,2010-02-15T18:00:00,46,47.0
pm25,mlp,960,2010-02-13T19:00:00,2010-02-15T18:00:00,46,47.0
pm25,knn,1752,2010-03-18T20:00:00,2010-03-20T20:00:00,46,48.0
pm25,mlp,1752,2010-03-18T20:00:00,2010-03-20T20:00:00,46,48.0
pm25,knn,1776,2010-03-19T20:00:00,2010-03-21T20:00:00,46,48.0
pm25,mlp,1776,2010-03-19T20:00:00,2010-03-21T20:00:00,46,48.0
pm25,knn,1824,2010-03-21T22:00:00,2010-03-23T21:00:00,46,47.0
pm25,mlp,1824,2010-03-21T22:00:00,2010-03-23T21:00:00,46,47.0
pm25,knn,1848,2010-03-22T22:00:00,2010-03-24T21:00:00,46,47.0
pm25,mlp,1848,2010-03-22T22:00:00,2010-03-24T21:00:00,46,47.0
pm25,knn,1992,2010-03-28T23:00:00,2010-04-01T05:00:00,46,78.0
pm25,mlp,1992,2010-03-28T23:00:00,2010-04-01T05:00:00,46,78.0
pm25,knn,2016,2010-03-29T23:00:00,2010-04-02T07:00:00,46,80.0
pm25,mlp,2016,2010-03-29T23:00:00,2010-04-02T07:00:00,46,80.0
pm25,knn,2040,2010-04-01T07:00:00,2010-04-03T07:00:00,46,48.0
pm25,mlp,2040,2010-04-01T07:00:00,2010-04-03T07:00:00,46,48.0
pm25,knn,3120,2010-05-16T09:00:00,2010-05-18T09:00:00,46,48.0
pm25,mlp,3120,2010-05-16T09:00:00,2010-05-18T09:00:00,46,48.0
pm25,knn,3144,2010-05-17T09:00:00,2010-05-19T09:00:00,46,48.0
pm25,mlp,3144,2010-05-17T09:00:00,2010-05-19T09:00:00,46,48.0
pm25,knn,3360,2010-05-26T11:00:00,2010-05-28T14:00:00,46,51.0
pm25,mlp,3360,2010-05-26T11:00:00,2010-05-28T14:00:00,46,51.0
pm25,knn,3384,2010-05-27T11:00:00,2010-05-29T14:00:00,46,51.0
pm25,mlp,3384,2010-05-27T11:00:00,2010-05-29T14:00:00,46,51.0
pm25,knn,3480,2010-05-31T16:00:00,2010-06-03T10:00:00,46,66.0
pm25,mlp,3480,2010-05-31T16:00:00,2010-06-03T10:00:00,46,66.0
pm25,knn,3504,2010-06-01T17:00:00,2010-06-04T10:00:00,46,65.0
pm25,mlp,3504,2010-06-01T17:00:00,2010-06-04T10:00:00,46,65.0
pm25,knn,3528,2010-06-03T12:00:00,2010-06-09T23:00:00,46,155.0
pm25,mlp,3528,2010-06-03T12:00:00,2010-06-09T23:00:00,46,155.0
pm25,knn,3552,2010-06-07T12:00:00,2010-06-10T23:00:00,46,83.0
pm25,mlp,3552,2010-06-07T12:00:00,2010-06-10T23:00:00,46,83.0
pm25,knn,3792,2010-06-19T01:00:00,2010-06-21T01:00:00,46,48.0
pm25,mlp,3792,2010-06-19T01:00:00,2010-06-21T01:00:00,46,48.0
pm25,knn,3816,2010-06-20T01:00:00,2010-06-22T01:00:00,46,48.0
pm25,mlp,3816,2010-06-20T01:00:00,2010-06-22T01:00:00,46,48.0
pm25,knn,3840,2010-06-21T03:00:00,2010-06-24T01:00:00,46,70.0
pm25,mlp,3840,2010-06-21T03:00:00,2010-06-24T01:00:00,46,70.0
pm25,knn,3864,2010-06-22T03:00:00,2010-06-25T01:00:00,46,70.0
pm25,mlp,3864,2010-06-22T03:00:00,2010-06-25T01:00:00,46,70.0
pm25,knn,5064,2010-08-12T03:00:00,2010-08-16T21:00:00,46,114.0
pm25,mlp,5064,2010-08-12T03:00:00,2010-08-16T21:00:00,46,114.0
pm25,knn,5088,2010-08-13T03:00:00,2010-08-17T21:00:00,46,114.0
pm25,mlp,5088,2010-08-13T03:00:00,2010-08-17T21:00:00,46,114.0
pm25,knn,5688,2010-09-09T23:00:00,2010-09-12T13:00:00,46,62.0
pm25,mlp,5688,2010-09-09T23:00:00,2010-09-12T13:00:00,46,62.0
pm25,knn,5712,2010-09-10T23:00:00,2010-09-13T13:00:00,46,62.0
pm25,mlp,5712,2010-09-10T23:00:00,2010-09-13T13:00:00,46,62.0
pm25,knn,5880,2010-09-18T15:00:00,2010-09-20T18:00:00,46,51.0
pm25,mlp,5880,2010-09-18T15:00:00,2010-09-20T18:00:00,46,51.0
pm25,knn,5904,2010-09-19T15:00:00,2010-10-01T09:00:00,46,282.0
pm25,mlp,5904,2010-09-19T15:00:00,2010-10-01T09:00:00,46,282.0
pm25,knn,5928,2010-09-20T20:00:00,2010-10-02T09:00:00,46,277.0
pm25,mlp,5928,2010-09-20T20:00:00,2010-10-02T09:00:00,46,277.0
pm25,knn,6192,2010-10-11T11:00:00,2010-10-13T11:00:00,46,48.0
pm25,mlp,6192,2010-10-11T11:00:00,2010-10-13T11:00:00,46,48.0
pm25,knn,6216,2010-10-12T11:00:00,2010-10-14T11:00:00,46,48.0
pm25,mlp,6216,2010-10-12T11:00:00,2010-10-14T11:00:00,46,48.0
pm25,knn,6648,2010-10-30T13:00:00,2010-11-03T17:00:00,46,100.0
pm25,mlp,6648,2010-10-30T13:00:00,2010-11-03T17:00:00,46,100.0
pm25,knn,6672,2010-10-31T13:00:00,2010-11-04T17:00:00,46,100.0
pm25,mlp,6672,2010-10-31T13:00:00,2010-11-04T17:00:00,46,100.0
pm25,knn,7104,2010-11-20T19:00:00,2010-11-22T19:00:00,46,48.0
pm25,mlp,7104,2010-11-20T19:00:00,2010-11-22T19:00:00,46,48.0
pm25,knn,7128,2010-11-21T19:00:00,2010-11-23T19:00:00,46,48.0
pm25,mlp,7128,2010-11-21T19:00:00,2010-11-23T19:00:00,46,48.0
pm25,knn,8064,2010-12-30T21:00:00,2011-01-02T19:00:00,46,70.0
pm25,mlp,8064,2010-12-30T21:00:00,2011-01-02T19:00:00,46,70.0
pm25,knn,8088,2010-12-31T21:00:00,2011-01-03T19:00:00,46,70.0
pm25,mlp,8088,2010-12-31T21:00:00,2011-01-03T19:00:00,46,70.0
pm25,knn,8208,2011-01-06T21:00:00,2011-01-10T19:00:00,46,94.0
pm25,mlp,8208,2011-01-06T21:00:00,2011-01-10T19:00:00,46,94.0
pm25,knn,8232,2011-01-07T21:00:00,2011-01-11T19:00:00,46,94.0
pm25,mlp,8232,2011-01-07T21:00:00,2011-01-11T19:00:00,46,94.0
pm25,knn,480,2010-01-22T00:00:00,2010-01-26T18:00:00,47,114.0
pm25,mlp,480,2010-01-22T00:00:00,2010-01-26T18:00:00,47,114.0
pm25,knn,504,2010-01-23T00:00:00,2010-01-27T18:00:00,47,114.0
pm25,mlp,504,2010-01-23T00:00:00,2010-01-27T18:00:00,47,114.0
pm25,knn,936,2010-02-12T19:00:00,2010-02-14T19:00:00,47,48.0
pm25,mlp,936,2010-02-12T19:00:00,2010-02-14T19:00:00,47,48.0
pm25,knn,960,2010-02-13T19:00:00,2010-02-15T19:00:00,47,48.0
pm25,mlp,960,2010-02-13T19:00:00,2010-02-15T19:00:00,47,48.0
pm25,knn,1752,2010-03-18T20:00:00,2010-03-20T21:00:00,47,49.0
pm25,mlp,1752,2010-03-18T20:00:00,2010-03-20T21:00:00,47,49.0
pm25,knn,1776,2010-03-19T20:00:00,2010-03-21T21:00:00,47,49.0
pm25,mlp,1776,2010-03-19T20:00:00,2010-03-21T21:00:00,47,49.0
pm25,knn,1824,2010-03-21T22:00:00,2010-03-23T22:00:00,47,48.0
pm25,mlp,1824,2010-03-21T22:00:00,2010-03-23T22:00:00,47,48.0
pm25,knn,1848,2010-03-22T22:00:00,2010-03-24T22:00:00,47,48.0
pm25,mlp,1848,2010-03-22T22:00:00,2010-03-24T22:00:00,47,48.0
pm25,knn,1992,2010-03-28T23:00:00,2010-04-01T06:00:00,47,79.0
pm25,mlp,1992,2010-03-28T23:00:00,2010-04-01T06:00:00,47,79.0
pm25,knn,2016,2010-03-29T23:00:00,2010-04-02T08:00:00,47,81.0
pm25,mlp,2016,2010-03-29T23:00:00,2010-04-02T08:00:00,47,81.0
pm25,knn,2040,2010-04-01T07:00:00,2010-04-03T08:00:00,47,49.0
pm25,mlp,2040,2010-04-01T07:00:00,2010-04-03T08:00:00,47,49.0
pm25,knn,3120,2010-05-16T09:00:00,2010-05-18T10:00:00,47,49.0
pm25,mlp,3120,2010-05-16T09:00:00,2010-05-18T10:00:00,47,49.0
pm25,knn,3144,2010-05-17T09:00:00,2010-05-19T10:00:00,47,49.0
pm25,mlp,3144,2010-05-17T09:00:00,2010-05-19T10:00:00,47,49.0
pm25,knn,3360,2010-05-26T11:00:00,2010-05-28T15:00:00,47,52.0
pm25,mlp,3360,2010-05-26T11:00:00,2010-05-28T15:00:00,47,52.0
pm25,knn,3384,2010-05-27T11:00:00,2010-05-29T15:00:00,47,52.0
pm25,mlp,3384,2010-05-27T11:00:00,2010-05-29T15:00:00,47,52.0
pm25,knn,3480,2010-05-31T16:00:00,2010-06-03T11:00:00,47,67.0
pm25,mlp,3480,2010-05-31T16:00:00,2010-06-03T11:00:00,47,67.0
pm25,knn,3504,2010-06-01T17:00:00,2010-06-04T11:00:00,47,66.0
pm25,mlp,3504,2010-06-01T17:00:00,2010-06-04T11:00:00,47,66.0
pm25,knn,3528,2010-06-03T12:00:00,2010-06-10T00:00:00,47,156.0
pm25,mlp,3528,2010-06-03T12:00:00,2010-06-10T00:00:00,47,156.0
pm25,knn,3552,2010-06-07T12:00:00,2010-06-11T00:00:00,47,84.0
pm25,mlp,3552,2010-06-07T12:00:00,2010-06-11T00:00:00,47,84.0
pm25,knn,3792,2010-06-19T01:00:00,2010-06-21T02:00:00,47,49.0
pm25,mlp,3792,2010-06-19T01:00:00,2010-06-21T02:00:00,47,49.0
pm25,knn,3816,2010-06-20T01:00:00,2010-06-22T02:00:00,47,49.0
pm25,mlp,3816,2010-06-20T01:00:00,2010-06-22T02:00:00,47,49.0
pm25,knn,3840,2010-06-21T03:00:00,2010-06-24T02:00:00,47,71.0
pm25,mlp,3840,2010-06-21T03:00:00,2010-06-24T02:00:00,47,71.0
pm25,knn,3864,2010-06-22T03:00:00,2010-06-25T02:00:00,47,71.0
pm25,mlp,3864,2010-06-22T03:00:00,2010-06-25T02:00:00,47,71.0
pm25,knn,5064,2010-08-12T03:00:00,2010-08-16T22:00:00,47,115.0
pm25,mlp,5064,2010-08-12T03:00:00,2010-08-16T22:00:00,47,115.0
pm25,knn,5088,2010-08-13T03:00:00,2010-08-17T22:00:00,47,115.0
pm25,mlp,5088,2010-08-13T03:00:00,2010-08-17T22:00:00,47,115.0
pm25,knn,5688,2010-09-09T23:00:00,2010-09-12T14:00:00,47,63.0
pm25,mlp,5688,2010-09-09T23:00:00,2010-09-12T14:00:00,47,63.0
pm25,knn,5712,2010-09-10T23:00:00,2010-09-13T14:00:00,47,63.0
pm25,mlp,5712,2010-09-10T23:00:00,2010-09-13T14:00:00,47,63.0
pm25,knn,5880,2010-09-18T15:00:00,2010-09-20T19:00:00,47,52.0
pm25,mlp,5880,2010-09-18T15:00:00,2010-09-20T19:00:00,47,52.0
pm25,knn,5904,2010-09-19T15:00:00,2010-10-01T10:00:00,47,283.0
pm25,mlp,5904,2010-09-19T15:00:00,2010-10-01T10:00:00,47,283.0
pm25,knn,5928,2010-09-20T20:00:00,2010-10-02T10:00:00,47,278.0
pm25,mlp,5928,2010-09-20T20:00:00,2010-10-02T10:00:00,47,278.0
pm25,knn,6192,2010-10-11T11:00:00,2010-10-13T12:00:00,47,49.0
pm25,mlp,6192,2010-10-11T11:00:00,2010-10-13T12:00:00,47,49.0
pm25,knn,6216,2010-10-12T11:00:00,2010-10-14T12:00:00,47,49.0
pm25,mlp,6216,2010-10-12T11:00:00,2010-10-14T12:00:00,47,49.0
pm25,knn,6648,2010-10-30T13:00:00,2010-11-03T18:00:00,47,101.0
pm25,mlp,6648,2010-10-30T13:00:00,2010-11-03T18:00:00,47,101.0
pm25,knn,6672,2010-10-31T13:00:00,2010-11-04T18:00:00,47,101.0
pm25,mlp,6672,2010-10-31T13:00:00,2010-11-04T18:00:00,47,101.0
pm25,knn,7104,2010-11-20T19:00:00,2010-11-22T20:00:00,47,49.0
pm25,mlp,7104,2010-11-20T19:00:00,2010-11-22T20:00:00,47,49.0
pm25,knn,7128,2010-11-21T19:00:00,2010-11-23T20:00:00,47,49.0
pm25,mlp,7128,2010-11-21T19:00:00,2010-11-23T20:00:00,47,49.0
pm25,knn,8064,2010-12-30T21:00:00,2011-01-02T20:00:00,47,71.0
pm25,mlp,8064,2010-12-30T21:00:00,2011-01-02T20:00:00,47,71.0
pm25,knn,8088,2010-12-31T21:00:00,2011-01-03T20:00:00,47,71.0
pm25,mlp,8088,2010-12-31T21:00:00,2011-01-03T20:00:00,47,71.0
pm25,knn,8208,2011-01-06T21:00:00,2011-01-10T20:00:00,47,95.0
pm25,mlp,8208,2011-01-06T21:00:00,2011-01-10T20:00:00,47,95.0
pm25,knn,8232,2011-01-07T21:00:00,2011-01-11T20:00:00,47,95.0
pm25,mlp,8232,2011-01-07T21:00:00,2011-01-11T20:00:00,47,95.0
pm25,knn,480,2010-01-22T00:00:00,2010-01-26T19:00:00,48,115.0
pm25,mlp,480,2010-01-22T00:00:00,2010-01-26T19:00:00,48,115.0
pm25,knn,504,2010-01-23T00:00:00,2010-01-27T19:00:00,48,115.0
pm25,mlp,504,2010-01-23T00:00:00,2010-01-27T19:00:00,48,115.0
pm25,knn,936,2010-02-12T19:00:00,2010-02-14T20:00:00,48,49.0
pm25,mlp,936,2010-02-12T19:00:00,2010-02-14T20:00:00,48,49.0
pm25,knn,960,2010-02-13T19:00:00,2010-02-15T20:00:00,48,49.0
pm25,mlp,960,2010-02-13T19:00:00,2010-02-15T20:00:00,48,49.0
pm25,knn,1752,2010-03-18T20:00:00,2010-03-20T22:00:00,48,50.0
pm25,mlp,1752,2010-03-18T20:00:00,2010-03-20T22:00:00,48,50.0
pm25,knn,1776,2010-03-19T20:00:00,2010-03-21T22:00:00,48,50.0
pm25,mlp,1776,2010-03-19T20:00:00,2010-03-21T22:00:00,48,50.0
pm25,knn,1824,2010-03-21T22:00:00,2010-03-23T23:00:00,48,49.0
pm25,mlp,1824,2010-03-21T22:00:00,2010-03-23T23:00:00,48,49.0
pm25,knn,1848,2010-03-22T22:00:00,2010-03-24T23:00:00,48,49.0
pm25,mlp,1848,2010-03-22T22:00:00,2010-03-24T23:00:00,48,49.0
pm25,knn,1992,2010-03-28T23:00:00,2010-04-01T07:00:00,48,80.0
pm25,mlp,1992,2010-03-28T23:00:00,2010-04-01T07:00:00,48,80.0
pm25,knn,2016,2010-03-29T23:00:00,2010-04-02T09:00:00,48,82.0
pm25,mlp,2016,2010-03-29T23:00:00,2010-04-02T09:00:00,48,82.0
pm25,knn,2040,2010-04-01T07:00:00,2010-04-03T09:00:00,48,50.0
pm25,mlp,2040,2010-04-01T07:00:00,2010-04-03T09:00:00,48,50.0
pm25,knn,3120,2010-05-16T09:00:00,2010-05-18T11:00:00,48,50.0
pm25,mlp,3120,2010-05-16T09:00:00,2010-05-18T11:00:00,48,50.0
pm25,knn,3144,2010-05-17T09:00:00,2010-05-19T11:00:00,48,50.0
pm25,mlp,3144,2010-05-17T09:00:00,2010-05-19T11:00:00,48,50.0
pm25,knn,3360,2010-05-26T11:00:00,2010-05-28T16:00:00,48,53.0
pm25,mlp,3360,2010-05-26T11:00:00,2010-05-28T16:00:00,48,53.0
pm25,knn,3384,2010-05-27T11:00:00,2010-05-29T16:00:00,48,53.0
pm25,mlp,3384,2010-05-27T11:00:00,2010-05-29T16:00:00,48,53.0
pm25,knn,3456,2010-05-30T16:00:00,2010-06-01T17:00:00,48,49.0
pm25,mlp,3456,2010-05-30T16:00:00,2010-06-01T17:00:00,48,49.0
pm25,knn,3480,2010-05-31T16:00:00,2010-06-03T12:00:00,48,68.0
pm25,mlp,3480,2010-05-31T16:00:00,2010-06-03T12:00:00,48,68.0
pm25,knn,3504,2010-06-01T17:00:00,2010-06-07T12:00:00,48,139.0
pm25,mlp,3504,2010-06-01T17:00:00,2010-06-07T12:00:00,48,139.0
pm25,knn,3528,2010-06-03T12:00:00,2010-06-10T01:00:00,48,157.0
pm25,mlp,3528,2010-06-03T12:00:00,2010-06-10T01:00:00,48,157.0
pm25,knn,3552,2010-06-07T12:00:00,2010-06-11T01:00:00,48,85.0
pm25,mlp,3552,2010-06-07T12:00:00,2010-06-11T01:00:00,48,85.0
pm25,knn,3792,2010-06-19T01:00:00,2010-06-21T03:00:00,48,50.0
pm25,mlp,3792,2010-06-19T01:00:00,2010-06-21T03:00:00,48,50.0
pm25,knn,3816,2010-06-20T01:00:00,2010-06-22T03:00:00,48,50.0
pm25,mlp,3816,2010-06-20T01:00:00,2010-06-22T03:00:00,48,50.0
pm25,knn,3840,2010-06-21T03:00:00,2010-06-24T03:00:00,48,72.0
pm25,mlp,3840,2010-06-21T03:00:00,2010-06-24T03:00:00,48,72.0
pm25,knn,3864,2010-06-22T03:00:00,2010-06-25T03:00:00,48,72.0
pm25,mlp,3864,2010-06-22T03:00:00,2010-06-25T03:00:00,48,72.0
pm25,knn,5064,2010-08-12T03:00:00,2010-08-16T23:00:00,48,116.0
pm25,mlp,5064,2010-08-12T03:00:00,2010-08-16T23:00:00,48,116.0
pm25,knn,5088,2010-08-13T03:00:00,2010-08-17T23:00:00,48,116.0
pm25,mlp,5088,2010-08-13T03:00:00,2010-08-17T23:00:00,48,116.0
pm25,knn,5688,2010-09-09T23:00:00,2010-09-12T15:00:00,48,64.0
pm25,mlp,5688,2010-09-09T23:00:00,2010-09-12T15:00:00,48,64.0
pm25,knn,5712,2010-09-10T23:00:00,2010-09-13T15:00:00,48,64.0
pm25,mlp,5712,2010-09-10T23:00:00,2010-09-13T15:00:00,48,64.0
pm25,knn,5880,2010-09-18T15:00:00,2010-09-20T20:00:00,48,53.0
pm25,mlp,5880,2010-09-18T15:00:00,2010-09-20T20:00:00,48,53.0
pm25,knn,5904,2010-09-19T15:00:00,2010-10-01T11:00:00,48,284.0
pm25,mlp,5904,2010-09-19T15:00:00,2010-10-01T11:00:00,48,284.0
pm25,knn,5928,2010-09-20T20:00:00,2010-10-02T11:00:00,48,279.0
pm25,mlp,5928,2010-09-20T20:00:00,2010-10-02T11:00:00,48,279.0
pm25,knn,6192,2010-10-11T11:00:00,2010-10-13T13:00:00,48,50.0
pm25,mlp,6192,2010-10-11T11:00:00,2010-10-13T13:00:00,48,50.0
pm25,knn,6216,2010-10-12T11:00:00,2010-10-14T13:00:00,48,50.0
pm25,mlp,6216,2010-10-12T11:00:00,2010-10-14T13:00:00,48,50.0
pm25,knn,6648,2010-10-30T13:00:00,2010-11-03T19:00:00,48,102.0
pm25,mlp,6648,2010-10-30T13:00:00,2010-11-03T19:00:00,48,102.0
pm25,knn,6672,2010-10-31T13:00:00,2010-11-04T19:00:00,48,102.0
pm25,mlp,6672,2010-10-31T13:00:00,2010-11-04T19:00:00,48,102.0
pm25,knn,7104,2010-11-20T19:00:00,2010-11-22T21:00:00,48,50.0
pm25,mlp,7104,2010-11-20T19:00:00,2010-11-22T21:00:00,48,50.0
pm25,knn,7128,2010-11-21T19:00:00,2010-11-23T21:00:00,48,50.0
pm25,mlp,7128,2010-11-21T19:00:00,2010-11-23T21:00:00,48,50.0
pm25,knn,8064,2010-12-30T21:00:00,2011-01-02T21:00:00,48,72.0
pm25,mlp,8064,2010-12-30T21:00:00,2011-01-02T21:00:00,48,72.0
pm25,knn,8088,2010-12-31T21:00:00,2011-01-03T21:00:00,48,72.0
pm25,mlp,8088,2010-12-31T21:00:00,2011-01-03T21:00:00,48,72.0
pm25,knn,8208,2011-01-06T21:00:00,2011-01-10T21:00:00,48,96.0
pm25,mlp,8208,2011-01-06T21:00:00,2011-01-10T21:00:00,48,96.0
pm25,knn,8232,2011-01-07T21:00:00,2011-01-11T21:00:00,48,96.0
pm25,mlp,8232,2011-01-07T21:00:00,2011-01-11T21:00:00,48,96.0
pm10_bcn,lightgbm,590,2018-08-16T00:00:00,2018-08-20T00:00:00,1,4.0
pm10_bcn,ridge,590,2018-08-16T00:00:00,2018-08-20T00:00:00,1,4.0
pm10_bcn,extratrees,590,2018-08-16T00:00:00,2018-08-20T00:00:00,1,4.0
pm10_bcn,lightgbm,823,2019-04-09T00:00:00,2019-04-12T00:00:00,1,3.0
pm10_bcn,ridge,823,2019-04-09T00:00:00,2019-04-12T00:00:00,1,3.0
pm10_bcn,extratrees,823,2019-04-09T00:00:00,2019-04-12T00:00:00,1,3.0
pm10_bcn,lightgbm,1406,2020-11-14T00:00:00,2020-11-16T00:00:00,1,2.0
pm10_bcn,ridge,1406,2020-11-14T00:00:00,2020-11-16T00:00:00,1,2.0
pm10_bcn,extratrees,1406,2020-11-14T00:00:00,2020-11-16T00:00:00,1,2.0
pm10_bcn,lightgbm,1671,2021-08-07T00:00:00,2021-08-09T00:00:00,1,2.0
pm10_bcn,ridge,1671,2021-08-07T00:00:00,2021-08-09T00:00:00,1,2.0
pm10_bcn,extratrees,1671,2021-08-07T00:00:00,2021-08-09T00:00:00,1,2.0
pm10_bcn,lightgbm,1680,2021-08-17T00:00:00,2021-08-20T00:00:00,1,3.0
pm10_bcn,ridge,1680,2021-08-17T00:00:00,2021-08-20T00:00:00,1,3.0
pm10_bcn,extratrees,1680,2021-08-17T00:00:00,2021-08-20T00:00:00,1,3.0
pm10_bcn,lightgbm,1954,2022-05-20T00:00:00,2022-05-23T00:00:00,1,3.0
pm10_bcn,ridge,1954,2022-05-20T00:00:00,2022-05-23T00:00:00,1,3.0
pm10_bcn,extratrees,1954,2022-05-20T00:00:00,2022-05-23T00:00:00,1,3.0
pm10_bcn,lightgbm,1979,2022-06-16T00:00:00,2022-06-28T00:00:00,1,12.0
pm10_bcn,ridge,1979,2022-06-16T00:00:00,2022-06-28T00:00:00,1,12.0
pm10_bcn,extratrees,1979,2022-06-16T00:00:00,2022-06-28T00:00:00,1,12.0
pm10_bcn,lightgbm,2005,2022-07-23T00:00:00,2022-07-25T00:00:00,1,2.0
pm10_bcn,ridge,2005,2022-07-23T00:00:00,2022-07-25T00:00:00,1,2.0
pm10_bcn,extratrees,2005,2022-07-23T00:00:00,2022-07-25T00:00:00,1,2.0
pm10_bcn,lightgbm,2205,2023-02-09T00:00:00,2023-04-19T00:00:00,1,69.0
pm10_bcn,ridge,2205,2023-02-09T00:00:00,2023-04-19T00:00:00,1,69.0
pm10_bcn,extratrees,2205,2023-02-09T00:00:00,2023-04-19T00:00:00,1,69.0
pm10_bcn,lightgbm,2614,2024-05-31T00:00:00,2024-06-03T00:00:00,1,3.0
pm10_bcn,ridge,2614,2024-05-31T00:00:00,2024-06-03T00:00:00,1,3.0
pm10_bcn,extratrees,2614,2024-05-31T00:00:00,2024-06-03T00:00:00,1,3.0
pm10_bcn,lightgbm,589,2018-08-15T00:00:00,2018-08-20T00:00:00,2,5.0
pm10_bcn,ridge,589,2018-08-15T00:00:00,2018-08-20T00:00:00,2,5.0
pm10_bcn,extratrees,589,2018-08-15T00:00:00,2018-08-20T00:00:00,2,5.0
pm10_bcn,lightgbm,590,2018-08-16T00:00:00,2018-08-21T00:00:00,2,5.0
pm10_bcn,ridge,590,2018-08-16T00:00:00,2018-08-21T00:00:00,2,5.0
pm10_bcn,extratrees,590,2018-08-16T00:00:00,2018-08-21T00:00:00,2,5.0
pm10_bcn,lightgbm,822,2019-04-08T00:00:00,2019-04-12T00:00:00,2,4.0
pm10_bcn,ridge,822,2019-04-08T00:00:00,2019-04-12T00:00:00,2,4.0
pm10_bcn,extratrees,822,2019-04-08T00:00:00,2019-04-12T00:00:00,2,4.0
pm10_bcn,lightgbm,823,2019-04-09T00:00:00,2019-04-13T00:00:00,2,4.0
pm10_bcn,ridge,823,2019-04-09T00:00:00,2019-04-13T00:00:00,2,4.0
pm10_bcn,extratrees,823,2019-04-09T00:00:00,2019-04-13T00:00:00,2,4.0
pm10_bcn,lightgbm,1405,2020-11-13T00:00:00,2020-11-16T00:00:00,2,3.0
pm10_bcn,ridge,1405,2020-11-13T00:00:00,2020-11-16T00:00:00,2,3.0
pm10_bcn,extratrees,1405,2020-11-13T00:00:00,2020-11-16T00:00:00,2,3.0
pm10_bcn,lightgbm,1406,2020-11-14T00:00:00,2020-11-17T00:00:00,2,3.0
pm10_bcn,ridge,1406,2020-11-14T00:00:00,2020-11-17T00:00:00,2,3.0
pm10_bcn,extratrees,1406,2020-11-14T00:00:00,2020-11-17T00:00:00,2,3.0
pm10_bcn,lightgbm,1670,2021-08-06T00:00:00,2021-08-09T00:00:00,2,3.0
pm10_bcn,ridge,1670,2021-08-06T00:00:00,2021-08-09T00:00:00,2,3.0
pm10_bcn,extratrees,1670,2021-08-06T00:00:00,2021-08-09T00:00:00,2,3.0
pm10_bcn,lightgbm,1671,2021-08-07T00:00:00,2021-08-10T00:00:00,2,3.0
pm10_bcn,ridge,1671,2021-08-07T00:00:00,2021-08-10T00:00:00,2,3.0
pm10_bcn,extratrees,1671,2021-08-07T00:00:00,2021-08-10T00:00:00,2,3.0
pm10_bcn,lightgbm,1679,2021-08-16T00:00:00,2021-08-20T00:00:00,2,4.0
pm10_bcn,ridge,1679,2021-08-16T00:00:00,2021-08-20T00:00:00,2,4.0
pm10_bcn,extratrees,1679,2021-08-16T00:00:00,2021-08-20T00:00:00,2,4.0
pm10_bcn,lightgbm,1680,2021-08-17T00:00:00,2021-08-21T00:00:00,2,4.0
pm10_bcn,ridge,1680,2021-08-17T00:00:00,2021-08-21T00:00:00,2,4.0
pm10_bcn,extratrees,1680,2021-08-17T00:00:00,2021-08-21T00:00:00,2,4.0
pm10_bcn,lightgbm,1953,2022-05-19T00:00:00,2022-05-23T00:00:00,2,4.0
pm10_bcn,ridge,1953,2022-05-19T00:00:00,2022-05-23T00:00:00,2,4.0
pm10_bcn,extratrees,1953,2022-05-19T00:00:00,2022-05-23T00:00:00,2,4.0
pm10_bcn,lightgbm,1954,2022-05-20T00:00:00,2022-05-24T00:00:00,2,4.0
pm10_bcn,ridge,1954,2022-05-20T00:00:00,2022-05-24T00:00:00,2,4.0
pm10_bcn,extratrees,1954,2022-05-20T00:00:00,2022-05-24T00:00:00,2,4.0
pm10_bcn,lightgbm,1978,2022-06-15T00:00:00,2022-06-28T00:00:00,2,13.0
pm10_bcn,ridge,1978,2022-06-15T00:00:00,2022-06-28T00:00:00,2,13.0
pm10_bcn,extratrees,1978,2022-06-15T00:00:00,2022-06-28T00:00:00,2,13.0
pm10_bcn,lightgbm,1979,2022-06-16T00:00:00,2022-06-29T00:00:00,2,13.0
pm10_bcn,ridge,1979,2022-06-16T00:00:00,2022-06-29T00:00:00,2,13.0
pm10_bcn,extratrees,1979,2022-06-16T00:00:00,2022-06-29T00:00:00,2,13.0
pm10_bcn,lightgbm,2004,2022-07-22T00:00:00,2022-07-25T00:00:00,2,3.0
pm10_bcn,ridge,2004,2022-07-22T00:00:00,2022-07-25T00:00:00,2,3.0
pm10_bcn,extratrees,2004,2022-07-22T00:00:00,2022-07-25T00:00:00,2,3.0
pm10_bcn,lightgbm,2005,2022-07-23T00:00:00,2022-07-26T00:00:00,2,3.0
pm10_bcn,ridge,2005,2022-07-23T00:00:00,2022-07-26T00:00:00,2,3.0
pm10_bcn,extratrees,2005,2022-07-23T00:00:00,2022-07-26T00:00:00,2,3.0
pm10_bcn,lightgbm,2204,2023-02-08T00:00:00,2023-04-19T00:00:00,2,70.0
pm10_bcn,ridge,2204,2023-02-08T00:00:00,2023-04-19T00:00:00,2,70.0
pm10_bcn,extratrees,2204,2023-02-08T00:00:00,2023-04-19T00:00:00,2,70.0
pm10_bcn,lightgbm,2205,2023-02-09T00:00:00,2023-04-20T00:00:00,2,70.0
pm10_bcn,ridge,2205,2023-02-09T00:00:00,2023-04-20T00:00:00,2,70.0
pm10_bcn,extratrees,2205,2023-02-09T00:00:00,2023-04-20T00:00:00,2,70.0
pm10_bcn,lightgbm,2613,2024-05-30T00:00:00,2024-06-03T00:00:00,2,4.0
pm10_bcn,ridge,2613,2024-05-30T00:00:00,2024-06-03T00:00:00,2,4.0
pm10_bcn,extratrees,2613,2024-05-30T00:00:00,2024-06-03T00:00:00,2,4.0
pm10_bcn,lightgbm,2614,2024-05-31T00:00:00,2024-06-04T00:00:00,2,4.0
pm10_bcn,ridge,2614,2024-05-31T00:00:00,2024-06-04T00:00:00,2,4.0
pm10_bcn,extratrees,2614,2024-05-31T00:00:00,2024-06-04T00:00:00,2,4.0
pm10_bcn,lightgbm,588,2018-08-14T00:00:00,2018-08-20T00:00:00,3,6.0
pm10_bcn,ridge,588,2018-08-14T00:00:00,2018-08-20T00:00:00,3,6.0
pm10_bcn,extratrees,588,2018-08-14T00:00:00,2018-08-20T00:00:00,3,6.0
pm10_bcn,lightgbm,589,2018-08-15T00:00:00,2018-08-21T00:00:00,3,6.0
pm10_bcn,ridge,589,2018-08-15T00:00:00,2018-08-21T00:00:00,3,6.0
pm10_bcn,extratrees,589,2018-08-15T00:00:00,2018-08-21T00:00:00,3,6.0
pm10_bcn,lightgbm,590,2018-08-16T00:00:00,2018-08-22T00:00:00,3,6.0
pm10_bcn,ridge,590,2018-08-16T00:00:00,2018-08-22T00:00:00,3,6.0
pm10_bcn,extratrees,590,2018-08-16T00:00:00,2018-08-22T00:00:00,3,6.0
pm10_bcn,lightgbm,821,2019-04-07T00:00:00,2019-04-12T00:00:00,3,5.0
pm10_bcn,ridge,821,2019-04-07T00:00:00,2019-04-12T00:00:00,3,5.0
pm10_bcn,extratrees,821,2019-04-07T00:00:00,2019-04-12T00:00:00,3,5.0
pm10_bcn,lightgbm,822,2019-04-08T00:00:00,2019-04-13T00:00:00,3,5.0
pm10_bcn,ridge,822,2019-04-08T00:00:00,2019-04-13T00:00:00,3,5.0
pm10_bcn,extratrees,822,2019-04-08T00:00:00,2019-04-13T00:00:00,3,5.0
pm10_bcn,lightgbm,823,2019-04-09T00:00:00,2019-04-14T00:00:00,3,5.0
pm10_bcn,ridge,823,2019-04-09T00:00:00,2019-04-14T00:00:00,3,5.0
pm10_bcn,extratrees,823,2019-04-09T00:00:00,2019-04-14T00:00:00,3,5.0
pm10_bcn,lightgbm,1404,2020-11-12T00:00:00,2020-11-16T00:00:00,3,4.0
pm10_bcn,ridge,1404,2020-11-12T00:00:00,2020-11-16T00:00:00,3,4.0
pm10_bcn,extratrees,1404,2020-11-12T00:00:00,2020-11-16T00:00:00,3,4.0
pm10_bcn,lightgbm,1405,2020-11-13T00:00:00,2020-11-17T00:00:00,3,4.0
pm10_bcn,ridge,1405,2020-11-13T00:00:00,2020-11-17T00:00:00,3,4.0
pm10_bcn,extratrees,1405,2020-11-13T00:00:00,2020-11-17T00:00:00,3,4.0
pm10_bcn,lightgbm,1406,2020-11-14T00:00:00,2020-11-18T00:00:00,3,4.0
pm10_bcn,ridge,1406,2020-11-14T00:00:00,2020-11-18T00:00:00,3,4.0
pm10_bcn,extratrees,1406,2020-11-14T00:00:00,2020-11-18T00:00:00,3,4.0
pm10_bcn,lightgbm,1669,2021-08-05T00:00:00,2021-08-09T00:00:00,3,4.0
pm10_bcn,ridge,1669,2021-08-05T00:00:00,2021-08-09T00:00:00,3,4.0
pm10_bcn,extratrees,1669,2021-08-05T00:00:00,2021-08-09T00:00:00,3,4.0
pm10_bcn,lightgbm,1670,2021-08-06T00:00:00,2021-08-10T00:00:00,3,4.0
pm10_bcn,ridge,1670,2021-08-06T00:00:00,2021-08-10T00:00:00,3,4.0
pm10_bcn,extratrees,1670,2021-08-06T00:00:00,2021-08-10T00:00:00,3,4.0
pm10_bcn,lightgbm,1671,2021-08-07T00:00:00,2021-08-11T00:00:00,3,4.0
pm10_bcn,ridge,1671,2021-08-07T00:00:00,2021-08-11T00:00:00,3,4.0
pm10_bcn,extratrees,1671,2021-08-07T00:00:00,2021-08-11T00:00:00,3,4.0
pm10_bcn,lightgbm,1678,2021-08-15T00:00:00,2021-08-20T00:00:00,3,5.0
pm10_bcn,ridge,1678,2021-08-15T00:00:00,2021-08-20T00:00:00,3,5.0
pm10_bcn,extratrees,1678,2021-08-15T00:00:00,2021-08-20T00:00:00,3,5.0
pm10_bcn,lightgbm,1679,2021-08-16T00:00:00,2021-08-21T00:00:00,3,5.0
pm10_bcn,ridge,1679,2021-08-16T00:00:00,2021-08-21T00:00:00,3,5.0
pm10_bcn,extratrees,1679,2021-08-16T00:00:00,2021-08-21T00:00:00,3,5.0
pm10_bcn,lightgbm,1680,2021-08-17T00:00:00,2021-08-22T00:00:00,3,5.0
pm10_bcn,ridge,1680,2021-08-17T00:00:00,2021-08-22T00:00:00,3,5.0
pm10_bcn,extratrees,1680,2021-08-17T00:00:00,2021-08-22T00:00:00,3,5.0
pm10_bcn,lightgbm,1952,2022-05-18T00:00:00,2022-05-23T00:00:00,3,5.0
pm10_bcn,ridge,1952,2022-05-18T00:00:00,2022-05-23T00:00:00,3,5.0
pm10_bcn,extratrees,1952,2022-05-18T00:00:00,2022-05-23T00:00:00,3,5.0
pm10_bcn,lightgbm,1953,2022-05-19T00:00:00,2022-05-24T00:00:00,3,5.0
pm10_bcn,ridge,1953,2022-05-19T00:00:00,2022-05-24T00:00:00,3,5.0
pm10_bcn,extratrees,1953,2022-05-19T00:00:00,2022-05-24T00:00:00,3,5.0
pm10_bcn,lightgbm,1954,2022-05-20T00:00:00,2022-05-25T00:00:00,3,5.0
pm10_bcn,ridge,1954,2022-05-20T00:00:00,2022-05-25T00:00:00,3,5.0
pm10_bcn,extratrees,1954,2022-05-20T00:00:00,2022-05-25T00:00:00,3,5.0
pm10_bcn,lightgbm,1977,2022-06-14T00:00:00,2022-06-28T00:00:00,3,14.0
pm10_bcn,ridge,1977,2022-06-14T00:00:00,2022-06-28T00:00:00,3,14.0
pm10_bcn,extratrees,1977,2022-06-14T00:00:00,2022-06-28T00:00:00,3,14.0
pm10_bcn,lightgbm,1978,2022-06-15T00:00:00,2022-06-29T00:00:00,3,14.0
pm10_bcn,ridge,1978,2022-06-15T00:00:00,2022-06-29T00:00:00,3,14.0
pm10_bcn,extratrees,1978,2022-06-15T00:00:00,2022-06-29T00:00:00,3,14.0
pm10_bcn,lightgbm,1979,2022-06-16T00:00:00,2022-06-30T00:00:00,3,14.0
pm10_bcn,ridge,1979,2022-06-16T00:00:00,2022-06-30T00:00:00,3,14.0
pm10_bcn,extratrees,1979,2022-06-16T00:00:00,2022-06-30T00:00:00,3,14.0
pm10_bcn,lightgbm,2003,2022-07-21T00:00:00,2022-07-25T00:00:00,3,4.0
pm10_bcn,ridge,2003,2022-07-21T00:00:00,2022-07-25T00:00:00,3,4.0
pm10_bcn,extratrees,2003,2022-07-21T00:00:00,2022-07-25T00:00:00,3,4.0
pm10_bcn,lightgbm,2004,2022-07-22T00:00:00,2022-07-26T00:00:00,3,4.0
pm10_bcn,ridge,2004,2022-07-22T00:00:00,2022-07-26T00:00:00,3,4.0
pm10_bcn,extratrees,2004,2022-07-22T00:00:00,2022-07-26T00:00:00,3,4.0
pm10_bcn,lightgbm,2005,2022-07-23T00:00:00,2022-07-27T00:00:00,3,4.0
pm10_bcn,ridge,2005,2022-07-23T00:00:00,2022-07-27T00:00:00,3,4.0
pm10_bcn,extratrees,2005,2022-07-23T00:00:00,2022-07-27T00:00:00,3,4.0
pm10_bcn,lightgbm,2203,2023-02-07T00:00:00,2023-04-19T00:00:00,3,71.0
pm10_bcn,ridge,2203,2023-02-07T00:00:00,2023-04-19T00:00:00,3,71.0
pm10_bcn,extratrees,2203,2023-02-07T00:00:00,2023-04-19T00:00:00,3,71.0
pm10_bcn,lightgbm,2204,2023-02-08T00:00:00,2023-04-20T00:00:00,3,71.0
pm10_bcn,ridge,2204,2023-02-08T00:00:00,2023-04-20T00:00:00,3,71.0
pm10_bcn,extratrees,2204,2023-02-08T00:00:00,2023-04-20T00:00:00,3,71.0
pm10_bcn,lightgbm,2205,2023-02-09T00:00:00,2023-04-21T00:00:00,3,71.0
pm10_bcn,ridge,2205,2023-02-09T00:00:00,2023-04-21T00:00:00,3,71.0
pm10_bcn,extratrees,2205,2023-02-09T00:00:00,2023-04-21T00:00:00,3,71.0
pm10_bcn,lightgbm,2612,2024-05-29T00:00:00,2024-06-03T00:00:00,3,5.0
pm10_bcn,ridge,2612,2024-05-29T00:00:00,2024-06-03T00:00:00,3,5.0
pm10_bcn,extratrees,2612,2024-05-29T00:00:00,2024-06-03T00:00:00,3,5.0
pm10_bcn,lightgbm,2613,2024-05-30T00:00:00,2024-06-04T00:00:00,3,5.0
pm10_bcn,ridge,2613,2024-05-30T00:00:00,2024-06-04T00:00:00,3,5.0
pm10_bcn,extratrees,2613,2024-05-30T00:00:00,2024-06-04T00:00:00,3,5.0
pm10_bcn,lightgbm,2614,2024-05-31T00:00:00,2024-06-05T00:00:00,3,5.0
pm10_bcn,ridge,2614,2024-05-31T00:00:00,2024-06-05T00:00:00,3,5.0
pm10_bcn,extratrees,2614,2024-05-31T00:00:00,2024-06-05T00:00:00,3,5.0
pm10_bcn,lightgbm,587,2018-08-13T00:00:00,2018-08-20T00:00:00,4,7.0
pm10_bcn,ridge,587,2018-08-13T00:00:00,2018-08-20T00:00:00,4,7.0
pm10_bcn,extratrees,587,2018-08-13T00:00:00,2018-08-20T00:00:00,4,7.0
pm10_bcn,lightgbm,588,2018-08-14T00:00:00,2018-08-21T00:00:00,4,7.0
pm10_bcn,ridge,588,2018-08-14T00:00:00,2018-08-21T00:00:00,4,7.0
pm10_bcn,extratrees,588,2018-08-14T00:00:00,2018-08-21T00:00:00,4,7.0
pm10_bcn,lightgbm,589,2018-08-15T00:00:00,2018-08-22T00:00:00,4,7.0
pm10_bcn,ridge,589,2018-08-15T00:00:00,2018-08-22T00:00:00,4,7.0
pm10_bcn,extratrees,589,2018-08-15T00:00:00,2018-08-22T00:00:00,4,7.0
pm10_bcn,lightgbm,590,2018-08-16T00:00:00,2018-08-23T00:00:00,4,7.0
pm10_bcn,ridge,590,2018-08-16T00:00:00,2018-08-23T00:00:00,4,7.0
pm10_bcn,extratrees,590,2018-08-16T00:00:00,2018-08-23T00:00:00,4,7.0
pm10_bcn,lightgbm,820,2019-04-06T00:00:00,2019-04-12T00:00:00,4,6.0
pm10_bcn,ridge,820,2019-04-06T00:00:00,2019-04-12T00:00:00,4,6.0
pm10_bcn,extratrees,820,2019-04-06T00:00:00,2019-04-12T00:00:00,4,6.0
pm10_bcn,lightgbm,821,2019-04-07T00:00:00,2019-04-13T00:00:00,4,6.0
pm10_bcn,ridge,821,2019-04-07T00:00:00,2019-04-13T00:00:00,4,6.0
pm10_bcn,extratrees,821,2019-04-07T00:00:00,2019-04-13T00:00:00,4,6.0
pm10_bcn,lightgbm,822,2019-04-08T00:00:00,2019-04-14T00:00:00,4,6.0
pm10_bcn,ridge,822,2019-04-08T00:00:00,2019-04-14T00:00:00,4,6.0
pm10_bcn,extratrees,822,2019-04-08T00:00:00,2019-04-14T00:00:00,4,6.0
pm10_bcn,lightgbm,823,2019-04-09T00:00:00,2019-04-15T00:00:00,4,6.0
pm10_bcn,ridge,823,2019-04-09T00:00:00,2019-04-15T00:00:00,4,6.0
pm10_bcn,extratrees,823,2019-04-09T00:00:00,2019-04-15T00:00:00,4,6.0
pm10_bcn,lightgbm,1403,2020-11-11T00:00:00,2020-11-16T00:00:00,4,5.0
pm10_bcn,ridge,1403,2020-11-11T00:00:00,2020-11-16T00:00:00,4,5.0
pm10_bcn,extratrees,1403,2020-11-11T00:00:00,2020-11-16T00:00:00,4,5.0
pm10_bcn,lightgbm,1404,2020-11-12T00:00:00,2020-11-17T00:00:00,4,5.0
pm10_bcn,ridge,1404,2020-11-12T00:00:00,2020-11-17T00:00:00,4,5.0
pm10_bcn,extratrees,1404,2020-11-12T00:00:00,2020-11-17T00:00:00,4,5.0
pm10_bcn,lightgbm,1405,2020-11-13T00:00:00,2020-11-18T00:00:00,4,5.0
pm10_bcn,ridge,1405,2020-11-13T00:00:00,2020-11-18T00:00:00,4,5.0
pm10_bcn,extratrees,1405,2020-11-13T00:00:00,2020-11-18T00:00:00,4,5.0
pm10_bcn,lightgbm,1406,2020-11-14T00:00:00,2020-11-19T00:00:00,4,5.0
pm10_bcn,ridge,1406,2020-11-14T00:00:00,2020-11-19T00:00:00,4,5.0
pm10_bcn,extratrees,1406,2020-11-14T00:00:00,2020-11-19T00:00:00,4,5.0
pm10_bcn,lightgbm,1668,2021-08-04T00:00:00,2021-08-09T00:00:00,4,5.0
pm10_bcn,ridge,1668,2021-08-04T00:00:00,2021-08-09T00:00:00,4,5.0
pm10_bcn,extratrees,1668,2021-08-04T00:00:00,2021-08-09T00:00:00,4,5.0
pm10_bcn,lightgbm,1669,2021-08-05T00:00:00,2021-08-10T00:00:00,4,5.0
pm10_bcn,ridge,1669,2021-08-05T00:00:00,2021-08-10T00:00:00,4,5.0
pm10_bcn,extratrees,1669,2021-08-05T00:00:00,2021-08-10T00:00:00,4,5.0
pm10_bcn,lightgbm,1670,2021-08-06T00:00:00,2021-08-11T00:00:00,4,5.0
pm10_bcn,ridge,1670,2021-08-06T00:00:00,2021-08-11T00:00:00,4,5.0
pm10_bcn,extratrees,1670,2021-08-06T00:00:00,2021-08-11T00:00:00,4,5.0
pm10_bcn,lightgbm,1671,2021-08-07T00:00:00,2021-08-12T00:00:00,4,5.0
pm10_bcn,ridge,1671,2021-08-07T00:00:00,2021-08-12T00:00:00,4,5.0
pm10_bcn,extratrees,1671,2021-08-07T00:00:00,2021-08-12T00:00:00,4,5.0
pm10_bcn,lightgbm,1677,2021-08-14T00:00:00,2021-08-20T00:00:00,4,6.0
pm10_bcn,ridge,1677,2021-08-14T00:00:00,2021-08-20T00:00:00,4,6.0
pm10_bcn,extratrees,1677,2021-08-14T00:00:00,2021-08-20T00:00:00,4,6.0
pm10_bcn,lightgbm,1678,2021-08-15T00:00:00,2021-08-21T00:00:00,4,6.0
pm10_bcn,ridge,1678,2021-08-15T00:00:00,2021-08-21T00:00:00,4,6.0
pm10_bcn,extratrees,1678,2021-08-15T00:00:00,2021-08-21T00:00:00,4,6.0
pm10_bcn,lightgbm,1679,2021-08-16T00:00:00,2021-08-22T00:00:00,4,6.0
pm10_bcn,ridge,1679,2021-08-16T00:00:00,2021-08-22T00:00:00,4,6.0
pm10_bcn,extratrees,1679,2021-08-16T00:00:00,2021-08-22T00:00:00,4,6.0
pm10_bcn,lightgbm,1680,2021-08-17T00:00:00,2021-08-23T00:00:00,4,6.0
pm10_bcn,ridge,1680,2021-08-17T00:00:00,2021-08-23T00:00:00,4,6.0
pm10_bcn,extratrees,1680,2021-08-17T00:00:00,2021-08-23T00:00:00,4,6.0
pm10_bcn,lightgbm,1951,2022-05-17T00:00:00,2022-05-23T00:00:00,4,6.0
pm10_bcn,ridge,1951,2022-05-17T00:00:00,2022-05-23T00:00:00,4,6.0
pm10_bcn,extratrees,1951,2022-05-17T00:00:00,2022-05-23T00:00:00,4,6.0
pm10_bcn,lightgbm,1952,2022-05-18T00:00:00,2022-05-24T00:00:00,4,6.0
pm10_bcn,ridge,1952,2022-05-18T00:00:00,2022-05-24T00:00:00,4,6.0
pm10_bcn,extratrees,1952,2022-05-18T00:00:00,2022-05-24T00:00:00,4,6.0
pm10_bcn,lightgbm,1953,2022-05-19T00:00:00,2022-05-25T00:00:00,4,6.0
pm10_bcn,ridge,1953,2022-05-19T00:00:00,2022-05-25T00:00:00,4,6.0
pm10_bcn,extratrees,1953,2022-05-19T00:00:00,2022-05-25T00:00:00,4,6.0
pm10_bcn,lightgbm,1954,2022-05-20T00:00:00,2022-05-26T00:00:00,4,6.0
pm10_bcn,ridge,1954,2022-05-20T00:00:00,2022-05-26T00:00:00,4,6.0
pm10_bcn,extratrees,1954,2022-05-20T00:00:00,2022-05-26T00:00:00,4,6.0
pm10_bcn,lightgbm,1976,2022-06-13T00:00:00,2022-06-28T00:00:00,4,15.0
pm10_bcn,ridge,1976,2022-06-13T00:00:00,2022-06-28T00:00:00,4,15.0
pm10_bcn,extratrees,1976,2022-06-13T00:00:00,2022-06-28T00:00:00,4,15.0
pm10_bcn,lightgbm,1977,2022-06-14T00:00:00,2022-06-29T00:00:00,4,15.0
pm10_bcn,ridge,1977,2022-06-14T00:00:00,2022-06-29T00:00:00,4,15.0
pm10_bcn,extratrees,1977,2022-06-14T00:00:00,2022-06-29T00:00:00,4,15.0
pm10_bcn,lightgbm,1978,2022-06-15T00:00:00,2022-06-30T00:00:00,4,15.0
pm10_bcn,ridge,1978,2022-06-15T00:00:00,2022-06-30T00:00:00,4,15.0
pm10_bcn,extratrees,1978,2022-06-15T00:00:00,2022-06-30T00:00:00,4,15.0
pm10_bcn,lightgbm,1979,2022-06-16T00:00:00,2022-07-01T00:00:00,4,15.0
pm10_bcn,ridge,1979,2022-06-16T00:00:00,2022-07-01T00:00:00,4,15.0
pm10_bcn,extratrees,1979,2022-06-16T00:00:00,2022-07-01T00:00:00,4,15.0
pm10_bcn,lightgbm,2002,2022-07-20T00:00:00,2022-07-25T00:00:00,4,5.0
pm10_bcn,ridge,2002,2022-07-20T00:00:00,2022-07-25T00:00:00,4,5.0
pm10_bcn,extratrees,2002,2022-07-20T00:00:00,2022-07-25T00:00:00,4,5.0
pm10_bcn,lightgbm,2003,2022-07-21T00:00:00,2022-07-26T00:00:00,4,5.0
pm10_bcn,ridge,2003,2022-07-21T00:00:00,2022-07-26T00:00:00,4,5.0
pm10_bcn,extratrees,2003,2022-07-21T00:00:00,2022-07-26T00:00:00,4,5.0
pm10_bcn,lightgbm,2004,2022-07-22T00:00:00,2022-07-27T00:00:00,4,5.0
pm10_bcn,ridge,2004,2022-07-22T00:00:00,2022-07-27T00:00:00,4,5.0
pm10_bcn,extratrees,2004,2022-07-22T00:00:00,2022-07-27T00:00:00,4,5.0
pm10_bcn,lightgbm,2005,2022-07-23T00:00:00,2022-07-28T00:00:00,4,5.0
pm10_bcn,ridge,2005,2022-07-23T00:00:00,2022-07-28T00:00:00,4,5.0
pm10_bcn,extratrees,2005,2022-07-23T00:00:00,2022-07-28T00:00:00,4,5.0
pm10_bcn,lightgbm,2202,2023-02-06T00:00:00,2023-04-19T00:00:00,4,72.0
pm10_bcn,ridge,2202,2023-02-06T00:00:00,2023-04-19T00:00:00,4,72.0
pm10_bcn,extratrees,2202,2023-02-06T00:00:00,2023-04-19T00:00:00,4,72.0
pm10_bcn,lightgbm,2203,2023-02-07T00:00:00,2023-04-20T00:00:00,4,72.0
pm10_bcn,ridge,2203,2023-02-07T00:00:00,2023-04-20T00:00:00,4,72.0
pm10_bcn,extratrees,2203,2023-02-07T00:00:00,2023-04-20T00:00:00,4,72.0
pm10_bcn,lightgbm,2204,2023-02-08T00:00:00,2023-04-21T00:00:00,4,72.0
pm10_bcn,ridge,2204,2023-02-08T00:00:00,2023-04-21T00:00:00,4,72.0
pm10_bcn,extratrees,2204,2023-02-08T00:00:00,2023-04-21T00:00:00,4,72.0
pm10_bcn,lightgbm,2205,2023-02-09T00:00:00,2023-04-22T00:00:00,4,72.0
pm10_bcn,ridge,2205,2023-02-09T00:00:00,2023-04-22T00:00:00,4,72.0
pm10_bcn,extratrees,2205,2023-02-09T00:00:00,2023-04-22T00:00:00,4,72.0
pm10_bcn,lightgbm,2611,2024-05-28T00:00:00,2024-06-03T00:00:00,4,6.0
pm10_bcn,ridge,2611,2024-05-28T00:00:00,2024-06-03T00:00:00,4,6.0
pm10_bcn,extratrees,2611,2024-05-28T00:00:00,2024-06-03T00:00:00,4,6.0
pm10_bcn,lightgbm,2612,2024-05-29T00:00:00,2024-06-04T00:00:00,4,6.0
pm10_bcn,ridge,2612,2024-05-29T00:00:00,2024-06-04T00:00:00,4,6.0
pm10_bcn,extratrees,2612,2024-05-29T00:00:00,2024-06-04T00:00:00,4,6.0
pm10_bcn,lightgbm,2613,2024-05-30T00:00:00,2024-06-05T00:00:00,4,6.0
pm10_bcn,ridge,2613,2024-05-30T00:00:00,2024-06-05T00:00:00,4,6.0
pm10_bcn,extratrees,2613,2024-05-30T00:00:00,2024-06-05T00:00:00,4,6.0
pm10_bcn,lightgbm,2614,2024-05-31T00:00:00,2024-06-06T00:00:00,4,6.0
pm10_bcn,ridge,2614,2024-05-31T00:00:00,2024-06-06T00:00:00,4,6.0
pm10_bcn,extratrees,2614,2024-05-31T00:00:00,2024-06-06T00:00:00,4,6.0
pm10_bcn,lightgbm,586,2018-08-12T00:00:00,2018-08-20T00:00:00,5,8.0
pm10_bcn,ridge,586,2018-08-12T00:00:00,2018-08-20T00:00:00,5,8.0
pm10_bcn,extratrees,586,2018-08-12T00:00:00,2018-08-20T00:00:00,5,8.0
pm10_bcn,lightgbm,587,2018-08-13T00:00:00,2018-08-21T00:00:00,5,8.0
pm10_bcn,ridge,587,2018-08-13T00:00:00,2018-08-21T00:00:00,5,8.0
pm10_bcn,extratrees,587,2018-08-13T00:00:00,2018-08-21T00:00:00,5,8.0
pm10_bcn,lightgbm,588,2018-08-14T00:00:00,2018-08-22T00:00:00,5,8.0
pm10_bcn,ridge,588,2018-08-14T00:00:00,2018-08-22T00:00:00,5,8.0
pm10_bcn,extratrees,588,2018-08-14T00:00:00,2018-08-22T00:00:00,5,8.0
pm10_bcn,lightgbm,589,2018-08-15T00:00:00,2018-08-23T00:00:00,5,8.0
pm10_bcn,ridge,589,2018-08-15T00:00:00,2018-08-23T00:00:00,5,8.0
pm10_bcn,extratrees,589,2018-08-15T00:00:00,2018-08-23T00:00:00,5,8.0
pm10_bcn,lightgbm,590,2018-08-16T00:00:00,2018-08-24T00:00:00,5,8.0
pm10_bcn,ridge,590,2018-08-16T00:00:00,2018-08-24T00:00:00,5,8.0
pm10_bcn,extratrees,590,2018-08-16T00:00:00,2018-08-24T00:00:00,5,8.0
pm10_bcn,lightgbm,819,2019-04-05T00:00:00,2019-04-12T00:00:00,5,7.0
pm10_bcn,ridge,819,2019-04-05T00:00:00,2019-04-12T00:00:00,5,7.0
pm10_bcn,extratrees,819,2019-04-05T00:00:00,2019-04-12T00:00:00,5,7.0
pm10_bcn,lightgbm,820,2019-04-06T00:00:00,2019-04-13T00:00:00,5,7.0
pm10_bcn,ridge,820,2019-04-06T00:00:00,2019-04-13T00:00:00,5,7.0
pm10_bcn,extratrees,820,2019-04-06T00:00:00,2019-04-13T00:00:00,5,7.0
pm10_bcn,lightgbm,821,2019-04-07T00:00:00,2019-04-14T00:00:00,5,7.0
pm10_bcn,ridge,821,2019-04-07T00:00:00,2019-04-14T00:00:00,5,7.0
pm10_bcn,extratrees,821,2019-04-07T00:00:00,2019-04-14T00:00:00,5,7.0
pm10_bcn,lightgbm,822,2019-04-08T00:00:00,2019-04-15T00:00:00,5,7.0
pm10_bcn,ridge,822,2019-04-08T00:00:00,2019-04-15T00:00:00,5,7.0
pm10_bcn,extratrees,822,2019-04-08T00:00:00,2019-04-15T00:00:00,5,7.0
pm10_bcn,lightgbm,823,2019-04-09T00:00:00,2019-04-16T00:00:00,5,7.0
pm10_bcn,ridge,823,2019-04-09T00:00:00,2019-04-16T00:00:00,5,7.0
pm10_bcn,extratrees,823,2019-04-09T00:00:00,2019-04-16T00:00:00,5,7.0
pm10_bcn,lightgbm,1402,2020-11-10T00:00:00,2020-11-16T00:00:00,5,6.0
pm10_bcn,ridge,1402,2020-11-10T00:00:00,2020-11-16T00:00:00,5,6.0
pm10_bcn,extratrees,1402,2020-11-10T00:00:00,2020-11-16T00:00:00,5,6.0
pm10_bcn,lightgbm,1403,2020-11-11T00:00:00,2020-11-17T00:00:00,5,6.0
pm10_bcn,ridge,1403,2020-11-11T00:00:00,2020-11-17T00:00:00,5,6.0
pm10_bcn,extratrees,1403,2020-11-11T00:00:00,2020-11-17T00:00:00,5,6.0
pm10_bcn,lightgbm,1404,2020-11-12T00:00:00,2020-11-18T00:00:00,5,6.0
pm10_bcn,ridge,1404,2020-11-12T00:00:00,2020-11-18T00:00:00,5,6.0
pm10_bcn,extratrees,1404,2020-11-12T00:00:00,2020-11-18T00:00:00,5,6.0
pm10_bcn,lightgbm,1405,2020-11-13T00:00:00,2020-11-19T00:00:00,5,6.0
pm10_bcn,ridge,1405,2020-11-13T00:00:00,2020-11-19T00:00:00,5,6.0
pm10_bcn,extratrees,1405,2020-11-13T00:00:00,2020-11-19T00:00:00,5,6.0
pm10_bcn,lightgbm,1406,2020-11-14T00:00:00,2020-11-20T00:00:00,5,6.0
pm10_bcn,ridge,1406,2020-11-14T00:00:00,2020-11-20T00:00:00,5,6.0
pm10_bcn,extratrees,1406,2020-11-14T00:00:00,2020-11-20T00:00:00,5,6.0
pm10_bcn,lightgbm,1667,2021-08-03T00:00:00,2021-08-09T00:00:00,5,6.0
pm10_bcn,ridge,1667,2021-08-03T00:00:00,2021-08-09T00:00:00,5,6.0
pm10_bcn,extratrees,1667,2021-08-03T00:00:00,2021-08-09T00:00:00,5,6.0
pm10_bcn,lightgbm,1668,2021-08-04T00:00:00,2021-08-10T00:00:00,5,6.0
pm10_bcn,ridge,1668,2021-08-04T00:00:00,2021-08-10T00:00:00,5,6.0
pm10_bcn,extratrees,1668,2021-08-04T00:00:00,2021-08-10T00:00:00,5,6.0
pm10_bcn,lightgbm,1669,2021-08-05T00:00:00,2021-08-11T00:00:00,5,6.0
pm10_bcn,ridge,1669,2021-08-05T00:00:00,2021-08-11T00:00:00,5,6.0
pm10_bcn,extratrees,1669,2021-08-05T00:00:00,2021-08-11T00:00:00,5,6.0
pm10_bcn,lightgbm,1670,2021-08-06T00:00:00,2021-08-12T00:00:00,5,6.0
pm10_bcn,ridge,1670,2021-08-06T00:00:00,2021-08-12T00:00:00,5,6.0
pm10_bcn,extratrees,1670,2021-08-06T00:00:00,2021-08-12T00:00:00,5,6.0
pm10_bcn,lightgbm,1671,2021-08-07T00:00:00,2021-08-13T00:00:00,5,6.0
pm10_bcn,ridge,1671,2021-08-07T00:00:00,2021-08-13T00:00:00,5,6.0
pm10_bcn,extratrees,1671,2021-08-07T00:00:00,2021-08-13T00:00:00,5,6.0
pm10_bcn,lightgbm,1676,2021-08-13T00:00:00,2021-08-20T00:00:00,5,7.0
pm10_bcn,ridge,1676,2021-08-13T00:00:00,2021-08-20T00:00:00,5,7.0
pm10_bcn,extratrees,1676,2021-08-13T00:00:00,2021-08-20T00:00:00,5,7.0
pm10_bcn,lightgbm,1677,2021-08-14T00:00:00,2021-08-21T00:00:00,5,7.0
pm10_bcn,ridge,1677,2021-08-14T00:00:00,2021-08-21T00:00:00,5,7.0
pm10_bcn,extratrees,1677,2021-08-14T00:00:00,2021-08-21T00:00:00,5,7.0
pm10_bcn,lightgbm,1678,2021-08-15T00:00:00,2021-08-22T00:00:00,5,7.0
pm10_bcn,ridge,1678,2021-08-15T00:00:00,2021-08-22T00:00:00,5,7.0
pm10_bcn,extratrees,1678,2021-08-15T00:00:00,2021-08-22T00:00:00,5,7.0
pm10_bcn,lightgbm,1679,2021-08-16T00:00:00,2021-08-23T00:00:00,5,7.0
pm10_bcn,ridge,1679,2021-08-16T00:00:00,2021-08-23T00:00:00,5,7.0
pm10_bcn,extratrees,1679,2021-08-16T00:00:00,2021-08-23T00:00:00,5,7.0
pm10_bcn,lightgbm,1680,2021-08-17T00:00:00,2021-08-24T00:00:00,5,7.0
pm10_bcn,ridge,1680,2021-08-17T00:00:00,2021-08-24T00:00:00,5,7.0
pm10_bcn,extratrees,1680,2021-08-17T00:00:00,2021-08-24T00:00:00,5,7.0
pm10_bcn,lightgbm,1950,2022-05-16T00:00:00,2022-05-23T00:00:00,5,7.0
pm10_bcn,ridge,1950,2022-05-16T00:00:00,2022-05-23T00:00:00,5,7.0
pm10_bcn,extratrees,1950,2022-05-16T00:00:00,2022-05-23T00:00:00,5,7.0
pm10_bcn,lightgbm,1951,2022-05-17T00:00:00,2022-05-24T00:00:00,5,7.0
pm10_bcn,ridge,1951,2022-05-17T00:00:00,2022-05-24T00:00:00,5,7.0
pm10_bcn,extratrees,1951,2022-05-17T00:00:00,2022-05-24T00:00:00,5,7.0
pm10_bcn,lightgbm,1952,2022-05-18T00:00:00,2022-05-25T00:00:00,5,7.0
pm10_bcn,ridge,1952,2022-05-18T00:00:00,2022-05-25T00:00:00,5,7.0
pm10_bcn,extratrees,1952,2022-05-18T00:00:00,2022-05-25T00:00:00,5,7.0
pm10_bcn,lightgbm,1953,2022-05-19T00:00:00,2022-05-26T00:00:00,5,7.0
pm10_bcn,ridge,1953,2022-05-19T00:00:00,2022-05-26T00:00:00,5,7.0
pm10_bcn,extratrees,1953,2022-05-19T00:00:00,2022-05-26T00:00:00,5,7.0
pm10_bcn,lightgbm,1954,2022-05-20T00:00:00,2022-05-27T00:00:00,5,7.0
pm10_bcn,ridge,1954,2022-05-20T00:00:00,2022-05-27T00:00:00,5,7.0
pm10_bcn,extratrees,1954,2022-05-20T00:00:00,2022-05-27T00:00:00,5,7.0
pm10_bcn,lightgbm,1975,2022-06-12T00:00:00,2022-06-28T00:00:00,5,16.0
pm10_bcn,ridge,1975,2022-06-12T00:00:00,2022-06-28T00:00:00,5,16.0
pm10_bcn,extratrees,1975,2022-06-12T00:00:00,2022-06-28T00:00:00,5,16.0
pm10_bcn,lightgbm,1976,2022-06-13T00:00:00,2022-06-29T00:00:00,5,16.0
pm10_bcn,ridge,1976,2022-06-13T00:00:00,2022-06-29T00:00:00,5,16.0
pm10_bcn,extratrees,1976,2022-06-13T00:00:00,2022-06-29T00:00:00,5,16.0
pm10_bcn,lightgbm,1977,2022-06-14T00:00:00,2022-06-30T00:00:00,5,16.0
pm10_bcn,ridge,1977,2022-06-14T00:00:00,2022-06-30T00:00:00,5,16.0
pm10_bcn,extratrees,1977,2022-06-14T00:00:00,2022-06-30T00:00:00,5,16.0
pm10_bcn,lightgbm,1978,2022-06-15T00:00:00,2022-07-01T00:00:00,5,16.0
pm10_bcn,ridge,1978,2022-06-15T00:00:00,2022-07-01T00:00:00,5,16.0
pm10_bcn,extratrees,1978,2022-06-15T00:00:00,2022-07-01T00:00:00,5,16.0
pm10_bcn,lightgbm,1979,2022-06-16T00:00:00,2022-07-02T00:00:00,5,16.0
pm10_bcn,ridge,1979,2022-06-16T00:00:00,2022-07-02T00:00:00,5,16.0
pm10_bcn,extratrees,1979,2022-06-16T00:00:00,2022-07-02T00:00:00,5,16.0
pm10_bcn,lightgbm,2001,2022-07-19T00:00:00,2022-07-25T00:00:00,5,6.0
pm10_bcn,ridge,2001,2022-07-19T00:00:00,2022-07-25T00:00:00,5,6.0
pm10_bcn,extratrees,2001,2022-07-19T00:00:00,2022-07-25T00:00:00,5,6.0
pm10_bcn,lightgbm,2002,2022-07-20T00:00:00,2022-07-26T00:00:00,5,6.0
pm10_bcn,ridge,2002,2022-07-20T00:00:00,2022-07-26T00:00:00,5,6.0
pm10_bcn,extratrees,2002,2022-07-20T00:00:00,2022-07-26T00:00:00,5,6.0
pm10_bcn,lightgbm,2003,2022-07-21T00:00:00,2022-07-27T00:00:00,5,6.0
pm10_bcn,ridge,2003,2022-07-21T00:00:00,2022-07-27T00:00:00,5,6.0
pm10_bcn,extratrees,2003,2022-07-21T00:00:00,2022-07-27T00:00:00,5,6.0
pm10_bcn,lightgbm,2004,2022-07-22T00:00:00,2022-07-28T00:00:00,5,6.0
pm10_bcn,ridge,2004,2022-07-22T00:00:00,2022-07-28T00:00:00,5,6.0
pm10_bcn,extratrees,2004,2022-07-22T00:00:00,2022-07-28T00:00:00,5,6.0
pm10_bcn,lightgbm,2005,2022-07-23T00:00:00,2022-07-29T00:00:00,5,6.0
pm10_bcn,ridge,2005,2022-07-23T00:00:00,2022-07-29T00:00:00,5,6.0
pm10_bcn,extratrees,2005,2022-07-23T00:00:00,2022-07-29T00:00:00,5,6.0
pm10_bcn,lightgbm,2201,2023-02-05T00:00:00,2023-04-19T00:00:00,5,73.0
pm10_bcn,ridge,2201,2023-02-05T00:00:00,2023-04-19T00:00:00,5,73.0
pm10_bcn,extratrees,2201,2023-02-05T00:00:00,2023-04-19T00:00:00,5,73.0
pm10_bcn,lightgbm,2202,2023-02-06T00:00:00,2023-04-20T00:00:00,5,73.0
pm10_bcn,ridge,2202,2023-02-06T00:00:00,2023-04-20T00:00:00,5,73.0
pm10_bcn,extratrees,2202,2023-02-06T00:00:00,2023-04-20T00:00:00,5,73.0
pm10_bcn,lightgbm,2203,2023-02-07T00:00:00,2023-04-21T00:00:00,5,73.0
pm10_bcn,ridge,2203,2023-02-07T00:00:00,2023-04-21T00:00:00,5,73.0
pm10_bcn,extratrees,2203,2023-02-07T00:00:00,2023-04-21T00:00:00,5,73.0
pm10_bcn,lightgbm,2204,2023-02-08T00:00:00,2023-04-22T00:00:00,5,73.0
pm10_bcn,ridge,2204,2023-02-08T00:00:00,2023-04-22T00:00:00,5,73.0
pm10_bcn,extratrees,2204,2023-02-08T00:00:00,2023-04-22T00:00:00,5,73.0
pm10_bcn,lightgbm,2205,2023-02-09T00:00:00,2023-04-23T00:00:00,5,73.0
pm10_bcn,ridge,2205,2023-02-09T00:00:00,2023-04-23T00:00:00,5,73.0
pm10_bcn,extratrees,2205,2023-02-09T00:00:00,2023-04-23T00:00:00,5,73.0
pm10_bcn,lightgbm,2610,2024-05-27T00:00:00,2024-06-03T00:00:00,5,7.0
pm10_bcn,ridge,2610,2024-05-27T00:00:00,2024-06-03T00:00:00,5,7.0
pm10_bcn,extratrees,2610,2024-05-27T00:00:00,2024-06-03T00:00:00,5,7.0
pm10_bcn,lightgbm,2611,2024-05-28T00:00:00,2024-06-04T00:00:00,5,7.0
pm10_bcn,ridge,2611,2024-05-28T00:00:00,2024-06-04T00:00:00,5,7.0
pm10_bcn,extratrees,2611,2024-05-28T00:00:00,2024-06-04T00:00:00,5,7.0
pm10_bcn,lightgbm,2612,2024-05-29T00:00:00,2024-06-05T00:00:00,5,7.0
pm10_bcn,ridge,2612,2024-05-29T00:00:00,2024-06-05T00:00:00,5,7.0
pm10_bcn,extratrees,2612,2024-05-29T00:00:00,2024-06-05T00:00:00,5,7.0
pm10_bcn,lightgbm,2613,2024-05-30T00:00:00,2024-06-06T00:00:00,5,7.0
pm10_bcn,ridge,2613,2024-05-30T00:00:00,2024-06-06T00:00:00,5,7.0
pm10_bcn,extratrees,2613,2024-05-30T00:00:00,2024-06-06T00:00:00,5,7.0
pm10_bcn,lightgbm,2614,2024-05-31T00:00:00,2024-06-07T00:00:00,5,7.0
pm10_bcn,ridge,2614,2024-05-31T00:00:00,2024-06-07T00:00:00,5,7.0
pm10_bcn,extratrees,2614,2024-05-31T00:00:00,2024-06-07T00:00:00,5,7.0
pm10_bcn,lightgbm,585,2018-08-11T00:00:00,2018-08-20T00:00:00,6,9.0
pm10_bcn,ridge,585,2018-08-11T00:00:00,2018-08-20T00:00:00,6,9.0
pm10_bcn,extratrees,585,2018-08-11T00:00:00,2018-08-20T00:00:00,6,9.0
pm10_bcn,lightgbm,586,2018-08-12T00:00:00,2018-08-21T00:00:00,6,9.0
pm10_bcn,ridge,586,2018-08-12T00:00:00,2018-08-21T00:00:00,6,9.0
pm10_bcn,extratrees,586,2018-08-12T00:00:00,2018-08-21T00:00:00,6,9.0
pm10_bcn,lightgbm,587,2018-08-13T00:00:00,2018-08-22T00:00:00,6,9.0
pm10_bcn,ridge,587,2018-08-13T00:00:00,2018-08-22T00:00:00,6,9.0
pm10_bcn,extratrees,587,2018-08-13T00:00:00,2018-08-22T00:00:00,6,9.0
pm10_bcn,lightgbm,588,2018-08-14T00:00:00,2018-08-23T00:00:00,6,9.0
pm10_bcn,ridge,588,2018-08-14T00:00:00,2018-08-23T00:00:00,6,9.0
pm10_bcn,extratrees,588,2018-08-14T00:00:00,2018-08-23T00:00:00,6,9.0
pm10_bcn,lightgbm,589,2018-08-15T00:00:00,2018-08-24T00:00:00,6,9.0
pm10_bcn,ridge,589,2018-08-15T00:00:00,2018-08-24T00:00:00,6,9.0
pm10_bcn,extratrees,589,2018-08-15T00:00:00,2018-08-24T00:00:00,6,9.0
pm10_bcn,lightgbm,590,2018-08-16T00:00:00,2018-08-25T00:00:00,6,9.0
pm10_bcn,ridge,590,2018-08-16T00:00:00,2018-08-25T00:00:00,6,9.0
pm10_bcn,extratrees,590,2018-08-16T00:00:00,2018-08-25T00:00:00,6,9.0
pm10_bcn,lightgbm,818,2019-04-04T00:00:00,2019-04-12T00:00:00,6,8.0
pm10_bcn,ridge,818,2019-04-04T00:00:00,2019-04-12T00:00:00,6,8.0
pm10_bcn,extratrees,818,2019-04-04T00:00:00,2019-04-12T00:00:00,6,8.0
pm10_bcn,lightgbm,819,2019-04-05T00:00:00,2019-04-13T00:00:00,6,8.0
pm10_bcn,ridge,819,2019-04-05T00:00:00,2019-04-13T00:00:00,6,8.0
pm10_bcn,extratrees,819,2019-04-05T00:00:00,2019-04-13T00:00:00,6,8.0
pm10_bcn,lightgbm,820,2019-04-06T00:00:00,2019-04-14T00:00:00,6,8.0
pm10_bcn,ridge,820,2019-04-06T00:00:00,2019-04-14T00:00:00,6,8.0
pm10_bcn,extratrees,820,2019-04-06T00:00:00,2019-04-14T00:00:00,6,8.0
pm10_bcn,lightgbm,821,2019-04-07T00:00:00,2019-04-15T00:00:00,6,8.0
pm10_bcn,ridge,821,2019-04-07T00:00:00,2019-04-15T00:00:00,6,8.0
pm10_bcn,extratrees,821,2019-04-07T00:00:00,2019-04-15T00:00:00,6,8.0
pm10_bcn,lightgbm,822,2019-04-08T00:00:00,2019-04-16T00:00:00,6,8.0
pm10_bcn,ridge,822,2019-04-08T00:00:00,2019-04-16T00:00:00,6,8.0
pm10_bcn,extratrees,822,2019-04-08T00:00:00,2019-04-16T00:00:00,6,8.0
pm10_bcn,lightgbm,823,2019-04-09T00:00:00,2019-04-17T00:00:00,6,8.0
pm10_bcn,ridge,823,2019-04-09T00:00:00,2019-04-17T00:00:00,6,8.0
pm10_bcn,extratrees,823,2019-04-09T00:00:00,2019-04-17T00:00:00,6,8.0
pm10_bcn,lightgbm,1401,2020-11-09T00:00:00,2020-11-16T00:00:00,6,7.0
pm10_bcn,ridge,1401,2020-11-09T00:00:00,2020-11-16T00:00:00,6,7.0
pm10_bcn,extratrees,1401,2020-11-09T00:00:00,2020-11-16T00:00:00,6,7.0
pm10_bcn,lightgbm,1402,2020-11-10T00:00:00,2020-11-17T00:00:00,6,7.0
pm10_bcn,ridge,1402,2020-11-10T00:00:00,2020-11-17T00:00:00,6,7.0
pm10_bcn,extratrees,1402,2020-11-10T00:00:00,2020-11-17T00:00:00,6,7.0
pm10_bcn,lightgbm,1403,2020-11-11T00:00:00,2020-11-18T00:00:00,6,7.0
pm10_bcn,ridge,1403,2020-11-11T00:00:00,2020-11-18T00:00:00,6,7.0
pm10_bcn,extratrees,1403,2020-11-11T00:00:00,2020-11-18T00:00:00,6,7.0
pm10_bcn,lightgbm,1404,2020-11-12T00:00:00,2020-11-19T00:00:00,6,7.0
pm10_bcn,ridge,1404,2020-11-12T00:00:00,2020-11-19T00:00:00,6,7.0
pm10_bcn,extratrees,1404,2020-11-12T00:00:00,2020-11-19T00:00:00,6,7.0
pm10_bcn,lightgbm,1405,2020-11-13T00:00:00,2020-11-20T00:00:00,6,7.0
pm10_bcn,ridge,1405,2020-11-13T00:00:00,2020-11-20T00:00:00,6,7.0
pm10_bcn,extratrees,1405,2020-11-13T00:00:00,2020-11-20T00:00:00,6,7.0
pm10_bcn,lightgbm,1406,2020-11-14T00:00:00,2020-11-21T00:00:00,6,7.0
pm10_bcn,ridge,1406,2020-11-14T00:00:00,2020-11-21T00:00:00,6,7.0
pm10_bcn,extratrees,1406,2020-11-14T00:00:00,2020-11-21T00:00:00,6,7.0
pm10_bcn,lightgbm,1666,2021-08-02T00:00:00,2021-08-09T00:00:00,6,7.0
pm10_bcn,ridge,1666,2021-08-02T00:00:00,2021-08-09T00:00:00,6,7.0
pm10_bcn,extratrees,1666,2021-08-02T00:00:00,2021-08-09T00:00:00,6,7.0
pm10_bcn,lightgbm,1667,2021-08-03T00:00:00,2021-08-10T00:00:00,6,7.0
pm10_bcn,ridge,1667,2021-08-03T00:00:00,2021-08-10T00:00:00,6,7.0
pm10_bcn,extratrees,1667,2021-08-03T00:00:00,2021-08-10T00:00:00,6,7.0
pm10_bcn,lightgbm,1668,2021-08-04T00:00:00,2021-08-11T00:00:00,6,7.0
pm10_bcn,ridge,1668,2021-08-04T00:00:00,2021-08-11T00:00:00,6,7.0
pm10_bcn,extratrees,1668,2021-08-04T00:00:00,2021-08-11T00:00:00,6,7.0
pm10_bcn,lightgbm,1669,2021-08-05T00:00:00,2021-08-12T00:00:00,6,7.0
pm10_bcn,ridge,1669,2021-08-05T00:00:00,2021-08-12T00:00:00,6,7.0
pm10_bcn,extratrees,1669,2021-08-05T00:00:00,2021-08-12T00:00:00,6,7.0
pm10_bcn,lightgbm,1670,2021-08-06T00:00:00,2021-08-13T00:00:00,6,7.0
pm10_bcn,ridge,1670,2021-08-06T00:00:00,2021-08-13T00:00:00,6,7.0
pm10_bcn,extratrees,1670,2021-08-06T00:00:00,2021-08-13T00:00:00,6,7.0
pm10_bcn,lightgbm,1671,2021-08-07T00:00:00,2021-08-14T00:00:00,6,7.0
pm10_bcn,ridge,1671,2021-08-07T00:00:00,2021-08-14T00:00:00,6,7.0
pm10_bcn,extratrees,1671,2021-08-07T00:00:00,2021-08-14T00:00:00,6,7.0
pm10_bcn,lightgbm,1675,2021-08-12T00:00:00,2021-08-20T00:00:00,6,8.0
pm10_bcn,ridge,1675,2021-08-12T00:00:00,2021-08-20T00:00:00,6,8.0
pm10_bcn,extratrees,1675,2021-08-12T00:00:00,2021-08-20T00:00:00,6,8.0
pm10_bcn,lightgbm,1676,2021-08-13T00:00:00,2021-08-21T00:00:00,6,8.0
pm10_bcn,ridge,1676,2021-08-13T00:00:00,2021-08-21T00:00:00,6,8.0
pm10_bcn,extratrees,1676,2021-08-13T00:00:00,2021-08-21T00:00:00,6,8.0
pm10_bcn,lightgbm,1677,2021-08-14T00:00:00,2021-08-22T00:00:00,6,8.0
pm10_bcn,ridge,1677,2021-08-14T00:00:00,2021-08-22T00:00:00,6,8.0
pm10_bcn,extratrees,1677,2021-08-14T00:00:00,2021-08-22T00:00:00,6,8.0
pm10_bcn,lightgbm,1678,2021-08-15T00:00:00,2021-08-23T00:00:00,6,8.0
pm10_bcn,ridge,1678,2021-08-15T00:00:00,2021-08-23T00:00:00,6,8.0
pm10_bcn,extratrees,1678,2021-08-15T00:00:00,2021-08-23T00:00:00,6,8.0
pm10_bcn,lightgbm,1679,2021-08-16T00:00:00,2021-08-24T00:00:00,6,8.0
pm10_bcn,ridge,1679,2021-08-16T00:00:00,2021-08-24T00:00:00,6,8.0
pm10_bcn,extratrees,1679,2021-08-16T00:00:00,2021-08-24T00:00:00,6,8.0
pm10_bcn,lightgbm,1680,2021-08-17T00:00:00,2021-08-25T00:00:00,6,8.0
pm10_bcn,ridge,1680,2021-08-17T00:00:00,2021-08-25T00:00:00,6,8.0
pm10_bcn,extratrees,1680,2021-08-17T00:00:00,2021-08-25T00:00:00,6,8.0
pm10_bcn,lightgbm,1949,2022-05-15T00:00:00,2022-05-23T00:00:00,6,8.0
pm10_bcn,ridge,1949,2022-05-15T00:00:00,2022-05-23T00:00:00,6,8.0
pm10_bcn,extratrees,1949,2022-05-15T00:00:00,2022-05-23T00:00:00,6,8.0
pm10_bcn,lightgbm,1950,2022-05-16T00:00:00,2022-05-24T00:00:00,6,8.0
pm10_bcn,ridge,1950,2022-05-16T00:00:00,2022-05-24T00:00:00,6,8.0
pm10_bcn,extratrees,1950,2022-05-16T00:00:00,2022-05-24T00:00:00,6,8.0
pm10_bcn,lightgbm,1951,2022-05-17T00:00:00,2022-05-25T00:00:00,6,8.0
pm10_bcn,ridge,1951,2022-05-17T00:00:00,2022-05-25T00:00:00,6,8.0
pm10_bcn,extratrees,1951,2022-05-17T00:00:00,2022-05-25T00:00:00,6,8.0
pm10_bcn,lightgbm,1952,2022-05-18T00:00:00,2022-05-26T00:00:00,6,8.0
pm10_bcn,ridge,1952,2022-05-18T00:00:00,2022-05-26T00:00:00,6,8.0
pm10_bcn,extratrees,1952,2022-05-18T00:00:00,2022-05-26T00:00:00,6,8.0
pm10_bcn,lightgbm,1953,2022-05-19T00:00:00,2022-05-27T00:00:00,6,8.0
pm10_bcn,ridge,1953,2022-05-19T00:00:00,2022-05-27T00:00:00,6,8.0
pm10_bcn,extratrees,1953,2022-05-19T00:00:00,2022-05-27T00:00:00,6,8.0
pm10_bcn,lightgbm,1954,2022-05-20T00:00:00,2022-05-28T00:00:00,6,8.0
pm10_bcn,ridge,1954,2022-05-20T00:00:00,2022-05-28T00:00:00,6,8.0
pm10_bcn,extratrees,1954,2022-05-20T00:00:00,2022-05-28T00:00:00,6,8.0
pm10_bcn,lightgbm,1974,2022-06-11T00:00:00,2022-06-28T00:00:00,6,17.0
pm10_bcn,ridge,1974,2022-06-11T00:00:00,2022-06-28T00:00:00,6,17.0
pm10_bcn,extratrees,1974,2022-06-11T00:00:00,2022-06-28T00:00:00,6,17.0
pm10_bcn,lightgbm,1975,2022-06-12T00:00:00,2022-06-29T00:00:00,6,17.0
pm10_bcn,ridge,1975,2022-06-12T00:00:00,2022-06-29T00:00:00,6,17.0
pm10_bcn,extratrees,1975,2022-06-12T00:00:00,2022-06-29T00:00:00,6,17.0
pm10_bcn,lightgbm,1976,2022-06-13T00:00:00,2022-06-30T00:00:00,6,17.0
pm10_bcn,ridge,1976,2022-06-13T00:00:00,2022-06-30T00:00:00,6,17.0
pm10_bcn,extratrees,1976,2022-06-13T00:00:00,2022-06-30T00:00:00,6,17.0
pm10_bcn,lightgbm,1977,2022-06-14T00:00:00,2022-07-01T00:00:00,6,17.0
pm10_bcn,ridge,1977,2022-06-14T00:00:00,2022-07-01T00:00:00,6,17.0
pm10_bcn,extratrees,1977,2022-06-14T00:00:00,2022-07-01T00:00:00,6,17.0
pm10_bcn,lightgbm,1978,2022-06-15T00:00:00,2022-07-02T00:00:00,6,17.0
pm10_bcn,ridge,1978,2022-06-15T00:00:00,2022-07-02T00:00:00,6,17.0
pm10_bcn,extratrees,1978,2022-06-15T00:00:00,2022-07-02T00:00:00,6,17.0
pm10_bcn,lightgbm,1979,2022-06-16T00:00:00,2022-07-03T00:00:00,6,17.0
pm10_bcn,ridge,1979,2022-06-16T00:00:00,2022-07-03T00:00:00,6,17.0
pm10_bcn,extratrees,1979,2022-06-16T00:00:00,2022-07-03T00:00:00,6,17.0
pm10_bcn,lightgbm,2000,2022-07-18T00:00:00,2022-07-25T00:00:00,6,7.0
pm10_bcn,ridge,2000,2022-07-18T00:00:00,2022-07-25T00:00:00,6,7.0
pm10_bcn,extratrees,2000,2022-07-18T00:00:00,2022-07-25T00:00:00,6,7.0
pm10_bcn,lightgbm,2001,2022-07-19T00:00:00,2022-07-26T00:00:00,6,7.0
pm10_bcn,ridge,2001,2022-07-19T00:00:00,2022-07-26T00:00:00,6,7.0
pm10_bcn,extratrees,2001,2022-07-19T00:00:00,2022-07-26T00:00:00,6,7.0
pm10_bcn,lightgbm,2002,2022-07-20T00:00:00,2022-07-27T00:00:00,6,7.0
pm10_bcn,ridge,2002,2022-07-20T00:00:00,2022-07-27T00:00:00,6,7.0
pm10_bcn,extratrees,2002,2022-07-20T00:00:00,2022-07-27T00:00:00,6,7.0
pm10_bcn,lightgbm,2003,2022-07-21T00:00:00,2022-07-28T00:00:00,6,7.0
pm10_bcn,ridge,2003,2022-07-21T00:00:00,2022-07-28T00:00:00,6,7.0
pm10_bcn,extratrees,2003,2022-07-21T00:00:00,2022-07-28T00:00:00,6,7.0
pm10_bcn,lightgbm,2004,2022-07-22T00:00:00,2022-07-29T00:00:00,6,7.0
pm10_bcn,ridge,2004,2022-07-22T00:00:00,2022-07-29T00:00:00,6,7.0
pm10_bcn,extratrees,2004,2022-07-22T00:00:00,2022-07-29T00:00:00,6,7.0
pm10_bcn,lightgbm,2005,2022-07-23T00:00:00,2022-07-30T00:00:00,6,7.0
pm10_bcn,ridge,2005,2022-07-23T00:00:00,2022-07-30T00:00:00,6,7.0
pm10_bcn,extratrees,2005,2022-07-23T00:00:00,2022-07-30T00:00:00,6,7.0
pm10_bcn,lightgbm,2200,2023-02-04T00:00:00,2023-04-19T00:00:00,6,74.0
pm10_bcn,ridge,2200,2023-02-04T00:00:00,2023-04-19T00:00:00,6,74.0
pm10_bcn,extratrees,2200,2023-02-04T00:00:00,2023-04-19T00:00:00,6,74.0
pm10_bcn,lightgbm,2201,2023-02-05T00:00:00,2023-04-20T00:00:00,6,74.0
pm10_bcn,ridge,2201,2023-02-05T00:00:00,2023-04-20T00:00:00,6,74.0
pm10_bcn,extratrees,2201,2023-02-05T00:00:00,2023-04-20T00:00:00,6,74.0
pm10_bcn,lightgbm,2202,2023-02-06T00:00:00,2023-04-21T00:00:00,6,74.0
pm10_bcn,ridge,2202,2023-02-06T00:00:00,2023-04-21T00:00:00,6,74.0
pm10_bcn,extratrees,2202,2023-02-06T00:00:00,2023-04-21T00:00:00,6,74.0
pm10_bcn,lightgbm,2203,2023-02-07T00:00:00,2023-04-22T00:00:00,6,74.0
pm10_bcn,ridge,2203,2023-02-07T00:00:00,2023-04-22T00:00:00,6,74.0
pm10_bcn,extratrees,2203,2023-02-07T00:00:00,2023-04-22T00:00:00,6,74.0
pm10_bcn,lightgbm,2204,2023-02-08T00:00:00,2023-04-23T00:00:00,6,74.0
pm10_bcn,ridge,2204,2023-02-08T00:00:00,2023-04-23T00:00:00,6,74.0
pm10_bcn,extratrees,2204,2023-02-08T00:00:00,2023-04-23T00:00:00,6,74.0
pm10_bcn,lightgbm,2205,2023-02-09T00:00:00,2023-04-24T00:00:00,6,74.0
pm10_bcn,ridge,2205,2023-02-09T00:00:00,2023-04-24T00:00:00,6,74.0
pm10_bcn,extratrees,2205,2023-02-09T00:00:00,2023-04-24T00:00:00,6,74.0
pm10_bcn,lightgbm,2609,2024-05-26T00:00:00,2024-06-03T00:00:00,6,8.0
pm10_bcn,ridge,2609,2024-05-26T00:00:00,2024-06-03T00:00:00,6,8.0
pm10_bcn,extratrees,2609,2024-05-26T00:00:00,2024-06-03T00:00:00,6,8.0
pm10_bcn,lightgbm,2610,2024-05-27T00:00:00,2024-06-04T00:00:00,6,8.0
pm10_bcn,ridge,2610,2024-05-27T00:00:00,2024-06-04T00:00:00,6,8.0
pm10_bcn,extratrees,2610,2024-05-27T00:00:00,2024-06-04T00:00:00,6,8.0
pm10_bcn,lightgbm,2611,2024-05-28T00:00:00,2024-06-05T00:00:00,6,8.0
pm10_bcn,ridge,2611,2024-05-28T00:00:00,2024-06-05T00:00:00,6,8.0
pm10_bcn,extratrees,2611,2024-05-28T00:00:00,2024-06-05T00:00:00,6,8.0
pm10_bcn,lightgbm,2612,2024-05-29T00:00:00,2024-06-06T00:00:00,6,8.0
pm10_bcn,ridge,2612,2024-05-29T00:00:00,2024-06-06T00:00:00,6,8.0
pm10_bcn,extratrees,2612,2024-05-29T00:00:00,2024-06-06T00:00:00,6,8.0
pm10_bcn,lightgbm,2613,2024-05-30T00:00:00,2024-06-07T00:00:00,6,8.0
pm10_bcn,ridge,2613,2024-05-30T00:00:00,2024-06-07T00:00:00,6,8.0
pm10_bcn,extratrees,2613,2024-05-30T00:00:00,2024-06-07T00:00:00,6,8.0
pm10_bcn,lightgbm,2614,2024-05-31T00:00:00,2024-06-08T00:00:00,6,8.0
pm10_bcn,ridge,2614,2024-05-31T00:00:00,2024-06-08T00:00:00,6,8.0
pm10_bcn,extratrees,2614,2024-05-31T00:00:00,2024-06-08T00:00:00,6,8.0
pm10_bcn,lightgbm,584,2018-08-10T00:00:00,2018-08-20T00:00:00,7,10.0
pm10_bcn,ridge,584,2018-08-10T00:00:00,2018-08-20T00:00:00,7,10.0
pm10_bcn,extratrees,584,2018-08-10T00:00:00,2018-08-20T00:00:00,7,10.0
pm10_bcn,lightgbm,585,2018-08-11T00:00:00,2018-08-21T00:00:00,7,10.0
pm10_bcn,ridge,585,2018-08-11T00:00:00,2018-08-21T00:00:00,7,10.0
pm10_bcn,extratrees,585,2018-08-11T00:00:00,2018-08-21T00:00:00,7,10.0
pm10_bcn,lightgbm,586,2018-08-12T00:00:00,2018-08-22T00:00:00,7,10.0
pm10_bcn,ridge,586,2018-08-12T00:00:00,2018-08-22T00:00:00,7,10.0
pm10_bcn,extratrees,586,2018-08-12T00:00:00,2018-08-22T00:00:00,7,10.0
pm10_bcn,lightgbm,587,2018-08-13T00:00:00,2018-08-23T00:00:00,7,10.0
pm10_bcn,ridge,587,2018-08-13T00:00:00,2018-08-23T00:00:00,7,10.0
pm10_bcn,extratrees,587,2018-08-13T00:00:00,2018-08-23T00:00:00,7,10.0
pm10_bcn,lightgbm,588,2018-08-14T00:00:00,2018-08-24T00:00:00,7,10.0
pm10_bcn,ridge,588,2018-08-14T00:00:00,2018-08-24T00:00:00,7,10.0
pm10_bcn,extratrees,588,2018-08-14T00:00:00,2018-08-24T00:00:00,7,10.0
pm10_bcn,lightgbm,589,2018-08-15T00:00:00,2018-08-25T00:00:00,7,10.0
pm10_bcn,ridge,589,2018-08-15T00:00:00,2018-08-25T00:00:00,7,10.0
pm10_bcn,extratrees,589,2018-08-15T00:00:00,2018-08-25T00:00:00,7,10.0
pm10_bcn,lightgbm,590,2018-08-16T00:00:00,2018-08-26T00:00:00,7,10.0
pm10_bcn,ridge,590,2018-08-16T00:00:00,2018-08-26T00:00:00,7,10.0
pm10_bcn,extratrees,590,2018-08-16T00:00:00,2018-08-26T00:00:00,7,10.0
pm10_bcn,lightgbm,817,2019-04-03T00:00:00,2019-04-12T00:00:00,7,9.0
pm10_bcn,ridge,817,2019-04-03T00:00:00,2019-04-12T00:00:00,7,9.0
pm10_bcn,extratrees,817,2019-04-03T00:00:00,2019-04-12T00:00:00,7,9.0
pm10_bcn,lightgbm,818,2019-04-04T00:00:00,2019-04-13T00:00:00,7,9.0
pm10_bcn,ridge,818,2019-04-04T00:00:00,2019-04-13T00:00:00,7,9.0
pm10_bcn,extratrees,818,2019-04-04T00:00:00,2019-04-13T00:00:00,7,9.0
pm10_bcn,lightgbm,819,2019-04-05T00:00:00,2019-04-14T00:00:00,7,9.0
pm10_bcn,ridge,819,2019-04-05T00:00:00,2019-04-14T00:00:00,7,9.0
pm10_bcn,extratrees,819,2019-04-05T00:00:00,2019-04-14T00:00:00,7,9.0
pm10_bcn,lightgbm,820,2019-04-06T00:00:00,2019-04-15T00:00:00,7,9.0
pm10_bcn,ridge,820,2019-04-06T00:00:00,2019-04-15T00:00:00,7,9.0
pm10_bcn,extratrees,820,2019-04-06T00:00:00,2019-04-15T00:00:00,7,9.0
pm10_bcn,lightgbm,821,2019-04-07T00:00:00,2019-04-16T00:00:00,7,9.0
pm10_bcn,ridge,821,2019-04-07T00:00:00,2019-04-16T00:00:00,7,9.0
pm10_bcn,extratrees,821,2019-04-07T00:00:00,2019-04-16T00:00:00,7,9.0
pm10_bcn,lightgbm,822,2019-04-08T00:00:00,2019-04-17T00:00:00,7,9.0
pm10_bcn,ridge,822,2019-04-08T00:00:00,2019-04-17T00:00:00,7,9.0
pm10_bcn,extratrees,822,2019-04-08T00:00:00,2019-04-17T00:00:00,7,9.0
pm10_bcn,lightgbm,823,2019-04-09T00:00:00,2019-04-18T00:00:00,7,9.0
pm10_bcn,ridge,823,2019-04-09T00:00:00,2019-04-18T00:00:00,7,9.0
pm10_bcn,extratrees,823,2019-04-09T00:00:00,2019-04-18T00:00:00,7,9.0
pm10_bcn,lightgbm,1400,2020-11-08T00:00:00,2020-11-16T00:00:00,7,8.0
pm10_bcn,ridge,1400,2020-11-08T00:00:00,2020-11-16T00:00:00,7,8.0
pm10_bcn,extratrees,1400,2020-11-08T00:00:00,2020-11-16T00:00:00,7,8.0
pm10_bcn,lightgbm,1401,2020-11-09T00:00:00,2020-11-17T00:00:00,7,8.0
pm10_bcn,ridge,1401,2020-11-09T00:00:00,2020-11-17T00:00:00,7,8.0
pm10_bcn,extratrees,1401,2020-11-09T00:00:00,2020-11-17T00:00:00,7,8.0
pm10_bcn,lightgbm,1402,2020-11-10T00:00:00,2020-11-18T00:00:00,7,8.0
pm10_bcn,ridge,1402,2020-11-10T00:00:00,2020-11-18T00:00:00,7,8.0
pm10_bcn,extratrees,1402,2020-11-10T00:00:00,2020-11-18T00:00:00,7,8.0
pm10_bcn,lightgbm,1403,2020-11-11T00:00:00,2020-11-19T00:00:00,7,8.0
pm10_bcn,ridge,1403,2020-11-11T00:00:00,2020-11-19T00:00:00,7,8.0
pm10_bcn,extratrees,1403,2020-11-11T00:00:00,2020-11-19T00:00:00,7,8.0
pm10_bcn,lightgbm,1404,2020-11-12T00:00:00,2020-11-20T00:00:00,7,8.0
pm10_bcn,ridge,1404,2020-11-12T00:00:00,2020-11-20T00:00:00,7,8.0
pm10_bcn,extratrees,1404,2020-11-12T00:00:00,2020-11-20T00:00:00,7,8.0
pm10_bcn,lightgbm,1405,2020-11-13T00:00:00,2020-11-21T00:00:00,7,8.0
pm10_bcn,ridge,1405,2020-11-13T00:00:00,2020-11-21T00:00:00,7,8.0
pm10_bcn,extratrees,1405,2020-11-13T00:00:00,2020-11-21T00:00:00,7,8.0
pm10_bcn,lightgbm,1406,2020-11-14T00:00:00,2020-11-22T00:00:00,7,8.0
pm10_bcn,ridge,1406,2020-11-14T00:00:00,2020-11-22T00:00:00,7,8.0
pm10_bcn,extratrees,1406,2020-11-14T00:00:00,2020-11-22T00:00:00,7,8.0
pm10_bcn,lightgbm,1665,2021-08-01T00:00:00,2021-08-09T00:00:00,7,8.0
pm10_bcn,ridge,1665,2021-08-01T00:00:00,2021-08-09T00:00:00,7,8.0
pm10_bcn,extratrees,1665,2021-08-01T00:00:00,2021-08-09T00:00:00,7,8.0
pm10_bcn,lightgbm,1666,2021-08-02T00:00:00,2021-08-10T00:00:00,7,8.0
pm10_bcn,ridge,1666,2021-08-02T00:00:00,2021-08-10T00:00:00,7,8.0
pm10_bcn,extratrees,1666,2021-08-02T00:00:00,2021-08-10T00:00:00,7,8.0
pm10_bcn,lightgbm,1667,2021-08-03T00:00:00,2021-08-11T00:00:00,7,8.0
pm10_bcn,ridge,1667,2021-08-03T00:00:00,2021-08-11T00:00:00,7,8.0
pm10_bcn,extratrees,1667,2021-08-03T00:00:00,2021-08-11T00:00:00,7,8.0
pm10_bcn,lightgbm,1668,2021-08-04T00:00:00,2021-08-12T00:00:00,7,8.0
pm10_bcn,ridge,1668,2021-08-04T00:00:00,2021-08-12T00:00:00,7,8.0
pm10_bcn,extratrees,1668,2021-08-04T00:00:00,2021-08-12T00:00:00,7,8.0
pm10_bcn,lightgbm,1669,2021-08-05T00:00:00,2021-08-13T00:00:00,7,8.0
pm10_bcn,ridge,1669,2021-08-05T00:00:00,2021-08-13T00:00:00,7,8.0
pm10_bcn,extratrees,1669,2021-08-05T00:00:00,2021-08-13T00:00:00,7,8.0
pm10_bcn,lightgbm,1670,2021-08-06T00:00:00,2021-08-14T00:00:00,7,8.0
pm10_bcn,ridge,1670,2021-08-06T00:00:00,2021-08-14T00:00:00,7,8.0
pm10_bcn,extratrees,1670,2021-08-06T00:00:00,2021-08-14T00:00:00,7,8.0
pm10_bcn,lightgbm,1671,2021-08-07T00:00:00,2021-08-15T00:00:00,7,8.0
pm10_bcn,ridge,1671,2021-08-07T00:00:00,2021-08-15T00:00:00,7,8.0
pm10_bcn,extratrees,1671,2021-08-07T00:00:00,2021-08-15T00:00:00,7,8.0
pm10_bcn,lightgbm,1674,2021-08-11T00:00:00,2021-08-20T00:00:00,7,9.0
pm10_bcn,ridge,1674,2021-08-11T00:00:00,2021-08-20T00:00:00,7,9.0
pm10_bcn,extratrees,1674,2021-08-11T00:00:00,2021-08-20T00:00:00,7,9.0
pm10_bcn,lightgbm,1675,2021-08-12T00:00:00,2021-08-21T00:00:00,7,9.0
pm10_bcn,ridge,1675,2021-08-12T00:00:00,2021-08-21T00:00:00,7,9.0
pm10_bcn,extratrees,1675,2021-08-12T00:00:00,2021-08-21T00:00:00,7,9.0
pm10_bcn,lightgbm,1676,2021-08-13T00:00:00,2021-08-22T00:00:00,7,9.0
pm10_bcn,ridge,1676,2021-08-13T00:00:00,2021-08-22T00:00:00,7,9.0
pm10_bcn,extratrees,1676,2021-08-13T00:00:00,2021-08-22T00:00:00,7,9.0
pm10_bcn,lightgbm,1677,2021-08-14T00:00:00,2021-08-23T00:00:00,7,9.0
pm10_bcn,ridge,1677,2021-08-14T00:00:00,2021-08-23T00:00:00,7,9.0
pm10_bcn,extratrees,1677,2021-08-14T00:00:00,2021-08-23T00:00:00,7,9.0
pm10_bcn,lightgbm,1678,2021-08-15T00:00:00,2021-08-24T00:00:00,7,9.0
pm10_bcn,ridge,1678,2021-08-15T00:00:00,2021-08-24T00:00:00,7,9.0
pm10_bcn,extratrees,1678,2021-08-15T00:00:00,2021-08-24T00:00:00,7,9.0
pm10_bcn,lightgbm,1679,2021-08-16T00:00:00,2021-08-25T00:00:00,7,9.0
pm10_bcn,ridge,1679,2021-08-16T00:00:00,2021-08-25T00:00:00,7,9.0
pm10_bcn,extratrees,1679,2021-08-16T00:00:00,2021-08-25T00:00:00,7,9.0
pm10_bcn,lightgbm,1680,2021-08-17T00:00:00,2021-08-26T00:00:00,7,9.0
pm10_bcn,ridge,1680,2021-08-17T00:00:00,2021-08-26T00:00:00,7,9.0
pm10_bcn,extratrees,1680,2021-08-17T00:00:00,2021-08-26T00:00:00,7,9.0
pm10_bcn,lightgbm,1948,2022-05-14T00:00:00,2022-05-23T00:00:00,7,9.0
pm10_bcn,ridge,1948,2022-05-14T00:00:00,2022-05-23T00:00:00,7,9.0
pm10_bcn,extratrees,1948,2022-05-14T00:00:00,2022-05-23T00:00:00,7,9.0
pm10_bcn,lightgbm,1949,2022-05-15T00:00:00,2022-05-24T00:00:00,7,9.0
pm10_bcn,ridge,1949,2022-05-15T00:00:00,2022-05-24T00:00:00,7,9.0
pm10_bcn,extratrees,1949,2022-05-15T00:00:00,2022-05-24T00:00:00,7,9.0
pm10_bcn,lightgbm,1950,2022-05-16T00:00:00,2022-05-25T00:00:00,7,9.0
pm10_bcn,ridge,1950,2022-05-16T00:00:00,2022-05-25T00:00:00,7,9.0
pm10_bcn,extratrees,1950,2022-05-16T00:00:00,2022-05-25T00:00:00,7,9.0
pm10_bcn,lightgbm,1951,2022-05-17T00:00:00,2022-05-26T00:00:00,7,9.0
pm10_bcn,ridge,1951,2022-05-17T00:00:00,2022-05-26T00:00:00,7,9.0
pm10_bcn,extratrees,1951,2022-05-17T00:00:00,2022-05-26T00:00:00,7,9.0
pm10_bcn,lightgbm,1952,2022-05-18T00:00:00,2022-05-27T00:00:00,7,9.0
pm10_bcn,ridge,1952,2022-05-18T00:00:00,2022-05-27T00:00:00,7,9.0
pm10_bcn,extratrees,1952,2022-05-18T00:00:00,2022-05-27T00:00:00,7,9.0
pm10_bcn,lightgbm,1953,2022-05-19T00:00:00,2022-05-28T00:00:00,7,9.0
pm10_bcn,ridge,1953,2022-05-19T00:00:00,2022-05-28T00:00:00,7,9.0
pm10_bcn,extratrees,1953,2022-05-19T00:00:00,2022-05-28T00:00:00,7,9.0
pm10_bcn,lightgbm,1954,2022-05-20T00:00:00,2022-05-29T00:00:00,7,9.0
pm10_bcn,ridge,1954,2022-05-20T00:00:00,2022-05-29T00:00:00,7,9.0
pm10_bcn,extratrees,1954,2022-05-20T00:00:00,2022-05-29T00:00:00,7,9.0
pm10_bcn,lightgbm,1973,2022-06-10T00:00:00,2022-06-28T00:00:00,7,18.0
pm10_bcn,ridge,1973,2022-06-10T00:00:00,2022-06-28T00:00:00,7,18.0
pm10_bcn,extratrees,1973,2022-06-10T00:00:00,2022-06-28T00:00:00,7,18.0
pm10_bcn,lightgbm,1974,2022-06-11T00:00:00,2022-06-29T00:00:00,7,18.0
pm10_bcn,ridge,1974,2022-06-11T00:00:00,2022-06-29T00:00:00,7,18.0
pm10_bcn,extratrees,1974,2022-06-11T00:00:00,2022-06-29T00:00:00,7,18.0
pm10_bcn,lightgbm,1975,2022-06-12T00:00:00,2022-06-30T00:00:00,7,18.0
pm10_bcn,ridge,1975,2022-06-12T00:00:00,2022-06-30T00:00:00,7,18.0
pm10_bcn,extratrees,1975,2022-06-12T00:00:00,2022-06-30T00:00:00,7,18.0
pm10_bcn,lightgbm,1976,2022-06-13T00:00:00,2022-07-01T00:00:00,7,18.0
pm10_bcn,ridge,1976,2022-06-13T00:00:00,2022-07-01T00:00:00,7,18.0
pm10_bcn,extratrees,1976,2022-06-13T00:00:00,2022-07-01T00:00:00,7,18.0
pm10_bcn,lightgbm,1977,2022-06-14T00:00:00,2022-07-02T00:00:00,7,18.0
pm10_bcn,ridge,1977,2022-06-14T00:00:00,2022-07-02T00:00:00,7,18.0
pm10_bcn,extratrees,1977,2022-06-14T00:00:00,2022-07-02T00:00:00,7,18.0
pm10_bcn,lightgbm,1978,2022-06-15T00:00:00,2022-07-03T00:00:00,7,18.0
pm10_bcn,ridge,1978,2022-06-15T00:00:00,2022-07-03T00:00:00,7,18.0
pm10_bcn,extratrees,1978,2022-06-15T00:00:00,2022-07-03T00:00:00,7,18.0
pm10_bcn,lightgbm,1979,2022-06-16T00:00:00,2022-07-04T00:00:00,7,18.0
pm10_bcn,ridge,1979,2022-06-16T00:00:00,2022-07-04T00:00:00,7,18.0
pm10_bcn,extratrees,1979,2022-06-16T00:00:00,2022-07-04T00:00:00,7,18.0
pm10_bcn,lightgbm,1999,2022-07-17T00:00:00,2022-07-25T00:00:00,7,8.0
pm10_bcn,ridge,1999,2022-07-17T00:00:00,2022-07-25T00:00:00,7,8.0
pm10_bcn,extratrees,1999,2022-07-17T00:00:00,2022-07-25T00:00:00,7,8.0
pm10_bcn,lightgbm,2000,2022-07-18T00:00:00,2022-07-26T00:00:00,7,8.0
pm10_bcn,ridge,2000,2022-07-18T00:00:00,2022-07-26T00:00:00,7,8.0
pm10_bcn,extratrees,2000,2022-07-18T00:00:00,2022-07-26T00:00:00,7,8.0
pm10_bcn,lightgbm,2001,2022-07-19T00:00:00,2022-07-27T00:00:00,7,8.0
pm10_bcn,ridge,2001,2022-07-19T00:00:00,2022-07-27T00:00:00,7,8.0
pm10_bcn,extratrees,2001,2022-07-19T00:00:00,2022-07-27T00:00:00,7,8.0
pm10_bcn,lightgbm,2002,2022-07-20T00:00:00,2022-07-28T00:00:00,7,8.0
pm10_bcn,ridge,2002,2022-07-20T00:00:00,2022-07-28T00:00:00,7,8.0
pm10_bcn,extratrees,2002,2022-07-20T00:00:00,2022-07-28T00:00:00,7,8.0
pm10_bcn,lightgbm,2003,2022-07-21T00:00:00,2022-07-29T00:00:00,7,8.0
pm10_bcn,ridge,2003,2022-07-21T00:00:00,2022-07-29T00:00:00,7,8.0
pm10_bcn,extratrees,2003,2022-07-21T00:00:00,2022-07-29T00:00:00,7,8.0
pm10_bcn,lightgbm,2004,2022-07-22T00:00:00,2022-07-30T00:00:00,7,8.0
pm10_bcn,ridge,2004,2022-07-22T00:00:00,2022-07-30T00:00:00,7,8.0
pm10_bcn,extratrees,2004,2022-07-22T00:00:00,2022-07-30T00:00:00,7,8.0
pm10_bcn,lightgbm,2005,2022-07-23T00:00:00,2022-07-31T00:00:00,7,8.0
pm10_bcn,ridge,2005,2022-07-23T00:00:00,2022-07-31T00:00:00,7,8.0
pm10_bcn,extratrees,2005,2022-07-23T00:00:00,2022-07-31T00:00:00,7,8.0
pm10_bcn,lightgbm,2199,2023-02-03T00:00:00,2023-04-19T00:00:00,7,75.0
pm10_bcn,ridge,2199,2023-02-03T00:00:00,2023-04-19T00:00:00,7,75.0
pm10_bcn,extratrees,2199,2023-02-03T00:00:00,2023-04-19T00:00:00,7,75.0
pm10_bcn,lightgbm,2200,2023-02-04T00:00:00,2023-04-20T00:00:00,7,75.0
pm10_bcn,ridge,2200,2023-02-04T00:00:00,2023-04-20T00:00:00,7,75.0
pm10_bcn,extratrees,2200,2023-02-04T00:00:00,2023-04-20T00:00:00,7,75.0
pm10_bcn,lightgbm,2201,2023-02-05T00:00:00,2023-04-21T00:00:00,7,75.0
pm10_bcn,ridge,2201,2023-02-05T00:00:00,2023-04-21T00:00:00,7,75.0
pm10_bcn,extratrees,2201,2023-02-05T00:00:00,2023-04-21T00:00:00,7,75.0
pm10_bcn,lightgbm,2202,2023-02-06T00:00:00,2023-04-22T00:00:00,7,75.0
pm10_bcn,ridge,2202,2023-02-06T00:00:00,2023-04-22T00:00:00,7,75.0
pm10_bcn,extratrees,2202,2023-02-06T00:00:00,2023-04-22T00:00:00,7,75.0
pm10_bcn,lightgbm,2203,2023-02-07T00:00:00,2023-04-23T00:00:00,7,75.0
pm10_bcn,ridge,2203,2023-02-07T00:00:00,2023-04-23T00:00:00,7,75.0
pm10_bcn,extratrees,2203,2023-02-07T00:00:00,2023-04-23T00:00:00,7,75.0
pm10_bcn,lightgbm,2204,2023-02-08T00:00:00,2023-04-24T00:00:00,7,75.0
pm10_bcn,ridge,2204,2023-02-08T00:00:00,2023-04-24T00:00:00,7,75.0
pm10_bcn,extratrees,2204,2023-02-08T00:00:00,2023-04-24T00:00:00,7,75.0
pm10_bcn,lightgbm,2205,2023-02-09T00:00:00,2023-04-25T00:00:00,7,75.0
pm10_bcn,ridge,2205,2023-02-09T00:00:00,2023-04-25T00:00:00,7,75.0
pm10_bcn,extratrees,2205,2023-02-09T00:00:00,2023-04-25T00:00:00,7,75.0
pm10_bcn,lightgbm,2608,2024-05-25T00:00:00,2024-06-03T00:00:00,7,9.0
pm10_bcn,ridge,2608,2024-05-25T00:00:00,2024-06-03T00:00:00,7,9.0
pm10_bcn,extratrees,2608,2024-05-25T00:00:00,2024-06-03T00:00:00,7,9.0
pm10_bcn,lightgbm,2609,2024-05-26T00:00:00,2024-06-04T00:00:00,7,9.0
pm10_bcn,ridge,2609,2024-05-26T00:00:00,2024-06-04T00:00:00,7,9.0
pm10_bcn,extratrees,2609,2024-05-26T00:00:00,2024-06-04T00:00:00,7,9.0
pm10_bcn,lightgbm,2610,2024-05-27T00:00:00,2024-06-05T00:00:00,7,9.0
pm10_bcn,ridge,2610,2024-05-27T00:00:00,2024-06-05T00:00:00,7,9.0
pm10_bcn,extratrees,2610,2024-05-27T00:00:00,2024-06-05T00:00:00,7,9.0
pm10_bcn,lightgbm,2611,2024-05-28T00:00:00,2024-06-06T00:00:00,7,9.0
pm10_bcn,ridge,2611,2024-05-28T00:00:00,2024-06-06T00:00:00,7,9.0
pm10_bcn,extratrees,2611,2024-05-28T00:00:00,2024-06-06T00:00:00,7,9.0
pm10_bcn,lightgbm,2612,2024-05-29T00:00:00,2024-06-07T00:00:00,7,9.0
pm10_bcn,ridge,2612,2024-05-29T00:00:00,2024-06-07T00:00:00,7,9.0
pm10_bcn,extratrees,2612,2024-05-29T00:00:00,2024-06-07T00:00:00,7,9.0
pm10_bcn,lightgbm,2613,2024-05-30T00:00:00,2024-06-08T00:00:00,7,9.0
pm10_bcn,ridge,2613,2024-05-30T00:00:00,2024-06-08T00:00:00,7,9.0
pm10_bcn,extratrees,2613,2024-05-30T00:00:00,2024-06-08T00:00:00,7,9.0
pm10_bcn,lightgbm,2614,2024-05-31T00:00:00,2024-06-09T00:00:00,7,9.0
pm10_bcn,ridge,2614,2024-05-31T00:00:00,2024-06-09T00:00:00,7,9.0
pm10_bcn,extratrees,2614,2024-05-31T00:00:00,2024-06-09T00:00:00,7,9.0
pm10_bcn,knn,590,2018-08-16T00:00:00,2018-08-20T00:00:00,1,4.0
pm10_bcn,mlp,590,2018-08-16T00:00:00,2018-08-20T00:00:00,1,4.0
pm10_bcn,knn,823,2019-04-09T00:00:00,2019-04-12T00:00:00,1,3.0
pm10_bcn,mlp,823,2019-04-09T00:00:00,2019-04-12T00:00:00,1,3.0
pm10_bcn,knn,1406,2020-11-14T00:00:00,2020-11-16T00:00:00,1,2.0
pm10_bcn,mlp,1406,2020-11-14T00:00:00,2020-11-16T00:00:00,1,2.0
pm10_bcn,knn,1671,2021-08-07T00:00:00,2021-08-09T00:00:00,1,2.0
pm10_bcn,mlp,1671,2021-08-07T00:00:00,2021-08-09T00:00:00,1,2.0
pm10_bcn,knn,1680,2021-08-17T00:00:00,2021-08-20T00:00:00,1,3.0
pm10_bcn,mlp,1680,2021-08-17T00:00:00,2021-08-20T00:00:00,1,3.0
pm10_bcn,knn,1954,2022-05-20T00:00:00,2022-05-23T00:00:00,1,3.0
pm10_bcn,mlp,1954,2022-05-20T00:00:00,2022-05-23T00:00:00,1,3.0
pm10_bcn,knn,1979,2022-06-16T00:00:00,2022-06-28T00:00:00,1,12.0
pm10_bcn,mlp,1979,2022-06-16T00:00:00,2022-06-28T00:00:00,1,12.0
pm10_bcn,knn,2005,2022-07-23T00:00:00,2022-07-25T00:00:00,1,2.0
pm10_bcn,mlp,2005,2022-07-23T00:00:00,2022-07-25T00:00:00,1,2.0
pm10_bcn,knn,2205,2023-02-09T00:00:00,2023-04-19T00:00:00,1,69.0
pm10_bcn,mlp,2205,2023-02-09T00:00:00,2023-04-19T00:00:00,1,69.0
pm10_bcn,knn,2614,2024-05-31T00:00:00,2024-06-03T00:00:00,1,3.0
pm10_bcn,mlp,2614,2024-05-31T00:00:00,2024-06-03T00:00:00,1,3.0
pm10_bcn,knn,589,2018-08-15T00:00:00,2018-08-20T00:00:00,2,5.0
pm10_bcn,mlp,589,2018-08-15T00:00:00,2018-08-20T00:00:00,2,5.0
pm10_bcn,knn,590,2018-08-16T00:00:00,2018-08-21T00:00:00,2,5.0
pm10_bcn,mlp,590,2018-08-16T00:00:00,2018-08-21T00:00:00,2,5.0
pm10_bcn,knn,822,2019-04-08T00:00:00,2019-04-12T00:00:00,2,4.0
pm10_bcn,mlp,822,2019-04-08T00:00:00,2019-04-12T00:00:00,2,4.0
pm10_bcn,knn,823,2019-04-09T00:00:00,2019-04-13T00:00:00,2,4.0
pm10_bcn,mlp,823,2019-04-09T00:00:00,2019-04-13T00:00:00,2,4.0
pm10_bcn,knn,1405,2020-11-13T00:00:00,2020-11-16T00:00:00,2,3.0
pm10_bcn,mlp,1405,2020-11-13T00:00:00,2020-11-16T00:00:00,2,3.0
pm10_bcn,knn,1406,2020-11-14T00:00:00,2020-11-17T00:00:00,2,3.0
pm10_bcn,mlp,1406,2020-11-14T00:00:00,2020-11-17T00:00:00,2,3.0
pm10_bcn,knn,1670,2021-08-06T00:00:00,2021-08-09T00:00:00,2,3.0
pm10_bcn,mlp,1670,2021-08-06T00:00:00,2021-08-09T00:00:00,2,3.0
pm10_bcn,knn,1671,2021-08-07T00:00:00,2021-08-10T00:00:00,2,3.0
pm10_bcn,mlp,1671,2021-08-07T00:00:00,2021-08-10T00:00:00,2,3.0
pm10_bcn,knn,1679,2021-08-16T00:00:00,2021-08-20T00:00:00,2,4.0
pm10_bcn,mlp,1679,2021-08-16T00:00:00,2021-08-20T00:00:00,2,4.0
pm10_bcn,knn,1680,2021-08-17T00:00:00,2021-08-21T00:00:00,2,4.0
pm10_bcn,mlp,1680,2021-08-17T00:00:00,2021-08-21T00:00:00,2,4.0
pm10_bcn,knn,1953,2022-05-19T00:00:00,2022-05-23T00:00:00,2,4.0
pm10_bcn,mlp,1953,2022-05-19T00:00:00,2022-05-23T00:00:00,2,4.0
pm10_bcn,knn,1954,2022-05-20T00:00:00,2022-05-24T00:00:00,2,4.0
pm10_bcn,mlp,1954,2022-05-20T00:00:00,2022-05-24T00:00:00,2,4.0
pm10_bcn,knn,1978,2022-06-15T00:00:00,2022-06-28T00:00:00,2,13.0
pm10_bcn,mlp,1978,2022-06-15T00:00:00,2022-06-28T00:00:00,2,13.0
pm10_bcn,knn,1979,2022-06-16T00:00:00,2022-06-29T00:00:00,2,13.0
pm10_bcn,mlp,1979,2022-06-16T00:00:00,2022-06-29T00:00:00,2,13.0
pm10_bcn,knn,2004,2022-07-22T00:00:00,2022-07-25T00:00:00,2,3.0
pm10_bcn,mlp,2004,2022-07-22T00:00:00,2022-07-25T00:00:00,2,3.0
pm10_bcn,knn,2005,2022-07-23T00:00:00,2022-07-26T00:00:00,2,3.0
pm10_bcn,mlp,2005,2022-07-23T00:00:00,2022-07-26T00:00:00,2,3.0
pm10_bcn,knn,2204,2023-02-08T00:00:00,2023-04-19T00:00:00,2,70.0
pm10_bcn,mlp,2204,2023-02-08T00:00:00,2023-04-19T00:00:00,2,70.0
pm10_bcn,knn,2205,2023-02-09T00:00:00,2023-04-20T00:00:00,2,70.0
pm10_bcn,mlp,2205,2023-02-09T00:00:00,2023-04-20T00:00:00,2,70.0
pm10_bcn,knn,2613,2024-05-30T00:00:00,2024-06-03T00:00:00,2,4.0
pm10_bcn,mlp,2613,2024-05-30T00:00:00,2024-06-03T00:00:00,2,4.0
pm10_bcn,knn,2614,2024-05-31T00:00:00,2024-06-04T00:00:00,2,4.0
pm10_bcn,mlp,2614,2024-05-31T00:00:00,2024-06-04T00:00:00,2,4.0
pm10_bcn,knn,588,2018-08-14T00:00:00,2018-08-20T00:00:00,3,6.0
pm10_bcn,mlp,588,2018-08-14T00:00:00,2018-08-20T00:00:00,3,6.0
pm10_bcn,knn,589,2018-08-15T00:00:00,2018-08-21T00:00:00,3,6.0
pm10_bcn,mlp,589,2018-08-15T00:00:00,2018-08-21T00:00:00,3,6.0
pm10_bcn,knn,590,2018-08-16T00:00:00,2018-08-22T00:00:00,3,6.0
pm10_bcn,mlp,590,2018-08-16T00:00:00,2018-08-22T00:00:00,3,6.0
pm10_bcn,knn,821,2019-04-07T00:00:00,2019-04-12T00:00:00,3,5.0
pm10_bcn,mlp,821,2019-04-07T00:00:00,2019-04-12T00:00:00,3,5.0
pm10_bcn,knn,822,2019-04-08T00:00:00,2019-04-13T00:00:00,3,5.0
pm10_bcn,mlp,822,2019-04-08T00:00:00,2019-04-13T00:00:00,3,5.0
pm10_bcn,knn,823,2019-04-09T00:00:00,2019-04-14T00:00:00,3,5.0
pm10_bcn,mlp,823,2019-04-09T00:00:00,2019-04-14T00:00:00,3,5.0
pm10_bcn,knn,1404,2020-11-12T00:00:00,2020-11-16T00:00:00,3,4.0
pm10_bcn,mlp,1404,2020-11-12T00:00:00,2020-11-16T00:00:00,3,4.0
pm10_bcn,knn,1405,2020-11-13T00:00:00,2020-11-17T00:00:00,3,4.0
pm10_bcn,mlp,1405,2020-11-13T00:00:00,2020-11-17T00:00:00,3,4.0
pm10_bcn,knn,1406,2020-11-14T00:00:00,2020-11-18T00:00:00,3,4.0
pm10_bcn,mlp,1406,2020-11-14T00:00:00,2020-11-18T00:00:00,3,4.0
pm10_bcn,knn,1669,2021-08-05T00:00:00,2021-08-09T00:00:00,3,4.0
pm10_bcn,mlp,1669,2021-08-05T00:00:00,2021-08-09T00:00:00,3,4.0
pm10_bcn,knn,1670,2021-08-06T00:00:00,2021-08-10T00:00:00,3,4.0
pm10_bcn,mlp,1670,2021-08-06T00:00:00,2021-08-10T00:00:00,3,4.0
pm10_bcn,knn,1671,2021-08-07T00:00:00,2021-08-11T00:00:00,3,4.0
pm10_bcn,mlp,1671,2021-08-07T00:00:00,2021-08-11T00:00:00,3,4.0
pm10_bcn,knn,1678,2021-08-15T00:00:00,2021-08-20T00:00:00,3,5.0
pm10_bcn,mlp,1678,2021-08-15T00:00:00,2021-08-20T00:00:00,3,5.0
pm10_bcn,knn,1679,2021-08-16T00:00:00,2021-08-21T00:00:00,3,5.0
pm10_bcn,mlp,1679,2021-08-16T00:00:00,2021-08-21T00:00:00,3,5.0
pm10_bcn,knn,1680,2021-08-17T00:00:00,2021-08-22T00:00:00,3,5.0
pm10_bcn,mlp,1680,2021-08-17T00:00:00,2021-08-22T00:00:00,3,5.0
pm10_bcn,knn,1952,2022-05-18T00:00:00,2022-05-23T00:00:00,3,5.0
pm10_bcn,mlp,1952,2022-05-18T00:00:00,2022-05-23T00:00:00,3,5.0
pm10_bcn,knn,1953,2022-05-19T00:00:00,2022-05-24T00:00:00,3,5.0
pm10_bcn,mlp,1953,2022-05-19T00:00:00,2022-05-24T00:00:00,3,5.0
pm10_bcn,knn,1954,2022-05-20T00:00:00,2022-05-25T00:00:00,3,5.0
pm10_bcn,mlp,1954,2022-05-20T00:00:00,2022-05-25T00:00:00,3,5.0
pm10_bcn,knn,1977,2022-06-14T00:00:00,2022-06-28T00:00:00,3,14.0
pm10_bcn,mlp,1977,2022-06-14T00:00:00,2022-06-28T00:00:00,3,14.0
pm10_bcn,knn,1978,2022-06-15T00:00:00,2022-06-29T00:00:00,3,14.0
pm10_bcn,mlp,1978,2022-06-15T00:00:00,2022-06-29T00:00:00,3,14.0
pm10_bcn,knn,1979,2022-06-16T00:00:00,2022-06-30T00:00:00,3,14.0
pm10_bcn,mlp,1979,2022-06-16T00:00:00,2022-06-30T00:00:00,3,14.0
pm10_bcn,knn,2003,2022-07-21T00:00:00,2022-07-25T00:00:00,3,4.0
pm10_bcn,mlp,2003,2022-07-21T00:00:00,2022-07-25T00:00:00,3,4.0
pm10_bcn,knn,2004,2022-07-22T00:00:00,2022-07-26T00:00:00,3,4.0
pm10_bcn,mlp,2004,2022-07-22T00:00:00,2022-07-26T00:00:00,3,4.0
pm10_bcn,knn,2005,2022-07-23T00:00:00,2022-07-27T00:00:00,3,4.0
pm10_bcn,mlp,2005,2022-07-23T00:00:00,2022-07-27T00:00:00,3,4.0
pm10_bcn,knn,2203,2023-02-07T00:00:00,2023-04-19T00:00:00,3,71.0
pm10_bcn,mlp,2203,2023-02-07T00:00:00,2023-04-19T00:00:00,3,71.0
pm10_bcn,knn,2204,2023-02-08T00:00:00,2023-04-20T00:00:00,3,71.0
pm10_bcn,mlp,2204,2023-02-08T00:00:00,2023-04-20T00:00:00,3,71.0
pm10_bcn,knn,2205,2023-02-09T00:00:00,2023-04-21T00:00:00,3,71.0
pm10_bcn,mlp,2205,2023-02-09T00:00:00,2023-04-21T00:00:00,3,71.0
pm10_bcn,knn,2612,2024-05-29T00:00:00,2024-06-03T00:00:00,3,5.0
pm10_bcn,mlp,2612,2024-05-29T00:00:00,2024-06-03T00:00:00,3,5.0
pm10_bcn,knn,2613,2024-05-30T00:00:00,2024-06-04T00:00:00,3,5.0
pm10_bcn,mlp,2613,2024-05-30T00:00:00,2024-06-04T00:00:00,3,5.0
pm10_bcn,knn,2614,2024-05-31T00:00:00,2024-06-05T00:00:00,3,5.0
pm10_bcn,mlp,2614,2024-05-31T00:00:00,2024-06-05T00:00:00,3,5.0
pm10_bcn,knn,587,2018-08-13T00:00:00,2018-08-20T00:00:00,4,7.0
pm10_bcn,mlp,587,2018-08-13T00:00:00,2018-08-20T00:00:00,4,7.0
pm10_bcn,knn,588,2018-08-14T00:00:00,2018-08-21T00:00:00,4,7.0
pm10_bcn,mlp,588,2018-08-14T00:00:00,2018-08-21T00:00:00,4,7.0
pm10_bcn,knn,589,2018-08-15T00:00:00,2018-08-22T00:00:00,4,7.0
pm10_bcn,mlp,589,2018-08-15T00:00:00,2018-08-22T00:00:00,4,7.0
pm10_bcn,knn,590,2018-08-16T00:00:00,2018-08-23T00:00:00,4,7.0
pm10_bcn,mlp,590,2018-08-16T00:00:00,2018-08-23T00:00:00,4,7.0
pm10_bcn,knn,820,2019-04-06T00:00:00,2019-04-12T00:00:00,4,6.0
pm10_bcn,mlp,820,2019-04-06T00:00:00,2019-04-12T00:00:00,4,6.0
pm10_bcn,knn,821,2019-04-07T00:00:00,2019-04-13T00:00:00,4,6.0
pm10_bcn,mlp,821,2019-04-07T00:00:00,2019-04-13T00:00:00,4,6.0
pm10_bcn,knn,822,2019-04-08T00:00:00,2019-04-14T00:00:00,4,6.0
pm10_bcn,mlp,822,2019-04-08T00:00:00,2019-04-14T00:00:00,4,6.0
pm10_bcn,knn,823,2019-04-09T00:00:00,2019-04-15T00:00:00,4,6.0
pm10_bcn,mlp,823,2019-04-09T00:00:00,2019-04-15T00:00:00,4,6.0
pm10_bcn,knn,1403,2020-11-11T00:00:00,2020-11-16T00:00:00,4,5.0
pm10_bcn,mlp,1403,2020-11-11T00:00:00,2020-11-16T00:00:00,4,5.0
pm10_bcn,knn,1404,2020-11-12T00:00:00,2020-11-17T00:00:00,4,5.0
pm10_bcn,mlp,1404,2020-11-12T00:00:00,2020-11-17T00:00:00,4,5.0
pm10_bcn,knn,1405,2020-11-13T00:00:00,2020-11-18T00:00:00,4,5.0
pm10_bcn,mlp,1405,2020-11-13T00:00:00,2020-11-18T00:00:00,4,5.0
pm10_bcn,knn,1406,2020-11-14T00:00:00,2020-11-19T00:00:00,4,5.0
pm10_bcn,mlp,1406,2020-11-14T00:00:00,2020-11-19T00:00:00,4,5.0
pm10_bcn,knn,1668,2021-08-04T00:00:00,2021-08-09T00:00:00,4,5.0
pm10_bcn,mlp,1668,2021-08-04T00:00:00,2021-08-09T00:00:00,4,5.0
pm10_bcn,knn,1669,2021-08-05T00:00:00,2021-08-10T00:00:00,4,5.0
pm10_bcn,mlp,1669,2021-08-05T00:00:00,2021-08-10T00:00:00,4,5.0
pm10_bcn,knn,1670,2021-08-06T00:00:00,2021-08-11T00:00:00,4,5.0
pm10_bcn,mlp,1670,2021-08-06T00:00:00,2021-08-11T00:00:00,4,5.0
pm10_bcn,knn,1671,2021-08-07T00:00:00,2021-08-12T00:00:00,4,5.0
pm10_bcn,mlp,1671,2021-08-07T00:00:00,2021-08-12T00:00:00,4,5.0
pm10_bcn,knn,1677,2021-08-14T00:00:00,2021-08-20T00:00:00,4,6.0
pm10_bcn,mlp,1677,2021-08-14T00:00:00,2021-08-20T00:00:00,4,6.0
pm10_bcn,knn,1678,2021-08-15T00:00:00,2021-08-21T00:00:00,4,6.0
pm10_bcn,mlp,1678,2021-08-15T00:00:00,2021-08-21T00:00:00,4,6.0
pm10_bcn,knn,1679,2021-08-16T00:00:00,2021-08-22T00:00:00,4,6.0
pm10_bcn,mlp,1679,2021-08-16T00:00:00,2021-08-22T00:00:00,4,6.0
pm10_bcn,knn,1680,2021-08-17T00:00:00,2021-08-23T00:00:00,4,6.0
pm10_bcn,mlp,1680,2021-08-17T00:00:00,2021-08-23T00:00:00,4,6.0
pm10_bcn,knn,1951,2022-05-17T00:00:00,2022-05-23T00:00:00,4,6.0
pm10_bcn,mlp,1951,2022-05-17T00:00:00,2022-05-23T00:00:00,4,6.0
pm10_bcn,knn,1952,2022-05-18T00:00:00,2022-05-24T00:00:00,4,6.0
pm10_bcn,mlp,1952,2022-05-18T00:00:00,2022-05-24T00:00:00,4,6.0
pm10_bcn,knn,1953,2022-05-19T00:00:00,2022-05-25T00:00:00,4,6.0
pm10_bcn,mlp,1953,2022-05-19T00:00:00,2022-05-25T00:00:00,4,6.0
pm10_bcn,knn,1954,2022-05-20T00:00:00,2022-05-26T00:00:00,4,6.0
pm10_bcn,mlp,1954,2022-05-20T00:00:00,2022-05-26T00:00:00,4,6.0
pm10_bcn,knn,1976,2022-06-13T00:00:00,2022-06-28T00:00:00,4,15.0
pm10_bcn,mlp,1976,2022-06-13T00:00:00,2022-06-28T00:00:00,4,15.0
pm10_bcn,knn,1977,2022-06-14T00:00:00,2022-06-29T00:00:00,4,15.0
pm10_bcn,mlp,1977,2022-06-14T00:00:00,2022-06-29T00:00:00,4,15.0
pm10_bcn,knn,1978,2022-06-15T00:00:00,2022-06-30T00:00:00,4,15.0
pm10_bcn,mlp,1978,2022-06-15T00:00:00,2022-06-30T00:00:00,4,15.0
pm10_bcn,knn,1979,2022-06-16T00:00:00,2022-07-01T00:00:00,4,15.0
pm10_bcn,mlp,1979,2022-06-16T00:00:00,2022-07-01T00:00:00,4,15.0
pm10_bcn,knn,2002,2022-07-20T00:00:00,2022-07-25T00:00:00,4,5.0
pm10_bcn,mlp,2002,2022-07-20T00:00:00,2022-07-25T00:00:00,4,5.0
pm10_bcn,knn,2003,2022-07-21T00:00:00,2022-07-26T00:00:00,4,5.0
pm10_bcn,mlp,2003,2022-07-21T00:00:00,2022-07-26T00:00:00,4,5.0
pm10_bcn,knn,2004,2022-07-22T00:00:00,2022-07-27T00:00:00,4,5.0
pm10_bcn,mlp,2004,2022-07-22T00:00:00,2022-07-27T00:00:00,4,5.0
pm10_bcn,knn,2005,2022-07-23T00:00:00,2022-07-28T00:00:00,4,5.0
pm10_bcn,mlp,2005,2022-07-23T00:00:00,2022-07-28T00:00:00,4,5.0
pm10_bcn,knn,2202,2023-02-06T00:00:00,2023-04-19T00:00:00,4,72.0
pm10_bcn,mlp,2202,2023-02-06T00:00:00,2023-04-19T00:00:00,4,72.0
pm10_bcn,knn,2203,2023-02-07T00:00:00,2023-04-20T00:00:00,4,72.0
pm10_bcn,mlp,2203,2023-02-07T00:00:00,2023-04-20T00:00:00,4,72.0
pm10_bcn,knn,2204,2023-02-08T00:00:00,2023-04-21T00:00:00,4,72.0
pm10_bcn,mlp,2204,2023-02-08T00:00:00,2023-04-21T00:00:00,4,72.0
pm10_bcn,knn,2205,2023-02-09T00:00:00,2023-04-22T00:00:00,4,72.0
pm10_bcn,mlp,2205,2023-02-09T00:00:00,2023-04-22T00:00:00,4,72.0
pm10_bcn,knn,2611,2024-05-28T00:00:00,2024-06-03T00:00:00,4,6.0
pm10_bcn,mlp,2611,2024-05-28T00:00:00,2024-06-03T00:00:00,4,6.0
pm10_bcn,knn,2612,2024-05-29T00:00:00,2024-06-04T00:00:00,4,6.0
pm10_bcn,mlp,2612,2024-05-29T00:00:00,2024-06-04T00:00:00,4,6.0
pm10_bcn,knn,2613,2024-05-30T00:00:00,2024-06-05T00:00:00,4,6.0
pm10_bcn,mlp,2613,2024-05-30T00:00:00,2024-06-05T00:00:00,4,6.0
pm10_bcn,knn,2614,2024-05-31T00:00:00,2024-06-06T00:00:00,4,6.0
pm10_bcn,mlp,2614,2024-05-31T00:00:00,2024-06-06T00:00:00,4,6.0
pm10_bcn,knn,586,2018-08-12T00:00:00,2018-08-20T00:00:00,5,8.0
pm10_bcn,mlp,586,2018-08-12T00:00:00,2018-08-20T00:00:00,5,8.0
pm10_bcn,knn,587,2018-08-13T00:00:00,2018-08-21T00:00:00,5,8.0
pm10_bcn,mlp,587,2018-08-13T00:00:00,2018-08-21T00:00:00,5,8.0
pm10_bcn,knn,588,2018-08-14T00:00:00,2018-08-22T00:00:00,5,8.0
pm10_bcn,mlp,588,2018-08-14T00:00:00,2018-08-22T00:00:00,5,8.0
pm10_bcn,knn,589,2018-08-15T00:00:00,2018-08-23T00:00:00,5,8.0
pm10_bcn,mlp,589,2018-08-15T00:00:00,2018-08-23T00:00:00,5,8.0
pm10_bcn,knn,590,2018-08-16T00:00:00,2018-08-24T00:00:00,5,8.0
pm10_bcn,mlp,590,2018-08-16T00:00:00,2018-08-24T00:00:00,5,8.0
pm10_bcn,knn,819,2019-04-05T00:00:00,2019-04-12T00:00:00,5,7.0
pm10_bcn,mlp,819,2019-04-05T00:00:00,2019-04-12T00:00:00,5,7.0
pm10_bcn,knn,820,2019-04-06T00:00:00,2019-04-13T00:00:00,5,7.0
pm10_bcn,mlp,820,2019-04-06T00:00:00,2019-04-13T00:00:00,5,7.0
pm10_bcn,knn,821,2019-04-07T00:00:00,2019-04-14T00:00:00,5,7.0
pm10_bcn,mlp,821,2019-04-07T00:00:00,2019-04-14T00:00:00,5,7.0
pm10_bcn,knn,822,2019-04-08T00:00:00,2019-04-15T00:00:00,5,7.0
pm10_bcn,mlp,822,2019-04-08T00:00:00,2019-04-15T00:00:00,5,7.0
pm10_bcn,knn,823,2019-04-09T00:00:00,2019-04-16T00:00:00,5,7.0
pm10_bcn,mlp,823,2019-04-09T00:00:00,2019-04-16T00:00:00,5,7.0
pm10_bcn,knn,1402,2020-11-10T00:00:00,2020-11-16T00:00:00,5,6.0
pm10_bcn,mlp,1402,2020-11-10T00:00:00,2020-11-16T00:00:00,5,6.0
pm10_bcn,knn,1403,2020-11-11T00:00:00,2020-11-17T00:00:00,5,6.0
pm10_bcn,mlp,1403,2020-11-11T00:00:00,2020-11-17T00:00:00,5,6.0
pm10_bcn,knn,1404,2020-11-12T00:00:00,2020-11-18T00:00:00,5,6.0
pm10_bcn,mlp,1404,2020-11-12T00:00:00,2020-11-18T00:00:00,5,6.0
pm10_bcn,knn,1405,2020-11-13T00:00:00,2020-11-19T00:00:00,5,6.0
pm10_bcn,mlp,1405,2020-11-13T00:00:00,2020-11-19T00:00:00,5,6.0
pm10_bcn,knn,1406,2020-11-14T00:00:00,2020-11-20T00:00:00,5,6.0
pm10_bcn,mlp,1406,2020-11-14T00:00:00,2020-11-20T00:00:00,5,6.0
pm10_bcn,knn,1667,2021-08-03T00:00:00,2021-08-09T00:00:00,5,6.0
pm10_bcn,mlp,1667,2021-08-03T00:00:00,2021-08-09T00:00:00,5,6.0
pm10_bcn,knn,1668,2021-08-04T00:00:00,2021-08-10T00:00:00,5,6.0
pm10_bcn,mlp,1668,2021-08-04T00:00:00,2021-08-10T00:00:00,5,6.0
pm10_bcn,knn,1669,2021-08-05T00:00:00,2021-08-11T00:00:00,5,6.0
pm10_bcn,mlp,1669,2021-08-05T00:00:00,2021-08-11T00:00:00,5,6.0
pm10_bcn,knn,1670,2021-08-06T00:00:00,2021-08-12T00:00:00,5,6.0
pm10_bcn,mlp,1670,2021-08-06T00:00:00,2021-08-12T00:00:00,5,6.0
pm10_bcn,knn,1671,2021-08-07T00:00:00,2021-08-13T00:00:00,5,6.0
pm10_bcn,mlp,1671,2021-08-07T00:00:00,2021-08-13T00:00:00,5,6.0
pm10_bcn,knn,1676,2021-08-13T00:00:00,2021-08-20T00:00:00,5,7.0
pm10_bcn,mlp,1676,2021-08-13T00:00:00,2021-08-20T00:00:00,5,7.0
pm10_bcn,knn,1677,2021-08-14T00:00:00,2021-08-21T00:00:00,5,7.0
pm10_bcn,mlp,1677,2021-08-14T00:00:00,2021-08-21T00:00:00,5,7.0
pm10_bcn,knn,1678,2021-08-15T00:00:00,2021-08-22T00:00:00,5,7.0
pm10_bcn,mlp,1678,2021-08-15T00:00:00,2021-08-22T00:00:00,5,7.0
pm10_bcn,knn,1679,2021-08-16T00:00:00,2021-08-23T00:00:00,5,7.0
pm10_bcn,mlp,1679,2021-08-16T00:00:00,2021-08-23T00:00:00,5,7.0
pm10_bcn,knn,1680,2021-08-17T00:00:00,2021-08-24T00:00:00,5,7.0
pm10_bcn,mlp,1680,2021-08-17T00:00:00,2021-08-24T00:00:00,5,7.0
pm10_bcn,knn,1950,2022-05-16T00:00:00,2022-05-23T00:00:00,5,7.0
pm10_bcn,mlp,1950,2022-05-16T00:00:00,2022-05-23T00:00:00,5,7.0
pm10_bcn,knn,1951,2022-05-17T00:00:00,2022-05-24T00:00:00,5,7.0
pm10_bcn,mlp,1951,2022-05-17T00:00:00,2022-05-24T00:00:00,5,7.0
pm10_bcn,knn,1952,2022-05-18T00:00:00,2022-05-25T00:00:00,5,7.0
pm10_bcn,mlp,1952,2022-05-18T00:00:00,2022-05-25T00:00:00,5,7.0
pm10_bcn,knn,1953,2022-05-19T00:00:00,2022-05-26T00:00:00,5,7.0
pm10_bcn,mlp,1953,2022-05-19T00:00:00,2022-05-26T00:00:00,5,7.0
pm10_bcn,knn,1954,2022-05-20T00:00:00,2022-05-27T00:00:00,5,7.0
pm10_bcn,mlp,1954,2022-05-20T00:00:00,2022-05-27T00:00:00,5,7.0
pm10_bcn,knn,1975,2022-06-12T00:00:00,2022-06-28T00:00:00,5,16.0
pm10_bcn,mlp,1975,2022-06-12T00:00:00,2022-06-28T00:00:00,5,16.0
pm10_bcn,knn,1976,2022-06-13T00:00:00,2022-06-29T00:00:00,5,16.0
pm10_bcn,mlp,1976,2022-06-13T00:00:00,2022-06-29T00:00:00,5,16.0
pm10_bcn,knn,1977,2022-06-14T00:00:00,2022-06-30T00:00:00,5,16.0
pm10_bcn,mlp,1977,2022-06-14T00:00:00,2022-06-30T00:00:00,5,16.0
pm10_bcn,knn,1978,2022-06-15T00:00:00,2022-07-01T00:00:00,5,16.0
pm10_bcn,mlp,1978,2022-06-15T00:00:00,2022-07-01T00:00:00,5,16.0
pm10_bcn,knn,1979,2022-06-16T00:00:00,2022-07-02T00:00:00,5,16.0
pm10_bcn,mlp,1979,2022-06-16T00:00:00,2022-07-02T00:00:00,5,16.0
pm10_bcn,knn,2001,2022-07-19T00:00:00,2022-07-25T00:00:00,5,6.0
pm10_bcn,mlp,2001,2022-07-19T00:00:00,2022-07-25T00:00:00,5,6.0
pm10_bcn,knn,2002,2022-07-20T00:00:00,2022-07-26T00:00:00,5,6.0
pm10_bcn,mlp,2002,2022-07-20T00:00:00,2022-07-26T00:00:00,5,6.0
pm10_bcn,knn,2003,2022-07-21T00:00:00,2022-07-27T00:00:00,5,6.0
pm10_bcn,mlp,2003,2022-07-21T00:00:00,2022-07-27T00:00:00,5,6.0
pm10_bcn,knn,2004,2022-07-22T00:00:00,2022-07-28T00:00:00,5,6.0
pm10_bcn,mlp,2004,2022-07-22T00:00:00,2022-07-28T00:00:00,5,6.0
pm10_bcn,knn,2005,2022-07-23T00:00:00,2022-07-29T00:00:00,5,6.0
pm10_bcn,mlp,2005,2022-07-23T00:00:00,2022-07-29T00:00:00,5,6.0
pm10_bcn,knn,2201,2023-02-05T00:00:00,2023-04-19T00:00:00,5,73.0
pm10_bcn,mlp,2201,2023-02-05T00:00:00,2023-04-19T00:00:00,5,73.0
pm10_bcn,knn,2202,2023-02-06T00:00:00,2023-04-20T00:00:00,5,73.0
pm10_bcn,mlp,2202,2023-02-06T00:00:00,2023-04-20T00:00:00,5,73.0
pm10_bcn,knn,2203,2023-02-07T00:00:00,2023-04-21T00:00:00,5,73.0
pm10_bcn,mlp,2203,2023-02-07T00:00:00,2023-04-21T00:00:00,5,73.0
pm10_bcn,knn,2204,2023-02-08T00:00:00,2023-04-22T00:00:00,5,73.0
pm10_bcn,mlp,2204,2023-02-08T00:00:00,2023-04-22T00:00:00,5,73.0
pm10_bcn,knn,2205,2023-02-09T00:00:00,2023-04-23T00:00:00,5,73.0
pm10_bcn,mlp,2205,2023-02-09T00:00:00,2023-04-23T00:00:00,5,73.0
pm10_bcn,knn,2610,2024-05-27T00:00:00,2024-06-03T00:00:00,5,7.0
pm10_bcn,mlp,2610,2024-05-27T00:00:00,2024-06-03T00:00:00,5,7.0
pm10_bcn,knn,2611,2024-05-28T00:00:00,2024-06-04T00:00:00,5,7.0
pm10_bcn,mlp,2611,2024-05-28T00:00:00,2024-06-04T00:00:00,5,7.0
pm10_bcn,knn,2612,2024-05-29T00:00:00,2024-06-05T00:00:00,5,7.0
pm10_bcn,mlp,2612,2024-05-29T00:00:00,2024-06-05T00:00:00,5,7.0
pm10_bcn,knn,2613,2024-05-30T00:00:00,2024-06-06T00:00:00,5,7.0
pm10_bcn,mlp,2613,2024-05-30T00:00:00,2024-06-06T00:00:00,5,7.0
pm10_bcn,knn,2614,2024-05-31T00:00:00,2024-06-07T00:00:00,5,7.0
pm10_bcn,mlp,2614,2024-05-31T00:00:00,2024-06-07T00:00:00,5,7.0
pm10_bcn,knn,585,2018-08-11T00:00:00,2018-08-20T00:00:00,6,9.0
pm10_bcn,mlp,585,2018-08-11T00:00:00,2018-08-20T00:00:00,6,9.0
pm10_bcn,knn,586,2018-08-12T00:00:00,2018-08-21T00:00:00,6,9.0
pm10_bcn,mlp,586,2018-08-12T00:00:00,2018-08-21T00:00:00,6,9.0
pm10_bcn,knn,587,2018-08-13T00:00:00,2018-08-22T00:00:00,6,9.0
pm10_bcn,mlp,587,2018-08-13T00:00:00,2018-08-22T00:00:00,6,9.0
pm10_bcn,knn,588,2018-08-14T00:00:00,2018-08-23T00:00:00,6,9.0
pm10_bcn,mlp,588,2018-08-14T00:00:00,2018-08-23T00:00:00,6,9.0
pm10_bcn,knn,589,2018-08-15T00:00:00,2018-08-24T00:00:00,6,9.0
pm10_bcn,mlp,589,2018-08-15T00:00:00,2018-08-24T00:00:00,6,9.0
pm10_bcn,knn,590,2018-08-16T00:00:00,2018-08-25T00:00:00,6,9.0
pm10_bcn,mlp,590,2018-08-16T00:00:00,2018-08-25T00:00:00,6,9.0
pm10_bcn,knn,818,2019-04-04T00:00:00,2019-04-12T00:00:00,6,8.0
pm10_bcn,mlp,818,2019-04-04T00:00:00,2019-04-12T00:00:00,6,8.0
pm10_bcn,knn,819,2019-04-05T00:00:00,2019-04-13T00:00:00,6,8.0
pm10_bcn,mlp,819,2019-04-05T00:00:00,2019-04-13T00:00:00,6,8.0
pm10_bcn,knn,820,2019-04-06T00:00:00,2019-04-14T00:00:00,6,8.0
pm10_bcn,mlp,820,2019-04-06T00:00:00,2019-04-14T00:00:00,6,8.0
pm10_bcn,knn,821,2019-04-07T00:00:00,2019-04-15T00:00:00,6,8.0
pm10_bcn,mlp,821,2019-04-07T00:00:00,2019-04-15T00:00:00,6,8.0
pm10_bcn,knn,822,2019-04-08T00:00:00,2019-04-16T00:00:00,6,8.0
pm10_bcn,mlp,822,2019-04-08T00:00:00,2019-04-16T00:00:00,6,8.0
pm10_bcn,knn,823,2019-04-09T00:00:00,2019-04-17T00:00:00,6,8.0
pm10_bcn,mlp,823,2019-04-09T00:00:00,2019-04-17T00:00:00,6,8.0
pm10_bcn,knn,1401,2020-11-09T00:00:00,2020-11-16T00:00:00,6,7.0
pm10_bcn,mlp,1401,2020-11-09T00:00:00,2020-11-16T00:00:00,6,7.0
pm10_bcn,knn,1402,2020-11-10T00:00:00,2020-11-17T00:00:00,6,7.0
pm10_bcn,mlp,1402,2020-11-10T00:00:00,2020-11-17T00:00:00,6,7.0
pm10_bcn,knn,1403,2020-11-11T00:00:00,2020-11-18T00:00:00,6,7.0
pm10_bcn,mlp,1403,2020-11-11T00:00:00,2020-11-18T00:00:00,6,7.0
pm10_bcn,knn,1404,2020-11-12T00:00:00,2020-11-19T00:00:00,6,7.0
pm10_bcn,mlp,1404,2020-11-12T00:00:00,2020-11-19T00:00:00,6,7.0
pm10_bcn,knn,1405,2020-11-13T00:00:00,2020-11-20T00:00:00,6,7.0
pm10_bcn,mlp,1405,2020-11-13T00:00:00,2020-11-20T00:00:00,6,7.0
pm10_bcn,knn,1406,2020-11-14T00:00:00,2020-11-21T00:00:00,6,7.0
pm10_bcn,mlp,1406,2020-11-14T00:00:00,2020-11-21T00:00:00,6,7.0
pm10_bcn,knn,1666,2021-08-02T00:00:00,2021-08-09T00:00:00,6,7.0
pm10_bcn,mlp,1666,2021-08-02T00:00:00,2021-08-09T00:00:00,6,7.0
pm10_bcn,knn,1667,2021-08-03T00:00:00,2021-08-10T00:00:00,6,7.0
pm10_bcn,mlp,1667,2021-08-03T00:00:00,2021-08-10T00:00:00,6,7.0
pm10_bcn,knn,1668,2021-08-04T00:00:00,2021-08-11T00:00:00,6,7.0
pm10_bcn,mlp,1668,2021-08-04T00:00:00,2021-08-11T00:00:00,6,7.0
pm10_bcn,knn,1669,2021-08-05T00:00:00,2021-08-12T00:00:00,6,7.0
pm10_bcn,mlp,1669,2021-08-05T00:00:00,2021-08-12T00:00:00,6,7.0
pm10_bcn,knn,1670,2021-08-06T00:00:00,2021-08-13T00:00:00,6,7.0
pm10_bcn,mlp,1670,2021-08-06T00:00:00,2021-08-13T00:00:00,6,7.0
pm10_bcn,knn,1671,2021-08-07T00:00:00,2021-08-14T00:00:00,6,7.0
pm10_bcn,mlp,1671,2021-08-07T00:00:00,2021-08-14T00:00:00,6,7.0
pm10_bcn,knn,1675,2021-08-12T00:00:00,2021-08-20T00:00:00,6,8.0
pm10_bcn,mlp,1675,2021-08-12T00:00:00,2021-08-20T00:00:00,6,8.0
pm10_bcn,knn,1676,2021-08-13T00:00:00,2021-08-21T00:00:00,6,8.0
pm10_bcn,mlp,1676,2021-08-13T00:00:00,2021-08-21T00:00:00,6,8.0
pm10_bcn,knn,1677,2021-08-14T00:00:00,2021-08-22T00:00:00,6,8.0
pm10_bcn,mlp,1677,2021-08-14T00:00:00,2021-08-22T00:00:00,6,8.0
pm10_bcn,knn,1678,2021-08-15T00:00:00,2021-08-23T00:00:00,6,8.0
pm10_bcn,mlp,1678,2021-08-15T00:00:00,2021-08-23T00:00:00,6,8.0
pm10_bcn,knn,1679,2021-08-16T00:00:00,2021-08-24T00:00:00,6,8.0
pm10_bcn,mlp,1679,2021-08-16T00:00:00,2021-08-24T00:00:00,6,8.0
pm10_bcn,knn,1680,2021-08-17T00:00:00,2021-08-25T00:00:00,6,8.0
pm10_bcn,mlp,1680,2021-08-17T00:00:00,2021-08-25T00:00:00,6,8.0
pm10_bcn,knn,1949,2022-05-15T00:00:00,2022-05-23T00:00:00,6,8.0
pm10_bcn,mlp,1949,2022-05-15T00:00:00,2022-05-23T00:00:00,6,8.0
pm10_bcn,knn,1950,2022-05-16T00:00:00,2022-05-24T00:00:00,6,8.0
pm10_bcn,mlp,1950,2022-05-16T00:00:00,2022-05-24T00:00:00,6,8.0
pm10_bcn,knn,1951,2022-05-17T00:00:00,2022-05-25T00:00:00,6,8.0
pm10_bcn,mlp,1951,2022-05-17T00:00:00,2022-05-25T00:00:00,6,8.0
pm10_bcn,knn,1952,2022-05-18T00:00:00,2022-05-26T00:00:00,6,8.0
pm10_bcn,mlp,1952,2022-05-18T00:00:00,2022-05-26T00:00:00,6,8.0
pm10_bcn,knn,1953,2022-05-19T00:00:00,2022-05-27T00:00:00,6,8.0
pm10_bcn,mlp,1953,2022-05-19T00:00:00,2022-05-27T00:00:00,6,8.0
pm10_bcn,knn,1954,2022-05-20T00:00:00,2022-05-28T00:00:00,6,8.0
pm10_bcn,mlp,1954,2022-05-20T00:00:00,2022-05-28T00:00:00,6,8.0
pm10_bcn,knn,1974,2022-06-11T00:00:00,2022-06-28T00:00:00,6,17.0
pm10_bcn,mlp,1974,2022-06-11T00:00:00,2022-06-28T00:00:00,6,17.0
pm10_bcn,knn,1975,2022-06-12T00:00:00,2022-06-29T00:00:00,6,17.0
pm10_bcn,mlp,1975,2022-06-12T00:00:00,2022-06-29T00:00:00,6,17.0
pm10_bcn,knn,1976,2022-06-13T00:00:00,2022-06-30T00:00:00,6,17.0
pm10_bcn,mlp,1976,2022-06-13T00:00:00,2022-06-30T00:00:00,6,17.0
pm10_bcn,knn,1977,2022-06-14T00:00:00,2022-07-01T00:00:00,6,17.0
pm10_bcn,mlp,1977,2022-06-14T00:00:00,2022-07-01T00:00:00,6,17.0
pm10_bcn,knn,1978,2022-06-15T00:00:00,2022-07-02T00:00:00,6,17.0
pm10_bcn,mlp,1978,2022-06-15T00:00:00,2022-07-02T00:00:00,6,17.0
pm10_bcn,knn,1979,2022-06-16T00:00:00,2022-07-03T00:00:00,6,17.0
pm10_bcn,mlp,1979,2022-06-16T00:00:00,2022-07-03T00:00:00,6,17.0
pm10_bcn,knn,2000,2022-07-18T00:00:00,2022-07-25T00:00:00,6,7.0
pm10_bcn,mlp,2000,2022-07-18T00:00:00,2022-07-25T00:00:00,6,7.0
pm10_bcn,knn,2001,2022-07-19T00:00:00,2022-07-26T00:00:00,6,7.0
pm10_bcn,mlp,2001,2022-07-19T00:00:00,2022-07-26T00:00:00,6,7.0
pm10_bcn,knn,2002,2022-07-20T00:00:00,2022-07-27T00:00:00,6,7.0
pm10_bcn,mlp,2002,2022-07-20T00:00:00,2022-07-27T00:00:00,6,7.0
pm10_bcn,knn,2003,2022-07-21T00:00:00,2022-07-28T00:00:00,6,7.0
pm10_bcn,mlp,2003,2022-07-21T00:00:00,2022-07-28T00:00:00,6,7.0
pm10_bcn,knn,2004,2022-07-22T00:00:00,2022-07-29T00:00:00,6,7.0
pm10_bcn,mlp,2004,2022-07-22T00:00:00,2022-07-29T00:00:00,6,7.0
pm10_bcn,knn,2005,2022-07-23T00:00:00,2022-07-30T00:00:00,6,7.0
pm10_bcn,mlp,2005,2022-07-23T00:00:00,2022-07-30T00:00:00,6,7.0
pm10_bcn,knn,2200,2023-02-04T00:00:00,2023-04-19T00:00:00,6,74.0
pm10_bcn,mlp,2200,2023-02-04T00:00:00,2023-04-19T00:00:00,6,74.0
pm10_bcn,knn,2201,2023-02-05T00:00:00,2023-04-20T00:00:00,6,74.0
pm10_bcn,mlp,2201,2023-02-05T00:00:00,2023-04-20T00:00:00,6,74.0
pm10_bcn,knn,2202,2023-02-06T00:00:00,2023-04-21T00:00:00,6,74.0
pm10_bcn,mlp,2202,2023-02-06T00:00:00,2023-04-21T00:00:00,6,74.0
pm10_bcn,knn,2203,2023-02-07T00:00:00,2023-04-22T00:00:00,6,74.0
pm10_bcn,mlp,2203,2023-02-07T00:00:00,2023-04-22T00:00:00,6,74.0
pm10_bcn,knn,2204,2023-02-08T00:00:00,2023-04-23T00:00:00,6,74.0
pm10_bcn,mlp,2204,2023-02-08T00:00:00,2023-04-23T00:00:00,6,74.0
pm10_bcn,knn,2205,2023-02-09T00:00:00,2023-04-24T00:00:00,6,74.0
pm10_bcn,mlp,2205,2023-02-09T00:00:00,2023-04-24T00:00:00,6,74.0
pm10_bcn,knn,2609,2024-05-26T00:00:00,2024-06-03T00:00:00,6,8.0
pm10_bcn,mlp,2609,2024-05-26T00:00:00,2024-06-03T00:00:00,6,8.0
pm10_bcn,knn,2610,2024-05-27T00:00:00,2024-06-04T00:00:00,6,8.0
pm10_bcn,mlp,2610,2024-05-27T00:00:00,2024-06-04T00:00:00,6,8.0
pm10_bcn,knn,2611,2024-05-28T00:00:00,2024-06-05T00:00:00,6,8.0
pm10_bcn,mlp,2611,2024-05-28T00:00:00,2024-06-05T00:00:00,6,8.0
pm10_bcn,knn,2612,2024-05-29T00:00:00,2024-06-06T00:00:00,6,8.0
pm10_bcn,mlp,2612,2024-05-29T00:00:00,2024-06-06T00:00:00,6,8.0
pm10_bcn,knn,2613,2024-05-30T00:00:00,2024-06-07T00:00:00,6,8.0
pm10_bcn,mlp,2613,2024-05-30T00:00:00,2024-06-07T00:00:00,6,8.0
pm10_bcn,knn,2614,2024-05-31T00:00:00,2024-06-08T00:00:00,6,8.0
pm10_bcn,mlp,2614,2024-05-31T00:00:00,2024-06-08T00:00:00,6,8.0
pm10_bcn,knn,584,2018-08-10T00:00:00,2018-08-20T00:00:00,7,10.0
pm10_bcn,mlp,584,2018-08-10T00:00:00,2018-08-20T00:00:00,7,10.0
pm10_bcn,knn,585,2018-08-11T00:00:00,2018-08-21T00:00:00,7,10.0
pm10_bcn,mlp,585,2018-08-11T00:00:00,2018-08-21T00:00:00,7,10.0
pm10_bcn,knn,586,2018-08-12T00:00:00,2018-08-22T00:00:00,7,10.0
pm10_bcn,mlp,586,2018-08-12T00:00:00,2018-08-22T00:00:00,7,10.0
pm10_bcn,knn,587,2018-08-13T00:00:00,2018-08-23T00:00:00,7,10.0
pm10_bcn,mlp,587,2018-08-13T00:00:00,2018-08-23T00:00:00,7,10.0
pm10_bcn,knn,588,2018-08-14T00:00:00,2018-08-24T00:00:00,7,10.0
pm10_bcn,mlp,588,2018-08-14T00:00:00,2018-08-24T00:00:00,7,10.0
pm10_bcn,knn,589,2018-08-15T00:00:00,2018-08-25T00:00:00,7,10.0
pm10_bcn,mlp,589,2018-08-15T00:00:00,2018-08-25T00:00:00,7,10.0
pm10_bcn,knn,590,2018-08-16T00:00:00,2018-08-26T00:00:00,7,10.0
pm10_bcn,mlp,590,2018-08-16T00:00:00,2018-08-26T00:00:00,7,10.0
pm10_bcn,knn,817,2019-04-03T00:00:00,2019-04-12T00:00:00,7,9.0
pm10_bcn,mlp,817,2019-04-03T00:00:00,2019-04-12T00:00:00,7,9.0
pm10_bcn,knn,818,2019-04-04T00:00:00,2019-04-13T00:00:00,7,9.0
pm10_bcn,mlp,818,2019-04-04T00:00:00,2019-04-13T00:00:00,7,9.0
pm10_bcn,knn,819,2019-04-05T00:00:00,2019-04-14T00:00:00,7,9.0
pm10_bcn,mlp,819,2019-04-05T00:00:00,2019-04-14T00:00:00,7,9.0
pm10_bcn,knn,820,2019-04-06T00:00:00,2019-04-15T00:00:00,7,9.0
pm10_bcn,mlp,820,2019-04-06T00:00:00,2019-04-15T00:00:00,7,9.0
pm10_bcn,knn,821,2019-04-07T00:00:00,2019-04-16T00:00:00,7,9.0
pm10_bcn,mlp,821,2019-04-07T00:00:00,2019-04-16T00:00:00,7,9.0
pm10_bcn,knn,822,2019-04-08T00:00:00,2019-04-17T00:00:00,7,9.0
pm10_bcn,mlp,822,2019-04-08T00:00:00,2019-04-17T00:00:00,7,9.0
pm10_bcn,knn,823,2019-04-09T00:00:00,2019-04-18T00:00:00,7,9.0
pm10_bcn,mlp,823,2019-04-09T00:00:00,2019-04-18T00:00:00,7,9.0
pm10_bcn,knn,1400,2020-11-08T00:00:00,2020-11-16T00:00:00,7,8.0
pm10_bcn,mlp,1400,2020-11-08T00:00:00,2020-11-16T00:00:00,7,8.0
pm10_bcn,knn,1401,2020-11-09T00:00:00,2020-11-17T00:00:00,7,8.0
pm10_bcn,mlp,1401,2020-11-09T00:00:00,2020-11-17T00:00:00,7,8.0
pm10_bcn,knn,1402,2020-11-10T00:00:00,2020-11-18T00:00:00,7,8.0
pm10_bcn,mlp,1402,2020-11-10T00:00:00,2020-11-18T00:00:00,7,8.0
pm10_bcn,knn,1403,2020-11-11T00:00:00,2020-11-19T00:00:00,7,8.0
pm10_bcn,mlp,1403,2020-11-11T00:00:00,2020-11-19T00:00:00,7,8.0
pm10_bcn,knn,1404,2020-11-12T00:00:00,2020-11-20T00:00:00,7,8.0
pm10_bcn,mlp,1404,2020-11-12T00:00:00,2020-11-20T00:00:00,7,8.0
pm10_bcn,knn,1405,2020-11-13T00:00:00,2020-11-21T00:00:00,7,8.0
pm10_bcn,mlp,1405,2020-11-13T00:00:00,2020-11-21T00:00:00,7,8.0
pm10_bcn,knn,1406,2020-11-14T00:00:00,2020-11-22T00:00:00,7,8.0
pm10_bcn,mlp,1406,2020-11-14T00:00:00,2020-11-22T00:00:00,7,8.0
pm10_bcn,knn,1665,2021-08-01T00:00:00,2021-08-09T00:00:00,7,8.0
pm10_bcn,mlp,1665,2021-08-01T00:00:00,2021-08-09T00:00:00,7,8.0
pm10_bcn,knn,1666,2021-08-02T00:00:00,2021-08-10T00:00:00,7,8.0
pm10_bcn,mlp,1666,2021-08-02T00:00:00,2021-08-10T00:00:00,7,8.0
pm10_bcn,knn,1667,2021-08-03T00:00:00,2021-08-11T00:00:00,7,8.0
pm10_bcn,mlp,1667,2021-08-03T00:00:00,2021-08-11T00:00:00,7,8.0
pm10_bcn,knn,1668,2021-08-04T00:00:00,2021-08-12T00:00:00,7,8.0
pm10_bcn,mlp,1668,2021-08-04T00:00:00,2021-08-12T00:00:00,7,8.0
pm10_bcn,knn,1669,2021-08-05T00:00:00,2021-08-13T00:00:00,7,8.0
pm10_bcn,mlp,1669,2021-08-05T00:00:00,2021-08-13T00:00:00,7,8.0
pm10_bcn,knn,1670,2021-08-06T00:00:00,2021-08-14T00:00:00,7,8.0
pm10_bcn,mlp,1670,2021-08-06T00:00:00,2021-08-14T00:00:00,7,8.0
pm10_bcn,knn,1671,2021-08-07T00:00:00,2021-08-15T00:00:00,7,8.0
pm10_bcn,mlp,1671,2021-08-07T00:00:00,2021-08-15T00:00:00,7,8.0
pm10_bcn,knn,1674,2021-08-11T00:00:00,2021-08-20T00:00:00,7,9.0
pm10_bcn,mlp,1674,2021-08-11T00:00:00,2021-08-20T00:00:00,7,9.0
pm10_bcn,knn,1675,2021-08-12T00:00:00,2021-08-21T00:00:00,7,9.0
pm10_bcn,mlp,1675,2021-08-12T00:00:00,2021-08-21T00:00:00,7,9.0
pm10_bcn,knn,1676,2021-08-13T00:00:00,2021-08-22T00:00:00,7,9.0
pm10_bcn,mlp,1676,2021-08-13T00:00:00,2021-08-22T00:00:00,7,9.0
pm10_bcn,knn,1677,2021-08-14T00:00:00,2021-08-23T00:00:00,7,9.0
pm10_bcn,mlp,1677,2021-08-14T00:00:00,2021-08-23T00:00:00,7,9.0
pm10_bcn,knn,1678,2021-08-15T00:00:00,2021-08-24T00:00:00,7,9.0
pm10_bcn,mlp,1678,2021-08-15T00:00:00,2021-08-24T00:00:00,7,9.0
pm10_bcn,knn,1679,2021-08-16T00:00:00,2021-08-25T00:00:00,7,9.0
pm10_bcn,mlp,1679,2021-08-16T00:00:00,2021-08-25T00:00:00,7,9.0
pm10_bcn,knn,1680,2021-08-17T00:00:00,2021-08-26T00:00:00,7,9.0
pm10_bcn,mlp,1680,2021-08-17T00:00:00,2021-08-26T00:00:00,7,9.0
pm10_bcn,knn,1948,2022-05-14T00:00:00,2022-05-23T00:00:00,7,9.0
pm10_bcn,mlp,1948,2022-05-14T00:00:00,2022-05-23T00:00:00,7,9.0
pm10_bcn,knn,1949,2022-05-15T00:00:00,2022-05-24T00:00:00,7,9.0
pm10_bcn,mlp,1949,2022-05-15T00:00:00,2022-05-24T00:00:00,7,9.0
pm10_bcn,knn,1950,2022-05-16T00:00:00,2022-05-25T00:00:00,7,9.0
pm10_bcn,mlp,1950,2022-05-16T00:00:00,2022-05-25T00:00:00,7,9.0
pm10_bcn,knn,1951,2022-05-17T00:00:00,2022-05-26T00:00:00,7,9.0
pm10_bcn,mlp,1951,2022-05-17T00:00:00,2022-05-26T00:00:00,7,9.0
pm10_bcn,knn,1952,2022-05-18T00:00:00,2022-05-27T00:00:00,7,9.0
pm10_bcn,mlp,1952,2022-05-18T00:00:00,2022-05-27T00:00:00,7,9.0
pm10_bcn,knn,1953,2022-05-19T00:00:00,2022-05-28T00:00:00,7,9.0
pm10_bcn,mlp,1953,2022-05-19T00:00:00,2022-05-28T00:00:00,7,9.0
pm10_bcn,knn,1954,2022-05-20T00:00:00,2022-05-29T00:00:00,7,9.0
pm10_bcn,mlp,1954,2022-05-20T00:00:00,2022-05-29T00:00:00,7,9.0
pm10_bcn,knn,1973,2022-06-10T00:00:00,2022-06-28T00:00:00,7,18.0
pm10_bcn,mlp,1973,2022-06-10T00:00:00,2022-06-28T00:00:00,7,18.0
pm10_bcn,knn,1974,2022-06-11T00:00:00,2022-06-29T00:00:00,7,18.0
pm10_bcn,mlp,1974,2022-06-11T00:00:00,2022-06-29T00:00:00,7,18.0
pm10_bcn,knn,1975,2022-06-12T00:00:00,2022-06-30T00:00:00,7,18.0
pm10_bcn,mlp,1975,2022-06-12T00:00:00,2022-06-30T00:00:00,7,18.0
pm10_bcn,knn,1976,2022-06-13T00:00:00,2022-07-01T00:00:00,7,18.0
pm10_bcn,mlp,1976,2022-06-13T00:00:00,2022-07-01T00:00:00,7,18.0
pm10_bcn,knn,1977,2022-06-14T00:00:00,2022-07-02T00:00:00,7,18.0
pm10_bcn,mlp,1977,2022-06-14T00:00:00,2022-07-02T00:00:00,7,18.0
pm10_bcn,knn,1978,2022-06-15T00:00:00,2022-07-03T00:00:00,7,18.0
pm10_bcn,mlp,1978,2022-06-15T00:00:00,2022-07-03T00:00:00,7,18.0
pm10_bcn,knn,1979,2022-06-16T00:00:00,2022-07-04T00:00:00,7,18.0
pm10_bcn,mlp,1979,2022-06-16T00:00:00,2022-07-04T00:00:00,7,18.0
pm10_bcn,knn,1999,2022-07-17T00:00:00,2022-07-25T00:00:00,7,8.0
pm10_bcn,mlp,1999,2022-07-17T00:00:00,2022-07-25T00:00:00,7,8.0
pm10_bcn,knn,2000,2022-07-18T00:00:00,2022-07-26T00:00:00,7,8.0
pm10_bcn,mlp,2000,2022-07-18T00:00:00,2022-07-26T00:00:00,7,8.0
pm10_bcn,knn,2001,2022-07-19T00:00:00,2022-07-27T00:00:00,7,8.0
pm10_bcn,mlp,2001,2022-07-19T00:00:00,2022-07-27T00:00:00,7,8.0
pm10_bcn,knn,2002,2022-07-20T00:00:00,2022-07-28T00:00:00,7,8.0
pm10_bcn,mlp,2002,2022-07-20T00:00:00,2022-07-28T00:00:00,7,8.0
pm10_bcn,knn,2003,2022-07-21T00:00:00,2022-07-29T00:00:00,7,8.0
pm10_bcn,mlp,2003,2022-07-21T00:00:00,2022-07-29T00:00:00,7,8.0
pm10_bcn,knn,2004,2022-07-22T00:00:00,2022-07-30T00:00:00,7,8.0
pm10_bcn,mlp,2004,2022-07-22T00:00:00,2022-07-30T00:00:00,7,8.0
pm10_bcn,knn,2005,2022-07-23T00:00:00,2022-07-31T00:00:00,7,8.0
pm10_bcn,mlp,2005,2022-07-23T00:00:00,2022-07-31T00:00:00,7,8.0
pm10_bcn,knn,2199,2023-02-03T00:00:00,2023-04-19T00:00:00,7,75.0
pm10_bcn,mlp,2199,2023-02-03T00:00:00,2023-04-19T00:00:00,7,75.0
pm10_bcn,knn,2200,2023-02-04T00:00:00,2023-04-20T00:00:00,7,75.0
pm10_bcn,mlp,2200,2023-02-04T00:00:00,2023-04-20T00:00:00,7,75.0
pm10_bcn,knn,2201,2023-02-05T00:00:00,2023-04-21T00:00:00,7,75.0
pm10_bcn,mlp,2201,2023-02-05T00:00:00,2023-04-21T00:00:00,7,75.0
pm10_bcn,knn,2202,2023-02-06T00:00:00,2023-04-22T00:00:00,7,75.0
pm10_bcn,mlp,2202,2023-02-06T00:00:00,2023-04-22T00:00:00,7,75.0
pm10_bcn,knn,2203,2023-02-07T00:00:00,2023-04-23T00:00:00,7,75.0
pm10_bcn,mlp,2203,2023-02-07T00:00:00,2023-04-23T00:00:00,7,75.0
pm10_bcn,knn,2204,2023-02-08T00:00:00,2023-04-24T00:00:00,7,75.0
pm10_bcn,mlp,2204,2023-02-08T00:00:00,2023-04-24T00:00:00,7,75.0
pm10_bcn,knn,2205,2023-02-09T00:00:00,2023-04-25T00:00:00,7,75.0
pm10_bcn,mlp,2205,2023-02-09T00:00:00,2023-04-25T00:00:00,7,75.0
pm10_bcn,knn,2608,2024-05-25T00:00:00,2024-06-03T00:00:00,7,9.0
pm10_bcn,mlp,2608,2024-05-25T00:00:00,2024-06-03T00:00:00,7,9.0
pm10_bcn,knn,2609,2024-05-26T00:00:00,2024-06-04T00:00:00,7,9.0
pm10_bcn,mlp,2609,2024-05-26T00:00:00,2024-06-04T00:00:00,7,9.0
pm10_bcn,knn,2610,2024-05-27T00:00:00,2024-06-05T00:00:00,7,9.0
pm10_bcn,mlp,2610,2024-05-27T00:00:00,2024-06-05T00:00:00,7,9.0
pm10_bcn,knn,2611,2024-05-28T00:00:00,2024-06-06T00:00:00,7,9.0
pm10_bcn,mlp,2611,2024-05-28T00:00:00,2024-06-06T00:00:00,7,9.0
pm10_bcn,knn,2612,2024-05-29T00:00:00,2024-06-07T00:00:00,7,9.0
pm10_bcn,mlp,2612,2024-05-29T00:00:00,2024-06-07T00:00:00,7,9.0
pm10_bcn,knn,2613,2024-05-30T00:00:00,2024-06-08T00:00:00,7,9.0
pm10_bcn,mlp,2613,2024-05-30T00:00:00,2024-06-08T00:00:00,7,9.0
pm10_bcn,knn,2614,2024-05-31T00:00:00,2024-06-09T00:00:00,7,9.0
pm10_bcn,mlp,2614,2024-05-31T00:00:00,2024-06-09T00:00:00,7,9.0
