domain,model,baseline,metric,horizon,n_origins,error_model,error_baseline,skill,horizon_unit
pm25,extratrees,persistence,MAE,1,365,16.319068493150688,15.073972602739726,-0.08259905488913133,observation_steps
pm25,extratrees,persistence,MAE,2,365,27.36372602739726,23.71780821917808,-0.1537206884602056,observation_steps
pm25,extratrees,persistence,MAE,3,365,35.58909589041096,32.06849315068493,-0.10978385305425031,observation_steps
pm25,extratrees,persistence,MAE,4,365,42.25375342465754,37.394520547945206,-0.1299450509194815,observation_steps
pm25,extratrees,persistence,MAE,5,365,46.554575342465746,40.95890410958904,-0.13661672240802658,observation_steps
pm25,extratrees,persistence,MAE,6,365,51.891397260273976,46.605479452054794,-0.1134183763447183,observation_steps
pm25,extratrees,persistence,MAE,7,365,52.58164383561644,46.21917808219178,-0.13765856550088906,observation_steps
pm25,extratrees,persistence,MAE,8,365,53.965041095890406,49.18630136986302,-0.09715590709073685,observation_steps
pm25,extratrees,persistence,MAE,9,365,53.6345205479452,49.86027397260274,-0.07569646683883713,observation_steps
pm25,extratrees,persistence,MAE,10,365,55.56997260273973,51.42465753424658,-0.08060948321790096,observation_steps
pm25,extratrees,persistence,MAE,11,365,58.59797260273972,54.37534246575343,-0.07765707663626742,observation_steps
pm25,extratrees,persistence,MAE,12,365,60.2733698630137,59.14794520547945,-0.01902728241233964,observation_steps
pm25,extratrees,persistence,MAE,13,365,59.52871232876712,61.07671232876712,0.025345175615664184,observation_steps
pm25,extratrees,persistence,MAE,14,365,60.24641095890411,61.87397260273973,0.02630446333687575,observation_steps
pm25,extratrees,persistence,MAE,15,365,62.55495890410959,63.21917808219178,0.01050660888407362,observation_steps
pm25,extratrees,persistence,MAE,16,365,62.124273972602744,63.56986301369863,0.022740162909968498,observation_steps
pm25,extratrees,persistence,MAE,17,365,63.7507397260274,64.31506849315069,0.008774440894568802,observation_steps
pm25,extratrees,persistence,MAE,18,365,64.64657534246575,65.57534246575342,0.014163359097555839,observation_steps
pm25,extratrees,persistence,MAE,19,365,65.50564383561643,66.64383561643835,0.017078725590955912,observation_steps
pm25,extratrees,persistence,MAE,20,365,66.50997260273972,67.72054794520548,0.01787604175095081,observation_steps
pm25,extratrees,persistence,MAE,21,365,70.69616438356165,69.61643835616438,-0.015509641873278301,observation_steps
pm25,extratrees,persistence,MAE,22,365,73.25890410958904,73.07123287671233,-0.002568332645944915,observation_steps
pm25,extratrees,persistence,MAE,23,365,74.12043835616439,75.97534246575343,0.024414554109119746,observation_steps
pm25,extratrees,persistence,MAE,24,365,76.41435616438356,78.47123287671234,0.02621185671391668,observation_steps
pm25,extratrees,persistence,MAE,25,365,78.67950684931508,80.1917808219178,0.018858216604031308,observation_steps
pm25,extratrees,persistence,MAE,26,365,79.80471232876714,82.17534246575343,0.0288484363539373,observation_steps
pm25,extratrees,persistence,MAE,27,365,82.14761643835617,85.23287671232876,0.03619800707168108,observation_steps
pm25,extratrees,persistence,MAE,28,365,84.54328767123289,85.55890410958904,0.011870376893272083,observation_steps
pm25,extratrees,persistence,MAE,29,365,80.95101369863015,84.18904109589042,0.03846138826515666,observation_steps
pm25,extratrees,persistence,MAE,30,365,82.1372602739726,86.15068493150685,0.046586102719033184,observation_steps
pm25,extratrees,persistence,MAE,31,365,79.96893150684932,84.33698630136986,0.051792872689471414,observation_steps
pm25,extratrees,persistence,MAE,32,365,77.08378082191781,81.99178082191781,0.05985965850235575,observation_steps
pm25,extratrees,persistence,MAE,33,365,76.5933698630137,80.25753424657535,0.04565508295214038,observation_steps
pm25,extratrees,persistence,MAE,34,365,74.83835616438355,80.07945205479452,0.06544869821068122,observation_steps
pm25,extratrees,persistence,MAE,35,365,76.35901369863014,81.61917808219178,0.06444765197542879,observation_steps
pm25,extratrees,persistence,MAE,36,365,77.13446575342466,82.88493150684931,0.06937890457144735,observation_steps
pm25,extratrees,persistence,MAE,37,365,75.83676712328767,82.56712328767124,0.08151375385738469,observation_steps
pm25,extratrees,persistence,MAE,38,365,74.64509589041096,82.34794520547945,0.09354027348038729,observation_steps
pm25,extratrees,persistence,MAE,39,365,74.44745205479452,83.1041095890411,0.1041664194112023,observation_steps
pm25,extratrees,persistence,MAE,40,365,74.90608219178083,83.4876712328767,0.10278869819184189,observation_steps
pm25,extratrees,persistence,MAE,41,365,76.32767123287671,83.66575342465754,0.08770711899927963,observation_steps
pm25,extratrees,persistence,MAE,42,365,74.78460273972603,84.36712328767123,0.11358121712021829,observation_steps
pm25,extratrees,persistence,MAE,43,365,78.50745205479453,86.1972602739726,0.08921174750492655,observation_steps
pm25,extratrees,persistence,MAE,44,365,78.33528767123288,88.46849315068494,0.11454027437985825,observation_steps
pm25,extratrees,persistence,MAE,45,365,81.0410410958904,89.62191780821918,0.0957452922474934,observation_steps
pm25,extratrees,persistence,MAE,46,365,82.64756164383562,91.03561643835616,0.09214036354881416,observation_steps
pm25,extratrees,persistence,MAE,47,365,83.2196712328767,92.43013698630136,0.09964786436256934,observation_steps
pm25,extratrees,persistence,MAE,48,365,85.3718904109589,94.34794520547945,0.09513778784446969,observation_steps
pm25,knn,persistence,MAE,1,365,22.32164383561644,15.073972602739726,-0.48080697928026184,observation_steps
pm25,knn,persistence,MAE,2,365,31.853698630136986,23.71780821917808,-0.34302876285087214,observation_steps
pm25,knn,persistence,MAE,3,365,39.658630136986304,32.06849315068493,-0.2366851772746692,observation_steps
pm25,knn,persistence,MAE,4,365,47.584109589041105,37.394520547945206,-0.27248882702029475,observation_steps
pm25,knn,persistence,MAE,5,365,51.85589041095891,40.95890410958904,-0.26604682274247504,observation_steps
pm25,knn,persistence,MAE,6,365,56.80383561643836,46.605479452054794,-0.21882311445535252,observation_steps
pm25,knn,persistence,MAE,7,365,56.724383561643826,46.21917808219178,-0.22729104919976262,observation_steps
pm25,knn,persistence,MAE,8,365,60.09917808219177,49.18630136986302,-0.22186821144098445,observation_steps
pm25,knn,persistence,MAE,9,365,59.54849315068493,49.86027397260274,-0.1943073795263477,observation_steps
pm25,knn,persistence,MAE,10,365,60.050958904109585,51.42465753424658,-0.16774640383590822,observation_steps
pm25,knn,persistence,MAE,11,365,63.851506849315065,54.37534246575343,-0.17427318990275587,observation_steps
pm25,knn,persistence,MAE,12,365,67.41698630136986,59.14794520547945,-0.13980267728936036,observation_steps
pm25,knn,persistence,MAE,13,365,66.79068493150685,61.07671232876712,-0.09355403041313415,observation_steps
pm25,knn,persistence,MAE,14,365,66.01041095890412,61.87397260273973,-0.06685263903648608,observation_steps
pm25,knn,persistence,MAE,15,365,67.10684931506849,63.21917808219178,-0.06149512459371609,observation_steps
pm25,knn,persistence,MAE,16,365,67.86575342465754,63.56986301369863,-0.06757746843080636,observation_steps
pm25,knn,persistence,MAE,17,365,67.84054794520547,64.31506849315069,-0.0548157614483491,observation_steps
pm25,knn,persistence,MAE,18,365,68.94575342465754,65.57534246575342,-0.051397534990599736,observation_steps
pm25,knn,persistence,MAE,19,365,70.49917808219178,66.64383561643835,-0.05784994861253856,observation_steps
pm25,knn,persistence,MAE,20,365,72.78575342465753,67.72054794520548,-0.07479569544461517,observation_steps
pm25,knn,persistence,MAE,21,365,77.32657534246574,69.61643835616438,-0.1107516725698543,observation_steps
pm25,knn,persistence,MAE,22,365,80.86575342465754,73.07123287671233,-0.10667016609800917,observation_steps
pm25,knn,persistence,MAE,23,365,83.02520547945204,75.97534246575343,-0.09279146082002065,observation_steps
pm25,knn,persistence,MAE,24,365,85.2745205479452,78.47123287671234,-0.08669785629495141,observation_steps
pm25,knn,persistence,MAE,25,365,87.63835616438357,80.1917808219178,-0.09285958319098064,observation_steps
pm25,knn,persistence,MAE,26,365,87.58465753424657,82.17534246575343,-0.0658264986330599,observation_steps
pm25,knn,persistence,MAE,27,365,87.73808219178082,85.23287671232876,-0.029392478302796565,observation_steps
pm25,knn,persistence,MAE,28,365,88.04657534246576,85.55890410958904,-0.02907553876204827,observation_steps
pm25,knn,persistence,MAE,29,365,84.15342465753425,84.18904109589042,0.00042305314198320954,observation_steps
pm25,knn,persistence,MAE,30,365,86.06739726027396,86.15068493150685,0.0009667673716012848,observation_steps
pm25,knn,persistence,MAE,31,365,83.98410958904108,84.33698630136986,0.00418412760289788,observation_steps
pm25,knn,persistence,MAE,32,365,82.14520547945206,81.99178082191781,-0.0018712199685901876,observation_steps
pm25,knn,persistence,MAE,33,365,79.00328767123288,80.25753424657535,0.015627773605516482,observation_steps
pm25,knn,persistence,MAE,34,365,78.27835616438355,80.07945205479452,0.02249136131923779,observation_steps
pm25,knn,persistence,MAE,35,365,79.39780821917809,81.61917808219178,0.02721627337115229,observation_steps
pm25,knn,persistence,MAE,36,365,80.27890410958904,82.88493150684931,0.03144150993289929,observation_steps
pm25,knn,persistence,MAE,37,365,78.76273972602739,82.56712328767124,0.04607625178352204,observation_steps
pm25,knn,persistence,MAE,38,365,77.666301369863,82.34794520547945,0.05685198123565227,observation_steps
pm25,knn,persistence,MAE,39,365,78.67890410958904,83.1041095890411,0.05324893680150333,observation_steps
pm25,knn,persistence,MAE,40,365,77.24383561643836,83.4876712328767,0.07478751681816675,observation_steps
pm25,knn,persistence,MAE,41,365,78.26246575342466,83.66575342465754,0.06458183247101967,observation_steps
pm25,knn,persistence,MAE,42,365,78.14082191780822,84.36712328767123,0.07380009092680384,observation_steps
pm25,knn,persistence,MAE,43,365,79.04328767123287,86.1972602739726,0.08299535948127901,observation_steps
pm25,knn,persistence,MAE,44,365,80.04931506849314,88.46849315068494,0.09516583568176906,observation_steps
pm25,knn,persistence,MAE,45,365,80.99835616438357,89.62191780821918,0.09622157006603083,observation_steps
pm25,knn,persistence,MAE,46,365,81.40328767123287,91.03561643835616,0.10580835439990366,observation_steps
pm25,knn,persistence,MAE,47,365,82.66465753424657,92.43013698630136,0.10565254764798293,observation_steps
pm25,knn,persistence,MAE,48,365,84.07013698630138,94.34794520547945,0.10893515695327682,observation_steps
pm25,lightgbm,persistence,MAE,1,365,17.193481112702937,15.073972602739726,-0.14060716214768676,observation_steps
pm25,lightgbm,persistence,MAE,2,365,26.61655865966939,23.71780821917808,-0.12221831012814222,observation_steps
pm25,lightgbm,persistence,MAE,3,365,36.00378292028292,32.06849315068493,-0.12271514445991172,observation_steps
pm25,lightgbm,persistence,MAE,4,365,41.975743155311974,37.394520547945206,-0.12251053203083528,observation_steps
pm25,lightgbm,persistence,MAE,5,365,46.48712937061237,40.95890410958904,-0.13497004817883052,observation_steps
pm25,lightgbm,persistence,MAE,6,365,53.81866407724618,46.605479452054794,-0.15477117090087922,observation_steps
pm25,lightgbm,persistence,MAE,7,365,52.10174762247713,46.21917808219178,-0.12727551168963558,observation_steps
pm25,lightgbm,persistence,MAE,8,365,55.57660473351638,49.18630136986302,-0.12992038810970197,observation_steps
pm25,lightgbm,persistence,MAE,9,365,54.251774464638395,49.86027397260274,-0.08807614042491418,observation_steps
pm25,lightgbm,persistence,MAE,10,365,59.25566273236321,51.42465753424658,-0.15228113464638104,observation_steps
pm25,lightgbm,persistence,MAE,11,365,62.19821944051594,54.37534246575343,-0.1438680957216869,observation_steps
pm25,lightgbm,persistence,MAE,12,365,65.72170454530423,59.14794520547945,-0.11114095877697183,observation_steps
pm25,lightgbm,persistence,MAE,13,365,64.2841763143413,61.07671232876712,-0.05251533462228375,observation_steps
pm25,lightgbm,persistence,MAE,14,365,65.09022580448267,61.87397260273973,-0.05198071283369532,observation_steps
pm25,lightgbm,persistence,MAE,15,365,66.31896913018045,63.21917808219178,-0.049032447779669086,observation_steps
pm25,lightgbm,persistence,MAE,16,365,66.84582757954641,63.56986301369863,-0.05153329597614276,observation_steps
pm25,lightgbm,persistence,MAE,17,365,67.7172952825548,64.31506849315069,-0.052899372870394146,observation_steps
pm25,lightgbm,persistence,MAE,18,365,67.62356449244699,65.57534246575342,-0.031234637131529297,observation_steps
pm25,lightgbm,persistence,MAE,19,365,68.31862556988878,66.64383561643835,-0.025130455622174974,observation_steps
pm25,lightgbm,persistence,MAE,20,365,68.91731778842617,67.72054794520548,-0.017672181923114927,observation_steps
pm25,lightgbm,persistence,MAE,21,365,72.65339326999991,69.61643835616438,-0.04362410639708658,observation_steps
pm25,lightgbm,persistence,MAE,22,365,76.13807919730331,73.07123287671233,-0.04197063878428664,observation_steps
pm25,lightgbm,persistence,MAE,23,365,77.5409748379563,75.97534246575343,-0.02060711174692753,observation_steps
pm25,lightgbm,persistence,MAE,24,365,78.59782806318499,78.47123287671234,-0.0016132687334167173,observation_steps
pm25,lightgbm,persistence,MAE,25,365,81.75721615337191,80.1917808219178,-0.019521144379253563,observation_steps
pm25,lightgbm,persistence,MAE,26,365,82.97788063418291,82.17534246575343,-0.009766167616081844,observation_steps
pm25,lightgbm,persistence,MAE,27,365,86.99464391425109,85.23287671232876,-0.020670042709792558,observation_steps
pm25,lightgbm,persistence,MAE,28,365,87.70878760324365,85.55890410958904,-0.02512752490262038,observation_steps
pm25,lightgbm,persistence,MAE,29,365,85.53065191764405,84.18904109589042,-0.015935694293341074,observation_steps
pm25,lightgbm,persistence,MAE,30,365,85.60935337925316,86.15068493150685,0.0062835432206262976,observation_steps
pm25,lightgbm,persistence,MAE,31,365,83.54552380254628,84.33698630136986,0.009384524317662568,observation_steps
pm25,lightgbm,persistence,MAE,32,365,81.14948826851867,81.99178082191781,0.010272890098930398,observation_steps
pm25,lightgbm,persistence,MAE,33,365,78.47577741099069,80.25753424657535,0.022200493103993968,observation_steps
pm25,lightgbm,persistence,MAE,34,365,78.79389209296515,80.07945205479452,0.016053555922806773,observation_steps
pm25,lightgbm,persistence,MAE,35,365,79.540641771192,81.61917808219178,0.025466273489138325,observation_steps
pm25,lightgbm,persistence,MAE,36,365,79.5580549488088,82.88493150684931,0.040138496799814405,observation_steps
pm25,lightgbm,persistence,MAE,37,365,77.29195358072958,82.56712328767124,0.06388946952363217,observation_steps
pm25,lightgbm,persistence,MAE,38,365,76.34036071592173,82.34794520547945,0.0729536659909028,observation_steps
pm25,lightgbm,persistence,MAE,39,365,77.86123473876341,83.1041095890411,0.06308803350645686,observation_steps
pm25,lightgbm,persistence,MAE,40,365,75.70605205135088,83.4876712328767,0.09320680606625298,observation_steps
pm25,lightgbm,persistence,MAE,41,365,75.70254498208094,83.66575342465754,0.09517882905037856,observation_steps
pm25,lightgbm,persistence,MAE,42,365,77.22332190360231,84.36712328767123,0.08467518039829691,observation_steps
pm25,lightgbm,persistence,MAE,43,365,78.8945485193651,86.1972602739726,0.08472092652824792,observation_steps
pm25,lightgbm,persistence,MAE,44,365,80.24346677350769,88.46849315068494,0.0929712498117028,observation_steps
pm25,lightgbm,persistence,MAE,45,365,82.37511427633727,89.62191780821918,0.08085972392812724,observation_steps
pm25,lightgbm,persistence,MAE,46,365,84.79257428925392,91.03561643835616,0.06857801806976993,observation_steps
pm25,lightgbm,persistence,MAE,47,365,86.60451577742408,92.43013698630136,0.06302729173430377,observation_steps
pm25,lightgbm,persistence,MAE,48,365,86.89464546160725,94.34794520547945,0.07899800814569646,observation_steps
pm25,mlp,persistence,MAE,1,365,19.104838971839687,15.073972602739726,-0.2674057115088124,observation_steps
pm25,mlp,persistence,MAE,2,365,30.185434061316005,23.71780821917808,-0.2726907049070513,observation_steps
pm25,mlp,persistence,MAE,3,365,39.63954876240772,32.06849315068493,-0.23609015790506782,observation_steps
pm25,mlp,persistence,MAE,4,365,45.63244295823562,37.394520547945206,-0.2202975807572718,observation_steps
pm25,mlp,persistence,MAE,5,365,47.27008094572017,40.95890410958904,-0.15408558830688035,observation_steps
pm25,mlp,persistence,MAE,6,365,52.06814302069979,46.605479452054794,-0.1172107578952104,observation_steps
pm25,mlp,persistence,MAE,7,365,51.25334390589809,46.21917808219178,-0.10891941468007138,observation_steps
pm25,mlp,persistence,MAE,8,365,54.05594338096068,49.18630136986302,-0.0990040290787415,observation_steps
pm25,mlp,persistence,MAE,9,365,51.047843902987154,49.86027397260274,-0.023817958381796345,observation_steps
pm25,mlp,persistence,MAE,10,365,52.622717725848666,51.42465753424658,-0.02329738784948132,observation_steps
pm25,mlp,persistence,MAE,11,365,55.69217203616827,54.37534246575343,-0.024217402791425258,observation_steps
pm25,mlp,persistence,MAE,12,365,60.84088499804042,59.14794520547945,-0.028622123502003438,observation_steps
pm25,mlp,persistence,MAE,13,365,59.119632121900544,61.07671232876712,0.032042985489001086,observation_steps
pm25,mlp,persistence,MAE,14,365,57.749372575751835,61.87397260273973,0.06666130932742564,observation_steps
pm25,mlp,persistence,MAE,15,365,60.308028637889485,63.21917808219178,0.04604851775386076,observation_steps
pm25,mlp,persistence,MAE,16,365,59.56701084946428,63.56986301369863,0.06296776451086228,observation_steps
pm25,mlp,persistence,MAE,17,365,62.55153338124647,64.31506849315069,0.027420247746327564,observation_steps
pm25,mlp,persistence,MAE,18,365,63.62685797307836,65.57534246575342,0.029713676199139227,observation_steps
pm25,mlp,persistence,MAE,19,365,62.615853825484905,66.64383561643835,0.06044042564020591,observation_steps
pm25,mlp,persistence,MAE,20,365,64.2570371738896,67.72054794520548,0.051144163424641786,observation_steps
pm25,mlp,persistence,MAE,21,365,68.62747951770902,69.61643835616438,0.014205823535466622,observation_steps
pm25,mlp,persistence,MAE,22,365,70.74158105497348,73.07123287671233,0.03188192849666982,observation_steps
pm25,mlp,persistence,MAE,23,365,73.35897244365248,75.97534246575343,0.03443709415696683,observation_steps
pm25,mlp,persistence,MAE,24,365,75.32877084502307,78.47123287671234,0.040046038739144696,observation_steps
pm25,mlp,persistence,MAE,25,365,78.28672447679834,80.1917808219178,0.023756254389087905,observation_steps
pm25,mlp,persistence,MAE,26,365,78.82892378589722,82.17534246575343,0.04072290518595445,observation_steps
pm25,mlp,persistence,MAE,27,365,82.2186753416688,85.23287671232876,0.03536430409163893,observation_steps
pm25,mlp,persistence,MAE,28,365,83.76374268227015,85.55890410958904,0.02098158509626935,observation_steps
pm25,mlp,persistence,MAE,29,365,79.25586846920018,84.18904109589042,0.05859637504448356,observation_steps
pm25,mlp,persistence,MAE,30,365,80.41285374326607,86.15068493150685,0.06660227011314623,observation_steps
pm25,mlp,persistence,MAE,31,365,78.20301538075208,84.33698630136986,0.07273168261785701,observation_steps
pm25,mlp,persistence,MAE,32,365,75.76478379703462,81.99178082191781,0.07594660053070357,observation_steps
pm25,mlp,persistence,MAE,33,365,71.4299006936945,80.25753424657535,0.10999133770743175,observation_steps
pm25,mlp,persistence,MAE,34,365,71.38740143649538,80.07945205479452,0.10854283333946368,observation_steps
pm25,mlp,persistence,MAE,35,365,72.5486931400355,81.61917808219178,0.11113178489768871,observation_steps
pm25,mlp,persistence,MAE,36,365,72.79036986002085,82.88493150684931,0.12179007044234924,observation_steps
pm25,mlp,persistence,MAE,37,365,70.94955735760794,82.56712328767124,0.140704501591834,observation_steps
pm25,mlp,persistence,MAE,38,365,70.57754203884855,82.34794520547945,0.14293499536947396,observation_steps
pm25,mlp,persistence,MAE,39,365,69.22144111133314,83.1041095890411,0.16705152785294586,observation_steps
pm25,mlp,persistence,MAE,40,365,70.07062049433279,83.4876712328767,0.16070697074684248,observation_steps
pm25,mlp,persistence,MAE,41,365,70.77553259472451,83.66575342465754,0.1540680661119116,observation_steps
pm25,mlp,persistence,MAE,42,365,71.72007628901567,84.36712328767123,0.14990492155969615,observation_steps
pm25,mlp,persistence,MAE,43,365,72.62627995862546,86.1972602739726,0.1574409705391172,observation_steps
pm25,mlp,persistence,MAE,44,365,72.83269064563,88.46849315068494,0.1767386551777601,observation_steps
pm25,mlp,persistence,MAE,45,365,74.7367354008482,89.62191780821918,0.16608863960291043,observation_steps
pm25,mlp,persistence,MAE,46,365,74.96606881925815,91.03561643835616,0.17651934756743626,observation_steps
pm25,mlp,persistence,MAE,47,365,76.96303959453601,92.43013698630136,0.16733825022955073,observation_steps
pm25,mlp,persistence,MAE,48,365,76.65270531331164,94.34794520547945,0.18755299708572903,observation_steps
pm25,ridge,persistence,MAE,1,365,15.587293854610357,15.073972602739726,-0.03405348181257373,observation_steps
pm25,ridge,persistence,MAE,2,365,24.747886119994963,23.71780821917808,-0.043430568764948774,observation_steps
pm25,ridge,persistence,MAE,3,365,33.12403912709732,32.06849315068493,-0.032915359366981756,observation_steps
pm25,ridge,persistence,MAE,4,365,38.95989358551561,37.394520547945206,-0.04186102708720041,observation_steps
pm25,ridge,persistence,MAE,5,365,42.4649326076819,40.95890410958904,-0.03676925764574546,observation_steps
pm25,ridge,persistence,MAE,6,365,48.37977110027738,46.605479452054794,-0.03807045156670652,observation_steps
pm25,ridge,persistence,MAE,7,365,47.22520847453021,46.21917808219178,-0.021766514119948344,observation_steps
pm25,ridge,persistence,MAE,8,365,49.50256070886942,49.18630136986302,-0.0064298255855474995,observation_steps
pm25,ridge,persistence,MAE,9,365,48.34109895309174,49.86027397260274,0.030468645646547388,observation_steps
pm25,ridge,persistence,MAE,10,365,50.039857727083536,51.42465753424658,0.026928712286335088,observation_steps
pm25,ridge,persistence,MAE,11,365,52.63002817104743,54.37534246575343,0.03209753199817045,observation_steps
pm25,ridge,persistence,MAE,12,365,56.16708465767528,59.14794520547945,0.05039668812582898,observation_steps
pm25,ridge,persistence,MAE,13,365,56.01346032496728,61.07671232876712,0.08289987805082066,observation_steps
pm25,ridge,persistence,MAE,14,365,56.18297071968277,61.87397260273973,0.09197731523714969,observation_steps
pm25,ridge,persistence,MAE,15,365,57.54155269398146,63.21917808219178,0.08980859227288274,observation_steps
pm25,ridge,persistence,MAE,16,365,57.27958216276402,63.56986301369863,0.09895067493820331,observation_steps
pm25,ridge,persistence,MAE,17,365,58.273888906396266,64.31506849315069,0.09393101380896118,observation_steps
pm25,ridge,persistence,MAE,18,365,58.93554114616115,65.57534246575342,0.10125454278885226,observation_steps
pm25,ridge,persistence,MAE,19,365,61.27696523730055,66.64383561643835,0.08053063467154353,observation_steps
pm25,ridge,persistence,MAE,20,365,62.96524094338691,67.72054794520548,0.07021955885038345,observation_steps
pm25,ridge,persistence,MAE,21,365,65.39643927811235,69.61643835616438,0.060617853738252236,observation_steps
pm25,ridge,persistence,MAE,22,365,67.54242746250216,73.07123287671233,0.07566322883231646,observation_steps
pm25,ridge,persistence,MAE,23,365,70.09116326031237,75.97534246575343,0.07744853809765195,observation_steps
pm25,ridge,persistence,MAE,24,365,71.52397235601303,78.47123287671234,0.08853257768505152,observation_steps
pm25,ridge,persistence,MAE,25,365,73.13248211948836,80.1917808219178,0.08803020247306959,observation_steps
pm25,ridge,persistence,MAE,26,365,74.11558158051824,82.17534246575343,0.09808004011171723,observation_steps
pm25,ridge,persistence,MAE,27,365,76.64956439096815,85.23287671232876,0.10070424292178148,observation_steps
pm25,ridge,persistence,MAE,28,365,78.01903173443272,85.55890410958904,0.0881249292943116,observation_steps
pm25,ridge,persistence,MAE,29,365,76.05043753120584,84.18904109589042,0.09667058157147546,observation_steps
pm25,ridge,persistence,MAE,30,365,77.6025628984681,86.15068493150685,0.09922291436028441,observation_steps
pm25,ridge,persistence,MAE,31,365,75.05117019649461,84.33698630136986,0.11010372212843023,observation_steps
pm25,ridge,persistence,MAE,32,365,73.62882132995539,81.99178082191781,0.10199753448612581,observation_steps
pm25,ridge,persistence,MAE,33,365,70.9482162222492,80.25753424657535,0.11599307294596306,observation_steps
pm25,ridge,persistence,MAE,34,365,69.93759804061375,80.07945205479452,0.12664739522994217,observation_steps
pm25,ridge,persistence,MAE,35,365,70.71339953682573,81.61917808219178,0.13361784327678183,observation_steps
pm25,ridge,persistence,MAE,36,365,69.9931273420804,82.88493150684931,0.15553857535254867,observation_steps
pm25,ridge,persistence,MAE,37,365,68.35414484329566,82.56712328767124,0.17213847205087052,observation_steps
pm25,ridge,persistence,MAE,38,365,67.9571228954468,82.34794520547945,0.17475630113324403,observation_steps
pm25,ridge,persistence,MAE,39,365,68.06056186484115,83.1041095890411,0.18102050306046158,observation_steps
pm25,ridge,persistence,MAE,40,365,67.54272448342559,83.4876712328767,0.19098564511369598,observation_steps
pm25,ridge,persistence,MAE,41,365,69.07759828787083,83.66575342465754,0.17436232316874545,observation_steps
pm25,ridge,persistence,MAE,42,365,69.7757734175366,84.36712328767123,0.17295066255111846,observation_steps
pm25,ridge,persistence,MAE,43,365,71.51428153227222,86.1972602739726,0.17034159432714513,observation_steps
pm25,ridge,persistence,MAE,44,365,72.28109548761397,88.46849315068494,0.18297358852376522,observation_steps
pm25,ridge,persistence,MAE,45,365,74.01024446835162,89.62191780821918,0.1741948144121931,observation_steps
pm25,ridge,persistence,MAE,46,365,74.57701920853219,91.03561643835616,0.18079294537395418,observation_steps
pm25,ridge,persistence,MAE,47,365,75.77833066794392,92.43013698630136,0.18015559493139488,observation_steps
pm25,ridge,persistence,MAE,48,365,76.19315284576605,94.34794520547945,0.19242382354140575,observation_steps
pm25,extratrees,persistence,RMSE,1,365,25.659652054570884,25.019992006393608,-0.02556595733579048,observation_steps
pm25,extratrees,persistence,RMSE,2,365,42.59432164869314,37.40364790648539,-0.13877453223774316,observation_steps
pm25,extratrees,persistence,RMSE,3,365,52.69187306523927,48.58482202814835,-0.08453362316962765,observation_steps
pm25,extratrees,persistence,RMSE,4,365,67.24529338726782,58.81400914095958,-0.14335503342581157,observation_steps
pm25,extratrees,persistence,RMSE,5,365,71.91963279501546,63.52080880062007,-0.13222161608108185,observation_steps
pm25,extratrees,persistence,RMSE,6,365,86.04671103534405,81.28557809033194,-0.058572911171537845,observation_steps
pm25,extratrees,persistence,RMSE,7,365,78.7667939005382,71.56719229995424,-0.1005991903442125,observation_steps
pm25,extratrees,persistence,RMSE,8,365,78.66056232797618,76.02348231312283,-0.0346877035176032,observation_steps
pm25,extratrees,persistence,RMSE,9,365,76.98823910182645,75.1707645006783,-0.024177944886163205,observation_steps
pm25,extratrees,persistence,RMSE,10,365,80.01600733004051,79.34730317123541,-0.008427560006192047,observation_steps
pm25,extratrees,persistence,RMSE,11,365,83.92480533273215,83.28770074801207,-0.007649443783394272,observation_steps
pm25,extratrees,persistence,RMSE,12,365,92.65147481989356,95.25704230968459,0.027353016917323725,observation_steps
pm25,extratrees,persistence,RMSE,13,365,90.63073716710052,97.32162467888104,0.06875026525561534,observation_steps
pm25,extratrees,persistence,RMSE,14,365,86.72597419774507,94.71673703191323,0.08436484495317653,observation_steps
pm25,extratrees,persistence,RMSE,15,365,90.13154051201218,95.76136149911603,0.05879011011300028,observation_steps
pm25,extratrees,persistence,RMSE,16,365,87.85201615793288,95.25548918134892,0.077722271829618,observation_steps
pm25,extratrees,persistence,RMSE,17,365,90.24057591747632,96.58978362834169,0.06573373986731212,observation_steps
pm25,extratrees,persistence,RMSE,18,365,90.48686700441104,98.16590653317195,0.07822511704882007,observation_steps
pm25,extratrees,persistence,RMSE,19,365,90.89718585091862,100.12713835727274,0.09218232596860898,observation_steps
pm25,extratrees,persistence,RMSE,20,365,91.87119682185191,101.93583799868009,0.09873506094057416,observation_steps
pm25,extratrees,persistence,RMSE,21,365,96.89879363089763,103.61176217145413,0.06478963777730229,observation_steps
pm25,extratrees,persistence,RMSE,22,365,100.10322913516661,106.51813145548097,0.06022357163667902,observation_steps
pm25,extratrees,persistence,RMSE,23,365,101.47590218561035,109.17560317565056,0.0705258387961668,observation_steps
pm25,extratrees,persistence,RMSE,24,365,104.64061721153483,110.99045991336743,0.0572107071795982,observation_steps
pm25,extratrees,persistence,RMSE,25,365,106.59864762050478,113.14139535318519,0.05782806294951903,observation_steps
pm25,extratrees,persistence,RMSE,26,365,108.19934349685623,115.76880598138759,0.06538430124042494,observation_steps
pm25,extratrees,persistence,RMSE,27,365,113.69412421294227,119.63272562763038,0.04964027512983893,observation_steps
pm25,extratrees,persistence,RMSE,28,365,117.96479298781283,120.77424882019425,0.023262043521910636,observation_steps
pm25,extratrees,persistence,RMSE,29,365,115.38113498374415,118.41442202057043,0.025615858145212722,observation_steps
pm25,extratrees,persistence,RMSE,30,365,120.9673162832305,126.6960444182567,0.04521631406355653,observation_steps
pm25,extratrees,persistence,RMSE,31,365,110.68582432903166,117.47908003800227,0.05782523753823332,observation_steps
pm25,extratrees,persistence,RMSE,32,365,106.34471450178309,114.62196351724195,0.07221346382025429,observation_steps
pm25,extratrees,persistence,RMSE,33,365,103.87169127710939,111.48978698849382,0.06832998714196703,observation_steps
pm25,extratrees,persistence,RMSE,34,365,103.14612204079606,111.85659850959614,0.07787181610079819,observation_steps
pm25,extratrees,persistence,RMSE,35,365,104.24157507825042,113.55403034775638,0.08200902461133963,observation_steps
pm25,extratrees,persistence,RMSE,36,365,110.67731150102937,119.74519751859414,0.07572651100397332,observation_steps
pm25,extratrees,persistence,RMSE,37,365,108.000128599619,118.09113035487954,0.08545097099956389,observation_steps
pm25,extratrees,persistence,RMSE,38,365,103.47218060379375,114.67883682893874,0.09772209533186549,observation_steps
pm25,extratrees,persistence,RMSE,39,365,105.17978945400604,115.52573098902229,0.0895553003339088,observation_steps
pm25,extratrees,persistence,RMSE,40,365,106.71748492651565,114.56176177186684,0.06847203398435797,observation_steps
pm25,extratrees,persistence,RMSE,41,365,108.42750257186874,114.8671418377449,0.05606163053114388,observation_steps
pm25,extratrees,persistence,RMSE,42,365,104.62386288477168,115.61222384060373,0.09504497526993227,observation_steps
pm25,extratrees,persistence,RMSE,43,365,109.28123470992642,118.0979625866733,0.07465605403883402,observation_steps
pm25,extratrees,persistence,RMSE,44,365,108.02673652312014,120.12271123074377,0.1006968173103292,observation_steps
pm25,extratrees,persistence,RMSE,45,365,110.51821475610576,121.53044604159277,0.09061294222287442,observation_steps
pm25,extratrees,persistence,RMSE,46,365,112.96953294207552,123.84619272329203,0.08782393339711381,observation_steps
pm25,extratrees,persistence,RMSE,47,365,114.45402956813518,125.47078468001696,0.08780334912208732,observation_steps
pm25,extratrees,persistence,RMSE,48,365,116.34983781446391,126.04201300001476,0.07689638521997988,observation_steps
pm25,knn,persistence,RMSE,1,365,34.19386630889647,25.019992006393608,-0.3666617599301618,observation_steps
pm25,knn,persistence,RMSE,2,365,48.06238525824877,37.40364790648539,-0.2849651824980224,observation_steps
pm25,knn,persistence,RMSE,3,365,59.452266106562156,48.58482202814835,-0.22367981655088887,observation_steps
pm25,knn,persistence,RMSE,4,365,73.94330816184659,58.81400914095958,-0.25723971621500263,observation_steps
pm25,knn,persistence,RMSE,5,365,79.25453705520975,63.52080880062007,-0.24769407933666132,observation_steps
pm25,knn,persistence,RMSE,6,365,93.282213724055,81.28557809033194,-0.14758627441132677,observation_steps
pm25,knn,persistence,RMSE,7,365,86.54597891152093,71.56719229995424,-0.2092968318330446,observation_steps
pm25,knn,persistence,RMSE,8,365,88.83252952252268,76.02348231312283,-0.16848803579718163,observation_steps
pm25,knn,persistence,RMSE,9,365,85.64260365988318,75.1707645006783,-0.1393073388140198,observation_steps
pm25,knn,persistence,RMSE,10,365,86.43677236245206,79.34730317123541,-0.08934732382671196,observation_steps
pm25,knn,persistence,RMSE,11,365,90.1001397228783,83.28770074801207,-0.08179405739002621,observation_steps
pm25,knn,persistence,RMSE,12,365,99.60985482411965,95.25704230968459,-0.045695440556341005,observation_steps
pm25,knn,persistence,RMSE,13,365,98.60239848148406,97.32162467888104,-0.013160218058720474,observation_steps
pm25,knn,persistence,RMSE,14,365,93.05033252794772,94.71673703191323,0.01759355902858062,observation_steps
pm25,knn,persistence,RMSE,15,365,95.60957480566759,95.76136149911603,0.001585051539287563,observation_steps
pm25,knn,persistence,RMSE,16,365,95.28742101001436,95.25548918134892,-0.00033522297706789494,observation_steps
pm25,knn,persistence,RMSE,17,365,95.70834406303179,96.58978362834169,0.009125598300349314,observation_steps
pm25,knn,persistence,RMSE,18,365,96.00731821421184,98.16590653317195,0.02198918540247663,observation_steps
pm25,knn,persistence,RMSE,19,365,98.8028955263132,100.12713835727274,0.013225613481875342,observation_steps
pm25,knn,persistence,RMSE,20,365,101.98570514927334,101.93583799868009,-0.0004892013601134337,observation_steps
pm25,knn,persistence,RMSE,21,365,106.42211583935938,103.61176217145413,-0.027123886410258535,observation_steps
pm25,knn,persistence,RMSE,22,365,109.79998353170024,106.51813145548097,-0.030810267053838603,observation_steps
pm25,knn,persistence,RMSE,23,365,112.62146806223558,109.17560317565056,-0.03156259078359325,observation_steps
pm25,knn,persistence,RMSE,24,365,114.98167382269442,110.99045991336743,-0.035959972707945376,observation_steps
pm25,knn,persistence,RMSE,25,365,119.37898853696822,113.14139535318519,-0.05513095507008381,observation_steps
pm25,knn,persistence,RMSE,26,365,121.25508581340593,115.76880598138759,-0.04738996645521576,observation_steps
pm25,knn,persistence,RMSE,27,365,123.74812952785928,119.63272562763038,-0.03440031879770533,observation_steps
pm25,knn,persistence,RMSE,28,365,125.74409019583419,120.77424882019425,-0.04114984298547708,observation_steps
pm25,knn,persistence,RMSE,29,365,123.15257760137631,118.41442202057043,-0.04001333199078383,observation_steps
pm25,knn,persistence,RMSE,30,365,128.96809035093574,126.6960444182567,-0.017933045527281255,observation_steps
pm25,knn,persistence,RMSE,31,365,119.37979499083919,117.47908003800227,-0.016179178047887932,observation_steps
pm25,knn,persistence,RMSE,32,365,116.72546927762677,114.62196351724195,-0.01835168143903232,observation_steps
pm25,knn,persistence,RMSE,33,365,111.51658737727752,111.48978698849382,-0.00024038424960370897,observation_steps
pm25,knn,persistence,RMSE,34,365,110.50683633473692,111.85659850959614,0.01206689808955197,observation_steps
pm25,knn,persistence,RMSE,35,365,111.72909261685741,113.55403034775638,0.0160710960703917,observation_steps
pm25,knn,persistence,RMSE,36,365,117.0605393077176,119.74519751859414,0.022419756837927962,observation_steps
pm25,knn,persistence,RMSE,37,365,114.75337318586433,118.09113035487954,0.028264249473985092,observation_steps
pm25,knn,persistence,RMSE,38,365,109.7242746084756,114.67883682893874,0.04320380601569618,observation_steps
pm25,knn,persistence,RMSE,39,365,111.70600601947021,115.52573098902229,0.03306384592290568,observation_steps
pm25,knn,persistence,RMSE,40,365,111.04505120562678,114.56176177186684,0.03069707127272614,observation_steps
pm25,knn,persistence,RMSE,41,365,110.43541371652358,114.8671418377449,0.038581338843455604,observation_steps
pm25,knn,persistence,RMSE,42,365,109.29286081285244,115.61222384060373,0.054659990248642654,observation_steps
pm25,knn,persistence,RMSE,43,365,110.10699155385682,118.0979625866733,0.06766391949354611,observation_steps
pm25,knn,persistence,RMSE,44,365,110.68276771247251,120.12271123074377,0.07858583461488866,observation_steps
pm25,knn,persistence,RMSE,45,365,110.50765745487678,121.53044604159277,0.09069981182282116,observation_steps
pm25,knn,persistence,RMSE,46,365,112.99637283547027,123.84619272329203,0.08760721382903858,observation_steps
pm25,knn,persistence,RMSE,47,365,115.22595455338926,125.47078468001696,0.08165112024089649,observation_steps
pm25,knn,persistence,RMSE,48,365,117.65548965762432,126.04201300001476,0.06653752302725813,observation_steps
pm25,lightgbm,persistence,RMSE,1,365,27.920786111445366,25.019992006393608,-0.1159390500328894,observation_steps
pm25,lightgbm,persistence,RMSE,2,365,41.84477594356799,37.40364790648539,-0.1187351578163196,observation_steps
pm25,lightgbm,persistence,RMSE,3,365,53.290694103929255,48.58482202814835,-0.09685889294921135,observation_steps
pm25,lightgbm,persistence,RMSE,4,365,66.31695544130952,58.81400914095958,-0.12757073374079342,observation_steps
pm25,lightgbm,persistence,RMSE,5,365,69.72541067380708,63.52080880062007,-0.09767825678451447,observation_steps
pm25,lightgbm,persistence,RMSE,6,365,86.06586156141452,81.28557809033194,-0.058808506790347215,observation_steps
pm25,lightgbm,persistence,RMSE,7,365,75.63349023643764,71.56719229995424,-0.05681790504566142,observation_steps
pm25,lightgbm,persistence,RMSE,8,365,80.36632434712922,76.02348231312283,-0.057125007982655296,observation_steps
pm25,lightgbm,persistence,RMSE,9,365,78.16468953091433,75.1707645006783,-0.03982831690116728,observation_steps
pm25,lightgbm,persistence,RMSE,10,365,84.41703504443795,79.34730317123541,-0.06389293234404958,observation_steps
pm25,lightgbm,persistence,RMSE,11,365,88.20377277630593,83.28770074801207,-0.059025186001562036,observation_steps
pm25,lightgbm,persistence,RMSE,12,365,97.43976216106779,95.25704230968459,-0.022913999830973975,observation_steps
pm25,lightgbm,persistence,RMSE,13,365,95.8615040308017,97.32162467888104,0.015003044317201897,observation_steps
pm25,lightgbm,persistence,RMSE,14,365,89.9627740782878,94.71673703191323,0.050191371689922826,observation_steps
pm25,lightgbm,persistence,RMSE,15,365,92.21698988145025,95.76136149911603,0.037012544121968305,observation_steps
pm25,lightgbm,persistence,RMSE,16,365,92.86776742530192,95.25548918134892,0.025066500382998624,observation_steps
pm25,lightgbm,persistence,RMSE,17,365,93.71415386425511,96.58978362834169,0.02977157268672881,observation_steps
pm25,lightgbm,persistence,RMSE,18,365,92.85984298980333,98.16590653317195,0.05405199962754492,observation_steps
pm25,lightgbm,persistence,RMSE,19,365,93.5760425652302,100.12713835727274,0.0654277741232051,observation_steps
pm25,lightgbm,persistence,RMSE,20,365,94.6684393259261,101.93583799868009,0.0712938532260664,observation_steps
pm25,lightgbm,persistence,RMSE,21,365,99.85067646390321,103.61176217145413,0.03629979481795864,observation_steps
pm25,lightgbm,persistence,RMSE,22,365,102.77959749060037,106.51813145548097,0.0350976299884036,observation_steps
pm25,lightgbm,persistence,RMSE,23,365,104.17427189173591,109.17560317565056,0.04580997162770972,observation_steps
pm25,lightgbm,persistence,RMSE,24,365,106.51823371575152,110.99045991336743,0.04029378922392668,observation_steps
pm25,lightgbm,persistence,RMSE,25,365,110.7597508968222,113.14139535318519,0.021050159836975557,observation_steps
pm25,lightgbm,persistence,RMSE,26,365,112.93662767279513,115.76880598138759,0.02446408844406489,observation_steps
pm25,lightgbm,persistence,RMSE,27,365,118.33340453204319,119.63272562763038,0.010860916933644549,observation_steps
pm25,lightgbm,persistence,RMSE,28,365,120.99001177397358,120.77424882019425,-0.0017864979984314466,observation_steps
pm25,lightgbm,persistence,RMSE,29,365,119.11692197623732,118.41442202057043,-0.005932554022388015,observation_steps
pm25,lightgbm,persistence,RMSE,30,365,124.11043865305963,126.6960444182567,0.02040794388703493,observation_steps
pm25,lightgbm,persistence,RMSE,31,365,114.87722477703181,117.47908003800227,0.02214739220062667,observation_steps
pm25,lightgbm,persistence,RMSE,32,365,110.70231638959265,114.62196351724195,0.03419630066849877,observation_steps
pm25,lightgbm,persistence,RMSE,33,365,107.81554661833661,111.48978698849382,0.03295584707266863,observation_steps
pm25,lightgbm,persistence,RMSE,34,365,107.90252804760922,111.85659850959614,0.03534946095869074,observation_steps
pm25,lightgbm,persistence,RMSE,35,365,108.5576901136085,113.55403034775638,0.043999673273125706,observation_steps
pm25,lightgbm,persistence,RMSE,36,365,113.28877651725843,119.74519751859414,0.053917995336164926,observation_steps
pm25,lightgbm,persistence,RMSE,37,365,111.0834330915145,118.09113035487954,0.05934143607827269,observation_steps
pm25,lightgbm,persistence,RMSE,38,365,107.34863304475036,114.67883682893874,0.06391941169688109,observation_steps
pm25,lightgbm,persistence,RMSE,39,365,110.08640381389864,115.52573098902229,0.04708325261010915,observation_steps
pm25,lightgbm,persistence,RMSE,40,365,107.38027332718715,114.56176177186684,0.06268660968203843,observation_steps
pm25,lightgbm,persistence,RMSE,41,365,107.0903047662887,114.8671418377449,0.0677028865438416,observation_steps
pm25,lightgbm,persistence,RMSE,42,365,107.57858651856009,115.61222384060373,0.06948778472698303,observation_steps
pm25,lightgbm,persistence,RMSE,43,365,108.10050068263827,118.0979625866733,0.0846539744214283,observation_steps
pm25,lightgbm,persistence,RMSE,44,365,110.11779407270461,120.12271123074377,0.08328913871100285,observation_steps
pm25,lightgbm,persistence,RMSE,45,365,111.29420765931727,121.53044604159277,0.084227769383585,observation_steps
pm25,lightgbm,persistence,RMSE,46,365,114.2427262990633,123.84619272329203,0.07754349336911492,observation_steps
pm25,lightgbm,persistence,RMSE,47,365,116.5545342929942,125.47078468001696,0.0710623625233675,observation_steps
pm25,lightgbm,persistence,RMSE,48,365,116.71000351099376,126.04201300001476,0.07403888010753934,observation_steps
pm25,mlp,persistence,RMSE,1,365,30.469715036243947,25.019992006393608,-0.21781473904778692,observation_steps
pm25,mlp,persistence,RMSE,2,365,45.23116587150165,37.40364790648539,-0.20927151235585906,observation_steps
pm25,mlp,persistence,RMSE,3,365,59.79876171225297,48.58482202814835,-0.2308115830414621,observation_steps
pm25,mlp,persistence,RMSE,4,365,68.44078833834077,58.81400914095958,-0.16368173736139435,observation_steps
pm25,mlp,persistence,RMSE,5,365,71.10903746913155,63.52080880062007,-0.1194605171406038,observation_steps
pm25,mlp,persistence,RMSE,6,365,85.47806923611783,81.28557809033194,-0.05157730613820344,observation_steps
pm25,mlp,persistence,RMSE,7,365,73.74223226994614,71.56719229995424,-0.03039157887982835,observation_steps
pm25,mlp,persistence,RMSE,8,365,77.27652180783244,76.02348231312283,-0.016482269117173987,observation_steps
pm25,mlp,persistence,RMSE,9,365,72.13908847949965,75.1707645006783,0.04033052000091464,observation_steps
pm25,mlp,persistence,RMSE,10,365,73.94344510975264,79.34730317123541,0.06810386548136327,observation_steps
pm25,mlp,persistence,RMSE,11,365,77.64513680371284,83.28770074801207,0.06774786545459899,observation_steps
pm25,mlp,persistence,RMSE,12,365,91.0623295397082,95.25704230968459,0.04403572343070661,observation_steps
pm25,mlp,persistence,RMSE,13,365,89.60417777641143,97.32162467888104,0.07929837718938437,observation_steps
pm25,mlp,persistence,RMSE,14,365,83.1198203126796,94.71673703191323,0.12243788249722165,observation_steps
pm25,mlp,persistence,RMSE,15,365,86.10808509125123,95.76136149911603,0.10080554679617748,observation_steps
pm25,mlp,persistence,RMSE,16,365,85.14665562641024,95.25548918134892,0.10612337033610031,observation_steps
pm25,mlp,persistence,RMSE,17,365,88.30212103813919,96.58978362834169,0.08580268304660232,observation_steps
pm25,mlp,persistence,RMSE,18,365,90.76187966112197,98.16590653317195,0.07542360819077276,observation_steps
pm25,mlp,persistence,RMSE,19,365,90.58724394671016,100.12713835727274,0.09527780946382802,observation_steps
pm25,mlp,persistence,RMSE,20,365,91.63648122514887,101.93583799868009,0.10103764265581039,observation_steps
pm25,mlp,persistence,RMSE,21,365,97.43393418435227,103.61176217145413,0.05962477480962969,observation_steps
pm25,mlp,persistence,RMSE,22,365,101.22654084372988,106.51813145548097,0.049677839250895084,observation_steps
pm25,mlp,persistence,RMSE,23,365,103.6191104193438,109.17560317565056,0.050895003963175145,observation_steps
pm25,mlp,persistence,RMSE,24,365,106.6183253517132,110.99045991336743,0.039391985266723495,observation_steps
pm25,mlp,persistence,RMSE,25,365,110.71432228119339,113.14139535318519,0.021451680566740294,observation_steps
pm25,mlp,persistence,RMSE,26,365,113.82408842594488,115.76880598138759,0.016798286368742255,observation_steps
pm25,mlp,persistence,RMSE,27,365,116.1535349434335,119.63272562763038,0.02908226545825121,observation_steps
pm25,mlp,persistence,RMSE,28,365,118.22740803469436,120.77424882019425,0.0210876143745804,observation_steps
pm25,mlp,persistence,RMSE,29,365,112.59307096167011,118.41442202057043,0.04916082821304535,observation_steps
pm25,mlp,persistence,RMSE,30,365,119.68111292107218,126.6960444182567,0.05536819661098813,observation_steps
pm25,mlp,persistence,RMSE,31,365,110.03338341978521,117.47908003800227,0.0633789149166687,observation_steps
pm25,mlp,persistence,RMSE,32,365,105.09578581554014,114.62196351724195,0.08310953162365642,observation_steps
pm25,mlp,persistence,RMSE,33,365,96.84188131101165,111.48978698849382,0.13138338562790408,observation_steps
pm25,mlp,persistence,RMSE,34,365,97.98084424140613,111.85659850959614,0.12404949241326713,observation_steps
pm25,mlp,persistence,RMSE,35,365,98.80616471288059,113.55403034775638,0.12987531653179396,observation_steps
pm25,mlp,persistence,RMSE,36,365,103.1003293997965,119.74519751859414,0.13900238559640787,observation_steps
pm25,mlp,persistence,RMSE,37,365,101.25157237698457,118.09113035487954,0.14259799129104667,observation_steps
pm25,mlp,persistence,RMSE,38,365,96.90783063180143,114.67883682893874,0.15496325816109835,observation_steps
pm25,mlp,persistence,RMSE,39,365,96.11286689642736,115.52573098902229,0.16803930973991943,observation_steps
pm25,mlp,persistence,RMSE,40,365,99.72008812797841,114.56176177186684,0.1295517231433947,observation_steps
pm25,mlp,persistence,RMSE,41,365,97.54723181413912,114.8671418377449,0.1507821100665231,observation_steps
pm25,mlp,persistence,RMSE,42,365,100.267172111149,115.61222384060373,0.1327286269539386,observation_steps
pm25,mlp,persistence,RMSE,43,365,99.26454675031036,118.0979625866733,0.15947282598157364,observation_steps
pm25,mlp,persistence,RMSE,44,365,101.84465596072846,120.12271123074377,0.15216152784717774,observation_steps
pm25,mlp,persistence,RMSE,45,365,101.93834861820952,121.53044604159277,0.16121143352570289,observation_steps
pm25,mlp,persistence,RMSE,46,365,103.60400808433064,123.84619272329203,0.16344616006233026,observation_steps
pm25,mlp,persistence,RMSE,47,365,105.94320702783966,125.47078468001696,0.15563445866683379,observation_steps
pm25,mlp,persistence,RMSE,48,365,105.33209895900073,126.04201300001476,0.16430961032819746,observation_steps
pm25,ridge,persistence,RMSE,1,365,25.264549549929534,25.019992006393608,-0.009774485278549738,observation_steps
pm25,ridge,persistence,RMSE,2,365,37.692118308774546,37.40364790648539,-0.007712360115526007,observation_steps
pm25,ridge,persistence,RMSE,3,365,49.08632818371042,48.58482202814835,-0.010322280387720983,observation_steps
pm25,ridge,persistence,RMSE,4,365,59.24483177039105,58.81400914095958,-0.007325170239609546,observation_steps
pm25,ridge,persistence,RMSE,5,365,62.88695509885408,63.52080880062007,0.009978678069977542,observation_steps
pm25,ridge,persistence,RMSE,6,365,79.18383515219936,81.28557809033194,0.025856283334750096,observation_steps
pm25,ridge,persistence,RMSE,7,365,67.78790332430047,71.56719229995424,0.052807562434668665,observation_steps
pm25,ridge,persistence,RMSE,8,365,69.70620238125757,76.02348231312283,0.0830964294143468,observation_steps
pm25,ridge,persistence,RMSE,9,365,66.46152140565572,75.1707645006783,0.11585944552877336,observation_steps
pm25,ridge,persistence,RMSE,10,365,69.00961958082425,79.34730317123541,0.13028399425374204,observation_steps
pm25,ridge,persistence,RMSE,11,365,72.47536150396475,83.28770074801207,0.12981915873461536,observation_steps
pm25,ridge,persistence,RMSE,12,365,84.39402951024546,95.25704230968459,0.11403894700113648,observation_steps
pm25,ridge,persistence,RMSE,13,365,84.2922658028094,97.32162467888104,0.13387938106317943,observation_steps
pm25,ridge,persistence,RMSE,14,365,79.44234474862185,94.71673703191323,0.16126391978795596,observation_steps
pm25,ridge,persistence,RMSE,15,365,80.73495932094019,95.76136149911603,0.15691508498774376,observation_steps
pm25,ridge,persistence,RMSE,16,365,79.93454646238995,95.25548918134892,0.16084052321426556,observation_steps
pm25,ridge,persistence,RMSE,17,365,80.92877665129537,96.58978362834169,0.16213937322094818,observation_steps
pm25,ridge,persistence,RMSE,18,365,81.72885481362712,98.16590653317195,0.1674415517569785,observation_steps
pm25,ridge,persistence,RMSE,19,365,84.3112062743982,100.12713835727274,0.1579584949930385,observation_steps
pm25,ridge,persistence,RMSE,20,365,86.5229997757314,101.93583799868009,0.15120136868005396,observation_steps
pm25,ridge,persistence,RMSE,21,365,89.19450824733065,103.61176217145413,0.139146884696992,observation_steps
pm25,ridge,persistence,RMSE,22,365,92.47819158264534,106.51813145548097,0.13180798124217563,observation_steps
pm25,ridge,persistence,RMSE,23,365,95.28519971998429,109.17560317565056,0.12722992181062898,observation_steps
pm25,ridge,persistence,RMSE,24,365,96.8808371026715,110.99045991336743,0.1271246449623603,observation_steps
pm25,ridge,persistence,RMSE,25,365,99.7859332553614,113.14139535318519,0.11804222544836951,observation_steps
pm25,ridge,persistence,RMSE,26,365,101.76786135825014,115.76880598138759,0.12093883585003373,observation_steps
pm25,ridge,persistence,RMSE,27,365,105.39182602779789,119.63272562763038,0.11903849490279783,observation_steps
pm25,ridge,persistence,RMSE,28,365,106.86034962237673,120.77424882019425,0.11520584341230045,observation_steps
pm25,ridge,persistence,RMSE,29,365,104.72123015832373,118.41442202057043,0.11563787272354353,observation_steps
pm25,ridge,persistence,RMSE,30,365,112.01216908926263,126.6960444182567,0.11589845126118359,observation_steps
pm25,ridge,persistence,RMSE,31,365,101.53484018860951,117.47908003800227,0.13571982215246403,observation_steps
pm25,ridge,persistence,RMSE,32,365,98.75583665924805,114.62196351724195,0.1384213493743479,observation_steps
pm25,ridge,persistence,RMSE,33,365,94.12064145281452,111.48978698849382,0.1557913599518479,observation_steps
pm25,ridge,persistence,RMSE,34,365,92.92271611308881,111.85659850959614,0.16926924874157512,observation_steps
pm25,ridge,persistence,RMSE,35,365,93.97535061672798,113.55403034775638,0.17241730364892538,observation_steps
pm25,ridge,persistence,RMSE,36,365,98.89187451914235,119.74519751859414,0.17414746838772943,observation_steps
pm25,ridge,persistence,RMSE,37,365,96.32576897527795,118.09113035487954,0.1843098741979502,observation_steps
pm25,ridge,persistence,RMSE,38,365,91.0381908993996,114.67883682893874,0.20614654441257396,observation_steps
pm25,ridge,persistence,RMSE,39,365,92.38781137386367,115.52573098902229,0.2002836893311437,observation_steps
pm25,ridge,persistence,RMSE,40,365,92.16914570731427,114.56176177186684,0.1954632655627645,observation_steps
pm25,ridge,persistence,RMSE,41,365,93.29157705884882,114.8671418377449,0.1878306052863451,observation_steps
pm25,ridge,persistence,RMSE,42,365,93.59010567647985,115.61222384060373,0.1904826101648741,observation_steps
pm25,ridge,persistence,RMSE,43,365,95.23356566545648,118.0979625866733,0.19360534610778246,observation_steps
pm25,ridge,persistence,RMSE,44,365,96.33924158575218,120.12271123074377,0.1979931138858989,observation_steps
pm25,ridge,persistence,RMSE,45,365,97.29527520864453,121.53044604159277,0.19941645589496115,observation_steps
pm25,ridge,persistence,RMSE,46,365,99.31481058371384,123.84619272329203,0.19807942093454867,observation_steps
pm25,ridge,persistence,RMSE,47,365,101.25184357558565,125.47078468001696,0.19302454484680154,observation_steps
pm25,ridge,persistence,RMSE,48,365,103.04069632101027,126.04201300001476,0.18248928378350948,observation_steps
load,extratrees,persistence,MAE,1,281,601390.1744456843,568627.189821345,-0.057617689077852585,D
load,extratrees,persistence,MAE,2,280,959007.3148730287,864985.1230985677,-0.10869804493012869,D
load,extratrees,persistence,MAE,3,279,1077172.567674836,984547.1334109964,-0.09407922802327962,D
load,extratrees,persistence,MAE,4,278,1164054.60237428,1074526.0677357917,-0.08331909045923869,D
load,extratrees,persistence,MAE,5,277,1261108.3566150377,1164833.8978975199,-0.08265080445485795,D
load,extratrees,persistence,MAE,6,276,1354069.8662492945,1235409.0252543804,-0.09604984144460249,D
load,extratrees,persistence,MAE,7,275,1471630.0261452259,1303234.7284026914,-0.12921332901320692,D
load,knn,persistence,MAE,1,281,713753.9376675555,568627.189821345,-0.2552230186034674,D
load,knn,persistence,MAE,2,280,1049736.142025252,864985.1230985677,-0.21358866643262653,D
load,knn,persistence,MAE,3,279,1219191.882265747,984547.1334109964,-0.238327593359412,D
load,knn,persistence,MAE,4,278,1303838.3827939539,1074526.0677357917,-0.21340786598259265,D
load,knn,persistence,MAE,5,277,1403377.948104377,1164833.8978975199,-0.20478803942555235,D
load,knn,persistence,MAE,6,276,1498734.7556842146,1235409.0252543804,-0.21314862126380651,D
load,knn,persistence,MAE,7,275,1619917.9309365142,1303234.7284026914,-0.2429978235171535,D
load,lightgbm,persistence,MAE,1,281,610784.1297840574,568627.189821345,-0.07413810088110195,D
load,lightgbm,persistence,MAE,2,280,939586.4007710763,864985.1230985677,-0.08624573496162613,D
load,lightgbm,persistence,MAE,3,279,1073931.7019278882,984547.1334109964,-0.09078749557394583,D
load,lightgbm,persistence,MAE,4,278,1148809.0598767775,1074526.0677357917,-0.06913093536903459,D
load,lightgbm,persistence,MAE,5,277,1299475.5554654012,1164833.8978975199,-0.11558871853824337,D
load,lightgbm,persistence,MAE,6,276,1380194.1351009896,1235409.0252543804,-0.11719609205282988,D
load,lightgbm,persistence,MAE,7,275,1520377.0605675683,1303234.7284026914,-0.1666179755898749,D
load,mlp,persistence,MAE,1,281,22432963.153554957,568627.189821345,-38.45109125119939,D
load,mlp,persistence,MAE,2,280,22447536.27649058,864985.1230985677,-24.95135532051528,D
load,mlp,persistence,MAE,3,279,22467144.375599746,984547.1334109964,-21.819775319198353,D
load,mlp,persistence,MAE,4,278,22488070.534785725,1074526.0677357917,-19.928362010027264,D
load,mlp,persistence,MAE,5,277,22507663.870408542,1164833.8978975199,-18.32263811263907,D
load,mlp,persistence,MAE,6,276,22522228.704310633,1235409.0252543804,-17.230584562609238,D
load,mlp,persistence,MAE,7,275,22470210.01586707,1303234.7284026914,-16.24187479519339,D
load,ridge,persistence,MAE,1,281,557528.7769748223,568627.189821345,0.01951790741840842,D
load,ridge,persistence,MAE,2,280,850197.7251115602,864985.1230985677,0.017095551810227372,D
load,ridge,persistence,MAE,3,279,977545.3852752232,984547.1334109964,0.007111643412657576,D
load,ridge,persistence,MAE,4,278,1069818.1980838648,1074526.0677357917,0.004381345221198041,D
load,ridge,persistence,MAE,5,277,1142576.7200715619,1164833.8978975199,0.019107597972664925,D
load,ridge,persistence,MAE,6,276,1197975.809632379,1235409.0252543804,0.030300260769337894,D
load,ridge,persistence,MAE,7,275,1282512.1950453469,1303234.7284026914,0.015900844955799465,D
load,extratrees,persistence,RMSE,1,281,845279.7960749723,940933.1233428268,0.10165794453917154,D
load,extratrees,persistence,RMSE,2,280,1337686.2973666715,1307147.3414643195,-0.023363055513038855,D
load,extratrees,persistence,RMSE,3,279,1493577.5355672268,1477618.6179499212,-0.010800430790082638,D
load,extratrees,persistence,RMSE,4,278,1626049.654288747,1598621.809650792,-0.017157181562502677,D
load,extratrees,persistence,RMSE,5,277,1751631.9204451165,1701114.9888870579,-0.02969636496537431,D
load,extratrees,persistence,RMSE,6,276,1837867.4071679714,1731875.6223602071,-0.06120057551437674,D
load,extratrees,persistence,RMSE,7,275,2130624.54964888,1852088.9255318046,-0.15038998412945936,D
load,knn,persistence,RMSE,1,281,979834.0634778865,940933.1233428268,-0.04134293837680758,D
load,knn,persistence,RMSE,2,280,1432535.717418473,1307147.3414643195,-0.09592520443310426,D
load,knn,persistence,RMSE,3,279,1658130.9375567199,1477618.6179499212,-0.12216435108082568,D
load,knn,persistence,RMSE,4,278,1778198.0567292955,1598621.809650792,-0.11233191364862627,D
load,knn,persistence,RMSE,5,277,1886708.8808678237,1701114.9888870579,-0.10910132071800116,D
load,knn,persistence,RMSE,6,276,2007715.3779638393,1731875.6223602071,-0.1592722664620203,D
load,knn,persistence,RMSE,7,275,2339898.530550292,1852088.9255318046,-0.2633834684144116,D
load,lightgbm,persistence,RMSE,1,281,862170.219189323,940933.1233428268,0.08370722870684477,D
load,lightgbm,persistence,RMSE,2,280,1296005.6865209262,1307147.3414643195,0.008523641207051624,D
load,lightgbm,persistence,RMSE,3,279,1482199.939258551,1477618.6179499212,-0.003100476166838062,D
load,lightgbm,persistence,RMSE,4,278,1618070.0566210833,1598621.809650792,-0.012165633455569758,D
load,lightgbm,persistence,RMSE,5,277,1775497.761379021,1701114.9888870579,-0.04372589329815235,D
load,lightgbm,persistence,RMSE,6,276,1862597.7637125584,1731875.6223602071,-0.07548009779951892,D
load,lightgbm,persistence,RMSE,7,275,2234107.416357777,1852088.9255318046,-0.20626357922651084,D
load,mlp,persistence,RMSE,1,281,22646259.984192576,940933.1233428268,-23.067874137258386,D
load,mlp,persistence,RMSE,2,280,22660149.398970667,1307147.3414643195,-16.33557394806453,D
load,mlp,persistence,RMSE,3,279,22678106.49753528,1477618.6179499212,-14.34774008803392,D
load,mlp,persistence,RMSE,4,278,22697180.02499421,1598621.809650792,-13.197967203983193,D
load,mlp,persistence,RMSE,5,277,22715188.565678414,1701114.9888870579,-12.35311763994253,D
load,mlp,persistence,RMSE,6,276,22729110.546840947,1731875.6223602071,-12.123985494908476,D
load,mlp,persistence,RMSE,7,275,22715818.82584684,1852088.9255318046,-11.264972006851275,D
load,ridge,persistence,RMSE,1,281,925446.3670100826,940933.1233428268,0.01645893416710098,D
load,ridge,persistence,RMSE,2,280,1260201.8803655014,1307147.3414643195,0.0359144371943777,D
load,ridge,persistence,RMSE,3,279,1406386.8164858557,1477618.6179499212,0.048207162930102965,D
load,ridge,persistence,RMSE,4,278,1514190.572173362,1598621.809650792,0.05281501663978527,D
load,ridge,persistence,RMSE,5,277,1601962.7281160497,1701114.9888870579,0.05828663048573679,D
load,ridge,persistence,RMSE,6,276,1657775.4863796164,1731875.6223602071,0.042786060975676055,D
load,ridge,persistence,RMSE,7,275,1897345.8585516105,1852088.9255318046,-0.024435615588388027,D
load,extratrees,seasonal_persistence,MAE,1,281,601390.1744456843,1250868.575600552,0.5192219341212948,D
load,extratrees,seasonal_persistence,MAE,2,280,959007.3148730287,1254078.1771941895,0.23528904950833074,D
load,extratrees,seasonal_persistence,MAE,3,279,1077172.567674836,1255857.2597680255,0.14228105200920294,D
load,extratrees,seasonal_persistence,MAE,4,278,1164054.60237428,1257370.4410980397,0.0742150727213442,D
load,extratrees,seasonal_persistence,MAE,5,277,1261108.3566150377,1259626.6650620182,-0.0011762942101154472,D
load,extratrees,seasonal_persistence,MAE,6,276,1354069.8662492945,1262671.347731464,-0.07238504198423334,D
load,extratrees,seasonal_persistence,MAE,7,275,1471630.0261452259,1303234.7284026914,-0.12921332901320692,D
load,knn,seasonal_persistence,MAE,1,281,713753.9376675555,1250868.575600552,0.4293933418825582,D
load,knn,seasonal_persistence,MAE,2,280,1049736.142025252,1254078.1771941895,0.16294202298147142,D
load,knn,seasonal_persistence,MAE,3,279,1219191.882265747,1255857.2597680255,0.029195497511437796,D
load,knn,seasonal_persistence,MAE,4,278,1303838.3827939539,1257370.4410980397,-0.0369564451151998,D
load,knn,seasonal_persistence,MAE,5,277,1403377.948104377,1259626.6650620182,-0.11412213398585136,D
load,knn,seasonal_persistence,MAE,6,276,1498734.7556842146,1262671.347731464,-0.1869555434015875,D
load,knn,seasonal_persistence,MAE,7,275,1619917.9309365142,1303234.7284026914,-0.2429978235171535,D
load,lightgbm,seasonal_persistence,MAE,1,281,610784.1297840574,1250868.575600552,0.5117119882152167,D
load,lightgbm,seasonal_persistence,MAE,2,280,939586.4007710763,1254078.1771941895,0.25077525639329845,D
load,lightgbm,seasonal_persistence,MAE,3,279,1073931.7019278882,1255857.2597680255,0.14486165240924076,D
load,lightgbm,seasonal_persistence,MAE,4,278,1148809.0598767775,1257370.4410980397,0.08634001378818601,D
load,lightgbm,seasonal_persistence,MAE,5,277,1299475.5554654012,1259626.6650620182,-0.0316354770097067,D
load,lightgbm,seasonal_persistence,MAE,6,276,1380194.1351009896,1262671.347731464,-0.09307472413995055,D
load,lightgbm,seasonal_persistence,MAE,7,275,1520377.0605675683,1303234.7284026914,-0.1666179755898749,D
load,mlp,seasonal_persistence,MAE,1,281,22432963.153554957,1250868.575600552,-16.93390895824904,D
load,mlp,seasonal_persistence,MAE,2,280,22447536.27649058,1254078.1771941895,-16.899630728535243,D
load,mlp,seasonal_persistence,MAE,3,279,22467144.375599746,1255857.2597680255,-16.889886928511082,D
load,mlp,seasonal_persistence,MAE,4,278,22488070.534785725,1257370.4410980397,-16.885000155679883,D
load,mlp,seasonal_persistence,MAE,5,277,22507663.870408542,1259626.6650620182,-16.868519692936452,D
load,mlp,seasonal_persistence,MAE,6,276,22522228.704310633,1262671.347731464,-16.836968221995722,D
load,mlp,seasonal_persistence,MAE,7,275,22470210.01586707,1303234.7284026914,-16.24187479519339,D
load,ridge,seasonal_persistence,MAE,1,281,557528.7769748223,1250868.575600552,0.5542866869869616,D
load,ridge,seasonal_persistence,MAE,2,280,850197.7251115602,1254078.1771941895,0.3220536481914157,D
load,ridge,seasonal_persistence,MAE,3,279,977545.3852752232,1255857.2597680255,0.22161107269803137,D
load,ridge,seasonal_persistence,MAE,4,278,1069818.1980838648,1257370.4410980397,0.1491622809666091,D
load,ridge,seasonal_persistence,MAE,5,277,1142576.7200715619,1259626.6650620182,0.09292431498716591,D
load,ridge,seasonal_persistence,MAE,6,276,1197975.809632379,1262671.347731464,0.05123703663294332,D
load,ridge,seasonal_persistence,MAE,7,275,1282512.1950453469,1303234.7284026914,0.015900844955799465,D
load,extratrees,seasonal_persistence,RMSE,1,281,845279.7960749723,1722255.6731664715,0.5092019093071855,D
load,extratrees,seasonal_persistence,RMSE,2,280,1337686.2973666715,1725122.972688518,0.22458496087269986,D
load,extratrees,seasonal_persistence,RMSE,3,279,1493577.5355672268,1727673.8225192116,0.13549796489399646,D
load,extratrees,seasonal_persistence,RMSE,4,278,1626049.654288747,1730047.8285530154,0.060112889683085036,D
load,extratrees,seasonal_persistence,RMSE,5,277,1751631.9204451165,1732717.5891955474,-0.010915991946703008,D
load,extratrees,seasonal_persistence,RMSE,6,276,1837867.4071679714,1735739.5169561338,-0.05883825839889467,D
load,extratrees,seasonal_persistence,RMSE,7,275,2130624.54964888,1852088.9255318046,-0.15038998412945936,D
load,knn,seasonal_persistence,RMSE,1,281,979834.0634778865,1722255.6731664715,0.43107514247498335,D
load,knn,seasonal_persistence,RMSE,2,280,1432535.717418473,1725122.972688518,0.16960370935995506,D
load,knn,seasonal_persistence,RMSE,3,279,1658130.9375567199,1727673.8225192116,0.040252323127225265,D
load,knn,seasonal_persistence,RMSE,4,278,1778198.0567292955,1730047.8285530154,-0.027831732384272945,D
load,knn,seasonal_persistence,RMSE,5,277,1886708.8808678237,1732717.5891955474,-0.08887270068272946,D
load,knn,seasonal_persistence,RMSE,6,276,2007715.3779638393,1735739.5169561338,-0.15669163394093477,D
load,knn,seasonal_persistence,RMSE,7,275,2339898.530550292,1852088.9255318046,-0.2633834684144116,D
load,lightgbm,seasonal_persistence,RMSE,1,281,862170.219189323,1722255.6731664715,0.4993947573392684,D
load,lightgbm,seasonal_persistence,RMSE,2,280,1296005.6865209262,1725122.972688518,0.24874591142846703,D
load,lightgbm,seasonal_persistence,RMSE,3,279,1482199.939258551,1727673.8225192116,0.1420834650968562,D
load,lightgbm,seasonal_persistence,RMSE,4,278,1618070.0566210833,1730047.8285530154,0.06472524636823973,D
load,lightgbm,seasonal_persistence,RMSE,5,277,1775497.761379021,1732717.5891955474,-0.02468963924082712,D
load,lightgbm,seasonal_persistence,RMSE,6,276,1862597.7637125584,1735739.5169561338,-0.07308599332858923,D
load,lightgbm,seasonal_persistence,RMSE,7,275,2234107.416357777,1852088.9255318046,-0.20626357922651084,D
load,mlp,seasonal_persistence,RMSE,1,281,22646259.984192576,1722255.6731664715,-12.149185882811496,D
load,mlp,seasonal_persistence,RMSE,2,280,22660149.398970667,1725122.972688518,-12.135382090272646,D
load,mlp,seasonal_persistence,RMSE,3,279,22678106.49753528,1727673.8225192116,-12.126381960494804,D
load,mlp,seasonal_persistence,RMSE,4,278,22697180.02499421,1730047.8285530154,-12.11939453372094,D
load,mlp,seasonal_persistence,RMSE,5,277,22715188.565678414,1732717.5891955474,-12.109573485789133,D
load,mlp,seasonal_persistence,RMSE,6,276,22729110.546840947,1735739.5169561338,-12.094770456513935,D
load,mlp,seasonal_persistence,RMSE,7,275,22715818.82584684,1852088.9255318046,-11.264972006851275,D
load,ridge,seasonal_persistence,RMSE,1,281,925446.3670100826,1722255.6731664715,0.4626544818931597,D
load,ridge,seasonal_persistence,RMSE,2,280,1260201.8803655014,1725122.972688518,0.26950026153698503,D
load,ridge,seasonal_persistence,RMSE,3,279,1406386.8164858557,1727673.8225192116,0.18596508313407822,D
load,ridge,seasonal_persistence,RMSE,4,278,1514190.572173362,1730047.8285530154,0.12476953111764144,D
load,ridge,seasonal_persistence,RMSE,5,277,1601962.7281160497,1732717.5891955474,0.0754623037792348,D
load,ridge,seasonal_persistence,RMSE,6,276,1657775.4863796164,1735739.5169561338,0.0449168955450403,D
load,ridge,seasonal_persistence,RMSE,7,275,1897345.8585516105,1852088.9255318046,-0.024435615588388027,D
wind,extratrees,persistence,MAE,1,352,2.294865340909091,2.289659090909091,-0.002273810114646002,h
wind,extratrees,persistence,MAE,2,352,2.5544045454545454,2.8569886363636363,0.10591014855915515,h
wind,extratrees,persistence,MAE,3,352,2.5428494318181816,2.9699715909090902,0.14381355040509636,h
wind,extratrees,persistence,MAE,4,352,2.6743835227272728,3.1241761363636367,0.14397159251075287,h
wind,extratrees,persistence,MAE,5,352,2.602683522727273,3.054090909090909,0.14780417472838214,h
wind,extratrees,persistence,MAE,6,352,2.6742556818181815,3.2537784090909088,0.17810761963800825,h
wind,extratrees,persistence,MAE,7,352,2.597806818181818,3.2374431818181817,0.1975745450078099,h
wind,extratrees,persistence,MAE,8,352,2.687728977272727,3.431988636363636,0.21685959306656954,h
wind,extratrees,persistence,MAE,9,352,2.674609659090909,3.4388068181818183,0.2222274176759249,h
wind,extratrees,persistence,MAE,10,352,2.7161221590909093,3.3134659090909095,0.18027762059090835,h
wind,extratrees,persistence,MAE,11,352,2.758875,3.4072443181818177,0.19029140784591636,h
wind,extratrees,persistence,MAE,12,352,2.7888647727272726,3.5420738636363636,0.21264635349411698,h
wind,extratrees,persistence,MAE,13,352,2.9506602272727274,3.6944886363636367,0.20133460467834463,h
wind,extratrees,persistence,MAE,14,352,2.993513068181818,3.7011647727272727,0.1911970279626346,h
wind,extratrees,persistence,MAE,15,352,2.9916090909090913,3.7579261363636367,0.20392019897338198,h
wind,extratrees,persistence,MAE,16,352,3.113372727272727,3.764375,0.17293767829381312,h
wind,extratrees,persistence,MAE,17,352,3.1413130681818178,3.6564204545454544,0.14087750376827812,h
wind,extratrees,persistence,MAE,18,351,3.055388603988604,3.521880341880342,0.13245530586160603,h
wind,extratrees,persistence,MAE,19,351,3.075233618233618,3.5243874643874644,0.12744167623235747,h
wind,extratrees,persistence,MAE,20,351,3.0975589743589746,3.448034188034188,0.1016449357989192,h
wind,extratrees,persistence,MAE,21,351,3.1735709401709404,3.569344729344729,0.11088135755563344,h
wind,extratrees,persistence,MAE,22,351,3.335156695156695,3.528233618233618,0.05472339532142012,h
wind,extratrees,persistence,MAE,23,351,3.1107646723646725,3.3898860398860395,0.08233945455309477,h
wind,extratrees,persistence,MAE,24,351,2.952733903133903,3.4789458689458685,0.15125615218940136,h
wind,extratrees,persistence,MAE,25,351,3.094990313390314,3.703105413105413,0.1642176043822462,h
wind,extratrees,persistence,MAE,26,351,3.0071749287749285,3.724472934472934,0.19259047342211755,h
wind,extratrees,persistence,MAE,27,351,3.098034757834758,3.717264957264958,0.16658220668935297,h
wind,extratrees,persistence,MAE,28,351,2.919079772079772,3.737777777777778,0.2190333546754475,h
wind,extratrees,persistence,MAE,29,351,3.0022,3.6527920227920223,0.17810814815970288,h
wind,extratrees,persistence,MAE,30,351,3.0550159544159543,3.7214814814814807,0.17908607912787833,h
wind,extratrees,persistence,MAE,31,351,2.9366569800569797,3.802165242165242,0.2276356252247933,h
wind,extratrees,persistence,MAE,32,351,3.015536182336182,3.8619943019943017,0.2191764289297412,h
wind,extratrees,persistence,MAE,33,351,3.118906552706552,3.8074643874643876,0.18084419568698484,h
wind,extratrees,persistence,MAE,34,351,3.0356769230769225,3.6345868945868944,0.16478075469923348,h
wind,extratrees,persistence,MAE,35,351,3.0155982905982905,3.6398290598290597,0.17150002348189541,h
wind,extratrees,persistence,MAE,36,351,3.1151179487179483,3.8474074074074074,0.19033322472675585,h
wind,extratrees,persistence,MAE,37,351,3.227705982905983,4.041566951566952,0.20137263056979116,h
wind,extratrees,persistence,MAE,38,351,3.2549042735042732,4.277037037037037,0.23898150861954126,h
wind,extratrees,persistence,MAE,39,351,3.114274643874644,4.279259259259259,0.2722397837578727,h
wind,extratrees,persistence,MAE,40,351,3.23091396011396,4.235242165242166,0.23713595727076442,h
wind,extratrees,persistence,MAE,41,351,3.1688700854700858,4.008404558404558,0.20944354810050092,h
wind,extratrees,persistence,MAE,42,350,3.0873531428571432,3.8541714285714286,0.19895801209820885,h
wind,extratrees,persistence,MAE,43,350,3.0899108571428573,3.8838000000000004,0.20441040806868094,h
wind,extratrees,persistence,MAE,44,350,3.138775428571428,3.8398857142857143,0.18258623768564552,h
wind,extratrees,persistence,MAE,45,350,3.2520457142857153,3.863971428571429,0.15836703909375238,h
wind,extratrees,persistence,MAE,46,350,3.3976348571428576,4.022428571428571,0.15532748517242578,h
wind,extratrees,persistence,MAE,47,350,3.165351428571428,3.8703428571428566,0.18215219028214558,h
wind,extratrees,persistence,MAE,48,350,2.9351519999999995,3.904742857142857,0.24831106493202415,h
wind,knn,persistence,MAE,1,352,2.4467045454545455,2.289659090909091,-0.06858901186163102,h
wind,knn,persistence,MAE,2,352,2.695778409090909,2.8569886363636363,0.05642662530079756,h
wind,knn,persistence,MAE,3,352,2.718431818181818,2.9699715909090902,0.08469433630180867,h
wind,knn,persistence,MAE,4,352,2.7989204545454545,3.1241761363636367,0.1041092651699086,h
wind,knn,persistence,MAE,5,352,2.7625113636363636,3.054090909090909,0.09547179639827363,h
wind,knn,persistence,MAE,6,352,2.8323863636363638,3.2537784090909088,0.12950852592702522,h
wind,knn,persistence,MAE,7,352,2.7744829545454546,3.2374431818181817,0.14300180768353243,h
wind,knn,persistence,MAE,8,352,2.8402159090909094,3.431988636363636,0.17242852176216394,h
wind,knn,persistence,MAE,9,352,2.843477272727273,3.4388068181818183,0.17312096227880314,h
wind,knn,persistence,MAE,10,352,2.8017102272727277,3.3134659090909095,0.15444724522866404,h
wind,knn,persistence,MAE,11,352,2.919306818181818,3.4072443181818177,0.14320590319756532,h
wind,knn,persistence,MAE,12,352,2.9896704545454544,3.5420738636363636,0.15595479664102796,h
wind,knn,persistence,MAE,13,352,3.0372386363636363,3.6944886363636367,0.17790012764714036,h
wind,knn,persistence,MAE,14,352,2.9655397727272725,3.7011647727272727,0.19875499881026404,h
wind,knn,persistence,MAE,15,352,2.937596590909091,3.7579261363636367,0.2182931531082032,h
wind,knn,persistence,MAE,16,352,2.971693181818182,3.764375,0.21057461548910983,h
wind,knn,persistence,MAE,17,352,2.9592670454545456,3.6564204545454544,0.19066554783770762,h
wind,knn,persistence,MAE,18,351,2.8730997150997157,3.521880341880342,0.1842142730023134,h
wind,knn,persistence,MAE,19,351,2.933823361823362,3.5243874643874644,0.16756503322393423,h
wind,knn,persistence,MAE,20,351,2.983527065527065,3.448034188034188,0.13471650719680084,h
wind,knn,persistence,MAE,21,351,3.2109116809116807,3.569344729344729,0.10041984610963894,h
wind,knn,persistence,MAE,22,351,3.351726495726496,3.528233618233618,0.0500270508151579,h
wind,knn,persistence,MAE,23,351,3.131076923076923,3.3898860398860395,0.07634743875278382,h
wind,knn,persistence,MAE,24,351,3.018957264957265,3.4789458689458685,0.13222068445922142,h
wind,knn,persistence,MAE,25,351,3.23394301994302,3.703105413105413,0.12669431215811777,h
wind,knn,persistence,MAE,26,351,3.1538632478632476,3.724472934472934,0.1532054861583887,h
wind,knn,persistence,MAE,27,351,3.1936809116809117,3.717264957264958,0.1408519574481133,h
wind,knn,persistence,MAE,28,351,3.0972934472934477,3.737777777777778,0.17135430958260922,h
wind,knn,persistence,MAE,29,351,3.0736182336182334,3.6527920227920223,0.1585564646330715,h
wind,knn,persistence,MAE,30,351,3.0616296296296297,3.7214814814814807,0.177308917197452,h
wind,knn,persistence,MAE,31,351,2.981025641025641,3.802165242165242,0.21596631099388564,h
wind,knn,persistence,MAE,32,351,3.15814245014245,3.8619943019943017,0.18225087786597416,h
wind,knn,persistence,MAE,33,351,3.120524216524217,3.8074643874643876,0.18041932925277981,h
wind,knn,persistence,MAE,34,351,3.0500911680911678,3.6345868945868944,0.16081489958769035,h
wind,knn,persistence,MAE,35,351,3.0796410256410254,3.6398290598290597,0.1539050392147655,h
wind,knn,persistence,MAE,36,351,3.1722222222222225,3.8474074074074074,0.17549095109742008,h
wind,knn,persistence,MAE,37,351,3.2244216524216522,4.041566951566952,0.20218526847080565,h
wind,knn,persistence,MAE,38,351,3.215441595441595,4.277037037037037,0.24820814793104384,h
wind,knn,persistence,MAE,39,351,3.104358974358975,4.279259259259259,0.27455693000093195,h
wind,knn,persistence,MAE,40,351,3.0932535612535617,4.235242165242166,0.2696395057077703,h
wind,knn,persistence,MAE,41,351,3.0832934472934475,4.008404558404558,0.230792849781442,h
wind,knn,persistence,MAE,42,350,3.0465085714285722,3.8541714285714286,0.2095555094294862,h
wind,knn,persistence,MAE,43,350,3.03464,3.8838000000000004,0.2186415366393739,h
wind,knn,persistence,MAE,44,350,3.09028,3.8398857142857143,0.1952156314176018,h
wind,knn,persistence,MAE,45,350,3.2378799999999996,3.863971428571429,0.16203314132757574,h
wind,knn,persistence,MAE,46,350,3.3434171428571426,4.022428571428571,0.16880633590226224,h
wind,knn,persistence,MAE,47,350,3.249468571428571,3.8703428571428566,0.16041841992588335,h
wind,knn,persistence,MAE,48,350,3.100942857142857,3.904742857142857,0.20585222366938372,h
wind,lightgbm,persistence,MAE,1,352,2.242100992076327,2.289659090909091,0.02077082087092763,h
wind,lightgbm,persistence,MAE,2,352,2.5525752468369145,2.8569886363636363,0.10655043763638417,h
wind,lightgbm,persistence,MAE,3,352,2.6710878035303094,2.9699715909090902,0.10063523445599498,h
wind,lightgbm,persistence,MAE,4,352,2.8530243967104765,3.1241761363636367,0.08679143806813827,h
wind,lightgbm,persistence,MAE,5,352,2.79680565537098,3.054090909090909,0.08424282753145462,h
wind,lightgbm,persistence,MAE,6,352,2.8040696253165893,3.2537784090909088,0.13821125080855334,h
wind,lightgbm,persistence,MAE,7,352,2.7764103631195285,3.2374431818181817,0.14240645867944846,h
wind,lightgbm,persistence,MAE,8,352,2.8377022401272494,3.431988636363636,0.17316094521398617,h
wind,lightgbm,persistence,MAE,9,352,2.803772173713582,3.4388068181818183,0.18466714707864706,h
wind,lightgbm,persistence,MAE,10,352,2.8709151194628895,3.3134659090909095,0.13356129254682425,h
wind,lightgbm,persistence,MAE,11,352,2.8711415723650497,3.4072443181818177,0.15734203237378774,h
wind,lightgbm,persistence,MAE,12,352,2.977033537144342,3.5420738636363636,0.15952245725105796,h
wind,lightgbm,persistence,MAE,13,352,3.1022816900975445,3.6944886363636367,0.16029469963371767,h
wind,lightgbm,persistence,MAE,14,352,2.9652419989040695,3.7011647727272727,0.19883545289471805,h
wind,lightgbm,persistence,MAE,15,352,2.9168666780499652,3.7579261363636367,0.22380947038185373,h
wind,lightgbm,persistence,MAE,16,352,3.1211948625191854,3.764375,0.17085974098776413,h
wind,lightgbm,persistence,MAE,17,352,3.1255166675850474,3.6564204545454544,0.14519768543040978,h
wind,lightgbm,persistence,MAE,18,351,3.1213281220992126,3.521880341880342,0.11373248972089534,h
wind,lightgbm,persistence,MAE,19,351,3.0905317260144014,3.5243874643874644,0.12310103323116517,h
wind,lightgbm,persistence,MAE,20,351,3.105096346080462,3.448034188034188,0.09945894479348061,h
wind,lightgbm,persistence,MAE,21,351,3.2408395019057923,3.569344729344729,0.09203516397230838,h
wind,lightgbm,persistence,MAE,22,351,3.4405689942108233,3.528233618233618,0.024846604139179163,h
wind,lightgbm,persistence,MAE,23,351,3.143893905430646,3.3898860398860395,0.07256649089704015,h
wind,lightgbm,persistence,MAE,24,351,3.0169643601300473,3.4789458689458685,0.1327935317820289,h
wind,lightgbm,persistence,MAE,25,351,3.247828361580712,3.703105413105413,0.12294466420357897,h
wind,lightgbm,persistence,MAE,26,351,3.164816077769834,3.724472934472934,0.15026471303443623,h
wind,lightgbm,persistence,MAE,27,351,3.1866517484642674,3.717264957264958,0.14274290772942333,h
wind,lightgbm,persistence,MAE,28,351,3.1270202051932356,3.737777777777778,0.1634012530695863,h
wind,lightgbm,persistence,MAE,29,351,3.187795516520008,3.6527920227920223,0.12729892733301384,h
wind,lightgbm,persistence,MAE,30,351,3.322413830706578,3.7214814814814807,0.10723354469468926,h
wind,lightgbm,persistence,MAE,31,351,3.0207266707949962,3.802165242165242,0.2055246212616565,h
wind,lightgbm,persistence,MAE,32,351,3.1372152779420106,3.8619943019943017,0.1876696254259156,h
wind,lightgbm,persistence,MAE,33,351,3.234010453032927,3.8074643874643876,0.15061307896128673,h
wind,lightgbm,persistence,MAE,34,351,2.965964013355775,3.6345868945868944,0.18396117650314547,h
wind,lightgbm,persistence,MAE,35,351,2.9795396501803837,3.6398290598290597,0.18140670861056474,h
wind,lightgbm,persistence,MAE,36,351,3.127018989173155,3.8474074074074074,0.18723996238279572,h
wind,lightgbm,persistence,MAE,37,351,3.261273666634523,4.041566951566952,0.1930670193722518,h
wind,lightgbm,persistence,MAE,38,351,3.3191453509122475,4.277037037037037,0.22396151303575795,h
wind,lightgbm,persistence,MAE,39,351,3.2232101583587442,4.279259259259259,0.2467831549620383,h
wind,lightgbm,persistence,MAE,40,351,3.082298578372889,4.235242165242166,0.2722261306168672,h
wind,lightgbm,persistence,MAE,41,351,3.0796577451876646,4.008404558404558,0.2316998695327691,h
wind,lightgbm,persistence,MAE,42,350,2.9323060266067587,3.8541714285714286,0.23918640336824992,h
wind,lightgbm,persistence,MAE,43,350,3.027816205441511,3.8838000000000004,0.22039852581453456,h
wind,lightgbm,persistence,MAE,44,350,3.1202995354620753,3.8398857142857143,0.18739781138447098,h
wind,lightgbm,persistence,MAE,45,350,3.3221321458916933,3.863971428571429,0.14022859451630632,h
wind,lightgbm,persistence,MAE,46,350,3.373165137424328,4.022428571428571,0.16141080505841177,h
wind,lightgbm,persistence,MAE,47,350,3.243201727447291,3.8703428571428566,0.16203761600555733,h
wind,lightgbm,persistence,MAE,48,350,3.0500601596189116,3.904742857142857,0.2188832219669712,h
wind,mlp,persistence,MAE,1,352,2.2940516664509683,2.289659090909091,-0.0019184408540633413,h
wind,mlp,persistence,MAE,2,352,2.545563727457129,2.8569886363636363,0.10900460188840211,h
wind,mlp,persistence,MAE,3,352,2.6167134086921906,2.9699715909090902,0.11894328662880227,h
wind,mlp,persistence,MAE,4,352,2.7584761545365892,3.1241761363636367,0.11705485410073624,h
wind,mlp,persistence,MAE,5,352,2.66707893712435,3.054090909090909,0.1267192049897946,h
wind,mlp,persistence,MAE,6,352,2.843863219340537,3.2537784090909088,0.1259812864345916,h
wind,mlp,persistence,MAE,7,352,2.795485791829149,3.2374431818181817,0.1365143309606517,h
wind,mlp,persistence,MAE,8,352,2.7972972666018054,3.431988636363636,0.18493399512951703,h
wind,mlp,persistence,MAE,9,352,2.815182069605324,3.4388068181818183,0.1813491660186426,h
wind,mlp,persistence,MAE,10,352,2.700890044267557,3.3134659090909095,0.1848746544042218,h
wind,mlp,persistence,MAE,11,352,2.6722140199638145,3.4072443181818177,0.21572573891919555,h
wind,mlp,persistence,MAE,12,352,2.730793689967719,3.5420738636363636,0.2290410095614912,h
wind,mlp,persistence,MAE,13,352,2.9386995963240063,3.6944886363636367,0.20457202996935686,h
wind,mlp,persistence,MAE,14,352,2.74054828895149,3.7011647727272727,0.25954437123531104,h
wind,mlp,persistence,MAE,15,352,2.838702352395211,3.7579261363636367,0.2446093272226777,h
wind,mlp,persistence,MAE,16,352,2.938824352005064,3.764375,0.2193061658296359,h
wind,mlp,persistence,MAE,17,352,2.8821519054506313,3.6564204545454544,0.21175588494815922,h
wind,mlp,persistence,MAE,18,351,2.8289315940156796,3.521880341880342,0.1967553353884519,h
wind,mlp,persistence,MAE,19,351,2.791681401859406,3.5243874643874644,0.20789600176818313,h
wind,mlp,persistence,MAE,20,351,2.8768586101517744,3.448034188034188,0.1656525274211551,h
wind,mlp,persistence,MAE,21,351,2.9831337294082054,3.569344729344729,0.16423490707330535,h
wind,mlp,persistence,MAE,22,351,3.1422666162115602,3.528233618233618,0.10939383379473855,h
wind,mlp,persistence,MAE,23,351,2.930425680234929,3.3898860398860395,0.13553858573563038,h
wind,mlp,persistence,MAE,24,351,2.8636683116269053,3.4789458689458685,0.17685746789311052,h
wind,mlp,persistence,MAE,25,351,2.999027938671097,3.703105413105413,0.19013163166853475,h
wind,mlp,persistence,MAE,26,351,2.9498087386535423,3.724472934472934,0.20799297228052427,h
wind,mlp,persistence,MAE,27,351,2.9956490112301726,3.717264957264958,0.1941255074176168,h
wind,mlp,persistence,MAE,28,351,2.993074137133122,3.737777777777778,0.19923700255059162,h
wind,mlp,persistence,MAE,29,351,3.002063414269695,3.6527920227920223,0.17814554030506802,h
wind,mlp,persistence,MAE,30,351,3.012817305097038,3.7214814814814807,0.1904252862498006,h
wind,mlp,persistence,MAE,31,351,2.928734531476579,3.802165242165242,0.2297192928393783,h
wind,mlp,persistence,MAE,32,351,2.9645559807708257,3.8619943019943017,0.23237691489084966,h
wind,mlp,persistence,MAE,33,351,2.9631723558650096,3.8074643874643876,0.22174653409211298,h
wind,mlp,persistence,MAE,34,351,2.8763469322898163,3.6345868945868944,0.20861792118007938,h
wind,mlp,persistence,MAE,35,351,2.848568082114076,3.6398290598290597,0.21738959844233563,h
wind,mlp,persistence,MAE,36,351,2.894514035780161,3.8474074074074074,0.24767155404250718,h
wind,mlp,persistence,MAE,37,351,3.0699112106657718,4.041566951566952,0.24041559933195233,h
wind,mlp,persistence,MAE,38,351,2.9316967726724044,4.277037037037037,0.3145495941967881,h
wind,mlp,persistence,MAE,39,351,3.0084192958221645,4.279259259259259,0.2969766229254073,h
wind,mlp,persistence,MAE,40,351,3.0143822585550355,4.235242165242166,0.288262125057806,h
wind,mlp,persistence,MAE,41,351,3.0547967248257777,4.008404558404558,0.23790209288613795,h
wind,mlp,persistence,MAE,42,350,2.895058763886263,3.8541714285714286,0.24885054607980073,h
wind,mlp,persistence,MAE,43,350,2.9284226595578238,3.8838000000000004,0.2459903549209992,h
wind,mlp,persistence,MAE,44,350,3.019624032983879,3.8398857142857143,0.21361617046314052,h
wind,mlp,persistence,MAE,45,350,3.160613290358043,3.863971428571429,0.18202984965482216,h
wind,mlp,persistence,MAE,46,350,3.3350243054249864,4.022428571428571,0.17089284590066733,h
wind,mlp,persistence,MAE,47,350,3.156205032350768,3.8703428571428566,0.18451539079389867,h
wind,mlp,persistence,MAE,48,350,2.9712492463985964,3.904742857142857,0.23906660307647198,h
wind,ridge,persistence,MAE,1,352,2.1327674316977987,2.289659090909091,0.0685218423276277,h
wind,ridge,persistence,MAE,2,352,2.412078101563495,2.8569886363636363,0.15572709290381415,h
wind,ridge,persistence,MAE,3,352,2.514209459509044,2.9699715909090902,0.15345673096507306,h
wind,ridge,persistence,MAE,4,352,2.607501583807402,3.1241761363636367,0.16537945685662092,h
wind,ridge,persistence,MAE,5,352,2.606923710728488,3.054090909090909,0.14641581134057546,h
wind,ridge,persistence,MAE,6,352,2.7625147979992515,3.2537784090909088,0.15098250382358214,h
wind,ridge,persistence,MAE,7,352,2.6735396678889853,3.2374431818181817,0.174181748453884,h
wind,ridge,persistence,MAE,8,352,2.759009958334605,3.431988636363636,0.19609000767033014,h
wind,ridge,persistence,MAE,9,352,2.6997291932054757,3.4388068181818183,0.2149226938450446,h
wind,ridge,persistence,MAE,10,352,2.6215311415649007,3.3134659090909095,0.20882507516603654,h
wind,ridge,persistence,MAE,11,352,2.623860188761343,3.4072443181818177,0.22991721645558605,h
wind,ridge,persistence,MAE,12,352,2.6706271779814483,3.5420738636363636,0.24602724821787614,h
wind,ridge,persistence,MAE,13,352,2.8448134857963407,3.6944886363636367,0.22998450778931157,h
wind,ridge,persistence,MAE,14,352,2.82307513165407,3.7011647727272727,0.23724683849353878,h
wind,ridge,persistence,MAE,15,352,2.843510493580513,3.7579261363636367,0.24332986056717953,h
wind,ridge,persistence,MAE,16,352,2.9560527122882543,3.764375,0.21472948038166906,h
wind,ridge,persistence,MAE,17,352,2.905089140973509,3.6564204545454544,0.2054827454643332,h
wind,ridge,persistence,MAE,18,351,2.8080018636750377,3.521880341880342,0.20269810695049417,h
wind,ridge,persistence,MAE,19,351,2.8189809676905706,3.5243874643874644,0.20015009808789364,h
wind,ridge,persistence,MAE,20,351,2.87415541404484,3.448034188034188,0.1664365092379002,h
wind,ridge,persistence,MAE,21,351,3.0361443743942496,3.569344729344729,0.1493832609013268,h
wind,ridge,persistence,MAE,22,351,3.1949941274822224,3.528233618233618,0.09444938368855205,h
wind,ridge,persistence,MAE,23,351,2.8864795988585703,3.3898860398860395,0.14850246737037587,h
wind,ridge,persistence,MAE,24,351,2.779696579912511,3.4789458689458685,0.20099458726135122,h
wind,ridge,persistence,MAE,25,351,2.9355325228656555,3.703105413105413,0.20727816376041885,h
wind,ridge,persistence,MAE,26,351,2.851855571576946,3.724472934472934,0.23429284579281717,h
wind,ridge,persistence,MAE,27,351,2.8290695535586465,3.717264957264958,0.2389378787676778,h
wind,ridge,persistence,MAE,28,351,2.7700538998940822,3.737777777777778,0.2589035345110958,h
wind,ridge,persistence,MAE,29,351,2.8772991006307422,3.6527920227920223,0.2123014169223163,h
wind,ridge,persistence,MAE,30,351,2.931846413704007,3.7214814814814807,0.21218298994816676,h
wind,ridge,persistence,MAE,31,351,2.8016624087725868,3.802165242165242,0.26314028183133165,h
wind,ridge,persistence,MAE,32,351,2.873139171563525,3.8619943019943017,0.2560477963212272,h
wind,ridge,persistence,MAE,33,351,2.8453734233004835,3.8074643874643876,0.2526854794312644,h
wind,ridge,persistence,MAE,34,351,2.7300536000994913,3.6345868945868944,0.24886825400557988,h
wind,ridge,persistence,MAE,35,351,2.782986001850012,3.6398290598290597,0.23540749960914054,h
wind,ridge,persistence,MAE,36,351,2.863105012808983,3.8474074074074074,0.2558352392583505,h
wind,ridge,persistence,MAE,37,351,2.992764107183523,4.041566951566952,0.25950401340668094,h
wind,ridge,persistence,MAE,38,351,3.0340368192639664,4.277037037037037,0.2906218036012549,h
wind,ridge,persistence,MAE,39,351,2.9964763965432377,4.279259259259259,0.2997675029715473,h
wind,ridge,persistence,MAE,40,351,3.07517572648976,4.235242165242166,0.27390793571920224,h
wind,ridge,persistence,MAE,41,351,3.0016321299769646,4.008404558404558,0.2511653735940049,h
wind,ridge,persistence,MAE,42,350,2.918888639289209,3.8541714285714286,0.24266766712784427,h
wind,ridge,persistence,MAE,43,350,2.9557606392757285,3.8838000000000004,0.2389513777033503,h
wind,ridge,persistence,MAE,44,350,3.006145648707112,3.8398857142857143,0.2171262708358216,h
wind,ridge,persistence,MAE,45,350,3.126272009471247,3.863971428571429,0.1909174104252942,h
wind,ridge,persistence,MAE,46,350,3.2601200439493434,4.022428571428571,0.18951449701156342,h
wind,ridge,persistence,MAE,47,350,3.053278940743919,3.8703428571428566,0.21110892408175597,h
wind,ridge,persistence,MAE,48,350,2.88681427814576,3.904742857142857,0.26069029798851506,h
wind,extratrees,persistence,RMSE,1,352,3.1950138497174567,3.2858533726208226,0.027645641056378456,h
wind,extratrees,persistence,RMSE,2,352,3.4209312280164568,3.8764210004496764,0.1175026583491271,h
wind,extratrees,persistence,RMSE,3,352,3.421696651964955,4.064684762181329,0.1581889243168053,h
wind,extratrees,persistence,RMSE,4,352,3.4590617843341436,4.250151835523056,0.1861321858143815,h
wind,extratrees,persistence,RMSE,5,352,3.614834270610103,4.23365788543537,0.14616760058816858,h
wind,extratrees,persistence,RMSE,6,352,3.7728636219419234,4.406326965801046,0.1437622193667516,h
wind,extratrees,persistence,RMSE,7,352,3.795564960402649,4.508422862215284,0.15811691218830382,h
wind,extratrees,persistence,RMSE,8,352,4.058949639195186,4.782546571079623,0.15129950563577899,h
wind,extratrees,persistence,RMSE,9,352,4.013634661078863,4.80436934183117,0.16458657203297378,h
wind,extratrees,persistence,RMSE,10,352,4.014416523789886,4.646755955404901,0.13608191126962577,h
wind,extratrees,persistence,RMSE,11,352,4.0184528319084105,4.582639703023496,0.12311394909419804,h
wind,extratrees,persistence,RMSE,12,352,4.149775548530525,4.768640606990252,0.12977808760688436,h
wind,extratrees,persistence,RMSE,13,352,4.390937576883883,5.040825374335581,0.12892487820754117,h
wind,extratrees,persistence,RMSE,14,352,4.335401926410367,5.040725816919983,0.1399250655812475,h
wind,extratrees,persistence,RMSE,15,352,4.366799280235312,5.172967019428106,0.1558424277914534,h
wind,extratrees,persistence,RMSE,16,352,4.327737780269587,5.031280279411991,0.13983369243436938,h
wind,extratrees,persistence,RMSE,17,352,4.330789869498403,4.955140352108193,0.12600056471541854,h
wind,extratrees,persistence,RMSE,18,351,4.240888491101849,4.827806625074871,0.12157034851492621,h
wind,extratrees,persistence,RMSE,19,351,4.391068415347466,4.933010499947531,0.1098603144278385,h
wind,extratrees,persistence,RMSE,20,351,4.096130833441769,4.619543335307141,0.11330394886977968,h
wind,extratrees,persistence,RMSE,21,351,4.09274345362716,4.713019489303297,0.1316090538313961,h
wind,extratrees,persistence,RMSE,22,351,4.381965277682471,4.732659486162702,0.07410087488981343,h
wind,extratrees,persistence,RMSE,23,351,4.031101124593025,4.572798958339445,0.11846088985795478,h
wind,extratrees,persistence,RMSE,24,351,3.9192222813023005,4.7411971813299125,0.1733686384663392,h
wind,extratrees,persistence,RMSE,25,351,4.078390361886859,4.941079302375613,0.1745952427992773,h
wind,extratrees,persistence,RMSE,26,351,3.994236695875454,4.9134655666488465,0.18708360897303256,h
wind,extratrees,persistence,RMSE,27,351,4.005665827769547,4.877831707351348,0.17880196200032195,h
wind,extratrees,persistence,RMSE,28,351,3.7792058388079064,4.954976318146265,0.23729083730075895,h
wind,extratrees,persistence,RMSE,29,351,4.064128312197549,4.9908622769824325,0.18568614266495131,h
wind,extratrees,persistence,RMSE,30,351,4.2780206366803855,5.128967618528005,0.16590999303127563,h
wind,extratrees,persistence,RMSE,31,351,4.264873391186309,5.277425557297849,0.1918647937556106,h
wind,extratrees,persistence,RMSE,32,351,4.512302297540299,5.364653070246255,0.1588827388360512,h
wind,extratrees,persistence,RMSE,33,351,4.505771377123565,5.306599396129045,0.15091171562519934,h
wind,extratrees,persistence,RMSE,34,351,4.409889232853801,5.091237318756359,0.13382760284861195,h
wind,extratrees,persistence,RMSE,35,351,4.250225155155391,5.090676691147177,0.16509623120504857,h
wind,extratrees,persistence,RMSE,36,351,4.481910739076408,5.35177005625641,0.1625367510255986,h
wind,extratrees,persistence,RMSE,37,351,4.701310020885523,5.608626571879432,0.16177161010202012,h
wind,extratrees,persistence,RMSE,38,351,4.629797405780894,5.781060343004446,0.19914390594740528,h
wind,extratrees,persistence,RMSE,39,351,4.514736869169094,5.86782156464645,0.2305940425369568,h
wind,extratrees,persistence,RMSE,40,351,4.545046771359582,5.786588654994258,0.21455506130768998,h
wind,extratrees,persistence,RMSE,41,351,4.3910288914021285,5.570205666588189,0.2116935793339061,h
wind,extratrees,persistence,RMSE,42,350,4.239540555242143,5.367234190637005,0.2101070300532243,h
wind,extratrees,persistence,RMSE,43,350,4.375995716164004,5.495101896884429,0.20365521908791662,h
wind,extratrees,persistence,RMSE,44,350,4.123995888802163,5.18645213168749,0.2048522218867257,h
wind,extratrees,persistence,RMSE,45,350,4.185575750312016,5.178992317871444,0.19181657484437442,h
wind,extratrees,persistence,RMSE,46,350,4.491930507018749,5.338239436903733,0.1585370869718533,h
wind,extratrees,persistence,RMSE,47,350,4.210702644656148,5.078108196675496,0.17081273545672282,h
wind,extratrees,persistence,RMSE,48,350,4.071019702489432,5.159958250107954,0.21103630976001408,h
wind,knn,persistence,RMSE,1,352,3.420901994291192,3.2858533726208226,-0.04110001462501467,h
wind,knn,persistence,RMSE,2,352,3.687128858055966,3.8764210004496764,0.048831678079277796,h
wind,knn,persistence,RMSE,3,352,3.759967347537137,4.064684762181329,0.07496704725526238,h
wind,knn,persistence,RMSE,4,352,3.6668330248073993,4.250151835523056,0.1372465816021533,h
wind,knn,persistence,RMSE,5,352,3.8287999425407433,4.23365788543537,0.09562840310914567,h
wind,knn,persistence,RMSE,6,352,4.032021540684704,4.406326965801046,0.08494726515336914,h
wind,knn,persistence,RMSE,7,352,4.0649383968831,4.508422862215284,0.0983679834136656,h
wind,knn,persistence,RMSE,8,352,4.260496367262217,4.782546571079623,0.10915736962694267,h
wind,knn,persistence,RMSE,9,352,4.283911357944661,4.80436934183117,0.10833013593583085,h
wind,knn,persistence,RMSE,10,352,4.233955799947502,4.646755955404901,0.08883620302401463,h
wind,knn,persistence,RMSE,11,352,4.261065191731032,4.582639703023496,0.07017233126145561,h
wind,knn,persistence,RMSE,12,352,4.434729867759704,4.768640606990252,0.07002220690338357,h
wind,knn,persistence,RMSE,13,352,4.6169013073508705,5.040825374335581,0.084098145740783,h
wind,knn,persistence,RMSE,14,352,4.412681068909138,5.040725816919983,0.12459411021776168,h
wind,knn,persistence,RMSE,15,352,4.486618600450577,5.172967019428106,0.1326798366198375,h
wind,knn,persistence,RMSE,16,352,4.385234955351464,5.031280279411991,0.12840575125662257,h
wind,knn,persistence,RMSE,17,352,4.3676377833811015,4.955140352108193,0.11856426397228803,h
wind,knn,persistence,RMSE,18,351,4.275218314346957,4.827806625074871,0.11445949551041601,h
wind,knn,persistence,RMSE,19,351,4.401525521609402,4.933010499947531,0.10774049200661173,h
wind,knn,persistence,RMSE,20,351,4.167994820115882,4.619543335307141,0.09774743571297984,h
wind,knn,persistence,RMSE,21,351,4.317819032402956,4.713019489303297,0.08385292227144203,h
wind,knn,persistence,RMSE,22,351,4.496006914656402,4.732659486162702,0.050004140842632494,h
wind,knn,persistence,RMSE,23,351,4.138759504201499,4.572798958339445,0.09491767691785036,h
wind,knn,persistence,RMSE,24,351,4.007203674353138,4.7411971813299125,0.15481185002537434,h
wind,knn,persistence,RMSE,25,351,4.342342242171632,4.941079302375613,0.1211753593827396,h
wind,knn,persistence,RMSE,26,351,4.233839419241149,4.9134655666488465,0.138319102513061,h
wind,knn,persistence,RMSE,27,351,4.250098090371301,4.877831707351348,0.12869111823476675,h
wind,knn,persistence,RMSE,28,351,4.102131818785137,4.954976318146265,0.17211878414793114,h
wind,knn,persistence,RMSE,29,351,4.236569321105889,4.9908622769824325,0.15113479675752606,h
wind,knn,persistence,RMSE,30,351,4.471387509085995,5.128967618528005,0.12820905849874198,h
wind,knn,persistence,RMSE,31,351,4.485615571371565,5.277425557297849,0.1500371681854109,h
wind,knn,persistence,RMSE,32,351,4.866416968187386,5.364653070246255,0.09287387190463703,h
wind,knn,persistence,RMSE,33,351,4.795883023126187,5.306599396129045,0.0962417425697153,h
wind,knn,persistence,RMSE,34,351,4.624542921280894,5.091237318756359,0.09166620376468015,h
wind,knn,persistence,RMSE,35,351,4.544476108388634,5.090676691147177,0.10729429816440728,h
wind,knn,persistence,RMSE,36,351,4.661280624445289,5.35177005625641,0.1290207584692311,h
wind,knn,persistence,RMSE,37,351,4.827282661263777,5.608626571879432,0.13931109525693186,h
wind,knn,persistence,RMSE,38,351,4.665520684688823,5.781060343004446,0.19296454147300457,h
wind,knn,persistence,RMSE,39,351,4.486858124463022,5.86782156464645,0.23534516599886324,h
wind,knn,persistence,RMSE,40,351,4.45816206812191,5.786588654994258,0.22956990138322986,h
wind,knn,persistence,RMSE,41,351,4.402373307097291,5.570205666588189,0.20965695512751292,h
wind,knn,persistence,RMSE,42,350,4.388252899340628,5.367234190637005,0.18239958543344037,h
wind,knn,persistence,RMSE,43,350,4.597189722925456,5.495101896884429,0.1634022791220786,h
wind,knn,persistence,RMSE,44,350,4.35214681081155,5.18645213168749,0.16086243537824507,h
wind,knn,persistence,RMSE,45,350,4.49488232294716,5.178992317871444,0.1320932631167624,h
wind,knn,persistence,RMSE,46,350,4.664909600104043,5.338239436903733,0.12613331506730485,h
wind,knn,persistence,RMSE,47,350,4.442628721183632,5.078108196675496,0.12514098772213944,h
wind,knn,persistence,RMSE,48,350,4.398901316075575,5.159958250107954,0.14749284725636236,h
wind,lightgbm,persistence,RMSE,1,352,3.179485608123223,3.2858533726208226,0.032371427582223444,h
wind,lightgbm,persistence,RMSE,2,352,3.431237488130838,3.8764210004496764,0.11484395329279151,h
wind,lightgbm,persistence,RMSE,3,352,3.645690335421454,4.064684762181329,0.10308165362743171,h
wind,lightgbm,persistence,RMSE,4,352,3.682551933879174,4.250151835523056,0.1335481468920342,h
wind,lightgbm,persistence,RMSE,5,352,3.884310158462457,4.23365788543537,0.08251675889417975,h
wind,lightgbm,persistence,RMSE,6,352,3.9469264175051575,4.406326965801046,0.1042592962032658,h
wind,lightgbm,persistence,RMSE,7,352,3.8914531274702306,4.508422862215284,0.1368482401941099,h
wind,lightgbm,persistence,RMSE,8,352,4.289182214750746,4.782546571079623,0.10315934178504049,h
wind,lightgbm,persistence,RMSE,9,352,4.214644528488609,4.80436934183117,0.12274760148181885,h
wind,lightgbm,persistence,RMSE,10,352,4.224054208380868,4.646755955404901,0.09096706413694156,h
wind,lightgbm,persistence,RMSE,11,352,4.121437748472813,4.582639703023496,0.10064111176935753,h
wind,lightgbm,persistence,RMSE,12,352,4.346718706232364,4.768640606990252,0.0884784439698394,h
wind,lightgbm,persistence,RMSE,13,352,4.563761789791455,5.040825374335581,0.09463997443216465,h
wind,lightgbm,persistence,RMSE,14,352,4.3850109699883575,5.040725816919983,0.13008341868756612,h
wind,lightgbm,persistence,RMSE,15,352,4.393133153133751,5.172967019428106,0.1507517568477692,h
wind,lightgbm,persistence,RMSE,16,352,4.403735778700438,5.031280279411991,0.12472859110621737,h
wind,lightgbm,persistence,RMSE,17,352,4.364779061091395,4.955140352108193,0.11914118452076261,h
wind,lightgbm,persistence,RMSE,18,351,4.346557408873649,4.827806625074871,0.09968278631991767,h
wind,lightgbm,persistence,RMSE,19,351,4.497965135332017,4.933010499947531,0.08819064233091345,h
wind,lightgbm,persistence,RMSE,20,351,4.151556742169103,4.619543335307141,0.10130581297099639,h
wind,lightgbm,persistence,RMSE,21,351,4.29279756372935,4.713019489303297,0.08916193249947002,h
wind,lightgbm,persistence,RMSE,22,351,4.50172918399511,4.732659486162702,0.04879503857033951,h
wind,lightgbm,persistence,RMSE,23,351,4.072956648946356,4.572798958339445,0.10930773776562452,h
wind,lightgbm,persistence,RMSE,24,351,4.029377782852842,4.7411971813299125,0.15013494930776194,h
wind,lightgbm,persistence,RMSE,25,351,4.356397020385682,4.941079302375613,0.1183308840456826,h
wind,lightgbm,persistence,RMSE,26,351,4.2293991700375555,4.9134655666488465,0.1392227924124536,h
wind,lightgbm,persistence,RMSE,27,351,4.214698418611378,4.877831707351348,0.13594837389337688,h
wind,lightgbm,persistence,RMSE,28,351,4.035113052250984,4.954976318146265,0.18564433144241876,h
wind,lightgbm,persistence,RMSE,29,351,4.275127606452384,4.9908622769824325,0.14340902048749682,h
wind,lightgbm,persistence,RMSE,30,351,4.629847503998518,5.128967618528005,0.09731395314847635,h
wind,lightgbm,persistence,RMSE,31,351,4.40269432468533,5.277425557297849,0.16574961088800266,h
wind,lightgbm,persistence,RMSE,32,351,4.613205999616058,5.364653070246255,0.140073749558553,h
wind,lightgbm,persistence,RMSE,33,351,4.653379728128177,5.306599396129045,0.12309571897915772,h
wind,lightgbm,persistence,RMSE,34,351,4.312305154422119,5.091237318756359,0.1529946682046458,h
wind,lightgbm,persistence,RMSE,35,351,4.2886069729644944,5.090676691147177,0.15755660138022576,h
wind,lightgbm,persistence,RMSE,36,351,4.517067157761777,5.35177005625641,0.15596763121742052,h
wind,lightgbm,persistence,RMSE,37,351,4.754926534603851,5.608626571879432,0.1522119589055666,h
wind,lightgbm,persistence,RMSE,38,351,4.740312215001292,5.781060343004446,0.18002720370537983,h
wind,lightgbm,persistence,RMSE,39,351,4.638387277974008,5.86782156464645,0.20952141661562573,h
wind,lightgbm,persistence,RMSE,40,351,4.393569591854677,5.786588654994258,0.24073234615308314,h
wind,lightgbm,persistence,RMSE,41,351,4.363099356597714,5.570205666588189,0.2167076733326151,h
wind,lightgbm,persistence,RMSE,42,350,4.164893653700416,5.367234190637005,0.22401491983227406,h
wind,lightgbm,persistence,RMSE,43,350,4.382257933703894,5.495101896884429,0.20251561919379268,h
wind,lightgbm,persistence,RMSE,44,350,4.1763790694580925,5.18645213168749,0.19475221916311325,h
wind,lightgbm,persistence,RMSE,45,350,4.413146747920416,5.178992317871444,0.14787540180515069,h
wind,lightgbm,persistence,RMSE,46,350,4.488805099799325,5.338239436903733,0.15912256225005406,h
wind,lightgbm,persistence,RMSE,47,350,4.348186205376994,5.078108196675496,0.1437389600671295,h
wind,lightgbm,persistence,RMSE,48,350,4.213623033951322,5.159958250107954,0.18339978160420844,h
wind,mlp,persistence,RMSE,1,352,3.269047576702244,3.2858533726208226,0.005114590948765874,h
wind,mlp,persistence,RMSE,2,352,3.5459785418107708,3.8764210004496764,0.08524421330928023,h
wind,mlp,persistence,RMSE,3,352,3.545182202403961,4.064684762181329,0.1278088191760719,h
wind,mlp,persistence,RMSE,4,352,3.5936677433488575,4.250151835523056,0.15446132693125458,h
wind,mlp,persistence,RMSE,5,352,3.808830282579683,4.23365788543537,0.10034528399594567,h
wind,mlp,persistence,RMSE,6,352,3.9779439517396047,4.406326965801046,0.09721997876831723,h
wind,mlp,persistence,RMSE,7,352,4.01996000961377,4.508422862215284,0.10834450705484622,h
wind,mlp,persistence,RMSE,8,352,4.232028133117729,4.782546571079623,0.11510989590585807,h
wind,mlp,persistence,RMSE,9,352,4.209377322453792,4.80436934183117,0.12384393809960481,h
wind,mlp,persistence,RMSE,10,352,4.107025903298728,4.646755955404901,0.11615201170149303,h
wind,mlp,persistence,RMSE,11,352,3.990384542052862,4.582639703023496,0.12923886653796512,h
wind,mlp,persistence,RMSE,12,352,4.164221378389086,4.768640606990252,0.1267487484200761,h
wind,mlp,persistence,RMSE,13,352,4.50774670939526,5.040825374335581,0.10575225788506604,h
wind,mlp,persistence,RMSE,14,352,4.150135303613888,5.040725816919983,0.17667902315112816,h
wind,mlp,persistence,RMSE,15,352,4.281432036900515,5.172967019428106,0.172344996436137,h
wind,mlp,persistence,RMSE,16,352,4.180636790512525,5.031280279411991,0.1690709802791749,h
wind,mlp,persistence,RMSE,17,352,4.040623707302911,4.955140352108193,0.18455918093544932,h
wind,mlp,persistence,RMSE,18,351,3.9943699990317607,4.827806625074871,0.17263256189971876,h
wind,mlp,persistence,RMSE,19,351,4.158212956280125,4.933010499947531,0.15706383428043524,h
wind,mlp,persistence,RMSE,20,351,3.8316555587831735,4.619543335307141,0.17055533833878045,h
wind,mlp,persistence,RMSE,21,351,3.903879732314018,4.713019489303297,0.17168181859330478,h
wind,mlp,persistence,RMSE,22,351,4.197240621443758,4.732659486162702,0.11313276737622813,h
wind,mlp,persistence,RMSE,23,351,3.8590623528402364,4.572798958339445,0.15608309309062496,h
wind,mlp,persistence,RMSE,24,351,3.8389519019072686,4.7411971813299125,0.19029904155337463,h
wind,mlp,persistence,RMSE,25,351,4.08611040125939,4.941079302375613,0.17303282315367086,h
wind,mlp,persistence,RMSE,26,351,3.9655225372328373,4.9134655666488465,0.1929275816748094,h
wind,mlp,persistence,RMSE,27,351,3.941717659967541,4.877831707351348,0.19191191979276268,h
wind,mlp,persistence,RMSE,28,351,3.8559531477556934,4.954976318146265,0.2218019017297208,h
wind,mlp,persistence,RMSE,29,351,4.052998482733075,4.9908622769824325,0.1879161840579594,h
wind,mlp,persistence,RMSE,30,351,4.206892869788617,5.128967618528005,0.1797778456250071,h
wind,mlp,persistence,RMSE,31,351,4.31026119109732,5.277425557297849,0.18326442612972393,h
wind,mlp,persistence,RMSE,32,351,4.462499570328907,5.364653070246255,0.16816623332474623,h
wind,mlp,persistence,RMSE,33,351,4.40426798243983,5.306599396129045,0.17003948222423393,h
wind,mlp,persistence,RMSE,34,351,4.230874978777016,5.091237318756359,0.16898885007967068,h
wind,mlp,persistence,RMSE,35,351,4.11301720456642,5.090676691147177,0.1920490233215818,h
wind,mlp,persistence,RMSE,36,351,4.299868013797932,5.35177005625641,0.19655217458918428,h
wind,mlp,persistence,RMSE,37,351,4.5508467130069405,5.608626571879432,0.18859873184925435,h
wind,mlp,persistence,RMSE,38,351,4.338190093008949,5.781060343004446,0.24958574454969806,h
wind,mlp,persistence,RMSE,39,351,4.445102397515287,5.86782156464645,0.24246121860675307,h
wind,mlp,persistence,RMSE,40,351,4.2864525035795875,5.786588654994258,0.2592436132677136,h
wind,mlp,persistence,RMSE,41,351,4.250109144461693,5.570205666588189,0.23699242023411116,h
wind,mlp,persistence,RMSE,42,350,4.095485901470774,5.367234190637005,0.23694667383524304,h
wind,mlp,persistence,RMSE,43,350,4.3225453157040565,5.495101896884429,0.21338213616114732,h
wind,mlp,persistence,RMSE,44,350,4.0594157364528805,5.18645213168749,0.21730392310936297,h
wind,mlp,persistence,RMSE,45,350,4.195632331327508,5.178992317871444,0.18987477219276794,h
wind,mlp,persistence,RMSE,46,350,4.4242657249146475,5.338239436903733,0.17121257350704477,h
wind,mlp,persistence,RMSE,47,350,4.193288172609616,5.078108196675496,0.17424205822261685,h
wind,mlp,persistence,RMSE,48,350,4.086844643634604,5.159958250107954,0.20796943588659822,h
wind,ridge,persistence,RMSE,1,352,3.091410968998807,3.2858533726208226,0.05917561789037673,h
wind,ridge,persistence,RMSE,2,352,3.3707046653227155,3.8764210004496764,0.13045960050992822,h
wind,ridge,persistence,RMSE,3,352,3.4161027702345157,4.064684762181329,0.15956513970809127,h
wind,ridge,persistence,RMSE,4,352,3.4167425325556984,4.250151835523056,0.19608930109312006,h
wind,ridge,persistence,RMSE,5,352,3.61544272582362,4.23365788543537,0.14602388202847805,h
wind,ridge,persistence,RMSE,6,352,3.845048603018883,4.406326965801046,0.1273800984671426,h
wind,ridge,persistence,RMSE,7,352,3.852522284277227,4.508422862215284,0.14548337589073668,h
wind,ridge,persistence,RMSE,8,352,4.155802657097379,4.782546571079623,0.1310481570158054,h
wind,ridge,persistence,RMSE,9,352,4.071684430065607,4.80436934183117,0.1525038687983764,h
wind,ridge,persistence,RMSE,10,352,3.953315813269026,4.646755955404901,0.149231022414529,h
wind,ridge,persistence,RMSE,11,352,3.8429828268171975,4.582639703023496,0.16140410857923082,h
wind,ridge,persistence,RMSE,12,352,3.993737407602748,4.768640606990252,0.1624998114245787,h
wind,ridge,persistence,RMSE,13,352,4.283714919116354,5.040825374335581,0.15019573165020017,h
wind,ridge,persistence,RMSE,14,352,4.125156916031555,5.040725816919983,0.18163433881191837,h
wind,ridge,persistence,RMSE,15,352,4.154582536774304,5.172967019428106,0.19686661036675024,h
wind,ridge,persistence,RMSE,16,352,4.045219187331753,5.031280279411991,0.19598611830774004,h
wind,ridge,persistence,RMSE,17,352,3.956100482707435,4.955140352108193,0.20161686620555785,h
wind,ridge,persistence,RMSE,18,351,3.855916838688282,4.827806625074871,0.20131083571963004,h
wind,ridge,persistence,RMSE,19,351,4.061379607735143,4.933010499947531,0.17669350029189257,h
wind,ridge,persistence,RMSE,20,351,3.736881579234087,4.619543335307141,0.19107121462134058,h
wind,ridge,persistence,RMSE,21,351,3.87651022185309,4.713019489303297,0.17748903210537414,h
wind,ridge,persistence,RMSE,22,351,4.160901834374933,4.732659486162702,0.1208110690108739,h
wind,ridge,persistence,RMSE,23,351,3.751263461096743,4.572798958339445,0.1796570338489214,h
wind,ridge,persistence,RMSE,24,351,3.730962145194822,4.7411971813299125,0.2130759378903786,h
wind,ridge,persistence,RMSE,25,351,4.026661566958436,4.941079302375613,0.18506437145777765,h
wind,ridge,persistence,RMSE,26,351,3.8546146897797415,4.9134655666488465,0.21549980609537023,h
wind,ridge,persistence,RMSE,27,351,3.733099931761477,4.877831707351348,0.23468045727462328,h
wind,ridge,persistence,RMSE,28,351,3.614663769699059,4.954976318146265,0.2704982753476889,h
wind,ridge,persistence,RMSE,29,351,3.9270681374187544,4.9908622769824325,0.21314836605887422,h
wind,ridge,persistence,RMSE,30,351,4.109941916088311,5.128967618528005,0.19868047104811914,h
wind,ridge,persistence,RMSE,31,351,4.104012619310245,5.277425557297849,0.22234571103801903,h
wind,ridge,persistence,RMSE,32,351,4.325195895794273,5.364653070246255,0.1937603719832468,h
wind,ridge,persistence,RMSE,33,351,4.266089730309174,5.306599396129045,0.19607842766101435,h
wind,ridge,persistence,RMSE,34,351,4.042348458661512,5.091237318756359,0.2060184576803542,h
wind,ridge,persistence,RMSE,35,351,3.9986180935128726,5.090676691147177,0.2145213031370512,h
wind,ridge,persistence,RMSE,36,351,4.188035026597193,5.35177005625641,0.21744862305860269,h
wind,ridge,persistence,RMSE,37,351,4.445316053475366,5.608626571879432,0.2074145075439109,h
wind,ridge,persistence,RMSE,38,351,4.335221169187359,5.781060343004446,0.25009930497727295,h
wind,ridge,persistence,RMSE,39,351,4.330305966882922,5.86782156464645,0.262024940742411,h
wind,ridge,persistence,RMSE,40,351,4.2897017157235995,5.786588654994258,0.25868210590340357,h
wind,ridge,persistence,RMSE,41,351,4.145324994619443,5.570205666588189,0.25580396079728607,h
wind,ridge,persistence,RMSE,42,350,4.030427411320528,5.367234190637005,0.2490680920255911,h
wind,ridge,persistence,RMSE,43,350,4.220432569654536,5.495101896884429,0.23196463890007124,h
wind,ridge,persistence,RMSE,44,350,3.931347149294738,5.18645213168749,0.24199683146104445,h
wind,ridge,persistence,RMSE,45,350,4.0313230571888985,5.178992317871444,0.22160088106758102,h
wind,ridge,persistence,RMSE,46,350,4.273946697552348,5.338239436903733,0.19937148790925963,h
wind,ridge,persistence,RMSE,47,350,3.994748720058141,5.078108196675496,0.21333918748060576,h
wind,ridge,persistence,RMSE,48,350,3.89921487293294,5.159958250107954,0.24433208876227586,h
wind,extratrees,seasonal_persistence,MAE,1,352,2.294865340909091,4.002869318181818,0.4266949134498691,h
wind,extratrees,seasonal_persistence,MAE,2,352,2.5544045454545454,3.7162784090909087,0.3126444619418559,h
wind,extratrees,seasonal_persistence,MAE,3,352,2.5428494318181816,3.594801136363636,0.29263140425330136,h
wind,extratrees,seasonal_persistence,MAE,4,352,2.6743835227272728,3.374318181818182,0.20742995217889137,h
wind,extratrees,seasonal_persistence,MAE,5,352,2.602683522727273,3.4740625000000005,0.2508242086239748,h
wind,extratrees,seasonal_persistence,MAE,6,352,2.6742556818181815,3.6782102272727273,0.27294648305052027,h
wind,extratrees,seasonal_persistence,MAE,7,352,2.597806818181818,3.474659090909091,0.2523563462733427,h
wind,extratrees,seasonal_persistence,MAE,8,352,2.687728977272727,3.6226136363636368,0.25806910505348357,h
wind,extratrees,seasonal_persistence,MAE,9,352,2.674609659090909,3.603181818181818,0.25770893780749327,h
wind,extratrees,seasonal_persistence,MAE,10,352,2.7161221590909093,3.28625,0.17348888274145013,h
wind,extratrees,seasonal_persistence,MAE,11,352,2.758875,3.168039772727273,0.129153925480877,h
wind,extratrees,seasonal_persistence,MAE,12,352,2.7888647727272726,3.327670454545455,0.16191677907353985,h
wind,extratrees,seasonal_persistence,MAE,13,352,2.9506602272727274,3.5202840909090907,0.1618119018028632,h
wind,extratrees,seasonal_persistence,MAE,14,352,2.993513068181818,3.223579545454545,0.07136987750066093,h
wind,extratrees,seasonal_persistence,MAE,15,352,2.9916090909090913,3.002215909090909,0.00353299646094718,h
wind,extratrees,seasonal_persistence,MAE,16,352,3.113372727272727,3.0125568181818183,-0.0334652307576242,h
wind,extratrees,seasonal_persistence,MAE,17,352,3.1413130681818178,2.8071022727272728,-0.11905900212529086,h
wind,extratrees,seasonal_persistence,MAE,18,351,3.055388603988604,3.027720797720798,-0.009138163032943458,h
wind,extratrees,seasonal_persistence,MAE,19,351,3.075233618233618,3.0210541310541315,-0.017933967691132313,h
wind,extratrees,seasonal_persistence,MAE,20,351,3.0975589743589746,3.2657834757834756,0.051511223163422715,h
wind,extratrees,seasonal_persistence,MAE,21,351,3.1735709401709404,3.547806267806268,0.10548358602081453,h
wind,extratrees,seasonal_persistence,MAE,22,351,3.335156695156695,3.7887179487179483,0.11971364976237742,h
wind,extratrees,seasonal_persistence,MAE,23,351,3.1107646723646725,3.651082621082621,0.14798842009160917,h
wind,extratrees,seasonal_persistence,MAE,24,351,2.952733903133903,3.4789458689458685,0.15125615218940136,h
wind,extratrees,seasonal_persistence,MAE,25,351,3.094990313390314,4.078376068376069,0.2411218922676055,h
wind,extratrees,seasonal_persistence,MAE,26,351,3.0071749287749285,3.8177777777777777,0.21232321423241107,h
wind,extratrees,seasonal_persistence,MAE,27,351,3.098034757834758,3.6965527065527066,0.16191246175307716,h
wind,extratrees,seasonal_persistence,MAE,28,351,2.919079772079772,3.6827065527065526,0.20735477282749115,h
wind,extratrees,seasonal_persistence,MAE,29,351,3.0022,3.7822792022792022,0.2062458006297172,h
wind,extratrees,seasonal_persistence,MAE,30,351,3.0550159544159543,3.717492877492878,0.1782052972011895,h
wind,extratrees,seasonal_persistence,MAE,31,351,2.9366569800569797,3.7076638176638173,0.20794950014983982,h
wind,extratrees,seasonal_persistence,MAE,32,351,3.015536182336182,3.7357549857549857,0.19279069590085796,h
wind,extratrees,seasonal_persistence,MAE,33,351,3.118906552706552,3.7986039886039884,0.17893348133592346,h
wind,extratrees,seasonal_persistence,MAE,34,351,3.0356769230769225,3.4200000000000004,0.11237516869095843,h
wind,extratrees,seasonal_persistence,MAE,35,351,3.0155982905982905,3.3523361823361824,0.100448723941292,h
wind,extratrees,seasonal_persistence,MAE,36,351,3.1151179487179483,3.5706267806267804,0.12757111283102873,h
wind,extratrees,seasonal_persistence,MAE,37,351,3.227705982905983,3.857293447293447,0.16322000723829488,h
wind,extratrees,seasonal_persistence,MAE,38,351,3.2549042735042732,3.6579202279202288,0.11017625571487566,h
wind,extratrees,seasonal_persistence,MAE,39,351,3.114274643874644,3.4027350427350425,0.08477310023778417,h
wind,extratrees,seasonal_persistence,MAE,40,351,3.23091396011396,3.2542165242165244,0.0071607294502858965,h
wind,extratrees,seasonal_persistence,MAE,41,351,3.1688700854700858,3.2092877492877494,0.012593966940681378,h
wind,extratrees,seasonal_persistence,MAE,42,350,3.0873531428571432,3.299771428571428,0.06437363626917847,h
wind,extratrees,seasonal_persistence,MAE,43,350,3.0899108571428573,3.4479142857142855,0.10383188180017722,h
wind,extratrees,seasonal_persistence,MAE,44,350,3.138775428571428,3.5358571428571435,0.11230140196355731,h
wind,extratrees,seasonal_persistence,MAE,45,350,3.2520457142857153,3.875285714285714,0.16082427102149122,h
wind,extratrees,seasonal_persistence,MAE,46,350,3.3976348571428576,4.056857142857143,0.16249580956405374,h
wind,extratrees,seasonal_persistence,MAE,47,350,3.165351428571428,4.033485714285715,0.2152317740061771,h
wind,extratrees,seasonal_persistence,MAE,48,350,2.9351519999999995,3.904742857142857,0.24831106493202415,h
wind,knn,seasonal_persistence,MAE,1,352,2.4467045454545455,4.002869318181818,0.3887623224817425,h
wind,knn,seasonal_persistence,MAE,2,352,2.695778409090909,3.7162784090909087,0.27460267710395747,h
wind,knn,seasonal_persistence,MAE,3,352,2.718431818181818,3.594801136363636,0.24378798296150528,h
wind,knn,seasonal_persistence,MAE,4,352,2.7989204545454545,3.374318181818182,0.17052266451134912,h
wind,knn,seasonal_persistence,MAE,5,352,2.7625113636363636,3.4740625000000005,0.20481817364069776,h
wind,knn,seasonal_persistence,MAE,6,352,2.8323863636363638,3.6782102272727273,0.22995528025148093,h
wind,knn,seasonal_persistence,MAE,7,352,2.7744829545454546,3.474659090909091,0.2015093043791084,h
wind,knn,seasonal_persistence,MAE,8,352,2.8402159090909094,3.6226136363636368,0.21597603437999935,h
wind,knn,seasonal_persistence,MAE,9,352,2.843477272727273,3.603181818181818,0.2108426895420713,h
wind,knn,seasonal_persistence,MAE,10,352,2.8017102272727277,3.28625,0.14744458660396265,h
wind,knn,seasonal_persistence,MAE,11,352,2.919306818181818,3.168039772727273,0.07851320450163668,h
wind,knn,seasonal_persistence,MAE,12,352,2.9896704545454544,3.327670454545455,0.10157255792511155,h
wind,knn,seasonal_persistence,MAE,13,352,3.0372386363636363,3.5202840909090907,0.13721774779282403,h
wind,knn,seasonal_persistence,MAE,14,352,2.9655397727272725,3.223579545454545,0.08004758967127867,h
wind,knn,seasonal_persistence,MAE,15,352,2.937596590909091,3.002215909090909,0.021523874410946275,h
wind,knn,seasonal_persistence,MAE,16,352,2.971693181818182,3.0125568181818183,0.013564436732615315,h
wind,knn,seasonal_persistence,MAE,17,352,2.9592670454545456,2.8071022727272728,-0.05420706406234199,h
wind,knn,seasonal_persistence,MAE,18,351,2.8730997150997157,3.027720797720798,0.051068474589029966,h
wind,knn,seasonal_persistence,MAE,19,351,2.933823361823362,3.0210541310541315,0.028874282103754423,h
wind,knn,seasonal_persistence,MAE,20,351,2.983527065527065,3.2657834757834756,0.08642839072137076,h
wind,knn,seasonal_persistence,MAE,21,351,3.2109116809116807,3.547806267806268,0.0949585635359117,h
wind,knn,seasonal_persistence,MAE,22,351,3.351726495726496,3.7887179487179483,0.11534019130120898,h
wind,knn,seasonal_persistence,MAE,23,351,3.131076923076923,3.651082621082621,0.1424250700334756,h
wind,knn,seasonal_persistence,MAE,24,351,3.018957264957265,3.4789458689458685,0.13222068445922142,h
wind,knn,seasonal_persistence,MAE,25,351,3.23394301994302,4.078376068376069,0.20705129548518697,h
wind,knn,seasonal_persistence,MAE,26,351,3.1538632478632476,3.8177777777777777,0.17390077908122148,h
wind,knn,seasonal_persistence,MAE,27,351,3.1936809116809117,3.6965527065527066,0.13603804268240993,h
wind,knn,seasonal_persistence,MAE,28,351,3.0972934472934477,3.6827065527065526,0.158962734889334,h
wind,knn,seasonal_persistence,MAE,29,351,3.0736182336182334,3.7822792022792022,0.1873634733876678,h
wind,knn,seasonal_persistence,MAE,30,351,3.0616296296296297,3.717492877492878,0.17642622850311163,h
wind,knn,seasonal_persistence,MAE,31,351,2.981025641025641,3.7076638176638173,0.19598275689839317,h
wind,knn,seasonal_persistence,MAE,32,351,3.15814245014245,3.7357549857549857,0.1546173498570066,h
wind,knn,seasonal_persistence,MAE,33,351,3.120524216524217,3.7986039886039884,0.1785076238834178,h
wind,knn,seasonal_persistence,MAE,34,351,3.0500911680911678,3.4200000000000004,0.10816047716632526,h
wind,knn,seasonal_persistence,MAE,35,351,3.0796410256410254,3.3523361823361824,0.08134481205435684,h
wind,knn,seasonal_persistence,MAE,36,351,3.1722222222222225,3.5706267806267804,0.11157832584637217,h
wind,knn,seasonal_persistence,MAE,37,351,3.2244216524216522,3.857293447293447,0.1640714670842227,h
wind,knn,seasonal_persistence,MAE,38,351,3.215441595441595,3.6579202279202288,0.12096453856518696,h
wind,knn,seasonal_persistence,MAE,39,351,3.104358974358975,3.4027350427350425,0.08768712950869062,h
wind,knn,seasonal_persistence,MAE,40,351,3.0932535612535617,3.2542165242165244,0.04946289276240334,h
wind,knn,seasonal_persistence,MAE,41,351,3.0832934472934475,3.2092877492877494,0.03925927241091565,h
wind,knn,seasonal_persistence,MAE,42,350,3.0465085714285722,3.299771428571428,0.07675163647698502,h
wind,knn,seasonal_persistence,MAE,43,350,3.03464,3.4479142857142855,0.11986211125566593,h
wind,knn,seasonal_persistence,MAE,44,350,3.09028,3.5358571428571435,0.12601672659690533,h
wind,knn,seasonal_persistence,MAE,45,350,3.2378799999999996,3.875285714285714,0.1644796697017732,h
wind,knn,seasonal_persistence,MAE,46,350,3.3434171428571426,4.056857142857143,0.1758602718501303,h
wind,knn,seasonal_persistence,MAE,47,350,3.249468571428571,4.033485714285715,0.1943770719406117,h
wind,knn,seasonal_persistence,MAE,48,350,3.100942857142857,3.904742857142857,0.20585222366938372,h
wind,lightgbm,seasonal_persistence,MAE,1,352,2.242100992076327,4.002869318181818,0.43987654508423135,h
wind,lightgbm,seasonal_persistence,MAE,2,352,2.5525752468369145,3.7162784090909087,0.31313670133198224,h
wind,lightgbm,seasonal_persistence,MAE,3,352,2.6710878035303094,3.594801136363636,0.25695811751292585,h
wind,lightgbm,seasonal_persistence,MAE,4,352,2.8530243967104765,3.374318181818182,0.15448862763345483,h
wind,lightgbm,seasonal_persistence,MAE,5,352,2.79680565537098,3.4740625000000005,0.1949466495289075,h
wind,lightgbm,seasonal_persistence,MAE,6,352,2.8040696253165893,3.6782102272727273,0.2376537902794873,h
wind,lightgbm,seasonal_persistence,MAE,7,352,2.7764103631195285,3.474659090909091,0.200954600011386,h
wind,lightgbm,seasonal_persistence,MAE,8,352,2.8377022401272494,3.6226136363636368,0.2166699170889993,h
wind,lightgbm,seasonal_persistence,MAE,9,352,2.803772173713582,3.603181818181818,0.22186214429546092,h
wind,lightgbm,seasonal_persistence,MAE,10,352,2.8709151194628895,3.28625,0.12638566163168063,h
wind,lightgbm,seasonal_persistence,MAE,11,352,2.8711415723650497,3.168039772727273,0.093716689707665,h
wind,lightgbm,seasonal_persistence,MAE,12,352,2.977033537144342,3.327670454545455,0.10537008462546471,h
wind,lightgbm,seasonal_persistence,MAE,13,352,3.1022816900975445,3.5202840909090907,0.11874109873433536,h
wind,lightgbm,seasonal_persistence,MAE,14,352,2.9652419989040695,3.223579545454545,0.08013996332578432,h
wind,lightgbm,seasonal_persistence,MAE,15,352,2.9168666780499652,3.002215909090909,0.02842874517535543,h
wind,lightgbm,seasonal_persistence,MAE,16,352,3.1211948625191854,3.0125568181818183,-0.03606174120325267,h
wind,lightgbm,seasonal_persistence,MAE,17,352,3.1255166675850474,2.8071022727272728,-0.11343170427075866,h
wind,lightgbm,seasonal_persistence,MAE,18,351,3.1213281220992126,3.027720797720798,-0.030916762354336047,h
wind,lightgbm,seasonal_persistence,MAE,19,351,3.0905317260144014,3.0210541310541315,-0.022997798763713995,h
wind,lightgbm,seasonal_persistence,MAE,20,351,3.105096346080462,3.2657834757834756,0.049203240476456855,h
wind,lightgbm,seasonal_persistence,MAE,21,351,3.2408395019057923,3.547806267806268,0.08652297863216862,h
wind,lightgbm,seasonal_persistence,MAE,22,351,3.4405689942108233,3.7887179487179483,0.09189096660650975,h
wind,lightgbm,seasonal_persistence,MAE,23,351,3.143893905430646,3.651082621082621,0.13891460925131938,h
wind,lightgbm,seasonal_persistence,MAE,24,351,3.0169643601300473,3.4789458689458685,0.1327935317820289,h
wind,lightgbm,seasonal_persistence,MAE,25,351,3.247828361580712,4.078376068376069,0.20364667035869122,h
wind,lightgbm,seasonal_persistence,MAE,26,351,3.164816077769834,3.8177777777777777,0.17103187718485136,h
wind,lightgbm,seasonal_persistence,MAE,27,351,3.1866517484642674,3.6965527065527066,0.13793958819647334,h
wind,lightgbm,seasonal_persistence,MAE,28,351,3.1270202051932356,3.6827065527065526,0.1508907483016596,h
wind,lightgbm,seasonal_persistence,MAE,29,351,3.187795516520008,3.7822792022792022,0.15717604490989412,h
wind,lightgbm,seasonal_persistence,MAE,30,351,3.322413830706578,3.717492877492878,0.1062756701373282,h
wind,lightgbm,seasonal_persistence,MAE,31,351,3.0207266707949962,3.7076638176638173,0.18527492800079626,h
wind,lightgbm,seasonal_persistence,MAE,32,351,3.1372152779420106,3.7357549857549857,0.16021920872629491,h
wind,lightgbm,seasonal_persistence,MAE,33,351,3.234010453032927,3.7986039886039884,0.14863184929644468,h
wind,lightgbm,seasonal_persistence,MAE,34,351,2.965964013355775,3.4200000000000004,0.13275906042228802,h
wind,lightgbm,seasonal_persistence,MAE,35,351,2.9795396501803837,3.3523361823361824,0.11120499612183987,h
wind,lightgbm,seasonal_persistence,MAE,36,351,3.127018989173155,3.5706267806267804,0.12423807323143288,h
wind,lightgbm,seasonal_persistence,MAE,37,351,3.261273666634523,3.857293447293447,0.15451761417766496,h
wind,lightgbm,seasonal_persistence,MAE,38,351,3.3191453509122475,3.6579202279202288,0.09261406917028292,h
wind,lightgbm,seasonal_persistence,MAE,39,351,3.2232101583587442,3.4027350427350425,0.052758995961084354,h
wind,lightgbm,seasonal_persistence,MAE,40,351,3.082298578372889,3.2542165242165244,0.05282928918966934,h
wind,lightgbm,seasonal_persistence,MAE,41,351,3.0796577451876646,3.2092877492877494,0.04039214125590773,h
wind,lightgbm,seasonal_persistence,MAE,42,350,2.9323060266067587,3.299771428571428,0.11136086541720147,h
wind,lightgbm,seasonal_persistence,MAE,43,350,3.027816205441511,3.4479142857142855,0.12184121920123225,h
wind,lightgbm,seasonal_persistence,MAE,44,350,3.1202995354620753,3.5358571428571435,0.11752669596240461,h
wind,lightgbm,seasonal_persistence,MAE,45,350,3.3221321458916933,3.875285714285714,0.14273878345405488,h
wind,lightgbm,seasonal_persistence,MAE,46,350,3.373165137424328,4.056857142857143,0.16852750327592447,h
wind,lightgbm,seasonal_persistence,MAE,47,350,3.243201727447291,4.033485714285715,0.19593077621160593,h
wind,lightgbm,seasonal_persistence,MAE,48,350,3.0500601596189116,3.904742857142857,0.2188832219669712,h
wind,mlp,seasonal_persistence,MAE,1,352,2.2940516664509683,4.002869318181818,0.42689818625081377,h
wind,mlp,seasonal_persistence,MAE,2,352,2.545563727457129,3.7162784090909087,0.3150234058809831,h
wind,mlp,seasonal_persistence,MAE,3,352,2.6167134086921906,3.594801136363636,0.2720839597432757,h
wind,mlp,seasonal_persistence,MAE,4,352,2.7584761545365892,3.374318181818182,0.18250858220778665,h
wind,mlp,seasonal_persistence,MAE,5,352,2.66707893712435,3.4740625000000005,0.23228815338689224,h
wind,mlp,seasonal_persistence,MAE,6,352,2.843863219340537,3.6782102272727273,0.22683505193525366,h
wind,mlp,seasonal_persistence,MAE,7,352,2.795485791829149,3.474659090909091,0.19546472943400228,h
wind,mlp,seasonal_persistence,MAE,8,352,2.7972972666018054,3.6226136363636368,0.2278234591393743,h
wind,mlp,seasonal_persistence,MAE,9,352,2.815182069605324,3.603181818181818,0.21869552754740595,h
wind,mlp,seasonal_persistence,MAE,10,352,2.700890044267557,3.28625,0.17812398805095264,h
wind,mlp,seasonal_persistence,MAE,11,352,2.6722140199638145,3.168039772727273,0.15650868938953277,h
wind,mlp,seasonal_persistence,MAE,12,352,2.730793689967719,3.327670454545455,0.17936775072255962,h
wind,mlp,seasonal_persistence,MAE,13,352,2.9386995963240063,3.5202840909090907,0.16520953410748562,h
wind,mlp,seasonal_persistence,MAE,14,352,2.74054828895149,3.223579545454545,0.14984313236016167,h
wind,mlp,seasonal_persistence,MAE,15,352,2.838702352395211,3.002215909090909,0.05446428959375249,h
wind,mlp,seasonal_persistence,MAE,16,352,2.938824352005064,3.0125568181818183,0.02447504582544413,h
wind,mlp,seasonal_persistence,MAE,17,352,2.8821519054506313,2.8071022727272728,-0.02673562465198076,h
wind,mlp,seasonal_persistence,MAE,18,351,2.8289315940156796,3.027720797720798,0.06565638544173635,h
wind,mlp,seasonal_persistence,MAE,19,351,2.791681401859406,3.0210541310541315,0.07592473330317018,h
wind,mlp,seasonal_persistence,MAE,20,351,2.8768586101517744,3.2657834757834756,0.11909083027569567,h
wind,mlp,seasonal_persistence,MAE,21,351,2.9831337294082054,3.547806267806268,0.15916104087251048,h
wind,mlp,seasonal_persistence,MAE,22,351,3.1422666162115602,3.7887179487179483,0.17062535170377058,h
wind,mlp,seasonal_persistence,MAE,23,351,2.930425680234929,3.651082621082621,0.19738171266965265,h
wind,mlp,seasonal_persistence,MAE,24,351,2.8636683116269053,3.4789458689458685,0.17685746789311052,h
wind,mlp,seasonal_persistence,MAE,25,351,2.999027938671097,4.078376068376069,0.2646514474411251,h
wind,mlp,seasonal_persistence,MAE,26,351,2.9498087386535423,3.8177777777777777,0.22734928265768684,h
wind,mlp,seasonal_persistence,MAE,27,351,2.9956490112301726,3.6965527065527066,0.1896100910667592,h
wind,mlp,seasonal_persistence,MAE,28,351,2.993074137133122,3.6827065527065526,0.18726238588480393,h
wind,mlp,seasonal_persistence,MAE,29,351,3.002063414269695,3.7822792022792022,0.2062819126465727,h
wind,mlp,seasonal_persistence,MAE,30,351,3.012817305097038,3.717492877492878,0.18955667048139224,h
wind,mlp,seasonal_persistence,MAE,31,351,2.928734531476579,3.7076638176638173,0.21008627655946377,h
wind,mlp,seasonal_persistence,MAE,32,351,2.9645559807708257,3.7357549857549857,0.20643725509966837,h
wind,mlp,seasonal_persistence,MAE,33,351,2.9631723558650096,3.7986039886039884,0.21993122611499316,h
wind,mlp,seasonal_persistence,MAE,34,351,2.8763469322898163,3.4200000000000004,0.1589628852953754,h
wind,mlp,seasonal_persistence,MAE,35,351,2.848568082114076,3.3523361823361824,0.15027374130211468,h
wind,mlp,seasonal_persistence,MAE,36,351,2.894514035780161,3.5706267806267804,0.18935407881748312,h
wind,mlp,seasonal_persistence,MAE,37,351,3.0699112106657718,3.857293447293447,0.20412816587240956,h
wind,mlp,seasonal_persistence,MAE,38,351,2.9316967726724044,3.6579202279202288,0.19853452508469016,h
wind,mlp,seasonal_persistence,MAE,39,351,3.0084192958221645,3.4027350427350425,0.11588200137849569,h
wind,mlp,seasonal_persistence,MAE,40,351,3.0143822585550355,3.2542165242165244,0.07369954146466351,h
wind,mlp,seasonal_persistence,MAE,41,351,3.0547967248257777,3.2092877492877494,0.04813872626294058,h
wind,mlp,seasonal_persistence,MAE,42,350,2.895058763886263,3.299771428571428,0.12264869656756128,h
wind,mlp,seasonal_persistence,MAE,43,350,2.9284226595578238,3.4479142857142855,0.1506683702401962,h
wind,mlp,seasonal_persistence,MAE,44,350,3.019624032983879,3.5358571428571435,0.14599942503789143,h
wind,mlp,seasonal_persistence,MAE,45,350,3.160613290358043,3.875285714285714,0.18441799563142613,h
wind,mlp,seasonal_persistence,MAE,46,350,3.3350243054249864,4.056857142857143,0.1779290746540283,h
wind,mlp,seasonal_persistence,MAE,47,350,3.156205032350768,4.033485714285715,0.21749938987705153,h
wind,mlp,seasonal_persistence,MAE,48,350,2.9712492463985964,3.904742857142857,0.23906660307647198,h
wind,ridge,seasonal_persistence,MAE,1,352,2.1327674316977987,4.002869318181818,0.4671903421852044,h
wind,ridge,seasonal_persistence,MAE,2,352,2.412078101563495,3.7162784090909087,0.35094257317670996,h
wind,ridge,seasonal_persistence,MAE,3,352,2.514209459509044,3.594801136363636,0.3005984575679971,h
wind,ridge,seasonal_persistence,MAE,4,352,2.607501583807402,3.374318181818182,0.22725082718713763,h
wind,ridge,seasonal_persistence,MAE,5,352,2.606923710728488,3.4740625000000005,0.24960368135907518,h
wind,ridge,seasonal_persistence,MAE,6,352,2.7625147979992515,3.6782102272727273,0.24895135750640174,h
wind,ridge,seasonal_persistence,MAE,7,352,2.6735396678889853,3.474659090909091,0.23056058222117704,h
wind,ridge,seasonal_persistence,MAE,8,352,2.759009958334605,3.6226136363636368,0.2383924328446777,h
wind,ridge,seasonal_persistence,MAE,9,352,2.6997291932054757,3.603181818181818,0.2507374511098718,h
wind,ridge,seasonal_persistence,MAE,10,352,2.6215311415649007,3.28625,0.20227276026933405,h
wind,ridge,seasonal_persistence,MAE,11,352,2.623860188761343,3.168039772727273,0.17177170206340608,h
wind,ridge,seasonal_persistence,MAE,12,352,2.6706271779814483,3.327670454545455,0.19744842091154602,h
wind,ridge,seasonal_persistence,MAE,13,352,2.8448134857963407,3.5202840909090907,0.1918795721223494,h
wind,ridge,seasonal_persistence,MAE,14,352,2.82307513165407,3.223579545454545,0.12424213770844028,h
wind,ridge,seasonal_persistence,MAE,15,352,2.843510493580513,3.002215909090909,0.05286275881418967,h
wind,ridge,seasonal_persistence,MAE,16,352,2.9560527122882543,3.0125568181818183,0.018756195917216334,h
wind,ridge,seasonal_persistence,MAE,17,352,2.905089140973509,2.8071022727272728,-0.03490676816382465,h
wind,ridge,seasonal_persistence,MAE,18,351,2.8080018636750377,3.027720797720798,0.07256908702122067,h
wind,ridge,seasonal_persistence,MAE,19,351,2.8189809676905706,3.0210541310541315,0.06688829613690228,h
wind,ridge,seasonal_persistence,MAE,20,351,2.87415541404484,3.2657834757834756,0.11991856307763393,h
wind,ridge,seasonal_persistence,MAE,21,351,3.0361443743942496,3.547806267806268,0.14421923148819416,h
wind,ridge,seasonal_persistence,MAE,22,351,3.1949941274822224,3.7887179487179483,0.1567083718746164,h
wind,ridge,seasonal_persistence,MAE,23,351,2.8864795988585703,3.651082621082621,0.20941816485032871,h
wind,ridge,seasonal_persistence,MAE,24,351,2.779696579912511,3.4789458689458685,0.20099458726135122,h
wind,ridge,seasonal_persistence,MAE,25,351,2.9355325228656555,4.078376068376069,0.28022024608571017,h
wind,ridge,seasonal_persistence,MAE,26,351,2.851855571576946,3.8177777777777777,0.2530063985974239,h
wind,ridge,seasonal_persistence,MAE,27,351,2.8290695535586465,3.6965527065527066,0.23467355178145122,h
wind,ridge,seasonal_persistence,MAE,28,351,2.7700538998940822,3.6827065527065526,0.24782117167107143,h
wind,ridge,seasonal_persistence,MAE,29,351,2.8772991006307422,3.7822792022792022,0.23926845514289874,h
wind,ridge,seasonal_persistence,MAE,30,351,2.931846413704007,3.717492877492878,0.21133771863975181,h
wind,ridge,seasonal_persistence,MAE,31,351,2.8016624087725868,3.7076638176638173,0.2443591041277572,h
wind,ridge,seasonal_persistence,MAE,32,351,2.873139171563525,3.7357549857549857,0.2309080272878572,h
wind,ridge,seasonal_persistence,MAE,33,351,2.8453734233004835,3.7986039886039884,0.2509423378070593,h
wind,ridge,seasonal_persistence,MAE,34,351,2.7300536000994913,3.4200000000000004,0.20173871342120142,h
wind,ridge,seasonal_persistence,MAE,35,351,2.782986001850012,3.3523361823361824,0.16983683900383784,h
wind,ridge,seasonal_persistence,MAE,36,351,2.863105012808983,3.5706267806267804,0.19815058007647612,h
wind,ridge,seasonal_persistence,MAE,37,351,2.992764107183523,3.857293447293447,0.22412848592490142,h
wind,ridge,seasonal_persistence,MAE,38,351,3.0340368192639664,3.6579202279202288,0.1705568655910743,h
wind,ridge,seasonal_persistence,MAE,39,351,2.9964763965432377,3.4027350427350425,0.11939179544971656,h
wind,ridge,seasonal_persistence,MAE,40,351,3.07517572648976,3.2542165242165244,0.0550180961821124,h
wind,ridge,seasonal_persistence,MAE,41,351,3.0016321299769646,3.2092877492877494,0.06470458105754795,h
wind,ridge,seasonal_persistence,MAE,42,350,2.918888639289209,3.299771428571428,0.11542702200046462,h
wind,ridge,seasonal_persistence,MAE,43,350,2.9557606392757285,3.4479142857142855,0.1427395247259171,h
wind,ridge,seasonal_persistence,MAE,44,350,3.006145648707112,3.5358571428571435,0.14981133930145119,h
wind,ridge,seasonal_persistence,MAE,45,350,3.126272009471247,3.875285714285714,0.19327960827593427,h
wind,ridge,seasonal_persistence,MAE,46,350,3.2601200439493434,4.056857142857143,0.1963926928781814,h
wind,ridge,seasonal_persistence,MAE,47,350,3.053278940743919,4.033485714285715,0.243017291488134,h
wind,ridge,seasonal_persistence,MAE,48,350,2.88681427814576,3.904742857142857,0.26069029798851506,h
wind,extratrees,seasonal_persistence,RMSE,1,352,3.1950138497174567,5.226376150876872,0.38867510537269634,h
wind,extratrees,seasonal_persistence,RMSE,2,352,3.4209312280164568,4.801867978146157,0.28758323977554134,h
wind,extratrees,seasonal_persistence,RMSE,3,352,3.421696651964955,4.6136492470711294,0.2583535356232072,h
wind,extratrees,seasonal_persistence,RMSE,4,352,3.4590617843341436,4.365190431126688,0.2075805537213794,h
wind,extratrees,seasonal_persistence,RMSE,5,352,3.614834270610103,4.832037525488318,0.25190269083334715,h
wind,extratrees,seasonal_persistence,RMSE,6,352,3.7728636219419234,5.13566310337464,0.2653599844852015,h
wind,extratrees,seasonal_persistence,RMSE,7,352,3.795564960402649,4.986545818955789,0.23883884793071808,h
wind,extratrees,seasonal_persistence,RMSE,8,352,4.058949639195186,5.605525834956399,0.2759020725792878,h
wind,extratrees,seasonal_persistence,RMSE,9,352,4.013634661078863,5.424520140067691,0.2600940622503103,h
wind,extratrees,seasonal_persistence,RMSE,10,352,4.014416523789886,5.021646099184464,0.20057757068108728,h
wind,extratrees,seasonal_persistence,RMSE,11,352,4.0184528319084105,4.852980779189406,0.17196193128553594,h
wind,extratrees,seasonal_persistence,RMSE,12,352,4.149775548530525,5.098703712263986,0.1861116505850282,h
wind,extratrees,seasonal_persistence,RMSE,13,352,4.390937576883883,5.452168407240287,0.19464380978165075,h
wind,extratrees,seasonal_persistence,RMSE,14,352,4.335401926410367,5.0034140616910046,0.13351126391783563,h
wind,extratrees,seasonal_persistence,RMSE,15,352,4.366799280235312,5.04385838286164,0.13423436013328316,h
wind,extratrees,seasonal_persistence,RMSE,16,352,4.327737780269587,5.034271862128443,0.14034484056650454,h
wind,extratrees,seasonal_persistence,RMSE,17,352,4.330789869498403,4.801625257518163,0.09805750402586022,h
wind,extratrees,seasonal_persistence,RMSE,18,351,4.240888491101849,4.864815858111521,0.12825302852303122,h
wind,extratrees,seasonal_persistence,RMSE,19,351,4.391068415347466,5.0215049502924884,0.12554732917435463,h
wind,extratrees,seasonal_persistence,RMSE,20,351,4.096130833441769,4.628437953752637,0.115007941260028,h
wind,extratrees,seasonal_persistence,RMSE,21,351,4.09274345362716,4.84403460196882,0.15509615642223185,h
wind,extratrees,seasonal_persistence,RMSE,22,351,4.381965277682471,5.216398207231716,0.15996342618023962,h
wind,extratrees,seasonal_persistence,RMSE,23,351,4.031101124593025,4.870513378464387,0.1723457444102161,h
wind,extratrees,seasonal_persistence,RMSE,24,351,3.9192222813023005,4.7411971813299125,0.1733686384663392,h
wind,extratrees,seasonal_persistence,RMSE,25,351,4.078390361886859,5.385981725303118,0.24277679169857735,h
wind,extratrees,seasonal_persistence,RMSE,26,351,3.994236695875454,4.899065089018388,0.18469409503686185,h
wind,extratrees,seasonal_persistence,RMSE,27,351,4.005665827769547,4.764513738892057,0.1592707992272414,h
wind,extratrees,seasonal_persistence,RMSE,28,351,3.7792058388079064,4.823138053566441,0.2164425324683803,h
wind,extratrees,seasonal_persistence,RMSE,29,351,4.064128312197549,5.2188967407760805,0.22126677072495804,h
wind,extratrees,seasonal_persistence,RMSE,30,351,4.2780206366803855,5.193910800322759,0.17633921698952904,h
wind,extratrees,seasonal_persistence,RMSE,31,351,4.264873391186309,5.369936865301299,0.20578705147457754,h
wind,extratrees,seasonal_persistence,RMSE,32,351,4.512302297540299,5.5419455427548545,0.1857909351997581,h
wind,extratrees,seasonal_persistence,RMSE,33,351,4.505771377123565,5.671425076042387,0.2055310055743934,h
wind,extratrees,seasonal_persistence,RMSE,34,351,4.409889232853801,5.023191060774857,0.12209406739676165,h
wind,extratrees,seasonal_persistence,RMSE,35,351,4.250225155155391,4.930815336842365,0.13802791935883274,h
wind,extratrees,seasonal_persistence,RMSE,36,351,4.481910739076408,5.269194054398261,0.1494124731778853,h
wind,extratrees,seasonal_persistence,RMSE,37,351,4.701310020885523,5.71292938064721,0.17707541829391238,h
wind,extratrees,seasonal_persistence,RMSE,38,351,4.629797405780894,5.501423928599326,0.15843653100195643,h
wind,extratrees,seasonal_persistence,RMSE,39,351,4.514736869169094,5.510278766067292,0.18066996955377634,h
wind,extratrees,seasonal_persistence,RMSE,40,351,4.545046771359582,5.399691059011018,0.15827651588051572,h
wind,extratrees,seasonal_persistence,RMSE,41,351,4.3910288914021285,5.267773712493722,0.16643555113466513,h
wind,extratrees,seasonal_persistence,RMSE,42,350,4.239540555242143,5.243012928787089,0.19139231338441276,h
wind,extratrees,seasonal_persistence,RMSE,43,350,4.375995716164004,5.583128232195895,0.2162107810941527,h
wind,extratrees,seasonal_persistence,RMSE,44,350,4.123995888802163,5.1277782713374025,0.19575385857576044,h
wind,extratrees,seasonal_persistence,RMSE,45,350,4.185575750312016,5.309349731504657,0.2116594381651642,h
wind,extratrees,seasonal_persistence,RMSE,46,350,4.491930507018749,5.560675755440417,0.19219700903726245,h
wind,extratrees,seasonal_persistence,RMSE,47,350,4.210702644656148,5.348414985502047,0.21271953353094264,h
wind,extratrees,seasonal_persistence,RMSE,48,350,4.071019702489432,5.159958250107954,0.21103630976001408,h
wind,knn,seasonal_persistence,RMSE,1,352,3.420901994291192,5.226376150876872,0.34545430800704247,h
wind,knn,seasonal_persistence,RMSE,2,352,3.687128858055966,4.801867978146157,0.23214697387839367,h
wind,knn,seasonal_persistence,RMSE,3,352,3.759967347537137,4.6136492470711294,0.18503398369001134,h
wind,knn,seasonal_persistence,RMSE,4,352,3.6668330248073993,4.365190431126688,0.1599832624344496,h
wind,knn,seasonal_persistence,RMSE,5,352,3.8287999425407433,4.832037525488318,0.20762205956713664,h
wind,knn,seasonal_persistence,RMSE,6,352,4.032021540684704,5.13566310337464,0.21489757806829912,h
wind,knn,seasonal_persistence,RMSE,7,352,4.0649383968831,4.986545818955789,0.1848188015377904,h
wind,knn,seasonal_persistence,RMSE,8,352,4.260496367262217,5.605525834956399,0.23994706425336532,h
wind,knn,seasonal_persistence,RMSE,9,352,4.283911357944661,5.424520140067691,0.21026906577376936,h
wind,knn,seasonal_persistence,RMSE,10,352,4.233955799947502,5.021646099184464,0.15685898282734145,h
wind,knn,seasonal_persistence,RMSE,11,352,4.261065191731032,4.852980779189406,0.12196948934902674,h
wind,knn,seasonal_persistence,RMSE,12,352,4.434729867759704,5.098703712263986,0.1302240494789325,h
wind,knn,seasonal_persistence,RMSE,13,352,4.6169013073508705,5.452168407240287,0.15319906457405308,h
wind,knn,seasonal_persistence,RMSE,14,352,4.412681068909138,5.0034140616910046,0.11806598164738269,h
wind,knn,seasonal_persistence,RMSE,15,352,4.486618600450577,5.04385838286164,0.11047887155287506,h
wind,knn,seasonal_persistence,RMSE,16,352,4.385234955351464,5.034271862128443,0.12892369036712525,h
wind,knn,seasonal_persistence,RMSE,17,352,4.3676377833811015,4.801625257518163,0.0903834536977961,h
wind,knn,seasonal_persistence,RMSE,18,351,4.275218314346957,4.864815858111521,0.12119627154673851,h
wind,knn,seasonal_persistence,RMSE,19,351,4.401525521609402,5.0215049502924884,0.12346486458147854,h
wind,knn,seasonal_persistence,RMSE,20,351,4.167994820115882,4.628437953752637,0.0994813235561336,h
wind,knn,seasonal_persistence,RMSE,21,351,4.317819032402956,4.84403460196882,0.10863167025107301,h
wind,knn,seasonal_persistence,RMSE,22,351,4.496006914656402,5.216398207231716,0.13810128444116965,h
wind,knn,seasonal_persistence,RMSE,23,351,4.138759504201499,4.870513378464387,0.15024163109754174,h
wind,knn,seasonal_persistence,RMSE,24,351,4.007203674353138,4.7411971813299125,0.15481185002537434,h
wind,knn,seasonal_persistence,RMSE,25,351,4.342342242171632,5.385981725303118,0.1937695923156426,h
wind,knn,seasonal_persistence,RMSE,26,351,4.233839419241149,4.899065089018388,0.13578624853717314,h
wind,knn,seasonal_persistence,RMSE,27,351,4.250098090371301,4.764513738892057,0.10796813205126332,h
wind,knn,seasonal_persistence,RMSE,28,351,4.102131818785137,4.823138053566441,0.14948903116056567,h
wind,knn,seasonal_persistence,RMSE,29,351,4.236569321105889,5.2188967407760805,0.18822511125677377,h
wind,knn,seasonal_persistence,RMSE,30,351,4.471387509085995,5.193910800322759,0.13910968420787384,h
wind,knn,seasonal_persistence,RMSE,31,351,4.485615571371565,5.369936865301299,0.1646800169372412,h
wind,knn,seasonal_persistence,RMSE,32,351,4.866416968187386,5.5419455427548545,0.12189375903388411,h
wind,knn,seasonal_persistence,RMSE,33,351,4.795883023126187,5.671425076042387,0.15437778709529693,h
wind,knn,seasonal_persistence,RMSE,34,351,4.624542921280894,5.023191060774857,0.07936153227515674,h
wind,knn,seasonal_persistence,RMSE,35,351,4.544476108388634,4.930815336842365,0.07835199699470763,h
wind,knn,seasonal_persistence,RMSE,36,351,4.661280624445289,5.269194054398261,0.11537123584308673,h
wind,knn,seasonal_persistence,RMSE,37,351,4.827282661263777,5.71292938064721,0.15502497236944646,h
wind,knn,seasonal_persistence,RMSE,38,351,4.665520684688823,5.501423928599326,0.15194307051398714,h
wind,knn,seasonal_persistence,RMSE,39,351,4.486858124463022,5.510278766067292,0.18572937687047175,h
wind,knn,seasonal_persistence,RMSE,40,351,4.45816206812191,5.399691059011018,0.17436719630799669,h
wind,knn,seasonal_persistence,RMSE,41,351,4.402373307097291,5.267773712493722,0.16428200082777622,h
wind,knn,seasonal_persistence,RMSE,42,350,4.388252899340628,5.243012928787089,0.16302840390748374,h
wind,knn,seasonal_persistence,RMSE,43,350,4.597189722925456,5.583128232195895,0.1765924887028183,h
wind,knn,seasonal_persistence,RMSE,44,350,4.35214681081155,5.1277782713374025,0.151260725305027,h
wind,knn,seasonal_persistence,RMSE,45,350,4.49488232294716,5.309349731504657,0.153402478598199,h
wind,knn,seasonal_persistence,RMSE,46,350,4.664909600104043,5.560675755440417,0.1610894421347946,h
wind,knn,seasonal_persistence,RMSE,47,350,4.442628721183632,5.348414985502047,0.16935601795554955,h
wind,knn,seasonal_persistence,RMSE,48,350,4.398901316075575,5.159958250107954,0.14749284725636236,h
wind,lightgbm,seasonal_persistence,RMSE,1,352,3.179485608123223,5.226376150876872,0.39164623510885743,h
wind,lightgbm,seasonal_persistence,RMSE,2,352,3.431237488130838,4.801867978146157,0.2854369375112379,h
wind,lightgbm,seasonal_persistence,RMSE,3,352,3.645690335421454,4.6136492470711294,0.20980331616326542,h
wind,lightgbm,seasonal_persistence,RMSE,4,352,3.682551933879174,4.365190431126688,0.15638229488909605,h
wind,lightgbm,seasonal_persistence,RMSE,5,352,3.884310158462457,4.832037525488318,0.19613410740846537,h
wind,lightgbm,seasonal_persistence,RMSE,6,352,3.9469264175051575,5.13566310337464,0.2314670300488294,h
wind,lightgbm,seasonal_persistence,RMSE,7,352,3.8914531274702306,4.986545818955789,0.21960947141459874,h
wind,lightgbm,seasonal_persistence,RMSE,8,352,4.289182214750746,5.605525834956399,0.23482964113676086,h
wind,lightgbm,seasonal_persistence,RMSE,9,352,4.214644528488609,5.424520140067691,0.22303827441665358,h
wind,lightgbm,seasonal_persistence,RMSE,10,352,4.224054208380868,5.021646099184464,0.15883076486276648,h
wind,lightgbm,seasonal_persistence,RMSE,11,352,4.121437748472813,4.852980779189406,0.15074097013810606,h
wind,lightgbm,seasonal_persistence,RMSE,12,352,4.346718706232364,5.098703712263986,0.14748552739451426,h
wind,lightgbm,seasonal_persistence,RMSE,13,352,4.563761789791455,5.452168407240287,0.16294555690338908,h
wind,lightgbm,seasonal_persistence,RMSE,14,352,4.3850109699883575,5.0034140616910046,0.12359622531293069,h
wind,lightgbm,seasonal_persistence,RMSE,15,352,4.393133153133751,5.04385838286164,0.129013382282692,h
wind,lightgbm,seasonal_persistence,RMSE,16,352,4.403735778700438,5.034271862128443,0.12524871534478876,h
wind,lightgbm,seasonal_persistence,RMSE,17,352,4.364779061091395,4.801625257518163,0.09097881925349649,h
wind,lightgbm,seasonal_persistence,RMSE,18,351,4.346557408873649,4.864815858111521,0.10653197661607994,h
wind,lightgbm,seasonal_persistence,RMSE,19,351,4.497965135332017,5.0215049502924884,0.10425954373100366,h
wind,lightgbm,seasonal_persistence,RMSE,20,351,4.151556742169103,4.628437953752637,0.10303286256584443,h
wind,lightgbm,seasonal_persistence,RMSE,21,351,4.29279756372935,4.84403460196882,0.11379708931381805,h
wind,lightgbm,seasonal_persistence,RMSE,22,351,4.50172918399511,5.216398207231716,0.1370043073486663,h
wind,lightgbm,seasonal_persistence,RMSE,23,351,4.072956648946356,4.870513378464387,0.16375208680147202,h
wind,lightgbm,seasonal_persistence,RMSE,24,351,4.029377782852842,4.7411971813299125,0.15013494930776194,h
wind,lightgbm,seasonal_persistence,RMSE,25,351,4.356397020385682,5.385981725303118,0.19116008137949858,h
wind,lightgbm,seasonal_persistence,RMSE,26,351,4.2293991700375555,4.899065089018388,0.1366925947732227,h
wind,lightgbm,seasonal_persistence,RMSE,27,351,4.214698418611378,4.764513738892057,0.11539799241056092,h
wind,lightgbm,seasonal_persistence,RMSE,28,351,4.035113052250984,4.823138053566441,0.16338429308129732,h
wind,lightgbm,seasonal_persistence,RMSE,29,351,4.275127606452384,5.2188967407760805,0.18083690503969474,h
wind,lightgbm,seasonal_persistence,RMSE,30,351,4.629847503998518,5.193910800322759,0.10860088245820254,h
wind,lightgbm,seasonal_persistence,RMSE,31,351,4.40269432468533,5.369936865301299,0.18012177142453223,h
wind,lightgbm,seasonal_persistence,RMSE,32,351,4.613205999616058,5.5419455427548545,0.16758366461268537,h
wind,lightgbm,seasonal_persistence,RMSE,33,351,4.653379728128177,5.671425076042387,0.17950432814755946,h
wind,lightgbm,seasonal_persistence,RMSE,34,351,4.312305154422119,5.023191060774857,0.141520777878411,h
wind,lightgbm,seasonal_persistence,RMSE,35,351,4.2886069729644944,4.930815336842365,0.1302438481277891,h
wind,lightgbm,seasonal_persistence,RMSE,36,351,4.517067157761777,5.269194054398261,0.14274040562402035,h
wind,lightgbm,seasonal_persistence,RMSE,37,351,4.754926534603851,5.71292938064721,0.1676903007568471,h
wind,lightgbm,seasonal_persistence,RMSE,38,351,4.740312215001292,5.501423928599326,0.13834813013434055,h
wind,lightgbm,seasonal_persistence,RMSE,39,351,4.638387277974008,5.510278766067292,0.15823001432567385,h
wind,lightgbm,seasonal_persistence,RMSE,40,351,4.393569591854677,5.399691059011018,0.18632945036315052,h
wind,lightgbm,seasonal_persistence,RMSE,41,351,4.363099356597714,5.267773712493722,0.17173751289854522,h
wind,lightgbm,seasonal_persistence,RMSE,42,350,4.164893653700416,5.243012928787089,0.2056297189669689,h
wind,lightgbm,seasonal_persistence,RMSE,43,350,4.382257933703894,5.583128232195895,0.21508914869033702,h
wind,lightgbm,seasonal_persistence,RMSE,44,350,4.1763790694580925,5.1277782713374025,0.1855382880334977,h
wind,lightgbm,seasonal_persistence,RMSE,45,350,4.413146747920416,5.309349731504657,0.16879712750251608,h
wind,lightgbm,seasonal_persistence,RMSE,46,350,4.488805099799325,5.560675755440417,0.1927590643263819,h
wind,lightgbm,seasonal_persistence,RMSE,47,350,4.348186205376994,5.348414985502047,0.18701405609631527,h
wind,lightgbm,seasonal_persistence,RMSE,48,350,4.213623033951322,5.159958250107954,0.18339978160420844,h
wind,mlp,seasonal_persistence,RMSE,1,352,3.269047576702244,5.226376150876872,0.3745097018794238,h
wind,mlp,seasonal_persistence,RMSE,2,352,3.5459785418107708,4.801867978146157,0.26154185039053146,h
wind,mlp,seasonal_persistence,RMSE,3,352,3.545182202403961,4.6136492470711294,0.23158826938251975,h
wind,mlp,seasonal_persistence,RMSE,4,352,3.5936677433488575,4.365190431126688,0.1767443368051861,h
wind,mlp,seasonal_persistence,RMSE,5,352,3.808830282579683,4.832037525488318,0.21175482133807133,h
wind,mlp,seasonal_persistence,RMSE,6,352,3.9779439517396047,5.13566310337464,0.22542739434646686,h
wind,mlp,seasonal_persistence,RMSE,7,352,4.01996000961377,4.986545818955789,0.19383875019610808,h
wind,mlp,seasonal_persistence,RMSE,8,352,4.232028133117729,5.605525834956399,0.24502566615132793,h
wind,mlp,seasonal_persistence,RMSE,9,352,4.209377322453792,5.424520140067691,0.22400927385970326,h
wind,mlp,seasonal_persistence,RMSE,10,352,4.107025903298728,5.021646099184464,0.18213553440858243,h
wind,mlp,seasonal_persistence,RMSE,11,352,3.990384542052862,4.852980779189406,0.17774565290584643,h
wind,mlp,seasonal_persistence,RMSE,12,352,4.164221378389086,5.098703712263986,0.1832784147914256,h
wind,mlp,seasonal_persistence,RMSE,13,352,4.50774670939526,5.452168407240287,0.17321946559663648,h
wind,mlp,seasonal_persistence,RMSE,14,352,4.150135303613888,5.0034140616910046,0.17053930527363415,h
wind,mlp,seasonal_persistence,RMSE,15,352,4.281432036900515,5.04385838286164,0.1511593482782444,h
wind,mlp,seasonal_persistence,RMSE,16,352,4.180636790512525,5.034271862128443,0.16956475434662155,h
wind,mlp,seasonal_persistence,RMSE,17,352,4.040623707302911,4.801625257518163,0.1584883262232325,h
wind,mlp,seasonal_persistence,RMSE,18,351,3.9943699990317607,4.864815858111521,0.17892678458289257,h
wind,mlp,seasonal_persistence,RMSE,19,351,4.158212956280125,5.0215049502924884,0.1719189769915649,h
wind,mlp,seasonal_persistence,RMSE,20,351,3.8316555587831735,4.628437953752637,0.17214930888799096,h
wind,mlp,seasonal_persistence,RMSE,21,351,3.903879732314018,4.84403460196882,0.1940850854518429,h
wind,mlp,seasonal_persistence,RMSE,22,351,4.197240621443758,5.216398207231716,0.1953757257977462,h
wind,mlp,seasonal_persistence,RMSE,23,351,3.8590623528402364,4.870513378464387,0.2076682573332852,h
wind,mlp,seasonal_persistence,RMSE,24,351,3.8389519019072686,4.7411971813299125,0.19029904155337463,h
wind,mlp,seasonal_persistence,RMSE,25,351,4.08611040125939,5.385981725303118,0.24134343381392975,h
wind,mlp,seasonal_persistence,RMSE,26,351,3.9655225372328373,4.899065089018388,0.1905552457096671,h
wind,mlp,seasonal_persistence,RMSE,27,351,3.941717659967541,4.764513738892057,0.17269256088153273,h
wind,mlp,seasonal_persistence,RMSE,28,351,3.8559531477556934,4.823138053566441,0.2005302139538736,h
wind,mlp,seasonal_persistence,RMSE,29,351,4.052998482733075,5.2188967407760805,0.22339937269378296,h
wind,mlp,seasonal_persistence,RMSE,30,351,4.206892869788617,5.193910800322759,0.1900336699029962,h
wind,mlp,seasonal_persistence,RMSE,31,351,4.31026119109732,5.369936865301299,0.19733484783615285,h
wind,mlp,seasonal_persistence,RMSE,32,351,4.462499570328907,5.5419455427548545,0.19477744126106367,h
wind,mlp,seasonal_persistence,RMSE,33,351,4.40426798243983,5.671425076042387,0.2234283406044394,h
wind,mlp,seasonal_persistence,RMSE,34,351,4.230874978777016,5.023191060774857,0.15773162366545967,h
wind,mlp,seasonal_persistence,RMSE,35,351,4.11301720456642,4.930815336842365,0.1658545446156685,h
wind,mlp,seasonal_persistence,RMSE,36,351,4.299868013797932,5.269194054398261,0.18396096833655629,h
wind,mlp,seasonal_persistence,RMSE,37,351,4.5508467130069405,5.71292938064721,0.20341274855888702,h
wind,mlp,seasonal_persistence,RMSE,38,351,4.338190093008949,5.501423928599326,0.21144231942266245,h
wind,mlp,seasonal_persistence,RMSE,39,351,4.445102397515287,5.510278766067292,0.1933071653491364,h
wind,mlp,seasonal_persistence,RMSE,40,351,4.2864525035795875,5.399691059011018,0.20616708312851628,h
wind,mlp,seasonal_persistence,RMSE,41,351,4.250109144461693,5.267773712493722,0.1931868420274785,h
wind,mlp,seasonal_persistence,RMSE,42,350,4.095485901470774,5.243012928787089,0.21886786145724468,h
wind,mlp,seasonal_persistence,RMSE,43,350,4.3225453157040565,5.583128232195895,0.22578433882684434,h
wind,mlp,seasonal_persistence,RMSE,44,350,4.0594157364528805,5.1277782713374025,0.20834803658658918,h
wind,mlp,seasonal_persistence,RMSE,45,350,4.195632331327508,5.309349731504657,0.20976531147845934,h
wind,mlp,seasonal_persistence,RMSE,46,350,4.4242657249146475,5.560675755440417,0.20436545493844627,h
wind,mlp,seasonal_persistence,RMSE,47,350,4.193288172609616,5.348414985502047,0.21597553967364802,h
wind,mlp,seasonal_persistence,RMSE,48,350,4.086844643634604,5.159958250107954,0.20796943588659822,h
wind,ridge,seasonal_persistence,RMSE,1,352,3.091410968998807,5.226376150876872,0.40849818693586837,h
wind,ridge,seasonal_persistence,RMSE,2,352,3.3707046653227155,4.801867978146157,0.29804303644682173,h
wind,ridge,seasonal_persistence,RMSE,3,352,3.4161027702345157,4.6136492470711294,0.25956599921349655,h
wind,ridge,seasonal_persistence,RMSE,4,352,3.4167425325556984,4.365190431126688,0.2172752629090201,h
wind,ridge,seasonal_persistence,RMSE,5,352,3.61544272582362,4.832037525488318,0.25177676978858954,h
wind,ridge,seasonal_persistence,RMSE,6,352,3.845048603018883,5.13566310337464,0.25130435435059884,h
wind,ridge,seasonal_persistence,RMSE,7,352,3.852522284277227,4.986545818955789,0.22741664788633842,h
wind,ridge,seasonal_persistence,RMSE,8,352,4.155802657097379,5.605525834956399,0.2586239401161009,h
wind,ridge,seasonal_persistence,RMSE,9,352,4.071684430065607,5.424520140067691,0.24939269743133485,h
wind,ridge,seasonal_persistence,RMSE,10,352,3.953315813269026,5.021646099184464,0.2127450371480657,h
wind,ridge,seasonal_persistence,RMSE,11,352,3.8429828268171975,4.852980779189406,0.2081190918174023,h
wind,ridge,seasonal_persistence,RMSE,12,352,3.993737407602748,5.098703712263986,0.21671514310655993,h
wind,ridge,seasonal_persistence,RMSE,13,352,4.283714919116354,5.452168407240287,0.2143098673497077,h
wind,ridge,seasonal_persistence,RMSE,14,352,4.125156916031555,5.0034140616910046,0.17553157400741382,h
wind,ridge,seasonal_persistence,RMSE,15,352,4.154582536774304,5.04385838286164,0.17630864679091263,h
wind,ridge,seasonal_persistence,RMSE,16,352,4.045219187331753,5.034271862128443,0.19646389823264876,h
wind,ridge,seasonal_persistence,RMSE,17,352,3.956100482707435,4.801625257518163,0.17609137103876316,h
wind,ridge,seasonal_persistence,RMSE,18,351,3.855916838688282,4.864815858111521,0.20738688757170853,h
wind,ridge,seasonal_persistence,RMSE,19,351,4.061379607735143,5.0215049502924884,0.19120270756706537,h
wind,ridge,seasonal_persistence,RMSE,20,351,3.736881579234087,4.628437953752637,0.19262575914962743,h
wind,ridge,seasonal_persistence,RMSE,21,351,3.87651022185309,4.84403460196882,0.1997352330477754,h
wind,ridge,seasonal_persistence,RMSE,22,351,4.160901834374933,5.216398207231716,0.20234198596907416,h
wind,ridge,seasonal_persistence,RMSE,23,351,3.751263461096743,4.870513378464387,0.22980122019920002,h
wind,ridge,seasonal_persistence,RMSE,24,351,3.730962145194822,4.7411971813299125,0.2130759378903786,h
wind,ridge,seasonal_persistence,RMSE,25,351,4.026661566958436,5.385981725303118,0.25238113080827085,h
wind,ridge,seasonal_persistence,RMSE,26,351,3.8546146897797415,4.899065089018388,0.21319381969018103,h
wind,ridge,seasonal_persistence,RMSE,27,351,3.733099931761477,4.764513738892057,0.21647829425095233,h
wind,ridge,seasonal_persistence,RMSE,28,351,3.614663769699059,4.823138053566441,0.25055768059008454,h
wind,ridge,seasonal_persistence,RMSE,29,351,3.9270681374187544,5.2188967407760805,0.24752905978462103,h
wind,ridge,seasonal_persistence,RMSE,30,351,4.109941916088311,5.193910800322759,0.20869994227992672,h
wind,ridge,seasonal_persistence,RMSE,31,351,4.104012619310245,5.369936865301299,0.2357428546639021,h
wind,ridge,seasonal_persistence,RMSE,32,351,4.325195895794273,5.5419455427548545,0.21955279740185707,h
wind,ridge,seasonal_persistence,RMSE,33,351,4.266089730309174,5.671425076042387,0.24779227916978475,h
wind,ridge,seasonal_persistence,RMSE,34,351,4.042348458661512,5.023191060774857,0.19526284989885379,h
wind,ridge,seasonal_persistence,RMSE,35,351,3.9986180935128726,4.930815336842365,0.18905539543617544,h
wind,ridge,seasonal_persistence,RMSE,36,351,4.188035026597193,5.269194054398261,0.20518489481301438,h
wind,ridge,seasonal_persistence,RMSE,37,351,4.445316053475366,5.71292938064721,0.2218849985203628,h
wind,ridge,seasonal_persistence,RMSE,38,351,4.335221169187359,5.501423928599326,0.21198198403679192,h
wind,ridge,seasonal_persistence,RMSE,39,351,4.330305966882922,5.510278766067292,0.2141403092799461,h
wind,ridge,seasonal_persistence,RMSE,40,351,4.2897017157235995,5.399691059011018,0.2055653427495756,h
wind,ridge,seasonal_persistence,RMSE,41,351,4.145324994619443,5.267773712493722,0.2130783855069811,h
wind,ridge,seasonal_persistence,RMSE,42,350,4.030427411320528,5.243012928787089,0.2312764690715876,h
wind,ridge,seasonal_persistence,RMSE,43,350,4.220432569654536,5.583128232195895,0.2440738607225933,h
wind,ridge,seasonal_persistence,RMSE,44,350,3.931347149294738,5.1277782713374025,0.2333234899664679,h
wind,ridge,seasonal_persistence,RMSE,45,350,4.0313230571888985,5.309349731504657,0.24071246742933405,h
wind,ridge,seasonal_persistence,RMSE,46,350,4.273946697552348,5.560675755440417,0.23139796572910543,h
wind,ridge,seasonal_persistence,RMSE,47,350,3.994748720058141,5.348414985502047,0.25309671540321577,h
wind,ridge,seasonal_persistence,RMSE,48,350,3.89921487293294,5.159958250107954,0.24433208876227586,h
traffic,extratrees,persistence,MAE,1,105,5.565465337616527,3.8643137440161253,-0.44022087912365526,h
traffic,extratrees,persistence,MAE,2,105,6.417575554295791,5.316487780297304,-0.2071081171443816,h
traffic,extratrees,persistence,MAE,3,105,7.1542694066515455,6.526265432098764,-0.0962271579491707,h
traffic,extratrees,persistence,MAE,4,105,8.144267850844042,7.002453388762913,-0.16305920206672697,h
traffic,extratrees,persistence,MAE,5,105,10.230077047115143,6.897313869992444,-0.48319726199822055,h
traffic,extratrees,persistence,MAE,6,105,11.367197442680773,8.389132968002016,-0.3549907345655081,h
traffic,extratrees,persistence,MAE,7,105,11.77783142479214,8.69239417989418,-0.3549582751360594,h
traffic,extratrees,persistence,MAE,8,105,13.030999256739733,9.012471025447216,-0.44588528716996456,h
traffic,extratrees,persistence,MAE,9,105,11.480714858906525,8.96794249181154,-0.280194968844788,h
traffic,extratrees,persistence,MAE,10,105,12.196249168556314,9.904046674225246,-0.2314410028272993,h
traffic,extratrees,persistence,MAE,11,105,12.952631046863187,10.154884101788864,-0.2755075210145901,h
traffic,extratrees,persistence,MAE,12,105,12.421287528344669,10.430003464348703,-0.1909188305452123,h
traffic,extratrees,persistence,MAE,13,105,12.076399055177626,10.888853300579493,-0.10906068084643339,h
traffic,extratrees,persistence,MAE,14,105,12.417476681783823,10.919876858150669,-0.13714438753174552,h
traffic,extratrees,persistence,MAE,15,105,15.671753502141597,13.727793209876541,-0.14160763223519868,h
traffic,extratrees,persistence,MAE,16,105,19.709302179390274,18.385181720836478,-0.07202106993879376,h
traffic,extratrees,persistence,MAE,17,105,21.817329768203578,27.320351788863693,0.20142573796956942,h
traffic,extratrees,persistence,MAE,18,104,21.54729496082621,26.823072153540902,0.19668802896681759,h
traffic,extratrees,persistence,MAE,19,104,16.661438924501425,13.73052216880342,-0.21345996311467497,h
traffic,extratrees,persistence,MAE,20,104,14.819626755189253,12.189002721815221,-0.21581946393907048,h
traffic,extratrees,persistence,MAE,21,104,13.503723767551888,12.514915293040294,-0.07901040089831701,h
traffic,extratrees,persistence,MAE,22,104,13.584594824735449,12.494200562169313,-0.08727203130288275,h
traffic,extratrees,persistence,MAE,23,104,12.505898402523401,10.627130392755392,-0.17678977676314034,h
traffic,extratrees,persistence,MAE,24,104,13.680245446682948,11.85423471204721,-0.15403868566732526,h
traffic,extratrees,persistence,MAE,25,104,13.63340523249898,11.986406504375255,-0.13740554581746744,h
traffic,extratrees,persistence,MAE,26,104,13.591162304131053,12.501018454924703,-0.08720440283622621,h
traffic,extratrees,persistence,MAE,27,104,12.992075218762718,13.292096560846561,0.022571408559247996,h
traffic,extratrees,persistence,MAE,28,104,12.728606029965402,12.746190094627593,0.001379554559570173,h
traffic,extratrees,persistence,MAE,29,104,13.99148221916972,12.632479904354906,-0.1075800100300428,h
traffic,extratrees,persistence,MAE,30,104,14.993410955942203,13.36960183913309,-0.12145530856844156,h
traffic,extratrees,persistence,MAE,31,104,15.863438008750506,14.066228187321936,-0.12776771409470067,h
traffic,extratrees,persistence,MAE,32,104,16.88593928062678,15.365454886548637,-0.09895472703572339,h
traffic,extratrees,persistence,MAE,33,104,16.997006760022387,14.73841257122507,-0.1532454175700675,h
traffic,extratrees,persistence,MAE,34,104,15.997004477004474,14.426781262718766,-0.10884085546811684,h
traffic,extratrees,persistence,MAE,35,104,15.07124155474155,14.375001907814408,-0.04843405596688366,h
traffic,extratrees,persistence,MAE,36,104,15.739933328245828,15.054077635327635,-0.04555946299284952,h
traffic,extratrees,persistence,MAE,37,104,15.327890987484738,15.164590646621898,-0.01076852944258122,h
traffic,extratrees,persistence,MAE,38,104,14.604372774216527,14.738683162901914,0.009112780782441487,h
traffic,extratrees,persistence,MAE,39,104,18.575893105158727,18.26606634106634,-0.01696187664641413,h
traffic,extratrees,persistence,MAE,40,104,21.25805344250657,22.03633527930403,0.03531811560011999,h
traffic,extratrees,persistence,MAE,41,104,23.61181990483408,30.44198177401302,0.2243665317154072,h
traffic,extratrees,persistence,MAE,42,103,24.790737464133446,30.748677569733392,0.19376248269826335,h
traffic,extratrees,persistence,MAE,43,103,18.8001950652574,17.183191747572817,-0.0941037812671206,h
traffic,extratrees,persistence,MAE,44,103,14.94180589587507,13.836236001952022,-0.07990394886059149,h
traffic,extratrees,persistence,MAE,45,103,14.547002240971903,13.900599732881284,-0.046501771183410145,h
traffic,extratrees,persistence,MAE,46,103,15.046740978322287,14.541442890532696,-0.03474882730644069,h
traffic,extratrees,persistence,MAE,47,103,14.779362677865107,13.622802691734734,-0.08489882825889317,h
traffic,extratrees,persistence,MAE,48,103,14.941486656906562,15.288506511018644,0.022698087210937135,h
traffic,extratrees,persistence,MAE,49,103,14.868005091950481,14.068193930754612,-0.056852440699398876,h
traffic,extratrees,persistence,MAE,50,103,13.783360096573688,14.344297079673291,0.03910522627800872,h
traffic,extratrees,persistence,MAE,51,103,13.353449292392254,13.809529909590589,0.03302651286352565,h
traffic,extratrees,persistence,MAE,52,103,13.320858093183332,13.639277687882059,0.023345781351869488,h
traffic,extratrees,persistence,MAE,53,103,14.231865772846357,13.493088303282478,-0.05475228894664208,h
traffic,extratrees,persistence,MAE,54,103,16.66241018133251,14.757646594236395,-0.12906960299754178,h
traffic,extratrees,persistence,MAE,55,103,16.416085901782502,15.013221734216883,-0.09344191356131959,h
traffic,extratrees,persistence,MAE,56,103,17.774303924590335,15.860128037191146,-0.12069107405126545,h
traffic,extratrees,persistence,MAE,57,103,17.673700056505883,15.640964195818567,-0.12996231148145876,h
traffic,extratrees,persistence,MAE,58,103,14.72035219859249,15.36577477269225,0.04200390697166745,h
traffic,extratrees,persistence,MAE,59,103,13.450233150973439,14.031057045256075,0.04139559068210141,h
traffic,extratrees,persistence,MAE,60,103,14.372376104433142,14.099655185698873,-0.019342382146400716,h
traffic,extratrees,persistence,MAE,61,103,16.790564801972568,15.069107335490829,-0.11423752105258123,h
traffic,extratrees,persistence,MAE,62,103,16.467744368675195,14.848417193198747,-0.10905722505009985,h
traffic,extratrees,persistence,MAE,63,103,18.39815817794216,17.407677415626445,-0.05689907611836742,h
traffic,extratrees,persistence,MAE,64,103,19.79824482457492,20.917251309909076,0.05349682273043466,h
traffic,extratrees,persistence,MAE,65,103,23.332310435608978,28.6927174834335,0.18682116989858122,h
traffic,extratrees,persistence,MAE,66,102,24.715868858139967,30.223191915655153,0.18222175450179623,h
traffic,extratrees,persistence,MAE,67,102,17.530120830739705,18.917931385517168,0.07335952998750783,h
traffic,extratrees,persistence,MAE,68,102,16.48212996031746,14.92542859736487,-0.10429860374176658,h
traffic,extratrees,persistence,MAE,69,102,15.208701097105507,14.39384596431165,-0.05661135563172093,h
traffic,extratrees,persistence,MAE,70,102,15.862367575733996,14.489347312999273,-0.0947606702410193,h
traffic,extratrees,persistence,MAE,71,102,14.284014608621229,14.828260192966077,0.036703266415773816,h
traffic,extratrees,persistence,MAE,72,102,13.810910390081958,15.287932163606182,0.0966135745317056,h
traffic,knn,persistence,MAE,1,105,5.103035084404132,3.8643137440161253,-0.32055402910960895,h
traffic,knn,persistence,MAE,2,105,6.283677563618041,5.316487780297304,-0.18192269469801192,h
traffic,knn,persistence,MAE,3,105,6.637560657596372,6.526265432098764,-0.01705343226621059,h
traffic,knn,persistence,MAE,4,105,8.022307634164777,7.002453388762913,-0.14564241827563773,h
traffic,knn,persistence,MAE,5,105,9.675445578231292,6.897313869992444,-0.40278458550732754,h
traffic,knn,persistence,MAE,6,105,10.223196963970773,8.389132968002016,-0.2186237842413843,h
traffic,knn,persistence,MAE,7,105,10.549272297808013,8.69239417989418,-0.2136210208010192,h
traffic,knn,persistence,MAE,8,105,11.405763542454016,9.012471025447216,-0.2655534215032931,h
traffic,knn,persistence,MAE,9,105,11.148117157974301,8.96794249181154,-0.243107565436937,h
traffic,knn,persistence,MAE,10,105,12.1338778659612,9.904046674225246,-0.22514344540994258,h
traffic,knn,persistence,MAE,11,105,13.372809838750312,10.154884101788864,-0.31688453602287625,h
traffic,knn,persistence,MAE,12,105,11.59717945326279,10.430003464348703,-0.11190561852674996,h
traffic,knn,persistence,MAE,13,105,12.331440161249684,10.888853300579493,-0.13248289979197514,h
traffic,knn,persistence,MAE,14,105,12.446359284454521,10.919876858150669,-0.1397893443426952,h
traffic,knn,persistence,MAE,15,105,15.282578672209626,13.727793209876541,-0.11325822283034426,h
traffic,knn,persistence,MAE,16,105,20.008539808515998,18.385181720836478,-0.0882970923175439,h
traffic,knn,persistence,MAE,17,105,23.783129188712522,27.320351788863693,0.12947207369390512,h
traffic,knn,persistence,MAE,18,104,22.31036305708181,26.823072153540902,0.16823982989820851,h
traffic,knn,persistence,MAE,19,104,17.715228111009363,13.73052216880342,-0.2902078954622307,h
traffic,knn,persistence,MAE,20,104,14.62255132020757,12.189002721815221,-0.19965116539328642,h
traffic,knn,persistence,MAE,21,104,13.179830204517705,12.514915293040294,-0.05312979719864175,h
traffic,knn,persistence,MAE,22,104,13.29901048026048,12.494200562169313,-0.06441467896137487,h
traffic,knn,persistence,MAE,23,104,12.289415445665444,10.627130392755392,-0.15641899473099974,h
traffic,knn,persistence,MAE,24,104,13.264357384513634,11.85423471204721,-0.11895518409411499,h
traffic,knn,persistence,MAE,25,104,13.228481824888075,11.986406504375255,-0.10362366069092022,h
traffic,knn,persistence,MAE,26,104,14.564973417785918,12.501018454924703,-0.16510294503630085,h
traffic,knn,persistence,MAE,27,104,15.328648504273504,13.292096560846561,-0.15321525344811637,h
traffic,knn,persistence,MAE,28,104,14.213222489316239,12.746190094627593,-0.115095756755345,h
traffic,knn,persistence,MAE,29,104,14.52127600986976,12.632479904354906,-0.14951902712813459,h
traffic,knn,persistence,MAE,30,104,15.877009818884819,13.36960183913309,-0.18754544899104597,h
traffic,knn,persistence,MAE,31,104,16.024113947395197,14.066228187321936,-0.13919053025443784,h
traffic,knn,persistence,MAE,32,104,17.26561043701669,15.365454886548637,-0.12366412608659605,h
traffic,knn,persistence,MAE,33,104,17.48127162189662,14.73841257122507,-0.186102745965101,h
traffic,knn,persistence,MAE,34,104,16.626746731277983,14.426781262718766,-0.1524917740483318,h
traffic,knn,persistence,MAE,35,104,15.118297593610096,14.375001907814408,-0.05170751910590177,h
traffic,knn,persistence,MAE,36,104,15.399016966829466,15.054077635327635,-0.022913348785471577,h
traffic,knn,persistence,MAE,37,104,15.115931077024827,15.164590646621898,0.003208762486965666,h
traffic,knn,persistence,MAE,38,104,15.412834757834757,14.738683162901914,-0.045740286800500574,h
traffic,knn,persistence,MAE,39,104,19.78338579822955,18.26606634106634,-0.08306766376687924,h
traffic,knn,persistence,MAE,40,104,22.248627772690273,22.03633527930403,-0.009633747657924907,h
traffic,knn,persistence,MAE,41,104,25.709259195665446,30.44198177401302,0.15546696708121976,h
traffic,knn,persistence,MAE,42,103,25.54427653207993,30.748677569733392,0.16925609323687696,h
traffic,knn,persistence,MAE,43,103,18.181873105768737,17.183191747572817,-0.05811966559338355,h
traffic,knn,persistence,MAE,44,103,15.355988210818305,13.836236001952022,-0.109838557874546,h
traffic,knn,persistence,MAE,45,103,14.596440514717212,13.900599732881284,-0.05005832807270516,h
traffic,knn,persistence,MAE,46,103,15.527237761339704,14.541442890532696,-0.06779209451414303,h
traffic,knn,persistence,MAE,47,103,14.7279770894334,13.622802691734734,-0.08112680060830657,h
traffic,knn,persistence,MAE,48,103,14.7702626881389,15.288506511018644,0.03389760945624343,h
traffic,knn,persistence,MAE,49,103,15.547961357682235,14.068193930754612,-0.10518531619703442,h
traffic,knn,persistence,MAE,50,103,15.39277296193558,14.344297079673291,-0.0730935699699109,h
traffic,knn,persistence,MAE,51,103,14.274378306878306,13.809529909590589,-0.033661420796437413,h
traffic,knn,persistence,MAE,52,103,14.588538809266964,13.639277687882059,-0.0695976094268016,h
traffic,knn,persistence,MAE,53,103,15.219814814814814,13.493088303282478,-0.12797118589317114,h
traffic,knn,persistence,MAE,54,103,16.435371269327582,14.757646594236395,-0.11368510991084602,h
traffic,knn,persistence,MAE,55,103,16.029932449786816,15.013221734216883,-0.06772102174796579,h
traffic,knn,persistence,MAE,56,103,18.41507255868906,15.860128037191146,-0.1610923011155212,h
traffic,knn,persistence,MAE,57,103,17.744940797246624,15.640964195818567,-0.1345170652580696,h
traffic,knn,persistence,MAE,58,103,15.174029768325884,15.36577477269225,0.012478707204997663,h
traffic,knn,persistence,MAE,59,103,14.054463194123388,14.031057045256075,-0.0016681671802643017,h
traffic,knn,persistence,MAE,60,103,13.928819733394974,14.099655185698873,0.012116285827838968,h
traffic,knn,persistence,MAE,61,103,16.36761172753891,15.069107335490829,-0.086169961042738,h
traffic,knn,persistence,MAE,62,103,15.114122425129706,14.848417193198747,-0.017894515521335475,h
traffic,knn,persistence,MAE,63,103,17.856375147685824,17.407677415626445,-0.025775852880671746,h
traffic,knn,persistence,MAE,64,103,20.65707106898854,20.917251309909076,0.012438548309513409,h
traffic,knn,persistence,MAE,65,103,24.313484358144557,28.6927174834335,0.15262524812497846,h
traffic,knn,persistence,MAE,66,102,24.571987044817924,30.223191915655153,0.1869823970482083,h
traffic,knn,persistence,MAE,67,102,15.88591159611993,18.917931385517168,0.16027226907686287,h
traffic,knn,persistence,MAE,68,102,14.804844382197325,14.92542859736487,0.008079112394054455,h
traffic,knn,persistence,MAE,69,102,14.289869605249507,14.39384596431165,0.007223667622951124,h
traffic,knn,persistence,MAE,70,102,15.14223395839817,14.489347312999273,-0.04505976917353305,h
traffic,knn,persistence,MAE,71,102,13.792739845938376,14.828260192966077,0.06983424444621689,h
traffic,knn,persistence,MAE,72,102,13.661807435937336,15.287932163606182,0.10636655829360175,h
traffic,lightgbm,persistence,MAE,1,105,5.605124854047576,3.8643137440161253,-0.4504838958086903,h
traffic,lightgbm,persistence,MAE,2,105,6.857175444160834,5.316487780297304,-0.2897942640954163,h
traffic,lightgbm,persistence,MAE,3,105,7.50755781210217,6.526265432098764,-0.15036047647970618,h
traffic,lightgbm,persistence,MAE,4,105,8.977361580295034,7.002453388762913,-0.2820308943007499,h
traffic,lightgbm,persistence,MAE,5,105,9.305230208730585,6.897313869992444,-0.3491092886484486,h
traffic,lightgbm,persistence,MAE,6,105,10.84136765973327,8.389132968002016,-0.29231086228870273,h
traffic,lightgbm,persistence,MAE,7,105,10.873042695379405,8.69239417989418,-0.25086857203613055,h
traffic,lightgbm,persistence,MAE,8,105,11.630927684416704,9.012471025447216,-0.2905370404605052,h
traffic,lightgbm,persistence,MAE,9,105,11.582820242643018,8.96794249181154,-0.2915805663583453,h
traffic,lightgbm,persistence,MAE,10,105,12.033588147822405,9.904046674225246,-0.21501730995868362,h
traffic,lightgbm,persistence,MAE,11,105,12.250958554620082,10.154884101788864,-0.20641047517834066,h
traffic,lightgbm,persistence,MAE,12,105,11.91865648492898,10.430003464348703,-0.14272795073067002,h
traffic,lightgbm,persistence,MAE,13,105,11.950323492529842,10.888853300579493,-0.09748227500630002,h
traffic,lightgbm,persistence,MAE,14,105,12.5015038077001,10.919876858150669,-0.1448392660553579,h
traffic,lightgbm,persistence,MAE,15,105,15.387490180310925,13.727793209876541,-0.12090049325920105,h
traffic,lightgbm,persistence,MAE,16,105,18.88574043659743,18.385181720836478,-0.02722620441622592,h
traffic,lightgbm,persistence,MAE,17,105,21.00511838198858,27.320351788863693,0.23115490809489958,h
traffic,lightgbm,persistence,MAE,18,104,21.376371842181097,26.823072153540902,0.20306027140298277,h
traffic,lightgbm,persistence,MAE,19,104,16.279982420563083,13.73052216880342,-0.18567831728586337,h
traffic,lightgbm,persistence,MAE,20,104,13.345824896563407,12.189002721815221,-0.0949070404814798,h
traffic,lightgbm,persistence,MAE,21,104,12.940457743168919,12.514915293040294,-0.03400282304469715,h
traffic,lightgbm,persistence,MAE,22,104,12.724882967017978,12.494200562169313,-0.018463158463066343,h
traffic,lightgbm,persistence,MAE,23,104,12.095910026785209,10.627130392755392,-0.13821037097945998,h
traffic,lightgbm,persistence,MAE,24,104,11.962121204507925,11.85423471204721,-0.00910109299177897,h
traffic,lightgbm,persistence,MAE,25,104,12.2772515616623,11.986406504375255,-0.02426457480654287,h
traffic,lightgbm,persistence,MAE,26,104,12.758495333416079,12.501018454924703,-0.02059647215303051,h
traffic,lightgbm,persistence,MAE,27,104,12.797089828772695,13.292096560846561,0.03724068131824798,h
traffic,lightgbm,persistence,MAE,28,104,12.954906118939801,12.746190094627593,-0.016374777306999322,h
traffic,lightgbm,persistence,MAE,29,104,14.051057709896204,12.632479904354906,-0.11229606666955871,h
traffic,lightgbm,persistence,MAE,30,104,15.522217833469373,13.36960183913309,-0.16100823496744177,h
traffic,lightgbm,persistence,MAE,31,104,15.26191091919232,14.066228187321936,-0.08500379177326778,h
traffic,lightgbm,persistence,MAE,32,104,16.011359211885896,15.365454886548637,-0.04203613430948283,h
traffic,lightgbm,persistence,MAE,33,104,15.51647130966147,14.73841257122507,-0.05279121714610335,h
traffic,lightgbm,persistence,MAE,34,104,15.20498065781387,14.426781262718766,-0.05394130408742681,h
traffic,lightgbm,persistence,MAE,35,104,14.684729755528966,14.375001907814408,-0.02154628219883481,h
traffic,lightgbm,persistence,MAE,36,104,15.104088432292022,15.054077635327635,-0.0033220764616641585,h
traffic,lightgbm,persistence,MAE,37,104,15.873672106879496,15.164590646621898,-0.04675902414916533,h
traffic,lightgbm,persistence,MAE,38,104,15.26499300621305,14.738683162901914,-0.03570942108558839,h
traffic,lightgbm,persistence,MAE,39,104,18.741822117643892,18.26606634106634,-0.026045880251071907,h
traffic,lightgbm,persistence,MAE,40,104,21.34673418758015,22.03633527930403,0.03129381918469609,h
traffic,lightgbm,persistence,MAE,41,104,24.860441412650857,30.44198177401302,0.18335009864984797,h
traffic,lightgbm,persistence,MAE,42,103,25.109498929104443,30.748677569733392,0.18339581036745845,h
traffic,lightgbm,persistence,MAE,43,103,19.629677981734574,17.183191747572817,-0.14237670568434013,h
traffic,lightgbm,persistence,MAE,44,103,14.765265657119082,13.836236001952022,-0.06714468118612538,h
traffic,lightgbm,persistence,MAE,45,103,14.82362514567193,13.900599732881284,-0.06640184096570079,h
traffic,lightgbm,persistence,MAE,46,103,15.093005514479993,14.541442890532696,-0.03793039164678724,h
traffic,lightgbm,persistence,MAE,47,103,14.120696273144327,13.622802691734734,-0.036548542372391246,h
traffic,lightgbm,persistence,MAE,48,103,14.963642222709552,15.288506511018644,0.021248922389833003,h
traffic,lightgbm,persistence,MAE,49,103,14.864659912218528,14.068193930754612,-0.05661465753061257,h
traffic,lightgbm,persistence,MAE,50,103,14.302041324480122,14.344297079673291,0.0029458226470399085,h
traffic,lightgbm,persistence,MAE,51,103,13.762819185879332,13.809529909590589,0.003382499188391397,h
traffic,lightgbm,persistence,MAE,52,103,14.225475186776542,13.639277687882059,-0.04297863217604969,h
traffic,lightgbm,persistence,MAE,53,103,15.132139653737585,13.493088303282478,-0.12147340279811059,h
traffic,lightgbm,persistence,MAE,54,103,16.88846340443514,14.757646594236395,-0.14438730434369784,h
traffic,lightgbm,persistence,MAE,55,103,16.613355038177104,15.013221734216883,-0.10658160735169409,h
traffic,lightgbm,persistence,MAE,56,103,16.3268584961313,15.860128037191146,-0.029427912425782354,h
traffic,lightgbm,persistence,MAE,57,103,17.072197431324717,15.640964195818567,-0.09150543518850163,h
traffic,lightgbm,persistence,MAE,58,103,14.77076707664164,15.36577477269225,0.038722921873620475,h
traffic,lightgbm,persistence,MAE,59,103,13.166971515320185,14.031057045256075,0.06158377997814779,h
traffic,lightgbm,persistence,MAE,60,103,14.860311589473834,14.099655185698873,-0.05394858198706065,h
traffic,lightgbm,persistence,MAE,61,103,16.867964155919676,15.069107335490829,-0.11937381427977312,h
traffic,lightgbm,persistence,MAE,62,103,16.519954647364532,14.848417193198747,-0.11257344351365783,h
traffic,lightgbm,persistence,MAE,63,103,18.471798885920425,17.407677415626445,-0.06112943415063188,h
traffic,lightgbm,persistence,MAE,64,103,20.640120231121198,20.917251309909076,0.013248924281776597,h
traffic,lightgbm,persistence,MAE,65,103,24.716720189812083,28.6927174834335,0.13857165310037522,h
traffic,lightgbm,persistence,MAE,66,102,27.28522845696361,30.223191915655153,0.09720890721571085,h
traffic,lightgbm,persistence,MAE,67,102,18.16181087716494,18.917931385517168,0.03996845600841359,h
traffic,lightgbm,persistence,MAE,68,102,16.23540992261028,14.92542859736487,-0.08776842264192597,h
traffic,lightgbm,persistence,MAE,69,102,14.422443365071585,14.39384596431165,-0.0019867796856267717,h
traffic,lightgbm,persistence,MAE,70,102,15.040660314702018,14.489347312999273,-0.0380495401064842,h
traffic,lightgbm,persistence,MAE,71,102,13.911552998296305,14.828260192966077,0.061821628615919555,h
traffic,lightgbm,persistence,MAE,72,102,14.683160911031957,15.287932163606182,0.039558734700165576,h
traffic,mlp,persistence,MAE,1,105,6.614609286735992,3.8643137440161253,-0.7117164197598316,h
traffic,mlp,persistence,MAE,2,105,7.475624042790938,5.316487780297304,-0.4061207984894293,h
traffic,mlp,persistence,MAE,3,105,8.147523252846055,6.526265432098764,-0.24842045387447786,h
traffic,mlp,persistence,MAE,4,105,9.142560760034451,7.002453388762913,-0.3056225086347373,h
traffic,mlp,persistence,MAE,5,105,10.92957416381051,6.897313869992444,-0.5846131363342588,h
traffic,mlp,persistence,MAE,6,105,12.998814236345394,8.389132968002016,-0.5494824418596902,h
traffic,mlp,persistence,MAE,7,105,13.30984002607549,8.69239417989418,-0.5312052986347109,h
traffic,mlp,persistence,MAE,8,105,14.29044561129215,9.012471025447216,-0.5856301308422827,h
traffic,mlp,persistence,MAE,9,105,14.27487909780096,8.96794249181154,-0.5917674662649861,h
traffic,mlp,persistence,MAE,10,105,15.11475222453934,9.904046674225246,-0.5261188402791637,h
traffic,mlp,persistence,MAE,11,105,14.730989946543394,10.154884101788864,-0.450631026300774,h
traffic,mlp,persistence,MAE,12,105,13.050237049859186,10.430003464348703,-0.25122077806271403,h
traffic,mlp,persistence,MAE,13,105,13.413907318255038,10.888853300579493,-0.23189347380969538,h
traffic,mlp,persistence,MAE,14,105,13.325946360489564,10.919876858150669,-0.22033851970986174,h
traffic,mlp,persistence,MAE,15,105,16.083889789970215,13.727793209876541,-0.17162966720671213,h
traffic,mlp,persistence,MAE,16,105,18.903895320399826,18.385181720836478,-0.02821367813707676,h
traffic,mlp,persistence,MAE,17,105,23.770555436487626,27.320351788863693,0.12993230760019103,h
traffic,mlp,persistence,MAE,18,104,23.090800104771343,26.823072153540902,0.13914409309288844,h
traffic,mlp,persistence,MAE,19,104,17.142999071330443,13.73052216880342,-0.24853220151236344,h
traffic,mlp,persistence,MAE,20,104,17.801181249699425,12.189002721815221,-0.4604296722191905,h
traffic,mlp,persistence,MAE,21,104,16.589486724562715,12.514915293040294,-0.3255772281405964,h
traffic,mlp,persistence,MAE,22,104,15.991503701526248,12.494200562169313,-0.27991411871090643,h
traffic,mlp,persistence,MAE,23,104,14.321852971150083,10.627130392755392,-0.34766888537600105,h
traffic,mlp,persistence,MAE,24,104,14.309801202130899,11.85423471204721,-0.20714677494854628,h
traffic,mlp,persistence,MAE,25,104,15.25935302540782,11.986406504375255,-0.27305485758704084,h
traffic,mlp,persistence,MAE,26,104,15.306975185645532,12.501018454924703,-0.22445825040882483,h
traffic,mlp,persistence,MAE,27,104,14.671748073206887,13.292096560846561,-0.103794875853088,h
traffic,mlp,persistence,MAE,28,104,14.554685544270397,12.746190094627593,-0.1418851779407455,h
traffic,mlp,persistence,MAE,29,104,15.674504641065587,12.632479904354906,-0.2408097823818407,h
traffic,mlp,persistence,MAE,30,104,17.82981270751293,13.36960183913309,-0.3336083543882895,h
traffic,mlp,persistence,MAE,31,104,18.123955571763357,14.066228187321936,-0.28847302421118837,h
traffic,mlp,persistence,MAE,32,104,18.851552279279737,15.365454886548637,-0.2268788928457257,h
traffic,mlp,persistence,MAE,33,104,18.27086068238118,14.73841257122507,-0.23967629445065053,h
traffic,mlp,persistence,MAE,34,104,17.994190342753296,14.426781262718766,-0.24727685372573815,h
traffic,mlp,persistence,MAE,35,104,16.576152024732327,14.375001907814408,-0.1531234660721228,h
traffic,mlp,persistence,MAE,36,104,15.709964071823698,15.054077635327635,-0.04356868965235594,h
traffic,mlp,persistence,MAE,37,104,17.018274109344212,15.164590646621898,-0.12223761959148205,h
traffic,mlp,persistence,MAE,38,104,17.740243461642926,14.738683162901914,-0.20365186398036594,h
traffic,mlp,persistence,MAE,39,104,19.089354741030125,18.26606634106634,-0.04507201411575079,h
traffic,mlp,persistence,MAE,40,104,20.993870827277593,22.03633527930403,0.04730661604180131,h
traffic,mlp,persistence,MAE,41,104,26.62720991687145,30.44198177401302,0.12531286187149848,h
traffic,mlp,persistence,MAE,42,103,27.62160535139376,30.748677569733392,0.10169777907514554,h
traffic,mlp,persistence,MAE,43,103,20.32842833993385,17.183191747572817,-0.18304146508784136,h
traffic,mlp,persistence,MAE,44,103,20.18525936223317,13.836236001952022,-0.4588692589072221,h
traffic,mlp,persistence,MAE,45,103,18.134812254480426,13.900599732881284,-0.30460646324368934,h
traffic,mlp,persistence,MAE,46,103,18.449343971086307,14.541442890532696,-0.2687423187624576,h
traffic,mlp,persistence,MAE,47,103,17.47497966494272,13.622802691734734,-0.28277418827663037,h
traffic,mlp,persistence,MAE,48,103,17.506257299248794,15.288506511018644,-0.14506000220700344,h
traffic,mlp,persistence,MAE,49,103,17.983153432159515,14.068193930754612,-0.2782844422443149,h
traffic,mlp,persistence,MAE,50,103,17.419338404168574,14.344297079673291,-0.2143737896263176,h
traffic,mlp,persistence,MAE,51,103,15.670328997197856,13.809529909590589,-0.13474746061522058,h
traffic,mlp,persistence,MAE,52,103,15.476478468149507,13.639277687882059,-0.13469927237420531,h
traffic,mlp,persistence,MAE,53,103,18.890374740638286,13.493088303282478,-0.40000378831307315,h
traffic,mlp,persistence,MAE,54,103,19.386891532070226,14.757646594236395,-0.31368449625577743,h
traffic,mlp,persistence,MAE,55,103,19.590255543095957,15.013221734216883,-0.304866862683276,h
traffic,mlp,persistence,MAE,56,103,19.050894857596834,15.860128037191146,-0.20118165584309988,h
traffic,mlp,persistence,MAE,57,103,18.46406156897877,15.640964195818567,-0.18049381980651336,h
traffic,mlp,persistence,MAE,58,103,16.304339090030286,15.36577477269225,-0.06108148344111064,h
traffic,mlp,persistence,MAE,59,103,14.874292878226735,14.031057045256075,-0.060097812320972555,h
traffic,mlp,persistence,MAE,60,103,15.236934744558976,14.099655185698873,-0.08066009727767187,h
traffic,mlp,persistence,MAE,61,103,17.215875726464294,15.069107335490829,-0.1424615501886688,h
traffic,mlp,persistence,MAE,62,103,17.078902507543447,14.848417193198747,-0.15021704235023536,h
traffic,mlp,persistence,MAE,63,103,19.21250866185674,17.407677415626445,-0.10368018680137903,h
traffic,mlp,persistence,MAE,64,103,21.05061026306601,20.917251309909076,-0.00637554864074108,h
traffic,mlp,persistence,MAE,65,103,27.658199565176858,28.6927174834335,0.03605506933436853,h
traffic,mlp,persistence,MAE,66,102,29.35651219616151,30.223191915655153,0.028675982401604516,h
traffic,mlp,persistence,MAE,67,102,19.16455905387996,18.917931385517168,-0.013036714392124171,h
traffic,mlp,persistence,MAE,68,102,18.6279057835578,14.92542859736487,-0.24806504965938547,h
traffic,mlp,persistence,MAE,69,102,16.93391284872253,14.39384596431165,-0.176468950043565,h
traffic,mlp,persistence,MAE,70,102,18.142606496570092,14.489347312999273,-0.25213414411657165,h
traffic,mlp,persistence,MAE,71,102,17.149186407731563,14.828260192966077,-0.15652046730785307,h
traffic,mlp,persistence,MAE,72,102,16.532482322766164,15.287932163606182,-0.08140735750533401,h
traffic,ridge,persistence,MAE,1,105,5.174783828926537,3.8643137440161253,-0.3391210371931288,h
traffic,ridge,persistence,MAE,2,105,6.778106993849107,5.316487780297304,-0.2749219548605957,h
traffic,ridge,persistence,MAE,3,105,7.621172217868862,6.526265432098764,-0.1677692697549369,h
traffic,ridge,persistence,MAE,4,105,8.550357525977011,7.002453388762913,-0.22105168735547398,h
traffic,ridge,persistence,MAE,5,105,10.293976923042111,6.897313869992444,-0.49246172018171297,h
traffic,ridge,persistence,MAE,6,105,12.2416707560925,8.389132968002016,-0.45922955361238205,h
traffic,ridge,persistence,MAE,7,105,13.18970731874266,8.69239417989418,-0.5173848591968973,h
traffic,ridge,persistence,MAE,8,105,14.070435379990109,9.012471025447216,-0.5612183762101923,h
traffic,ridge,persistence,MAE,9,105,14.190068840228637,8.96794249181154,-0.5823104188263164,h
traffic,ridge,persistence,MAE,10,105,14.8148442831228,9.904046674225246,-0.49583748647688064,h
traffic,ridge,persistence,MAE,11,105,13.96906205333726,10.154884101788864,-0.37560034297944345,h
traffic,ridge,persistence,MAE,12,105,12.646629755529325,10.430003464348703,-0.2125240225238063,h
traffic,ridge,persistence,MAE,13,105,12.47550994301982,10.888853300579493,-0.1457138413606771,h
traffic,ridge,persistence,MAE,14,105,12.958550840873304,10.919876858150669,-0.18669386195513327,h
traffic,ridge,persistence,MAE,15,105,15.639228490446987,13.727793209876541,-0.1392383503559227,h
traffic,ridge,persistence,MAE,16,105,18.10311026804277,18.385181720836478,0.015342326068718104,h
traffic,ridge,persistence,MAE,17,105,24.009464802506535,27.320351788863693,0.12118756785945706,h
traffic,ridge,persistence,MAE,18,104,23.97067097187576,26.823072153540902,0.10634133052833772,h
traffic,ridge,persistence,MAE,19,104,15.173821369779064,13.73052216880342,-0.1051161189087848,h
traffic,ridge,persistence,MAE,20,104,14.929311268588481,12.189002721815221,-0.22481810934940594,h
traffic,ridge,persistence,MAE,21,104,13.413391748156899,12.514915293040294,-0.0717924519725881,h
traffic,ridge,persistence,MAE,22,104,13.04954315914426,12.494200562169313,-0.044448029644765574,h
traffic,ridge,persistence,MAE,23,104,11.623851812596941,10.627130392755392,-0.09379026915121158,h
traffic,ridge,persistence,MAE,24,104,12.24374317947962,11.85423471204721,-0.03285817067858132,h
traffic,ridge,persistence,MAE,25,104,12.784452701375857,11.986406504375255,-0.06657927016819443,h
traffic,ridge,persistence,MAE,26,104,12.352989026184586,12.501018454924703,0.011841389505492739,h
traffic,ridge,persistence,MAE,27,104,12.376668160978532,13.292096560846561,0.06887012862700159,h
traffic,ridge,persistence,MAE,28,104,12.386834730194762,12.746190094627593,0.028193159035365123,h
traffic,ridge,persistence,MAE,29,104,14.706167559675764,12.632479904354906,-0.16415523088273254,h
traffic,ridge,persistence,MAE,30,104,16.68190847276856,13.36960183913309,-0.2477490858359208,h
traffic,ridge,persistence,MAE,31,104,16.940803334193962,14.066228187321936,-0.20436005363988863,h
traffic,ridge,persistence,MAE,32,104,17.75345139562033,15.365454886548637,-0.155413329882099,h
traffic,ridge,persistence,MAE,33,104,16.966736996984032,14.73841257122507,-0.15119161680339244,h
traffic,ridge,persistence,MAE,34,104,16.02913367867399,14.426781262718766,-0.11106790813387968,h
traffic,ridge,persistence,MAE,35,104,14.706717220673053,14.375001907814408,-0.023075844788467137,h
traffic,ridge,persistence,MAE,36,104,14.324386579997894,15.054077635327635,0.04847132272105226,h
traffic,ridge,persistence,MAE,37,104,15.375960349666553,15.164590646621898,-0.013938371827513896,h
traffic,ridge,persistence,MAE,38,104,15.601760086964276,14.738683162901914,-0.058558618468356416,h
traffic,ridge,persistence,MAE,39,104,17.632826655182555,18.26606634106634,0.03466754549446249,h
traffic,ridge,persistence,MAE,40,104,20.21372629821555,22.03633527930403,0.08270925986501154,h
traffic,ridge,persistence,MAE,41,104,25.783806855590633,30.44198177401302,0.15301812322872044,h
traffic,ridge,persistence,MAE,42,103,27.00905632645401,30.748677569733392,0.121618929295365,h
traffic,ridge,persistence,MAE,43,103,17.380452782767485,17.183191747572817,-0.011479883254083445,h
traffic,ridge,persistence,MAE,44,103,16.31648312166301,13.836236001952022,-0.1792573586747921,h
traffic,ridge,persistence,MAE,45,103,15.573404834051097,13.900599732881284,-0.12034049849035378,h
traffic,ridge,persistence,MAE,46,103,15.947032885459796,14.541442890532696,-0.09666097137046958,h
traffic,ridge,persistence,MAE,47,103,14.75049417187225,13.622802691734734,-0.08277969707523636,h
traffic,ridge,persistence,MAE,48,103,15.020156442047071,15.288506511018644,0.017552405709358787,h
traffic,ridge,persistence,MAE,49,103,15.399841433435064,14.068193930754612,-0.09465660689886612,h
traffic,ridge,persistence,MAE,50,103,14.356183867486196,14.344297079673291,-0.0008286769122864968,h
traffic,ridge,persistence,MAE,51,103,13.150945010177084,13.809529909590589,0.0476906095808608,h
traffic,ridge,persistence,MAE,52,103,13.191835454802833,13.639277687882059,0.032805420002318786,h
traffic,ridge,persistence,MAE,53,103,15.515135912867274,13.493088303282478,-0.14985802835759188,h
traffic,ridge,persistence,MAE,54,103,17.835671782197483,14.757646594236395,-0.20857154752324902,h
traffic,ridge,persistence,MAE,55,103,18.19244918101222,15.013221734216883,-0.21176183920267455,h
traffic,ridge,persistence,MAE,56,103,18.85575913203725,15.860128037191146,-0.18887811547432087,h
traffic,ridge,persistence,MAE,57,103,18.323798230103943,15.640964195818567,-0.17152612848526316,h
traffic,ridge,persistence,MAE,58,103,16.421287040472432,15.36577477269225,-0.06869242087655847,h
traffic,ridge,persistence,MAE,59,103,14.730761090653694,14.031057045256075,-0.04986823466975987,h
traffic,ridge,persistence,MAE,60,103,14.625688143959138,14.099655185698873,-0.037308214373484416,h
traffic,ridge,persistence,MAE,61,103,16.027788732042794,15.069107335490829,-0.06361899050875253,h
traffic,ridge,persistence,MAE,62,103,15.51163336242064,14.848417193198747,-0.04466578225763196,h
traffic,ridge,persistence,MAE,63,103,16.96156138178067,17.407677415626445,0.025627544858184748,h
traffic,ridge,persistence,MAE,64,103,19.7582214794276,20.917251309909076,0.05541023594875549,h
traffic,ridge,persistence,MAE,65,103,26.324647795830465,28.6927174834335,0.0825320811446425,h
traffic,ridge,persistence,MAE,66,102,27.487855155810767,30.223191915655153,0.09050456243926785,h
traffic,ridge,persistence,MAE,67,102,17.47735330356542,18.917931385517168,0.07614881630528592,h
traffic,ridge,persistence,MAE,68,102,16.81952861632351,14.92542859736487,-0.1269042296911358,h
traffic,ridge,persistence,MAE,69,102,16.00575092874005,14.39384596431165,-0.11198570336413116,h
traffic,ridge,persistence,MAE,70,102,16.18534402512985,14.489347312999273,-0.11705128433280065,h
traffic,ridge,persistence,MAE,71,102,15.189480021482188,14.828260192966077,-0.024360229980821213,h
traffic,ridge,persistence,MAE,72,102,14.914540990017553,15.287932163606182,0.024423916170789206,h
traffic,extratrees,persistence,RMSE,1,105,10.51732772810406,9.731717082059134,-0.08072682748795024,h
traffic,extratrees,persistence,RMSE,2,105,12.624716509798239,12.614361164297494,-0.0008209171567128415,h
traffic,extratrees,persistence,RMSE,3,105,13.544444735703857,14.114948945639563,0.04041843949509627,h
traffic,extratrees,persistence,RMSE,4,105,14.968152871841202,15.79362297526494,0.05226603830650778,h
traffic,extratrees,persistence,RMSE,5,105,18.449740662266905,17.315531781982784,-0.0655023994968662,h
traffic,extratrees,persistence,RMSE,6,105,19.732236465942126,18.1991960216478,-0.08423671257075238,h
traffic,extratrees,persistence,RMSE,7,105,20.454513911413848,17.694180626538234,-0.15600232320086005,h
traffic,extratrees,persistence,RMSE,8,105,21.072746509623034,17.12320642083188,-0.23065423564515286,h
traffic,extratrees,persistence,RMSE,9,105,20.392496816070476,17.998771496601744,-0.13299381682359157,h
traffic,extratrees,persistence,RMSE,10,105,20.525776699612507,19.82429075566015,-0.03538517229182947,h
traffic,extratrees,persistence,RMSE,11,105,21.056612198170285,21.03138363791129,-0.0011995673082354497,h
traffic,extratrees,persistence,RMSE,12,105,19.790612301668396,20.915151792825668,0.05376673821430322,h
traffic,extratrees,persistence,RMSE,13,105,19.534342231113634,21.997499385042442,0.1119744163104135,h
traffic,extratrees,persistence,RMSE,14,105,19.09128440273711,21.909963895235947,0.1286482947199984,h
traffic,extratrees,persistence,RMSE,15,105,20.89135903267969,23.880436251561463,0.12516845117041464,h
traffic,extratrees,persistence,RMSE,16,105,24.42826542087462,27.7330401904067,0.11916381135434462,h
traffic,extratrees,persistence,RMSE,17,105,26.502206786802926,33.70164802900308,0.21362282449820957,h
traffic,extratrees,persistence,RMSE,18,104,27.037459843566776,33.2201142157837,0.18611177348930952,h
traffic,extratrees,persistence,RMSE,19,104,22.544181075114203,22.425859550457822,-0.005276119936012291,h
traffic,extratrees,persistence,RMSE,20,104,22.256919262105377,23.20142960820105,0.0407091443090134,h
traffic,extratrees,persistence,RMSE,21,104,21.315422886155947,23.97865290273228,0.11106670701559163,h
traffic,extratrees,persistence,RMSE,22,104,21.96177981966886,24.42944836252589,0.10101204522662766,h
traffic,extratrees,persistence,RMSE,23,104,20.613846985673714,22.152096504425028,0.06944035831750905,h
traffic,extratrees,persistence,RMSE,24,104,20.87587702021764,23.66552494879012,0.1178781343160148,h
traffic,extratrees,persistence,RMSE,25,104,20.721538067392135,23.758587603748765,0.12782954891971043,h
traffic,extratrees,persistence,RMSE,26,104,21.510150100524342,23.87035919068364,0.09887614473268858,h
traffic,extratrees,persistence,RMSE,27,104,21.493451724912617,24.595430503805115,0.126120125379086,h
traffic,extratrees,persistence,RMSE,28,104,21.27843442085227,24.382465413681953,0.12730587084470502,h
traffic,extratrees,persistence,RMSE,29,104,23.024239308119206,25.60914105423097,0.10093668275081424,h
traffic,extratrees,persistence,RMSE,30,104,23.989143326436782,25.97062103805507,0.07629689365975523,h
traffic,extratrees,persistence,RMSE,31,104,24.35024501487863,26.319012758133546,0.07480401188857255,h
traffic,extratrees,persistence,RMSE,32,104,24.915484517674933,26.779199953052974,0.06959563536794777,h
traffic,extratrees,persistence,RMSE,33,104,25.236199090601886,26.42575346216884,0.04501496516532333,h
traffic,extratrees,persistence,RMSE,34,104,25.008119176659235,26.18437404396185,0.044922015906424195,h
traffic,extratrees,persistence,RMSE,35,104,23.2318912153815,26.210455064737527,0.11364029514173779,h
traffic,extratrees,persistence,RMSE,36,104,24.11400350354546,27.010528029476472,0.10723687159207129,h
traffic,extratrees,persistence,RMSE,37,104,22.981282781310387,27.304931862064915,0.1583468181717541,h
traffic,extratrees,persistence,RMSE,38,104,21.623002568511556,26.668756089879363,0.1892009325205326,h
traffic,extratrees,persistence,RMSE,39,104,24.583595572918224,29.16199261174498,0.15699877233295811,h
traffic,extratrees,persistence,RMSE,40,104,25.8435475539889,31.630630260841464,0.1829581851240233,h
traffic,extratrees,persistence,RMSE,41,104,27.989688206793293,36.3175658842704,0.2293071541197098,h
traffic,extratrees,persistence,RMSE,42,103,29.161959575285703,36.56538649544294,0.20247090567687298,h
traffic,extratrees,persistence,RMSE,43,103,24.786807404304003,26.340319541259465,0.05897848484799284,h
traffic,extratrees,persistence,RMSE,44,103,23.31516886711541,25.610496603456156,0.08962449154660235,h
traffic,extratrees,persistence,RMSE,45,103,23.593047638454127,25.748323241675347,0.08370547406103579,h
traffic,extratrees,persistence,RMSE,46,103,24.366460324174295,26.95882382012151,0.09616011118453649,h
traffic,extratrees,persistence,RMSE,47,103,23.95151145959345,26.190544130088977,0.08549011656169514,h
traffic,extratrees,persistence,RMSE,48,103,23.72365317794924,27.149399251052554,0.12618128458111277,h
traffic,extratrees,persistence,RMSE,49,103,23.556901412991667,26.121014211465987,0.09816283463253828,h
traffic,extratrees,persistence,RMSE,50,103,23.35693552649763,26.03664120665397,0.10292055948720114,h
traffic,extratrees,persistence,RMSE,51,103,22.514527972810104,25.114959895852117,0.10354115371179584,h
traffic,extratrees,persistence,RMSE,52,103,21.984542065707583,25.600772913311594,0.14125475273145705,h
traffic,extratrees,persistence,RMSE,53,103,23.36003124596679,26.679442274183852,0.12441830657865971,h
traffic,extratrees,persistence,RMSE,54,103,25.8781087164353,27.739040586506352,0.0670871028962805,h
traffic,extratrees,persistence,RMSE,55,103,25.319326360004165,27.43659266978703,0.07716943336460225,h
traffic,extratrees,persistence,RMSE,56,103,25.91392883133228,27.801034037622422,0.0678789574422437,h
traffic,extratrees,persistence,RMSE,57,103,25.67541423856939,27.788803293556544,0.07605181960020524,h
traffic,extratrees,persistence,RMSE,58,103,22.915935809484157,27.316145014707942,0.16108456016961992,h
traffic,extratrees,persistence,RMSE,59,103,21.9452433306742,25.85210536429361,0.1511235537131722,h
traffic,extratrees,persistence,RMSE,60,103,22.67848199126706,25.790115037405048,0.12065215845780408,h
traffic,extratrees,persistence,RMSE,61,103,25.196083035170062,27.017708275014662,0.06742338103965673,h
traffic,extratrees,persistence,RMSE,62,103,23.637864783472462,26.384908907181803,0.10411421670520193,h
traffic,extratrees,persistence,RMSE,63,103,25.176425864188246,28.264016066525087,0.10924102912585287,h
traffic,extratrees,persistence,RMSE,64,103,25.656929589134283,30.097053243932105,0.14752685649360042,h
traffic,extratrees,persistence,RMSE,65,103,28.448119092789447,34.696200341859935,0.1800796971284594,h
traffic,extratrees,persistence,RMSE,66,102,29.480458666167273,36.29603757670744,0.1877774921335762,h
traffic,extratrees,persistence,RMSE,67,102,24.22225191800737,28.294993991489406,0.1439386088827953,h
traffic,extratrees,persistence,RMSE,68,102,24.076170535868723,26.836769361338305,0.10286628723077851,h
traffic,extratrees,persistence,RMSE,69,102,23.71023785848231,26.14737770594601,0.09320781130986944,h
traffic,extratrees,persistence,RMSE,70,102,24.801991010596467,26.84350924330159,0.07605258366934842,h
traffic,extratrees,persistence,RMSE,71,102,23.02783434432401,27.263358816903448,0.15535593031748485,h
traffic,extratrees,persistence,RMSE,72,102,21.950617150886217,26.87743954324935,0.1833069844482479,h
traffic,knn,persistence,RMSE,1,105,9.608197055800234,9.731717082059134,0.012692521290678993,h
traffic,knn,persistence,RMSE,2,105,11.765228389992004,12.614361164297494,0.06731476634019296,h
traffic,knn,persistence,RMSE,3,105,13.783137067278613,14.114948945639563,0.02350783411536561,h
traffic,knn,persistence,RMSE,4,105,15.50652923107747,15.79362297526494,0.018177826875891534,h
traffic,knn,persistence,RMSE,5,105,18.656634025766532,17.315531781982784,-0.0774508262679634,h
traffic,knn,persistence,RMSE,6,105,19.845512990110507,18.1991960216478,-0.09046097236957196,h
traffic,knn,persistence,RMSE,7,105,19.710011577460524,17.694180626538234,-0.11392621073952913,h
traffic,knn,persistence,RMSE,8,105,20.00204096317187,17.12320642083188,-0.16812473502846026,h
traffic,knn,persistence,RMSE,9,105,20.779497478298698,17.998771496601744,-0.15449532109577402,h
traffic,knn,persistence,RMSE,10,105,21.97172536386173,19.82429075566015,-0.10832340156171538,h
traffic,knn,persistence,RMSE,11,105,22.36514736648737,21.03138363791129,-0.06341778323000247,h
traffic,knn,persistence,RMSE,12,105,20.25291667037914,20.915151792825668,0.03166293646856,h
traffic,knn,persistence,RMSE,13,105,20.811419631403034,21.997499385042442,0.05391884472313713,h
traffic,knn,persistence,RMSE,14,105,19.415051793954408,21.909963895235947,0.11387111878463785,h
traffic,knn,persistence,RMSE,15,105,21.667741139742716,23.880436251561463,0.09265723157272998,h
traffic,knn,persistence,RMSE,16,105,25.40089613497858,27.7330401904067,0.08409262163168274,h
traffic,knn,persistence,RMSE,17,105,28.142048391888476,33.70164802900308,0.16496521571675382,h
traffic,knn,persistence,RMSE,18,104,27.75027639073082,33.2201142157837,0.1646543955124039,h
traffic,knn,persistence,RMSE,19,104,22.87093398213307,22.425859550457822,-0.01984648261413735,h
traffic,knn,persistence,RMSE,20,104,21.860342722098338,23.20142960820105,0.05780190741473423,h
traffic,knn,persistence,RMSE,21,104,21.65351558411754,23.97865290273228,0.09696697008153443,h
traffic,knn,persistence,RMSE,22,104,22.948225382068788,24.42944836252589,0.060632682264297744,h
traffic,knn,persistence,RMSE,23,104,20.68339085465882,22.152096504425028,0.06630097740287577,h
traffic,knn,persistence,RMSE,24,104,20.991568171011988,23.66552494879012,0.11298953999813288,h
traffic,knn,persistence,RMSE,25,104,21.09740352137671,23.758587603748765,0.11200935538576207,h
traffic,knn,persistence,RMSE,26,104,22.75076606939236,23.87035919068364,0.046903069717034174,h
traffic,knn,persistence,RMSE,27,104,24.37445588413786,24.595430503805115,0.008984376981450715,h
traffic,knn,persistence,RMSE,28,104,23.572958513625856,24.382465413681953,0.03320037109954643,h
traffic,knn,persistence,RMSE,29,104,24.599350022016182,25.60914105423097,0.03943088251481819,h
traffic,knn,persistence,RMSE,30,104,26.516055231395306,25.97062103805507,-0.021001969592525427,h
traffic,knn,persistence,RMSE,31,104,26.31048470940599,26.319012758133546,0.00032402616336435486,h
traffic,knn,persistence,RMSE,32,104,26.886860106052865,26.779199953052974,-0.004020290120266168,h
traffic,knn,persistence,RMSE,33,104,26.923643114621083,26.42575346216884,-0.018841076874686724,h
traffic,knn,persistence,RMSE,34,104,25.43019464846351,26.18437404396185,0.028802651315327332,h
traffic,knn,persistence,RMSE,35,104,23.75789511403584,26.210455064737527,0.0935718187511082,h
traffic,knn,persistence,RMSE,36,104,24.269096366348066,27.010528029476472,0.10149493042626545,h
traffic,knn,persistence,RMSE,37,104,23.917144438088467,27.304931862064915,0.12407236323058335,h
traffic,knn,persistence,RMSE,38,104,23.735857294686394,26.668756089879363,0.10997508790093091,h
traffic,knn,persistence,RMSE,39,104,26.763334360312836,29.16199261174498,0.08225289277612968,h
traffic,knn,persistence,RMSE,40,104,28.183225203538733,31.630630260841464,0.10898945196076593,h
traffic,knn,persistence,RMSE,41,104,30.880143938216104,36.3175658842704,0.149718787965614,h
traffic,knn,persistence,RMSE,42,103,30.75853490851567,36.56538649544294,0.15880733511871836,h
traffic,knn,persistence,RMSE,43,103,24.933027697375696,26.340319541259465,0.05342728821794995,h
traffic,knn,persistence,RMSE,44,103,24.2818278340112,25.610496603456156,0.05187985184424937,h
traffic,knn,persistence,RMSE,45,103,24.434960427928598,25.748323241675347,0.051007702576181146,h
traffic,knn,persistence,RMSE,46,103,25.598274648156426,26.95882382012151,0.05046767548329012,h
traffic,knn,persistence,RMSE,47,103,24.840846642351746,26.190544130088977,0.05153377039565332,h
traffic,knn,persistence,RMSE,48,103,23.947630629549987,27.149399251052554,0.11793147214402677,h
traffic,knn,persistence,RMSE,49,103,24.47231421963773,26.121014211465987,0.06311776328748175,h
traffic,knn,persistence,RMSE,50,103,24.581249659349474,26.03664120665397,0.05589782244771857,h
traffic,knn,persistence,RMSE,51,103,23.466606373389755,25.114959895852117,0.06563233743146835,h
traffic,knn,persistence,RMSE,52,103,23.90866264340139,25.600772913311594,0.06609606185094363,h
traffic,knn,persistence,RMSE,53,103,25.500754051242946,26.679442274183852,0.04417964254378193,h
traffic,knn,persistence,RMSE,54,103,26.756558901218746,27.739040586506352,0.035418733471464514,h
traffic,knn,persistence,RMSE,55,103,26.166180835010312,27.43659266978703,0.046303557080383584,h
traffic,knn,persistence,RMSE,56,103,27.053838502896472,27.801034037622422,0.02687653753147423,h
traffic,knn,persistence,RMSE,57,103,26.39917605439979,27.788803293556544,0.05000673200918193,h
traffic,knn,persistence,RMSE,58,103,23.842612626627297,27.316145014707942,0.1271604168966879,h
traffic,knn,persistence,RMSE,59,103,23.107749598113966,25.85210536429361,0.10615598720134001,h
traffic,knn,persistence,RMSE,60,103,22.627431787096928,25.790115037405048,0.1226316069440202,h
traffic,knn,persistence,RMSE,61,103,25.205374850031188,27.017708275014662,0.06707946530977527,h
traffic,knn,persistence,RMSE,62,103,23.84908006449569,26.384908907181803,0.09610906187346646,h
traffic,knn,persistence,RMSE,63,103,25.896950902220947,28.264016066525087,0.08374836607553482,h
traffic,knn,persistence,RMSE,64,103,27.438943273274198,30.097053243932105,0.08831794757826705,h
traffic,knn,persistence,RMSE,65,103,29.81191053359649,34.696200341859935,0.14077304604362384,h
traffic,knn,persistence,RMSE,66,102,29.626565246837064,36.29603757670744,0.18375207805466987,h
traffic,knn,persistence,RMSE,67,102,22.115873092398804,28.294993991489406,0.21838212444749638,h
traffic,knn,persistence,RMSE,68,102,22.732072585917084,26.836769361338305,0.1529504807435781,h
traffic,knn,persistence,RMSE,69,102,23.12354279078973,26.14737770594601,0.11564581921607564,h
traffic,knn,persistence,RMSE,70,102,25.045894675428386,26.84350924330159,0.0669664517995825,h
traffic,knn,persistence,RMSE,71,102,23.232325635639175,27.263358816903448,0.14785533977438647,h
traffic,knn,persistence,RMSE,72,102,22.052708912130353,26.87743954324935,0.179508566035666,h
traffic,lightgbm,persistence,RMSE,1,105,10.412717104596322,9.731717082059134,-0.06997737570820273,h
traffic,lightgbm,persistence,RMSE,2,105,12.402975616619534,12.614361164297494,0.016757530954183086,h
traffic,lightgbm,persistence,RMSE,3,105,13.2849996880771,14.114948945639563,0.058799309920200105,h
traffic,lightgbm,persistence,RMSE,4,105,15.956256492850354,15.79362297526494,-0.010297416738396237,h
traffic,lightgbm,persistence,RMSE,5,105,17.766386238706115,17.315531781982784,-0.026037574958711618,h
traffic,lightgbm,persistence,RMSE,6,105,18.800394884838703,18.1991960216478,-0.03303436385188552,h
traffic,lightgbm,persistence,RMSE,7,105,19.211732151250718,17.694180626538234,-0.08576557212468017,h
traffic,lightgbm,persistence,RMSE,8,105,19.56482325906798,17.12320642083188,-0.14259109995109664,h
traffic,lightgbm,persistence,RMSE,9,105,19.955645748019045,17.998771496601744,-0.10872265653168434,h
traffic,lightgbm,persistence,RMSE,10,105,19.999089084130713,19.82429075566015,-0.008817381192850693,h
traffic,lightgbm,persistence,RMSE,11,105,20.42387279582627,21.03138363791129,0.028885918898360896,h
traffic,lightgbm,persistence,RMSE,12,105,19.703919870428344,20.915151792825668,0.05791169647703931,h
traffic,lightgbm,persistence,RMSE,13,105,20.279516364725016,21.997499385042442,0.07809901435822275,h
traffic,lightgbm,persistence,RMSE,14,105,19.92329778214191,21.909963895235947,0.09067409342130472,h
traffic,lightgbm,persistence,RMSE,15,105,21.55638800737311,23.880436251561463,0.09732017538148585,h
traffic,lightgbm,persistence,RMSE,16,105,23.744838033965113,27.7330401904067,0.14380688626489535,h
traffic,lightgbm,persistence,RMSE,17,105,25.295391584515766,33.70164802900308,0.24943161347044607,h
traffic,lightgbm,persistence,RMSE,18,104,26.731244591238745,33.2201142157837,0.19532953988044788,h
traffic,lightgbm,persistence,RMSE,19,104,22.756570880729228,22.425859550457822,-0.014746874229159879,h
traffic,lightgbm,persistence,RMSE,20,104,21.291676294802862,23.20142960820105,0.08231188101974307,h
traffic,lightgbm,persistence,RMSE,21,104,20.611995950445213,23.97865290273228,0.14040225553719277,h
traffic,lightgbm,persistence,RMSE,22,104,21.34509355115887,24.42944836252589,0.12625560616826426,h
traffic,lightgbm,persistence,RMSE,23,104,19.675653381745793,22.152096504425028,0.11179272003372454,h
traffic,lightgbm,persistence,RMSE,24,104,19.941594375775164,23.66552494879012,0.15735677028391204,h
traffic,lightgbm,persistence,RMSE,25,104,19.97669200020347,23.758587603748765,0.1591801527355341,h
traffic,lightgbm,persistence,RMSE,26,104,20.02203807465852,23.87035919068364,0.16121756213568328,h
traffic,lightgbm,persistence,RMSE,27,104,20.75543137532856,24.595430503805115,0.1561265263432765,h
traffic,lightgbm,persistence,RMSE,28,104,20.804343838023616,24.382465413681953,0.1467497857558946,h
traffic,lightgbm,persistence,RMSE,29,104,23.018797015320914,25.60914105423097,0.10114919643047138,h
traffic,lightgbm,persistence,RMSE,30,104,24.95121787675044,25.97062103805507,0.03925216727820591,h
traffic,lightgbm,persistence,RMSE,31,104,24.051202037071512,26.319012758133546,0.08616625334326788,h
traffic,lightgbm,persistence,RMSE,32,104,24.872187307511552,26.779199953052974,0.0712124577614206,h
traffic,lightgbm,persistence,RMSE,33,104,24.87629689933825,26.42575346216884,0.058634338091770766,h
traffic,lightgbm,persistence,RMSE,34,104,24.20675697652135,26.18437404396185,0.07552661232688662,h
traffic,lightgbm,persistence,RMSE,35,104,23.854890030346034,26.210455064737527,0.08987119943447963,h
traffic,lightgbm,persistence,RMSE,36,104,24.012454466389237,27.010528029476472,0.11099648106899096,h
traffic,lightgbm,persistence,RMSE,37,104,24.8750298159711,27.304931862064915,0.08899132429148116,h
traffic,lightgbm,persistence,RMSE,38,104,23.50038068001316,26.668756089879363,0.11880476911589377,h
traffic,lightgbm,persistence,RMSE,39,104,25.012132455147277,29.16199261174498,0.1423037242978502,h
traffic,lightgbm,persistence,RMSE,40,104,26.50702283861994,31.630630260841464,0.1619824638323607,h
traffic,lightgbm,persistence,RMSE,41,104,28.832759776725105,36.3175658842704,0.20609327539726607,h
traffic,lightgbm,persistence,RMSE,42,103,29.48275257358193,36.56538649544294,0.19369777269395738,h
traffic,lightgbm,persistence,RMSE,43,103,25.60300278353362,26.340319541259465,0.02799194431073293,h
traffic,lightgbm,persistence,RMSE,44,103,23.620889008362315,25.610496603456156,0.07768719310289907,h
traffic,lightgbm,persistence,RMSE,45,103,23.797470808561258,25.748323241675347,0.07576619319259237,h
traffic,lightgbm,persistence,RMSE,46,103,24.4665006379419,26.95882382012151,0.09244925516073121,h
traffic,lightgbm,persistence,RMSE,47,103,23.192865092093985,26.190544130088977,0.11445653908927811,h
traffic,lightgbm,persistence,RMSE,48,103,23.67257687137866,27.149399251052554,0.12806258980257557,h
traffic,lightgbm,persistence,RMSE,49,103,23.730006983178242,26.121014211465987,0.09153577303434857,h
traffic,lightgbm,persistence,RMSE,50,103,23.34846003434431,26.03664120665397,0.10324608120430934,h
traffic,lightgbm,persistence,RMSE,51,103,22.810273041554442,25.114959895852117,0.09176550007863271,h
traffic,lightgbm,persistence,RMSE,52,103,22.706174810779707,25.600772913311594,0.11306682467492168,h
traffic,lightgbm,persistence,RMSE,53,103,24.040778208706737,26.679442274183852,0.09890251971385466,h
traffic,lightgbm,persistence,RMSE,54,103,25.145095625590287,27.739040586506352,0.09351242530637083,h
traffic,lightgbm,persistence,RMSE,55,103,24.715132932558156,27.43659266978703,0.09919087876483013,h
traffic,lightgbm,persistence,RMSE,56,103,24.966601117777405,27.801034037622422,0.10195422645104679,h
traffic,lightgbm,persistence,RMSE,57,103,25.198764440142806,27.788803293556544,0.09320440416425912,h
traffic,lightgbm,persistence,RMSE,58,103,22.810725744232336,27.316145014707942,0.164936130923662,h
traffic,lightgbm,persistence,RMSE,59,103,22.170915987243987,25.85210536429361,0.142394181254344,h
traffic,lightgbm,persistence,RMSE,60,103,23.286950040920527,25.790115037405048,0.09705908612094294,h
traffic,lightgbm,persistence,RMSE,61,103,24.875963708950547,27.017708275014662,0.07927188139953201,h
traffic,lightgbm,persistence,RMSE,62,103,23.398256971016714,26.384908907181803,0.11319546134010494,h
traffic,lightgbm,persistence,RMSE,63,103,25.082082379721758,28.264016066525087,0.11257896539946777,h
traffic,lightgbm,persistence,RMSE,64,103,26.22256042196242,30.097053243932105,0.12873329460420935,h
traffic,lightgbm,persistence,RMSE,65,103,29.666800923245685,34.696200341859935,0.14495533715680187,h
traffic,lightgbm,persistence,RMSE,66,102,31.488204334841793,36.29603757670744,0.13246165595086934,h
traffic,lightgbm,persistence,RMSE,67,102,24.814134175562153,28.294993991489406,0.12302034122976768,h
traffic,lightgbm,persistence,RMSE,68,102,23.46264251064242,26.836769361338305,0.1257277582582922,h
traffic,lightgbm,persistence,RMSE,69,102,22.48037095399262,26.14737770594601,0.14024376720268583,h
traffic,lightgbm,persistence,RMSE,70,102,23.45517705063159,26.84350924330159,0.12622538141191464,h
traffic,lightgbm,persistence,RMSE,71,102,22.28354500926803,27.263358816903448,0.1826559170892731,h
traffic,lightgbm,persistence,RMSE,72,102,21.874351094679223,26.87743954324935,0.18614453361599026,h
traffic,mlp,persistence,RMSE,1,105,10.62136406234949,9.731717082059134,-0.09141726714707543,h
traffic,mlp,persistence,RMSE,2,105,12.474406839071449,12.614361164297494,0.01109484050782994,h
traffic,mlp,persistence,RMSE,3,105,13.97278421968394,14.114948945639563,0.010071926331659986,h
traffic,mlp,persistence,RMSE,4,105,15.821756985239425,15.79362297526494,-0.0017813525128811403,h
traffic,mlp,persistence,RMSE,5,105,18.34017915999477,17.315531781982784,-0.05917504532423057,h
traffic,mlp,persistence,RMSE,6,105,20.40134290802602,18.1991960216478,-0.12100242690714369,h
traffic,mlp,persistence,RMSE,7,105,19.946467654541735,17.694180626538234,-0.1272897047645969,h
traffic,mlp,persistence,RMSE,8,105,20.337169043149,17.12320642083188,-0.18769630776669555,h
traffic,mlp,persistence,RMSE,9,105,20.73388265282743,17.998771496601744,-0.1519609911566513,h
traffic,mlp,persistence,RMSE,10,105,21.36923267759445,19.82429075566015,-0.0779317626530065,h
traffic,mlp,persistence,RMSE,11,105,21.612935209350315,21.03138363791129,-0.027651607780608156,h
traffic,mlp,persistence,RMSE,12,105,20.00768379554247,20.915151792825668,0.04338806652096494,h
traffic,mlp,persistence,RMSE,13,105,20.436020840738447,21.997499385042442,0.07098436585777324,h
traffic,mlp,persistence,RMSE,14,105,20.103613904545426,21.909963895235947,0.08244422488908298,h
traffic,mlp,persistence,RMSE,15,105,22.587064245997173,23.880436251561463,0.05416031733841209,h
traffic,mlp,persistence,RMSE,16,105,24.05423732160986,27.7330401904067,0.13265054402760346,h
traffic,mlp,persistence,RMSE,17,105,27.145070140584362,33.70164802900308,0.19454769341772948,h
traffic,mlp,persistence,RMSE,18,104,27.290062681352694,33.2201142157837,0.17850786110824068,h
traffic,mlp,persistence,RMSE,19,104,22.19534362615349,22.425859550457822,0.010279022919307712,h
traffic,mlp,persistence,RMSE,20,104,22.802469351281495,23.20142960820105,0.017195503193412454,h
traffic,mlp,persistence,RMSE,21,104,22.21284896085844,23.97865290273228,0.07364066484621534,h
traffic,mlp,persistence,RMSE,22,104,22.45170177211385,24.42944836252589,0.08095748053999652,h
traffic,mlp,persistence,RMSE,23,104,20.63403316537458,22.152096504425028,0.06852910462660755,h
traffic,mlp,persistence,RMSE,24,104,20.65258018962144,23.66552494879012,0.1273136668503403,h
traffic,mlp,persistence,RMSE,25,104,21.39574925565262,23.758587603748765,0.09945197027298547,h
traffic,mlp,persistence,RMSE,26,104,21.816491572472884,23.87035919068364,0.08604259373743983,h
traffic,mlp,persistence,RMSE,27,104,23.099297611212105,24.595430503805115,0.06082970950077682,h
traffic,mlp,persistence,RMSE,28,104,23.059481360972796,24.382465413681953,0.05425965054242543,h
traffic,mlp,persistence,RMSE,29,104,23.762467780180973,25.60914105423097,0.07210992630090196,h
traffic,mlp,persistence,RMSE,30,104,24.957222514397603,25.97062103805507,0.03902095841961284,h
traffic,mlp,persistence,RMSE,31,104,24.92439838126422,26.319012758133546,0.05298885599112524,h
traffic,mlp,persistence,RMSE,32,104,24.853995958927303,26.779199953052974,0.07189176665101182,h
traffic,mlp,persistence,RMSE,33,104,25.01109383278407,26.42575346216884,0.053533369688398835,h
traffic,mlp,persistence,RMSE,34,104,24.764411023594295,26.18437404396185,0.054229404834483685,h
traffic,mlp,persistence,RMSE,35,104,24.22049736664671,26.210455064737527,0.07592228723903471,h
traffic,mlp,persistence,RMSE,36,104,23.921957147723187,27.010528029476472,0.1143469271827171,h
traffic,mlp,persistence,RMSE,37,104,24.278212311158182,27.304931862064915,0.11084882270341034,h
traffic,mlp,persistence,RMSE,38,104,25.140602124891778,26.668756089879363,0.05730128393830525,h
traffic,mlp,persistence,RMSE,39,104,25.48511566408844,29.16199261174498,0.12608455795903606,h
traffic,mlp,persistence,RMSE,40,104,26.68744471218276,31.630630260841464,0.1562784398507019,h
traffic,mlp,persistence,RMSE,41,104,30.319557202851634,36.3175658842704,0.16515447925480553,h
traffic,mlp,persistence,RMSE,42,103,31.005974723530205,36.56538649544294,0.15204028467210617,h
traffic,mlp,persistence,RMSE,43,103,25.905028820050866,26.340319541259465,0.01652564315048488,h
traffic,mlp,persistence,RMSE,44,103,26.334676252068544,25.610496603456156,-0.028276673421266718,h
traffic,mlp,persistence,RMSE,45,103,25.035609118924953,25.748323241675347,0.027680020794395688,h
traffic,mlp,persistence,RMSE,46,103,25.412483079481223,26.95882382012151,0.05735935480561016,h
traffic,mlp,persistence,RMSE,47,103,23.80035869548972,26.190544130088977,0.09126138894736802,h
traffic,mlp,persistence,RMSE,48,103,23.98947833792253,27.149399251052554,0.1163900859798036,h
traffic,mlp,persistence,RMSE,49,103,24.714647594048117,26.121014211465987,0.05384042924338428,h
traffic,mlp,persistence,RMSE,50,103,24.863681025898856,26.03664120665397,0.04505036465515189,h
traffic,mlp,persistence,RMSE,51,103,23.17693082974844,25.114959895852117,0.07716632135350354,h
traffic,mlp,persistence,RMSE,52,103,22.894910351004242,25.600772913311594,0.10569456521761456,h
traffic,mlp,persistence,RMSE,53,103,26.089480540840878,26.679442274183852,0.02211297100141585,h
traffic,mlp,persistence,RMSE,54,103,27.00508418565055,27.739040586506352,0.0264593289939824,h
traffic,mlp,persistence,RMSE,55,103,26.78981528061577,27.43659266978703,0.023573531777635215,h
traffic,mlp,persistence,RMSE,56,103,25.46459011699609,27.801034037622422,0.08404161936798771,h
traffic,mlp,persistence,RMSE,57,103,25.17023230850408,27.788803293556544,0.09423115336742982,h
traffic,mlp,persistence,RMSE,58,103,22.863199930753417,27.316145014707942,0.16301513561144543,h
traffic,mlp,persistence,RMSE,59,103,21.750574396244055,25.85210536429361,0.15865365355173378,h
traffic,mlp,persistence,RMSE,60,103,22.373494944798267,25.790115037405048,0.1324778926984792,h
traffic,mlp,persistence,RMSE,61,103,24.06495441873516,27.017708275014662,0.10928957505289749,h
traffic,mlp,persistence,RMSE,62,103,23.26007663475966,26.384908907181803,0.11843255868022284,h
traffic,mlp,persistence,RMSE,63,103,25.631447618876287,28.264016066525087,0.09314205176831625,h
traffic,mlp,persistence,RMSE,64,103,26.785571185431635,30.097053243932105,0.11002678673096011,h
traffic,mlp,persistence,RMSE,65,103,31.827247503888803,34.696200341859935,0.08268781047214058,h
traffic,mlp,persistence,RMSE,66,102,33.017415590789,36.29603757670744,0.09033002511608756,h
traffic,mlp,persistence,RMSE,67,102,24.027450209016333,28.294993991489406,0.1508232793319083,h
traffic,mlp,persistence,RMSE,68,102,25.053128014771517,26.836769361338305,0.06646259549915667,h
traffic,mlp,persistence,RMSE,69,102,23.68804537364782,26.14737770594601,0.09405655740915575,h
traffic,mlp,persistence,RMSE,70,102,25.497249803946104,26.84350924330159,0.05015214021212311,h
traffic,mlp,persistence,RMSE,71,102,23.878796961485165,27.263358816903448,0.12414324581752689,h
traffic,mlp,persistence,RMSE,72,102,23.255302618636613,26.87743954324935,0.13476495477868122,h
traffic,ridge,persistence,RMSE,1,105,10.191046514052394,9.731717082059134,-0.04719921758104273,h
traffic,ridge,persistence,RMSE,2,105,12.404089067813139,12.614361164297494,0.016669262418099184,h
traffic,ridge,persistence,RMSE,3,105,13.942860947084352,14.114948945639563,0.012191896635118438,h
traffic,ridge,persistence,RMSE,4,105,15.416459392355918,15.79362297526494,0.023880751332339245,h
traffic,ridge,persistence,RMSE,5,105,17.573694725593224,17.315531781982784,-0.014909328044955927,h
traffic,ridge,persistence,RMSE,6,105,18.96187429977902,18.1991960216478,-0.04190725113483129,h
traffic,ridge,persistence,RMSE,7,105,18.517393870509988,17.694180626538234,-0.0465245190691157,h
traffic,ridge,persistence,RMSE,8,105,18.70875407973441,17.12320642083188,-0.09259642265210144,h
traffic,ridge,persistence,RMSE,9,105,19.52181788847598,17.998771496601744,-0.08461946373183271,h
traffic,ridge,persistence,RMSE,10,105,20.315976956156245,19.82429075566015,-0.02480220889394036,h
traffic,ridge,persistence,RMSE,11,105,20.3569431142898,21.03138363791129,0.032068290666608434,h
traffic,ridge,persistence,RMSE,12,105,19.730002742140417,20.915151792825668,0.05666461627554531,h
traffic,ridge,persistence,RMSE,13,105,19.69481573366495,21.997499385042442,0.10467933700424326,h
traffic,ridge,persistence,RMSE,14,105,19.507823718086158,21.909963895235947,0.10963688432513141,h
traffic,ridge,persistence,RMSE,15,105,21.599696329554696,23.880436251561463,0.09550662718138725,h
traffic,ridge,persistence,RMSE,16,105,23.171045480785775,27.7330401904067,0.16449674028882677,h
traffic,ridge,persistence,RMSE,17,105,27.30051207851528,33.70164802900308,0.18993539855911767,h
traffic,ridge,persistence,RMSE,18,104,27.415617040892357,33.2201142157837,0.1747283930810053,h
traffic,ridge,persistence,RMSE,19,104,19.955931089384947,22.425859550457822,0.11013751582255193,h
traffic,ridge,persistence,RMSE,20,104,20.164181552110996,23.20142960820105,0.1309077978115828,h
traffic,ridge,persistence,RMSE,21,104,19.545518131913525,23.97865290273228,0.18487839115906357,h
traffic,ridge,persistence,RMSE,22,104,20.422463907704255,24.42944836252589,0.16402271534580537,h
traffic,ridge,persistence,RMSE,23,104,18.549950560530306,22.152096504425028,0.1626097079874661,h
traffic,ridge,persistence,RMSE,24,104,19.87566589048343,23.66552494879012,0.16014261532366503,h
traffic,ridge,persistence,RMSE,25,104,19.880597959075217,23.758587603748765,0.1632247551643876,h
traffic,ridge,persistence,RMSE,26,104,19.934148831151017,23.87035919068364,0.16489950268820786,h
traffic,ridge,persistence,RMSE,27,104,20.899616615911597,24.595430503805115,0.15026424877262246,h
traffic,ridge,persistence,RMSE,28,104,20.560174554425295,24.382465413681953,0.15676392007150441,h
traffic,ridge,persistence,RMSE,29,104,22.601640403281635,25.60914105423097,0.11743856010557041,h
traffic,ridge,persistence,RMSE,30,104,23.714830862752173,25.97062103805507,0.0868593081388952,h
traffic,ridge,persistence,RMSE,31,104,23.51920072625998,26.319012758133546,0.10637982729835938,h
traffic,ridge,persistence,RMSE,32,104,23.868147255451152,26.779199953052974,0.10870573813651019,h
traffic,ridge,persistence,RMSE,33,104,23.46459633233059,26.42575346216884,0.11205573131821756,h
traffic,ridge,persistence,RMSE,34,104,22.795862921814546,26.18437404396185,0.12940966686689603,h
traffic,ridge,persistence,RMSE,35,104,22.28132640008844,26.210455064737527,0.14990692282695917,h
traffic,ridge,persistence,RMSE,36,104,22.603173962632415,27.010528029476472,0.16317171075050185,h
traffic,ridge,persistence,RMSE,37,104,23.040980013745564,27.304931862064915,0.1561605013284546,h
traffic,ridge,persistence,RMSE,38,104,22.541754110150222,26.668756089879363,0.15475044902057933,h
traffic,ridge,persistence,RMSE,39,104,24.017296344748306,29.16199261174498,0.1764178578429737,h
traffic,ridge,persistence,RMSE,40,104,25.372978922412802,31.630630260841464,0.19783517706808385,h
traffic,ridge,persistence,RMSE,41,104,29.20277141311626,36.3175658842704,0.1959050475416264,h
traffic,ridge,persistence,RMSE,42,103,30.039549509945758,36.56538649544294,0.17847034069530432,h
traffic,ridge,persistence,RMSE,43,103,22.12317150933586,26.340319541259465,0.16010238696299273,h
traffic,ridge,persistence,RMSE,44,103,22.493731718125694,25.610496603456156,0.12169872898559297,h
traffic,ridge,persistence,RMSE,45,103,22.244228270552046,25.748323241675347,0.13609021986533454,h
traffic,ridge,persistence,RMSE,46,103,23.272356299789863,26.95882382012151,0.13674437523420968,h
traffic,ridge,persistence,RMSE,47,103,21.80913551200591,26.190544130088977,0.1672897132766895,h
traffic,ridge,persistence,RMSE,48,103,22.416120349844938,27.149399251052554,0.17434193874562842,h
traffic,ridge,persistence,RMSE,49,103,22.8863222499301,26.121014211465987,0.12383485324685439,h
traffic,ridge,persistence,RMSE,50,103,22.641310240009506,26.03664120665397,0.13040587454025165,h
traffic,ridge,persistence,RMSE,51,103,21.940686453890162,25.114959895852117,0.12638974758969068,h
traffic,ridge,persistence,RMSE,52,103,21.50591842350245,25.600772913311594,0.1599504242967582,h
traffic,ridge,persistence,RMSE,53,103,23.24542140507108,26.679442274183852,0.12871411755243756,h
traffic,ridge,persistence,RMSE,54,103,24.92530513443302,27.739040586506352,0.10143593262710293,h
traffic,ridge,persistence,RMSE,55,103,24.403908786803495,27.43659266978703,0.11053427513698166,h
traffic,ridge,persistence,RMSE,56,103,24.40624797604383,27.801034037622422,0.12211006457473905,h
traffic,ridge,persistence,RMSE,57,103,24.034072285454492,27.788803293556544,0.1351166859701609,h
traffic,ridge,persistence,RMSE,58,103,22.42640893023341,27.316145014707942,0.179005349467933,h
traffic,ridge,persistence,RMSE,59,103,21.63389427905169,25.85210536429361,0.16316702356737356,h
traffic,ridge,persistence,RMSE,60,103,21.812760169867808,25.790115037405048,0.15422012898231086,h
traffic,ridge,persistence,RMSE,61,103,23.375960929839366,27.017708275014662,0.13479112691963957,h
traffic,ridge,persistence,RMSE,62,103,22.44175650269914,26.384908907181803,0.14944726238601347,h
traffic,ridge,persistence,RMSE,63,103,23.205573520642996,28.264016066525087,0.1789711176916975,h
traffic,ridge,persistence,RMSE,64,103,25.03574103437648,30.097053243932105,0.16816637059231188,h
traffic,ridge,persistence,RMSE,65,103,29.890817259742988,34.696200341859935,0.13849882796299728,h
traffic,ridge,persistence,RMSE,66,102,30.554959804955136,36.29603757670744,0.15817367831458762,h
traffic,ridge,persistence,RMSE,67,102,22.100451682449158,28.294993991489406,0.21892714700358118,h
traffic,ridge,persistence,RMSE,68,102,22.69380022283376,26.836769361338305,0.1543765973736393,h
traffic,ridge,persistence,RMSE,69,102,22.597372930616196,26.14737770594601,0.13576905551498308,h
traffic,ridge,persistence,RMSE,70,102,23.50840741713291,26.84350924330159,0.12424239304706053,h
traffic,ridge,persistence,RMSE,71,102,22.265230553624345,27.263358816903448,0.18332767788612436,h
traffic,ridge,persistence,RMSE,72,102,21.886887472544256,26.87743954324935,0.18567810608129676,h
traffic,extratrees,seasonal_persistence,MAE,1,105,5.565465337616527,10.528298689846306,0.47138037193188964,h
traffic,extratrees,seasonal_persistence,MAE,2,105,6.417575554295791,10.390685941043081,0.38237229084689717,h
traffic,extratrees,seasonal_persistence,MAE,3,105,7.1542694066515455,10.912011526832956,0.34436749914908105,h
traffic,extratrees,seasonal_persistence,MAE,4,105,8.144267850844042,10.975960884353741,0.2579904450594649,h
traffic,extratrees,seasonal_persistence,MAE,5,105,10.230077047115143,11.797008062484252,0.13282444218649958,h
traffic,extratrees,seasonal_persistence,MAE,6,105,11.367197442680773,13.139147770219198,0.13486036982966854,h
traffic,extratrees,seasonal_persistence,MAE,7,105,11.77783142479214,12.831332199546486,0.08210377210805753,h
traffic,extratrees,seasonal_persistence,MAE,8,105,13.030999256739733,15.808717561098515,0.17570801006617287,h
traffic,extratrees,seasonal_persistence,MAE,9,105,11.480714858906525,14.708167359536407,0.21943267449545867,h
traffic,extratrees,seasonal_persistence,MAE,10,105,12.196249168556314,13.959316263542455,0.12630039048479358,h
traffic,extratrees,seasonal_persistence,MAE,11,105,12.952631046863187,12.855043776769966,-0.007591360386463242,h
traffic,extratrees,seasonal_persistence,MAE,12,105,12.421287528344669,12.13406746031746,-0.023670551442582344,h
traffic,extratrees,seasonal_persistence,MAE,13,105,12.076399055177626,10.903864638447972,-0.10753383828658292,h
traffic,extratrees,seasonal_persistence,MAE,14,105,12.417476681783823,9.936325585789872,-0.24970509214616432,h
traffic,extratrees,seasonal_persistence,MAE,15,105,15.671753502141597,16.221626984126985,0.03389755432814756,h
traffic,extratrees,seasonal_persistence,MAE,16,105,19.709302179390274,20.78711262282691,0.05184993524560322,h
traffic,extratrees,seasonal_persistence,MAE,17,105,21.817329768203578,20.686977828168303,-0.05464074788614792,h
traffic,extratrees,seasonal_persistence,MAE,18,104,21.54729496082621,19.528811495217745,-0.10335925799185253,h
traffic,extratrees,seasonal_persistence,MAE,19,104,16.661438924501425,14.494249211436712,-0.14952066032883504,h
traffic,extratrees,seasonal_persistence,MAE,20,104,14.819626755189253,7.740840900997151,-0.9144724642616326,h
traffic,extratrees,seasonal_persistence,MAE,21,104,13.503723767551888,10.003408946377697,-0.34991219892511527,h
traffic,extratrees,seasonal_persistence,MAE,22,104,13.584594824735449,10.692778604497354,-0.2704457210983313,h
traffic,extratrees,seasonal_persistence,MAE,23,104,12.505898402523401,8.97571415852666,-0.3933039958322617,h
traffic,extratrees,seasonal_persistence,MAE,24,104,13.680245446682948,11.85423471204721,-0.15403868566732526,h
traffic,extratrees,seasonal_persistence,MAE,25,104,13.63340523249898,12.789631982600733,-0.06597322354905377,h
traffic,extratrees,seasonal_persistence,MAE,26,104,13.591162304131053,13.02514753764754,-0.04345553590448947,h
traffic,extratrees,seasonal_persistence,MAE,27,104,12.992075218762718,12.478787647537647,-0.04113280758698967,h
traffic,extratrees,seasonal_persistence,MAE,28,104,12.728606029965402,11.70150717338217,-0.08777492004787302,h
traffic,extratrees,seasonal_persistence,MAE,29,104,13.99148221916972,12.109629693223443,-0.1554013271767809,h
traffic,extratrees,seasonal_persistence,MAE,30,104,14.993410955942203,12.574634971509969,-0.1923535744705427,h
traffic,extratrees,seasonal_persistence,MAE,31,104,15.863438008750506,12.746992330586076,-0.2444847849077778,h
traffic,extratrees,seasonal_persistence,MAE,32,104,16.88593928062678,16.486285358160355,-0.02424159923136382,h
traffic,extratrees,seasonal_persistence,MAE,33,104,16.997006760022387,16.750530372405372,-0.01471454229431779,h
traffic,extratrees,seasonal_persistence,MAE,34,104,15.997004477004474,17.781594042531545,0.10036161894476592,h
traffic,extratrees,seasonal_persistence,MAE,35,104,15.07124155474155,15.719496273402521,0.04123889896890798,h
traffic,extratrees,seasonal_persistence,MAE,36,104,15.739933328245828,15.513181407712658,-0.014616725903845662,h
traffic,extratrees,seasonal_persistence,MAE,37,104,15.327890987484738,15.421952902421651,0.00609922203316704,h
traffic,extratrees,seasonal_persistence,MAE,38,104,14.604372774216527,13.720026009869759,-0.06445663905524635,h
traffic,extratrees,seasonal_persistence,MAE,39,104,18.575893105158727,19.905196250508748,0.06678171511702857,h
traffic,extratrees,seasonal_persistence,MAE,40,104,21.25805344250657,26.861882504070003,0.2086163939074026,h
traffic,extratrees,seasonal_persistence,MAE,41,104,23.61181990483408,27.543975758038258,0.1427591967022641,h
traffic,extratrees,seasonal_persistence,MAE,42,103,24.790737464133446,27.169531129603946,0.08755372531543482,h
traffic,extratrees,seasonal_persistence,MAE,43,103,18.8001950652574,16.858683605588947,-0.11516388260734711,h
traffic,extratrees,seasonal_persistence,MAE,44,103,14.94180589587507,10.00881138593517,-0.4928651684726486,h
traffic,extratrees,seasonal_persistence,MAE,45,103,14.547002240971903,12.039840499306521,-0.20823878371227522,h
traffic,extratrees,seasonal_persistence,MAE,46,103,15.046740978322287,13.519215210355986,-0.11298923378305181,h
traffic,extratrees,seasonal_persistence,MAE,47,103,14.779362677865107,11.89641572918272,-0.24233744131943213,h
traffic,extratrees,seasonal_persistence,MAE,48,103,14.941486656906562,15.288506511018644,0.022698087210937135,h
traffic,extratrees,seasonal_persistence,MAE,49,103,14.868005091950481,15.273604689988188,0.02655559092108606,h
traffic,extratrees,seasonal_persistence,MAE,50,103,13.783360096573688,15.80682083782812,0.1280118729765054,h
traffic,extratrees,seasonal_persistence,MAE,51,103,13.353449292392254,15.323359403092407,0.12855602083591444,h
traffic,extratrees,seasonal_persistence,MAE,52,103,13.320858093183332,15.153385858118867,0.1209319014307092,h
traffic,extratrees,seasonal_persistence,MAE,53,103,14.231865772846357,15.832611278060309,0.10110432682902726,h
traffic,extratrees,seasonal_persistence,MAE,54,103,16.66241018133251,17.30137765192377,0.03693159489644515,h
traffic,extratrees,seasonal_persistence,MAE,55,103,16.416085901782502,16.980353290183388,0.03323060355446772,h
traffic,extratrees,seasonal_persistence,MAE,56,103,17.774303924590335,19.18985462577696,0.07376557711308418,h
traffic,extratrees,seasonal_persistence,MAE,57,103,17.673700056505883,19.256428507217343,0.0821922118173809,h
traffic,extratrees,seasonal_persistence,MAE,58,103,14.72035219859249,17.449112600811628,0.15638390700121974,h
traffic,extratrees,seasonal_persistence,MAE,59,103,13.450233150973439,15.023703254225099,0.10473250680115465,h
traffic,extratrees,seasonal_persistence,MAE,60,103,14.372376104433142,15.242034275954177,0.057056568419676545,h
traffic,extratrees,seasonal_persistence,MAE,61,103,16.790564801972568,16.719029318847276,-0.004278686385497776,h
traffic,extratrees,seasonal_persistence,MAE,62,103,16.467744368675195,14.286154453690866,-0.15270658889038602,h
traffic,extratrees,seasonal_persistence,MAE,63,103,18.39815817794216,17.183569309600866,-0.07068315356709243,h
traffic,extratrees,seasonal_persistence,MAE,64,103,19.79824482457492,24.075797824523548,0.17767024923226116,h
traffic,extratrees,seasonal_persistence,MAE,65,103,23.332310435608978,31.632291827194738,0.2623895049061904,h
traffic,extratrees,seasonal_persistence,MAE,66,102,24.715868858139967,29.949854756717503,0.17475830654583047,h
traffic,extratrees,seasonal_persistence,MAE,67,102,17.530120830739705,18.889605054984955,0.07196996550684809,h
traffic,extratrees,seasonal_persistence,MAE,68,102,16.48212996031746,11.22488425925926,-0.468356339328984,h
traffic,extratrees,seasonal_persistence,MAE,69,102,15.208701097105507,11.498543028322441,-0.322663320008844,h
traffic,extratrees,seasonal_persistence,MAE,70,102,15.862367575733996,12.548478187571327,-0.26408695449978303,h
traffic,extratrees,seasonal_persistence,MAE,71,102,14.284014608621229,13.184919662309365,-0.08336000328115412,h
traffic,extratrees,seasonal_persistence,MAE,72,102,13.810910390081958,15.287932163606182,0.0966135745317056,h
traffic,knn,seasonal_persistence,MAE,1,105,5.103035084404132,10.528298689846306,0.5153029720437551,h
traffic,knn,seasonal_persistence,MAE,2,105,6.283677563618041,10.390685941043081,0.39525863843140596,h
traffic,knn,seasonal_persistence,MAE,3,105,6.637560657596372,10.912011526832956,0.39171979050109906,h
traffic,knn,seasonal_persistence,MAE,4,105,8.022307634164777,10.975960884353741,0.269102020434439,h
traffic,knn,seasonal_persistence,MAE,5,105,9.675445578231292,11.797008062484252,0.17983902977906374,h
traffic,knn,seasonal_persistence,MAE,6,105,10.223196963970773,13.139147770219198,0.2219284581651203,h
traffic,knn,seasonal_persistence,MAE,7,105,10.549272297808013,12.831332199546486,0.17785058217253003,h
traffic,knn,seasonal_persistence,MAE,8,105,11.405763542454016,15.808717561098515,0.2785143071617092,h
traffic,knn,seasonal_persistence,MAE,9,105,11.148117157974301,14.708167359536407,0.24204580452056512,h
traffic,knn,seasonal_persistence,MAE,10,105,12.1338778659612,13.959316263542455,0.13076846767550876,h
traffic,knn,seasonal_persistence,MAE,11,105,13.372809838750312,12.855043776769966,-0.04027726944936494,h
traffic,knn,seasonal_persistence,MAE,12,105,11.59717945326279,12.13406746031746,0.04424633444724757,h
traffic,knn,seasonal_persistence,MAE,13,105,12.331440161249684,10.903864638447972,-0.13092381189032354,h
traffic,knn,seasonal_persistence,MAE,14,105,12.446359284454521,9.936325585789872,-0.2526118610942356,h
traffic,knn,seasonal_persistence,MAE,15,105,15.282578672209626,16.221626984126985,0.05788866387053693,h
traffic,knn,seasonal_persistence,MAE,16,105,20.008539808515998,20.78711262282691,0.03745459162307807,h
traffic,knn,seasonal_persistence,MAE,17,105,23.783129188712522,20.686977828168303,-0.14966668337258837,h
traffic,knn,seasonal_persistence,MAE,18,104,22.31036305708181,19.528811495217745,-0.1424332229611216,h
traffic,knn,seasonal_persistence,MAE,19,104,17.715228111009363,14.494249211436712,-0.2222246114708124,h
traffic,knn,seasonal_persistence,MAE,20,104,14.62255132020757,7.740840900997151,-0.8890132877325949,h
traffic,knn,seasonal_persistence,MAE,21,104,13.179830204517705,10.003408946377697,-0.31753388021692475,h
traffic,knn,seasonal_persistence,MAE,22,104,13.29901048026048,10.692778604497354,-0.2437375702015332,h
traffic,knn,seasonal_persistence,MAE,23,104,12.289415445665444,8.97571415852666,-0.3691852512917724,h
traffic,knn,seasonal_persistence,MAE,24,104,13.264357384513634,11.85423471204721,-0.11895518409411499,h
traffic,knn,seasonal_persistence,MAE,25,104,13.228481824888075,12.789631982600733,-0.034312937454679115,h
traffic,knn,seasonal_persistence,MAE,26,104,14.564973417785918,13.02514753764754,-0.11821945783628984,h
traffic,knn,seasonal_persistence,MAE,27,104,15.328648504273504,12.478787647537647,-0.22837642062914654,h
traffic,knn,seasonal_persistence,MAE,28,104,14.213222489316239,11.70150717338217,-0.2146488720399673,h
traffic,knn,seasonal_persistence,MAE,29,104,14.52127600986976,12.109629693223443,-0.19915112003762392,h
traffic,knn,seasonal_persistence,MAE,30,104,15.877009818884819,12.574634971509969,-0.2626219253963997,h
traffic,knn,seasonal_persistence,MAE,31,104,16.024113947395197,12.746992330586076,-0.2570897927776854,h
traffic,knn,seasonal_persistence,MAE,32,104,17.26561043701669,16.486285358160355,-0.04727111425804509,h
traffic,knn,seasonal_persistence,MAE,33,104,17.48127162189662,16.750530372405372,-0.04362496191135912,h
traffic,knn,seasonal_persistence,MAE,34,104,16.626746731277983,17.781594042531545,0.06494621958477398,h
traffic,knn,seasonal_persistence,MAE,35,104,15.118297593610096,15.719496273402521,0.038245416350246364,h
traffic,knn,seasonal_persistence,MAE,36,104,15.399016966829466,15.513181407712658,0.007359189445591885,h
traffic,knn,seasonal_persistence,MAE,37,104,15.115931077024827,15.421952902421651,0.019843260275342334,h
traffic,knn,seasonal_persistence,MAE,38,104,15.412834757834757,13.720026009869759,-0.12338232790136439,h
traffic,knn,seasonal_persistence,MAE,39,104,19.78338579822955,19.905196250508748,0.00611953033500412,h
traffic,knn,seasonal_persistence,MAE,40,104,22.248627772690273,26.861882504070003,0.17173981498432767,h
traffic,knn,seasonal_persistence,MAE,41,104,25.709259195665446,27.543975758038258,0.06661044790664905,h
traffic,knn,seasonal_persistence,MAE,42,103,25.54427653207993,27.169531129603946,0.05981901527012867,h
traffic,knn,seasonal_persistence,MAE,43,103,18.181873105768737,16.858683605588947,-0.07848711863488145,h
traffic,knn,seasonal_persistence,MAE,44,103,15.355988210818305,10.00881138593517,-0.5342469368937481,h
traffic,knn,seasonal_persistence,MAE,45,103,14.596440514717212,12.039840499306521,-0.21234500702546244,h
traffic,knn,seasonal_persistence,MAE,46,103,15.527237761339704,13.519215210355986,-0.14853099974660755,h
traffic,knn,seasonal_persistence,MAE,47,103,14.7279770894334,11.89641572918272,-0.23801802363922664,h
traffic,knn,seasonal_persistence,MAE,48,103,14.7702626881389,15.288506511018644,0.03389760945624343,h
traffic,knn,seasonal_persistence,MAE,49,103,15.547961357682235,15.273604689988188,-0.017962797470716607,h
traffic,knn,seasonal_persistence,MAE,50,103,15.39277296193558,15.80682083782812,0.026194253742767737,h
traffic,knn,seasonal_persistence,MAE,51,103,14.274378306878306,15.323359403092407,0.0684563396719916,h
traffic,knn,seasonal_persistence,MAE,52,103,14.588538809266964,15.153385858118867,0.037275302967967994,h
traffic,knn,seasonal_persistence,MAE,53,103,15.219814814814814,15.832611278060309,0.038704699590184743,h
traffic,knn,seasonal_persistence,MAE,54,103,16.435371269327582,17.30137765192377,0.05005418643641324,h
traffic,knn,seasonal_persistence,MAE,55,103,16.029932449786816,16.980353290183388,0.05597179423504839,h
traffic,knn,seasonal_persistence,MAE,56,103,18.41507255868906,19.18985462577696,0.0403745667800508,h
traffic,knn,seasonal_persistence,MAE,57,103,17.744940797246624,19.256428507217343,0.07849262958622938,h
traffic,knn,seasonal_persistence,MAE,58,103,15.174029768325884,17.449112600811628,0.13038387020208242,h
traffic,knn,seasonal_persistence,MAE,59,103,14.054463194123388,15.023703254225099,0.06451405779924024,h
traffic,knn,seasonal_persistence,MAE,60,103,13.928819733394974,15.242034275954177,0.08615743271427556,h
traffic,knn,seasonal_persistence,MAE,61,103,16.36761172753891,16.719029318847276,0.021019018784315113,h
traffic,knn,seasonal_persistence,MAE,62,103,15.114122425129706,14.286154453690866,-0.05795597227530558,h
traffic,knn,seasonal_persistence,MAE,63,103,17.856375147685824,17.183569309600866,-0.03915402126082412,h
traffic,knn,seasonal_persistence,MAE,64,103,20.65707106898854,24.075797824523548,0.14199848247822977,h
traffic,knn,seasonal_persistence,MAE,65,103,24.313484358144557,31.632291827194738,0.2313713944292236,h
traffic,knn,seasonal_persistence,MAE,66,102,24.571987044817924,29.949854756717503,0.17956239706616173,h
traffic,knn,seasonal_persistence,MAE,67,102,15.88591159611993,18.889605054984955,0.15901303654161636,h
traffic,knn,seasonal_persistence,MAE,68,102,14.804844382197325,11.22488425925926,-0.31893069364924664,h
traffic,knn,seasonal_persistence,MAE,69,102,14.289869605249507,11.498543028322441,-0.24275480554811657,h
traffic,knn,seasonal_persistence,MAE,70,102,15.14223395839817,12.548478187571327,-0.20669883089057262,h
traffic,knn,seasonal_persistence,MAE,71,102,13.792739845938376,13.184919662309365,-0.04609965014550199,h
traffic,knn,seasonal_persistence,MAE,72,102,13.661807435937336,15.287932163606182,0.10636655829360175,h
traffic,lightgbm,seasonal_persistence,MAE,1,105,5.605124854047576,10.528298689846306,0.46761342747111967,h
traffic,lightgbm,seasonal_persistence,MAE,2,105,6.857175444160834,10.390685941043081,0.3400651811566091,h
traffic,lightgbm,seasonal_persistence,MAE,3,105,7.50755781210217,10.912011526832956,0.3119913964862605,h
traffic,lightgbm,seasonal_persistence,MAE,4,105,8.977361580295034,10.975960884353741,0.18208877793175404,h
traffic,lightgbm,seasonal_persistence,MAE,5,105,9.305230208730585,11.797008062484252,0.21122117070325552,h
traffic,lightgbm,seasonal_persistence,MAE,6,105,10.84136765973327,13.139147770219198,0.1748804527257093,h
traffic,lightgbm,seasonal_persistence,MAE,7,105,10.873042695379405,12.831332199546486,0.15261778541095639,h
traffic,lightgbm,seasonal_persistence,MAE,8,105,11.630927684416704,15.808717561098515,0.2642712706160527,h
traffic,lightgbm,seasonal_persistence,MAE,9,105,11.582820242643018,14.708167359536407,0.2124905870660353,h
traffic,lightgbm,seasonal_persistence,MAE,10,105,12.033588147822405,13.959316263542455,0.1379528967868916,h
traffic,lightgbm,seasonal_persistence,MAE,11,105,12.250958554620082,12.855043776769966,0.04699207817880102,h
traffic,lightgbm,seasonal_persistence,MAE,12,105,11.91865648492898,12.13406746031746,0.017752577698529115,h
traffic,lightgbm,seasonal_persistence,MAE,13,105,11.950323492529842,10.903864638447972,-0.09597137242441223,h
traffic,lightgbm,seasonal_persistence,MAE,14,105,12.5015038077001,9.936325585789872,-0.2581616513833582,h
traffic,lightgbm,seasonal_persistence,MAE,15,105,15.387490180310925,16.221626984126985,0.051421278804664294,h
traffic,lightgbm,seasonal_persistence,MAE,16,105,18.88574043659743,20.78711262282691,0.09146879707292921,h
traffic,lightgbm,seasonal_persistence,MAE,17,105,21.00511838198858,20.686977828168303,-0.015378783525696216,h
traffic,lightgbm,seasonal_persistence,MAE,18,104,21.376371842181097,19.528811495217745,-0.09460690157287788,h
traffic,lightgbm,seasonal_persistence,MAE,19,104,16.279982420563083,14.494249211436712,-0.12320287743619973,h
traffic,lightgbm,seasonal_persistence,MAE,20,104,13.345824896563407,7.740840900997151,-0.7240794724051542,h
traffic,lightgbm,seasonal_persistence,MAE,21,104,12.940457743168919,10.003408946377697,-0.2936047913801172,h
traffic,lightgbm,seasonal_persistence,MAE,22,104,12.724882967017978,10.692778604497354,-0.19004455602082015,h
traffic,lightgbm,seasonal_persistence,MAE,23,104,12.095910026785209,8.97571415852666,-0.3476264744120061,h
traffic,lightgbm,seasonal_persistence,MAE,24,104,11.962121204507925,11.85423471204721,-0.00910109299177897,h
traffic,lightgbm,seasonal_persistence,MAE,25,104,12.2772515616623,12.789631982600733,0.04006217079861918,h
traffic,lightgbm,seasonal_persistence,MAE,26,104,12.758495333416079,13.02514753764754,0.020472106243767052,h
traffic,lightgbm,seasonal_persistence,MAE,27,104,12.797089828772695,12.478787647537647,-0.02550746035796636,h
traffic,lightgbm,seasonal_persistence,MAE,28,104,12.954906118939801,11.70150717338217,-0.10711431672740268,h
traffic,lightgbm,seasonal_persistence,MAE,29,104,14.051057709896204,12.109629693223443,-0.16032100616249112,h
traffic,lightgbm,seasonal_persistence,MAE,30,104,15.522217833469373,12.574634971509969,-0.23440703198444068,h
traffic,lightgbm,seasonal_persistence,MAE,31,104,15.26191091919232,12.746992330586076,-0.19729505779741952,h
traffic,lightgbm,seasonal_persistence,MAE,32,104,16.011359211885896,16.486285358160355,0.02880734719536937,h
traffic,lightgbm,seasonal_persistence,MAE,33,104,15.51647130966147,16.750530372405372,0.07367283514657397,h
traffic,lightgbm,seasonal_persistence,MAE,34,104,15.20498065781387,17.781594042531545,0.144903397218197,h
traffic,lightgbm,seasonal_persistence,MAE,35,104,14.684729755528966,15.719496273402521,0.06582695144146478,h
traffic,lightgbm,seasonal_persistence,MAE,36,104,15.104088432292022,15.513181407712658,0.026370669217936737,h
traffic,lightgbm,seasonal_persistence,MAE,37,104,15.873672106879496,15.421952902421651,-0.029290661650698713,h
traffic,lightgbm,seasonal_persistence,MAE,38,104,15.26499300621305,13.720026009869759,-0.11260671045607995,h
traffic,lightgbm,seasonal_persistence,MAE,39,104,18.741822117643892,19.905196250508748,0.05844575045750289,h
traffic,lightgbm,seasonal_persistence,MAE,40,104,21.34673418758015,26.861882504070003,0.20531503388320682,h
traffic,lightgbm,seasonal_persistence,MAE,41,104,24.860441412650857,27.543975758038258,0.09742726935868196,h
traffic,lightgbm,seasonal_persistence,MAE,42,103,25.109498929104443,27.169531129603946,0.07582141151692123,h
traffic,lightgbm,seasonal_persistence,MAE,43,103,19.629677981734574,16.858683605588947,-0.16436599920690087,h
traffic,lightgbm,seasonal_persistence,MAE,44,103,14.765265657119082,10.00881138593517,-0.47522668654420785,h
traffic,lightgbm,seasonal_persistence,MAE,45,103,14.82362514567193,12.039840499306521,-0.23121441239406382,h
traffic,lightgbm,seasonal_persistence,MAE,46,103,15.093005514479993,13.519215210355986,-0.11641136557382792,h
traffic,lightgbm,seasonal_persistence,MAE,47,103,14.120696273144327,11.89641572918272,-0.18697064683989595,h
traffic,lightgbm,seasonal_persistence,MAE,48,103,14.963642222709552,15.288506511018644,0.021248922389833003,h
traffic,lightgbm,seasonal_persistence,MAE,49,103,14.864659912218528,15.273604689988188,0.02677460796387654,h
traffic,lightgbm,seasonal_persistence,MAE,50,103,14.302041324480122,15.80682083782812,0.0951981128138577,h
traffic,lightgbm,seasonal_persistence,MAE,51,103,13.762819185879332,15.323359403092407,0.10184060662951899,h
traffic,lightgbm,seasonal_persistence,MAE,52,103,14.225475186776542,15.153385858118867,0.061234543885462345,h
traffic,lightgbm,seasonal_persistence,MAE,53,103,15.132139653737585,15.832611278060309,0.044242330719846956,h
traffic,lightgbm,seasonal_persistence,MAE,54,103,16.88846340443514,17.30137765192377,0.023865975056773348,h
traffic,lightgbm,seasonal_persistence,MAE,55,103,16.613355038177104,16.980353290183388,0.021613110500972366,h
traffic,lightgbm,seasonal_persistence,MAE,56,103,16.3268584961313,19.18985462577696,0.14919321617996584,h
traffic,lightgbm,seasonal_persistence,MAE,57,103,17.072197431324717,19.256428507217343,0.11342867007108681,h
traffic,lightgbm,seasonal_persistence,MAE,58,103,14.77076707664164,17.449112600811628,0.15349465531246598,h
traffic,lightgbm,seasonal_persistence,MAE,59,103,13.166971515320185,15.023703254225099,0.12358682193637893,h
traffic,lightgbm,seasonal_persistence,MAE,60,103,14.860311589473834,15.242034275954177,0.02504407742229975,h
traffic,lightgbm,seasonal_persistence,MAE,61,103,16.867964155919676,16.719029318847276,-0.008908103110059518,h
traffic,lightgbm,seasonal_persistence,MAE,62,103,16.519954647364532,14.286154453690866,-0.15636119579377494,h
traffic,lightgbm,seasonal_persistence,MAE,63,103,18.471798885920425,17.183569309600866,-0.07496868392760492,h
traffic,lightgbm,seasonal_persistence,MAE,64,103,20.640120231121198,24.075797824523548,0.14270254379286973,h
traffic,lightgbm,seasonal_persistence,MAE,65,103,24.716720189812083,31.632291827194738,0.2186237935323181,h
traffic,lightgbm,seasonal_persistence,MAE,66,102,27.28522845696361,29.949854756717503,0.08896959004972271,h
traffic,lightgbm,seasonal_persistence,MAE,67,102,18.16181087716494,18.889605054984955,0.03852881919455231,h
traffic,lightgbm,seasonal_persistence,MAE,68,102,16.23540992261028,11.22488425925926,-0.4463765993148574,h
traffic,lightgbm,seasonal_persistence,MAE,69,102,14.422443365071585,11.498543028322441,-0.2542844192996616,h
traffic,lightgbm,seasonal_persistence,MAE,70,102,15.040660314702018,12.548478187571327,-0.19860433192600846,h
traffic,lightgbm,seasonal_persistence,MAE,71,102,13.911552998296305,13.184919662309365,-0.05511094148446771,h
traffic,lightgbm,seasonal_persistence,MAE,72,102,14.683160911031957,15.287932163606182,0.039558734700165576,h
traffic,mlp,seasonal_persistence,MAE,1,105,6.614609286735992,10.528298689846306,0.37173046836947654,h
traffic,mlp,seasonal_persistence,MAE,2,105,7.475624042790938,10.390685941043081,0.28054566510740975,h
traffic,mlp,seasonal_persistence,MAE,3,105,8.147523252846055,10.912011526832956,0.2533435991328403,h
traffic,mlp,seasonal_persistence,MAE,4,105,9.142560760034451,10.975960884353741,0.16703777861788904,h
traffic,mlp,seasonal_persistence,MAE,5,105,10.92957416381051,11.797008062484252,0.07352999117058112,h
traffic,mlp,seasonal_persistence,MAE,6,105,12.998814236345394,13.139147770219198,0.01068056591858113,h
traffic,mlp,seasonal_persistence,MAE,7,105,13.30984002607549,12.831332199546486,-0.037292139201720254,h
traffic,mlp,seasonal_persistence,MAE,8,105,14.29044561129215,15.808717561098515,0.0960401717557704,h
traffic,mlp,seasonal_persistence,MAE,9,105,14.27487909780096,14.708167359536407,0.029459024441580994,h
traffic,mlp,seasonal_persistence,MAE,10,105,15.11475222453934,13.959316263542455,-0.08277167299479671,h
traffic,mlp,seasonal_persistence,MAE,11,105,14.730989946543394,12.855043776769966,-0.1459307492334958,h
traffic,mlp,seasonal_persistence,MAE,12,105,13.050237049859186,12.13406746031746,-0.07550391429237657,h
traffic,mlp,seasonal_persistence,MAE,13,105,13.413907318255038,10.903864638447972,-0.23019752748547861,h
traffic,mlp,seasonal_persistence,MAE,14,105,13.325946360489564,9.936325585789872,-0.34113422969424967,h
traffic,mlp,seasonal_persistence,MAE,15,105,16.083889789970215,16.221626984126985,0.008490960511639667,h
traffic,mlp,seasonal_persistence,MAE,16,105,18.903895320399826,20.78711262282691,0.09059542499226525,h
traffic,mlp,seasonal_persistence,MAE,17,105,23.770555436487626,20.686977828168303,-0.1490588733614142,h
traffic,mlp,seasonal_persistence,MAE,18,104,23.090800104771343,19.528811495217745,-0.18239658928685265,h
traffic,mlp,seasonal_persistence,MAE,19,104,17.142999071330443,14.494249211436712,-0.18274488186692217,h
traffic,mlp,seasonal_persistence,MAE,20,104,17.801181249699425,7.740840900997151,-1.29964437680231,h
traffic,mlp,seasonal_persistence,MAE,21,104,16.589486724562715,10.003408946377697,-0.6583833384688209,h
traffic,mlp,seasonal_persistence,MAE,22,104,15.991503701526248,10.692778604497354,-0.49554239295670666,h
traffic,mlp,seasonal_persistence,MAE,23,104,14.321852971150083,8.97571415852666,-0.595622667812427,h
traffic,mlp,seasonal_persistence,MAE,24,104,14.309801202130899,11.85423471204721,-0.20714677494854628,h
traffic,mlp,seasonal_persistence,MAE,25,104,15.25935302540782,12.789631982600733,-0.19310337046186676,h
traffic,mlp,seasonal_persistence,MAE,26,104,15.306975185645532,13.02514753764754,-0.175186318727113,h
traffic,mlp,seasonal_persistence,MAE,27,104,14.671748073206887,12.478787647537647,-0.1757350543665963,h
traffic,mlp,seasonal_persistence,MAE,28,104,14.554685544270397,11.70150717338217,-0.24382998947165135,h
traffic,mlp,seasonal_persistence,MAE,29,104,15.674504641065587,12.109629693223443,-0.29438348142363524,h
traffic,mlp,seasonal_persistence,MAE,30,104,17.82981270751293,12.574634971509969,-0.4179189096072755,h
traffic,mlp,seasonal_persistence,MAE,31,104,18.123955571763357,12.746992330586076,-0.4218221131486364,h
traffic,mlp,seasonal_persistence,MAE,32,104,18.851552279279737,16.486285358160355,-0.14346876022915778,h
traffic,mlp,seasonal_persistence,MAE,33,104,18.27086068238118,16.750530372405372,-0.09076311472981069,h
traffic,mlp,seasonal_persistence,MAE,34,104,17.994190342753296,17.781594042531545,-0.011955975359309479,h
traffic,mlp,seasonal_persistence,MAE,35,104,16.576152024732327,15.719496273402521,-0.05449638693443837,h
traffic,mlp,seasonal_persistence,MAE,36,104,15.709964071823698,15.513181407712658,-0.012684868367052404,h
traffic,mlp,seasonal_persistence,MAE,37,104,17.018274109344212,15.421952902421651,-0.1035096668381017,h
traffic,mlp,seasonal_persistence,MAE,38,104,17.740243461642926,13.720026009869759,-0.2930182092133897,h
traffic,mlp,seasonal_persistence,MAE,39,104,19.089354741030125,19.905196250508748,0.04098635849710708,h
traffic,mlp,seasonal_persistence,MAE,40,104,20.993870827277593,26.861882504070003,0.21845124502734725,h
traffic,mlp,seasonal_persistence,MAE,41,104,26.62720991687145,27.543975758038258,0.03328371507512906,h
traffic,mlp,seasonal_persistence,MAE,42,103,27.62160535139376,27.169531129603946,-0.016639014476669933,h
traffic,mlp,seasonal_persistence,MAE,43,103,20.32842833993385,16.858683605588947,-0.2058135033268329,h
traffic,mlp,seasonal_persistence,MAE,44,103,20.18525936223317,10.00881138593517,-1.0167489009332717,h
traffic,mlp,seasonal_persistence,MAE,45,103,18.134812254480426,12.039840499306521,-0.50623359632754,h
traffic,mlp,seasonal_persistence,MAE,46,103,18.449343971086307,13.519215210355986,-0.36467566230869264,h
traffic,mlp,seasonal_persistence,MAE,47,103,17.47497966494272,11.89641572918272,-0.46892812614772694,h
traffic,mlp,seasonal_persistence,MAE,48,103,17.506257299248794,15.288506511018644,-0.14506000220700344,h
traffic,mlp,seasonal_persistence,MAE,49,103,17.983153432159515,15.273604689988188,-0.17740073788523736,h
traffic,mlp,seasonal_persistence,MAE,50,103,17.419338404168574,15.80682083782812,-0.10201403450347546,h
traffic,mlp,seasonal_persistence,MAE,51,103,15.670328997197856,15.323359403092407,-0.02264318058319681,h
traffic,mlp,seasonal_persistence,MAE,52,103,15.476478468149507,15.153385858118867,-0.021321479770643803,h
traffic,mlp,seasonal_persistence,MAE,53,103,18.890374740638286,15.832611278060309,-0.19313071033425833,h
traffic,mlp,seasonal_persistence,MAE,54,103,19.386891532070226,17.30137765192377,-0.12054033627284966,h
traffic,mlp,seasonal_persistence,MAE,55,103,19.590255543095957,16.980353290183388,-0.15370129280062717,h
traffic,mlp,seasonal_persistence,MAE,56,103,19.050894857596834,19.18985462577696,0.0072413142720459955,h
traffic,mlp,seasonal_persistence,MAE,57,103,18.46406156897877,19.256428507217343,0.041148177500391236,h
traffic,mlp,seasonal_persistence,MAE,58,103,16.304339090030286,17.449112600811628,0.06560640285673291,h
traffic,mlp,seasonal_persistence,MAE,59,103,14.874292878226735,15.023703254225099,0.009944976512787917,h
traffic,mlp,seasonal_persistence,MAE,60,103,15.236934744558976,15.242034275954177,0.0003345702616117663,h
traffic,mlp,seasonal_persistence,MAE,61,103,17.215875726464294,16.719029318847276,-0.029717419483015428,h
traffic,mlp,seasonal_persistence,MAE,62,103,17.078902507543447,14.286154453690866,-0.19548634049179459,h
traffic,mlp,seasonal_persistence,MAE,63,103,19.21250866185674,17.183569309600866,-0.11807438348226396,h
traffic,mlp,seasonal_persistence,MAE,64,103,21.05061026306601,24.075797824523548,0.1256526401952126,h
traffic,mlp,seasonal_persistence,MAE,65,103,27.658199565176858,31.632291827194738,0.12563402878704144,h
traffic,mlp,seasonal_persistence,MAE,66,102,29.35651219616151,29.949854756717503,0.01981119993321201,h
traffic,mlp,seasonal_persistence,MAE,67,102,19.16455905387996,18.889605054984955,-0.014555836296981983,h
traffic,mlp,seasonal_persistence,MAE,68,102,18.6279057835578,11.22488425925926,-0.659518740087844,h
traffic,mlp,seasonal_persistence,MAE,69,102,16.93391284872253,11.498543028322441,-0.4727007419124363,h
traffic,mlp,seasonal_persistence,MAE,70,102,18.142606496570092,12.548478187571327,-0.4458013334668329,h
traffic,mlp,seasonal_persistence,MAE,71,102,17.149186407731563,13.184919662309365,-0.3006667349482999,h
traffic,mlp,seasonal_persistence,MAE,72,102,16.532482322766164,15.287932163606182,-0.08140735750533401,h
traffic,ridge,seasonal_persistence,MAE,1,105,5.174783828926537,10.528298689846306,0.508488125064575,h
traffic,ridge,seasonal_persistence,MAE,2,105,6.778106993849107,10.390685941043081,0.34767473174454555,h
traffic,ridge,seasonal_persistence,MAE,3,105,7.621172217868862,10.912011526832956,0.30157953012346284,h
traffic,ridge,seasonal_persistence,MAE,4,105,8.550357525977011,10.975960884353741,0.22099234717886374,h
traffic,ridge,seasonal_persistence,MAE,5,105,10.293976923042111,11.797008062484252,0.1274078250587911,h
traffic,ridge,seasonal_persistence,MAE,6,105,12.2416707560925,13.139147770219198,0.06830557276788474,h
traffic,ridge,seasonal_persistence,MAE,7,105,13.18970731874266,12.831332199546486,-0.027929689109665423,h
traffic,ridge,seasonal_persistence,MAE,8,105,14.070435379990109,15.808717561098515,0.1099571913022157,h
traffic,ridge,seasonal_persistence,MAE,9,105,14.190068840228637,14.708167359536407,0.035225226001514565,h
traffic,ridge,seasonal_persistence,MAE,10,105,14.8148442831228,13.959316263542455,-0.0612872438326173,h
traffic,ridge,seasonal_persistence,MAE,11,105,13.96906205333726,12.855043776769966,-0.08666001422573211,h
traffic,ridge,seasonal_persistence,MAE,12,105,12.646629755529325,12.13406746031746,-0.042241589383619216,h
traffic,ridge,seasonal_persistence,MAE,13,105,12.47550994301982,10.903864638447972,-0.14413653843703167,h
traffic,ridge,seasonal_persistence,MAE,14,105,12.958550840873304,9.936325585789872,-0.3041592416622876,h
traffic,ridge,seasonal_persistence,MAE,15,105,15.639228490446987,16.221626984126985,0.035902594372924534,h
traffic,ridge,seasonal_persistence,MAE,16,105,18.10311026804277,20.78711262282691,0.1291185747383099,h
traffic,ridge,seasonal_persistence,MAE,17,105,24.009464802506535,20.686977828168303,-0.16060765385527653,h
traffic,ridge,seasonal_persistence,MAE,18,104,23.97067097187576,19.528811495217745,-0.22745160286614197,h
traffic,ridge,seasonal_persistence,MAE,19,104,15.173821369779064,14.494249211436712,-0.04688564053432542,h
traffic,ridge,seasonal_persistence,MAE,20,104,14.929311268588481,7.740840900997151,-0.9286420505897923,h
traffic,ridge,seasonal_persistence,MAE,21,104,13.413391748156899,10.003408946377697,-0.34088207530633663,h
traffic,ridge,seasonal_persistence,MAE,22,104,13.04954315914426,10.692778604497354,-0.2204071216489658,h
traffic,ridge,seasonal_persistence,MAE,23,104,11.623851812596941,8.97571415852666,-0.2950336438192642,h
traffic,ridge,seasonal_persistence,MAE,24,104,12.24374317947962,11.85423471204721,-0.03285817067858132,h
traffic,ridge,seasonal_persistence,MAE,25,104,12.784452701375857,12.789631982600733,0.0004049593633281834,h
traffic,ridge,seasonal_persistence,MAE,26,104,12.352989026184586,13.02514753764754,0.05160467545723868,h
traffic,ridge,seasonal_persistence,MAE,27,104,12.376668160978532,12.478787647537647,0.008183446136233119,h
traffic,ridge,seasonal_persistence,MAE,28,104,12.386834730194762,11.70150717338217,-0.058567460298749374,h
traffic,ridge,seasonal_persistence,MAE,29,104,14.706167559675764,12.109629693223443,-0.2144192623747483,h
traffic,ridge,seasonal_persistence,MAE,30,104,16.68190847276856,12.574634971509969,-0.32663162871640683,h
traffic,ridge,seasonal_persistence,MAE,31,104,16.940803334193962,12.746992330586076,-0.3290039638248581,h
traffic,ridge,seasonal_persistence,MAE,32,104,17.75345139562033,16.486285358160355,-0.07686182847931566,h
traffic,ridge,seasonal_persistence,MAE,33,104,16.966736996984032,16.750530372405372,-0.012907449482007838,h
traffic,ridge,seasonal_persistence,MAE,34,104,16.02913367867399,17.781594042531545,0.09855473922449642,h
traffic,ridge,seasonal_persistence,MAE,35,104,14.706717220673053,15.719496273402521,0.06442821290928369,h
traffic,ridge,seasonal_persistence,MAE,36,104,14.324386579997894,15.513181407712658,0.07663127223689481,h
traffic,ridge,seasonal_persistence,MAE,37,104,15.375960349666553,15.421952902421651,0.0029822781230175455,h
traffic,ridge,seasonal_persistence,MAE,38,104,15.601760086964276,13.720026009869759,-0.13715236951743792,h
traffic,ridge,seasonal_persistence,MAE,39,104,17.632826655182555,19.905196250508748,0.11415961775649985,h
traffic,ridge,seasonal_persistence,MAE,40,104,20.21372629821555,26.861882504070003,0.24749405425502657,h
traffic,ridge,seasonal_persistence,MAE,41,104,25.783806855590633,27.543975758038258,0.06390395191710652,h
traffic,ridge,seasonal_persistence,MAE,42,103,27.00905632645401,27.169531129603946,0.005906425193148879,h
traffic,ridge,seasonal_persistence,MAE,43,103,17.380452782767485,16.858683605588947,-0.030949580013801326,h
traffic,ridge,seasonal_persistence,MAE,44,103,16.31648312166301,10.00881138593517,-0.630211869572411,h
traffic,ridge,seasonal_persistence,MAE,45,103,15.573404834051097,12.039840499306521,-0.29348929788132194,h
traffic,ridge,seasonal_persistence,MAE,46,103,15.947032885459796,13.519215210355986,-0.17958273740949515,h
traffic,ridge,seasonal_persistence,MAE,47,103,14.75049417187225,11.89641572918272,-0.23991078553923417,h
traffic,ridge,seasonal_persistence,MAE,48,103,15.020156442047071,15.288506511018644,0.017552405709358787,h
traffic,ridge,seasonal_persistence,MAE,49,103,15.399841433435064,15.273604689988188,-0.008265026233762907,h
traffic,ridge,seasonal_persistence,MAE,50,103,14.356183867486196,15.80682083782812,0.09177284826752319,h
traffic,ridge,seasonal_persistence,MAE,51,103,13.150945010177084,15.323359403092407,0.14177141811846483,h
traffic,ridge,seasonal_persistence,MAE,52,103,13.191835454802833,15.153385858118867,0.12944634431420332,h
traffic,ridge,seasonal_persistence,MAE,53,103,15.515135912867274,15.832611278060309,0.02005199013715253,h
traffic,ridge,seasonal_persistence,MAE,54,103,17.835671782197483,17.30137765192377,-0.030881594577198523,h
traffic,ridge,seasonal_persistence,MAE,55,103,18.19244918101222,16.980353290183388,-0.07138225395637465,h
traffic,ridge,seasonal_persistence,MAE,56,103,18.85575913203725,19.18985462577696,0.017410006498482455,h
traffic,ridge,seasonal_persistence,MAE,57,103,18.323798230103943,19.256428507217343,0.04843215224276132,h
traffic,ridge,seasonal_persistence,MAE,58,103,16.421287040472432,17.449112600811628,0.058904173745281896,h
traffic,ridge,seasonal_persistence,MAE,59,103,14.730761090653694,15.023703254225099,0.01949866544981327,h
traffic,ridge,seasonal_persistence,MAE,60,103,14.625688143959138,15.242034275954177,0.04043726190587216,h
traffic,ridge,seasonal_persistence,MAE,61,103,16.027788732042794,16.719029318847276,0.04134454062026505,h
traffic,ridge,seasonal_persistence,MAE,62,103,15.51163336242064,14.286154453690866,-0.08578088055132072,h
traffic,ridge,seasonal_persistence,MAE,63,103,16.96156138178067,17.183569309600866,0.0129197795766538,h
traffic,ridge,seasonal_persistence,MAE,64,103,19.7582214794276,24.075797824523548,0.17933263838501234,h
traffic,ridge,seasonal_persistence,MAE,65,103,26.324647795830465,31.632291827194738,0.1677919532470048,h
traffic,ridge,seasonal_persistence,MAE,66,102,27.487855155810767,29.949854756717503,0.08220405811332121,h
traffic,ridge,seasonal_persistence,MAE,67,102,17.47735330356542,18.889605054984955,0.07476343456142531,h
traffic,ridge,seasonal_persistence,MAE,68,102,16.81952861632351,11.22488425925926,-0.49841443598398794,h
traffic,ridge,seasonal_persistence,MAE,69,102,16.00575092874005,11.498543028322441,-0.39198078307101647,h
traffic,ridge,seasonal_persistence,MAE,70,102,16.18534402512985,12.548478187571327,-0.28982525077508337,h
traffic,ridge,seasonal_persistence,MAE,71,102,15.189480021482188,13.184919662309365,-0.15203432485850432,h
traffic,ridge,seasonal_persistence,MAE,72,102,14.914540990017553,15.287932163606182,0.024423916170789206,h
traffic,extratrees,seasonal_persistence,RMSE,1,105,10.51732772810406,22.95418343918574,0.5418121600374757,h
traffic,extratrees,seasonal_persistence,RMSE,2,105,12.624716509798239,22.456071681729576,0.4378038737705936,h
traffic,extratrees,seasonal_persistence,RMSE,3,105,13.544444735703857,22.792673819108686,0.4057544611396753,h
traffic,extratrees,seasonal_persistence,RMSE,4,105,14.968152871841202,23.602999662223713,0.3658368391286497,h
traffic,extratrees,seasonal_persistence,RMSE,5,105,18.449740662266905,26.305407562153725,0.2986331567502103,h
traffic,extratrees,seasonal_persistence,RMSE,6,105,19.732236465942126,28.45786142137575,0.30661562463297,h
traffic,extratrees,seasonal_persistence,RMSE,7,105,20.454513911413848,27.753978246305866,0.26300605520808884,h
traffic,extratrees,seasonal_persistence,RMSE,8,105,21.072746509623034,28.830160665620653,0.26907287288371473,h
traffic,extratrees,seasonal_persistence,RMSE,9,105,20.392496816070476,27.757963542307845,0.2653460768118363,h
traffic,extratrees,seasonal_persistence,RMSE,10,105,20.525776699612507,26.383647056270807,0.22202655850287434,h
traffic,extratrees,seasonal_persistence,RMSE,11,105,21.056612198170285,25.186407180208796,0.16396919784905484,h
traffic,extratrees,seasonal_persistence,RMSE,12,105,19.790612301668396,23.951294927953214,0.1737143080906638,h
traffic,extratrees,seasonal_persistence,RMSE,13,105,19.534342231113634,22.46604070984938,0.13049466599828852,h
traffic,extratrees,seasonal_persistence,RMSE,14,105,19.09128440273711,20.382484015609133,0.063348491375399,h
traffic,extratrees,seasonal_persistence,RMSE,15,105,20.89135903267969,26.379405239861605,0.20804283331183648,h
traffic,extratrees,seasonal_persistence,RMSE,16,105,24.42826542087462,30.000281006095506,0.18573211311216564,h
traffic,extratrees,seasonal_persistence,RMSE,17,105,26.502206786802926,28.5510618420117,0.07176108078032906,h
traffic,extratrees,seasonal_persistence,RMSE,18,104,27.037459843566776,28.45959207889062,0.049970225552835146,h
traffic,extratrees,seasonal_persistence,RMSE,19,104,22.544181075114203,23.03172084099214,0.021168186660642685,h
traffic,extratrees,seasonal_persistence,RMSE,20,104,22.256919262105377,20.082279470023668,-0.10828650180512334,h
traffic,extratrees,seasonal_persistence,RMSE,21,104,21.315422886155947,23.351133913931076,0.08717825161204018,h
traffic,extratrees,seasonal_persistence,RMSE,22,104,21.96177981966886,24.78859971686948,0.11403709485360225,h
traffic,extratrees,seasonal_persistence,RMSE,23,104,20.613846985673714,21.738266936803093,0.051725372330658326,h
traffic,extratrees,seasonal_persistence,RMSE,24,104,20.87587702021764,23.66552494879012,0.1178781343160148,h
traffic,extratrees,seasonal_persistence,RMSE,25,104,20.721538067392135,25.24933386555778,0.1793233763026889,h
traffic,extratrees,seasonal_persistence,RMSE,26,104,21.510150100524342,24.846053894190177,0.13426292190591593,h
traffic,extratrees,seasonal_persistence,RMSE,27,104,21.493451724912617,24.429933182927414,0.12020014283407554,h
traffic,extratrees,seasonal_persistence,RMSE,28,104,21.27843442085227,24.173447309208136,0.11976003469116703,h
traffic,extratrees,seasonal_persistence,RMSE,29,104,23.024239308119206,26.663687345667874,0.13649455119867282,h
traffic,extratrees,seasonal_persistence,RMSE,30,104,23.989143326436782,27.740812793521645,0.13524007010930106,h
traffic,extratrees,seasonal_persistence,RMSE,31,104,24.35024501487863,27.72408624164206,0.12169350496738318,h
traffic,extratrees,seasonal_persistence,RMSE,32,104,24.915484517674933,29.81169324439713,0.16423786084818914,h
traffic,extratrees,seasonal_persistence,RMSE,33,104,25.236199090601886,29.966342964721367,0.15784855294782418,h
traffic,extratrees,seasonal_persistence,RMSE,34,104,25.008119176659235,30.401475649736952,0.17740443046962373,h
traffic,extratrees,seasonal_persistence,RMSE,35,104,23.2318912153815,28.621412208342203,0.18830381092760462,h
traffic,extratrees,seasonal_persistence,RMSE,36,104,24.11400350354546,27.555334594153205,0.12488801683206341,h
traffic,extratrees,seasonal_persistence,RMSE,37,104,22.981282781310387,27.93507116369001,0.1773322270543758,h
traffic,extratrees,seasonal_persistence,RMSE,38,104,21.623002568511556,25.390686142872188,0.14838841113469936,h
traffic,extratrees,seasonal_persistence,RMSE,39,104,24.583595572918224,30.048137164525297,0.18185957957016008,h
traffic,extratrees,seasonal_persistence,RMSE,40,104,25.8435475539889,34.36285928236252,0.24792208524819537,h
traffic,extratrees,seasonal_persistence,RMSE,41,104,27.989688206793293,33.82104279579051,0.17241794181825199,h
traffic,extratrees,seasonal_persistence,RMSE,42,103,29.161959575285703,34.20246091851675,0.147372475777092,h
traffic,extratrees,seasonal_persistence,RMSE,43,103,24.786807404304003,25.349654226994957,0.022203333333500663,h
traffic,extratrees,seasonal_persistence,RMSE,44,103,23.31516886711541,23.60525963180377,0.012289242703245384,h
traffic,extratrees,seasonal_persistence,RMSE,45,103,23.593047638454127,25.781810464162607,0.08489562161473951,h
traffic,extratrees,seasonal_persistence,RMSE,46,103,24.366460324174295,28.187565709869684,0.1355599637452004,h
traffic,extratrees,seasonal_persistence,RMSE,47,103,23.95151145959345,25.32726996830978,0.05431925787649894,h
traffic,extratrees,seasonal_persistence,RMSE,48,103,23.72365317794924,27.149399251052554,0.12618128458111277,h
traffic,extratrees,seasonal_persistence,RMSE,49,103,23.556901412991667,27.551974788926437,0.14500134406120502,h
traffic,extratrees,seasonal_persistence,RMSE,50,103,23.35693552649763,27.536971012868506,0.1517972141677265,h
traffic,extratrees,seasonal_persistence,RMSE,51,103,22.514527972810104,27.261877872035306,0.1741387706858939,h
traffic,extratrees,seasonal_persistence,RMSE,52,103,21.984542065707583,28.103870009912356,0.21773969001587534,h
traffic,extratrees,seasonal_persistence,RMSE,53,103,23.36003124596679,30.844706287322474,0.24265671300724845,h
traffic,extratrees,seasonal_persistence,RMSE,54,103,25.8781087164353,32.8516619383076,0.21227398586311985,h
traffic,extratrees,seasonal_persistence,RMSE,55,103,25.319326360004165,32.27432577082172,0.2154963502631979,h
traffic,extratrees,seasonal_persistence,RMSE,56,103,25.91392883133228,32.57099377038017,0.20438630107447864,h
traffic,extratrees,seasonal_persistence,RMSE,57,103,25.67541423856939,32.42453982961731,0.2081486931352874,h
traffic,extratrees,seasonal_persistence,RMSE,58,103,22.915935809484157,30.27419720473131,0.24305388993427013,h
traffic,extratrees,seasonal_persistence,RMSE,59,103,21.9452433306742,27.836506473186812,0.21163802103497809,h
traffic,extratrees,seasonal_persistence,RMSE,60,103,22.67848199126706,27.464402035473974,0.17425902948934602,h
traffic,extratrees,seasonal_persistence,RMSE,61,103,25.196083035170062,29.454928010545476,0.14458853791293125,h
traffic,extratrees,seasonal_persistence,RMSE,62,103,23.637864783472462,26.36168538112568,0.10332497935065288,h
traffic,extratrees,seasonal_persistence,RMSE,63,103,25.176425864188246,27.34079118608686,0.0791624977919444,h
traffic,extratrees,seasonal_persistence,RMSE,64,103,25.656929589134283,31.676942031112233,0.1900439896018138,h
traffic,extratrees,seasonal_persistence,RMSE,65,103,28.448119092789447,35.607315531222945,0.20105970729963685,h
traffic,extratrees,seasonal_persistence,RMSE,66,102,29.480458666167273,35.765321294122415,0.1757250431576014,h
traffic,extratrees,seasonal_persistence,RMSE,67,102,24.22225191800737,26.785359112480325,0.09569060409866614,h
traffic,extratrees,seasonal_persistence,RMSE,68,102,24.076170535868723,25.14924225605815,0.04266815315005912,h
traffic,extratrees,seasonal_persistence,RMSE,69,102,23.71023785848231,25.14765575568211,0.057159120960012966,h
traffic,extratrees,seasonal_persistence,RMSE,70,102,24.801991010596467,27.17714026871248,0.08739511348993512,h
traffic,extratrees,seasonal_persistence,RMSE,71,102,23.02783434432401,26.70181078447138,0.13759278236980077,h
traffic,extratrees,seasonal_persistence,RMSE,72,102,21.950617150886217,26.87743954324935,0.1833069844482479,h
traffic,knn,seasonal_persistence,RMSE,1,105,9.608197055800234,22.95418343918574,0.5814184773221858,h
traffic,knn,seasonal_persistence,RMSE,2,105,11.765228389992004,22.456071681729576,0.4760780711452627,h
traffic,knn,seasonal_persistence,RMSE,3,105,13.783137067278613,22.792673819108686,0.3952821342214248,h
traffic,knn,seasonal_persistence,RMSE,4,105,15.50652923107747,23.602999662223713,0.34302718074027416,h
traffic,knn,seasonal_persistence,RMSE,5,105,18.656634025766532,26.305407562153725,0.29076810607533343,h
traffic,knn,seasonal_persistence,RMSE,6,105,19.845512990110507,28.45786142137575,0.3026351243947021,h
traffic,knn,seasonal_persistence,RMSE,7,105,19.710011577460524,27.753978246305866,0.28983112249560183,h
traffic,knn,seasonal_persistence,RMSE,8,105,20.00204096317187,28.830160665620653,0.3062112558039306,h
traffic,knn,seasonal_persistence,RMSE,9,105,20.779497478298698,27.757963542307845,0.25140410799130786,h
traffic,knn,seasonal_persistence,RMSE,10,105,21.97172536386173,26.383647056270807,0.16722182808917097,h
traffic,knn,seasonal_persistence,RMSE,11,105,22.36514736648737,25.186407180208796,0.11201517523064353,h
traffic,knn,seasonal_persistence,RMSE,12,105,20.25291667037914,23.951294927953214,0.15441245530561065,h
traffic,knn,seasonal_persistence,RMSE,13,105,20.811419631403034,22.46604070984938,0.07364987448460114,h
traffic,knn,seasonal_persistence,RMSE,14,105,19.415051793954408,20.382484015609133,0.04746390189310856,h
traffic,knn,seasonal_persistence,RMSE,15,105,21.667741139742716,26.379405239861605,0.1786114606177378,h
traffic,knn,seasonal_persistence,RMSE,16,105,25.40089613497858,30.000281006095506,0.15331139298936614,h
traffic,knn,seasonal_persistence,RMSE,17,105,28.142048391888476,28.5510618420117,0.014325682609862667,h
traffic,knn,seasonal_persistence,RMSE,18,104,27.75027639073082,28.45959207889062,0.024923606993155767,h
traffic,knn,seasonal_persistence,RMSE,19,104,22.87093398213307,23.03172084099214,0.006981104884394851,h
traffic,knn,seasonal_persistence,RMSE,20,104,21.860342722098338,20.082279470023668,-0.08853891585010265,h
traffic,knn,seasonal_persistence,RMSE,21,104,21.65351558411754,23.351133913931076,0.07269961005194492,h
traffic,knn,seasonal_persistence,RMSE,22,104,22.948225382068788,24.78859971686948,0.07424277110530997,h
traffic,knn,seasonal_persistence,RMSE,23,104,20.68339085465882,21.738266936803093,0.04852622728440037,h
traffic,knn,seasonal_persistence,RMSE,24,104,20.991568171011988,23.66552494879012,0.11298953999813288,h
traffic,knn,seasonal_persistence,RMSE,25,104,21.09740352137671,25.24933386555778,0.16443722302886787,h
traffic,knn,seasonal_persistence,RMSE,26,104,22.75076606939236,24.846053894190177,0.08433080897758838,h
traffic,knn,seasonal_persistence,RMSE,27,104,24.37445588413786,24.429933182927414,0.0022708739468974004,h
traffic,knn,seasonal_persistence,RMSE,28,104,23.572958513625856,24.173447309208136,0.024840842429351917,h
traffic,knn,seasonal_persistence,RMSE,29,104,24.599350022016182,26.663687345667874,0.07742129949581378,h
traffic,knn,seasonal_persistence,RMSE,30,104,26.516055231395306,27.740812793521645,0.04415002441501492,h
traffic,knn,seasonal_persistence,RMSE,31,104,26.31048470940599,27.72408624164206,0.05098821003206999,h
traffic,knn,seasonal_persistence,RMSE,32,104,26.886860106052865,29.81169324439713,0.09811026547088075,h
traffic,knn,seasonal_persistence,RMSE,33,104,26.923643114621083,29.966342964721367,0.10153724308910095,h
traffic,knn,seasonal_persistence,RMSE,34,104,25.43019464846351,30.401475649736952,0.16352104281215896,h
traffic,knn,seasonal_persistence,RMSE,35,104,23.75789511403584,28.621412208342203,0.16992582542411405,h
traffic,knn,seasonal_persistence,RMSE,36,104,24.269096366348066,27.555334594153205,0.11925960167808758,h
traffic,knn,seasonal_persistence,RMSE,37,104,23.917144438088467,27.93507116369001,0.14383091068778242,h
traffic,knn,seasonal_persistence,RMSE,38,104,23.735857294686394,25.390686142872188,0.0651746407668603,h
traffic,knn,seasonal_persistence,RMSE,39,104,26.763334360312836,30.048137164525297,0.10931801815955788,h
traffic,knn,seasonal_persistence,RMSE,40,104,28.183225203538733,34.36285928236252,0.1798346880288748,h
traffic,knn,seasonal_persistence,RMSE,41,104,30.880143938216104,33.82104279579051,0.08695470672892558,h
traffic,knn,seasonal_persistence,RMSE,42,103,30.75853490851567,34.20246091851675,0.10069234544864525,h
traffic,knn,seasonal_persistence,RMSE,43,103,24.933027697375696,25.349654226994957,0.01643519575803898,h
traffic,knn,seasonal_persistence,RMSE,44,103,24.2818278340112,23.60525963180377,-0.02866175643736102,h
traffic,knn,seasonal_persistence,RMSE,45,103,24.434960427928598,25.781810464162607,0.05224032028728809,h
traffic,knn,seasonal_persistence,RMSE,46,103,25.598274648156426,28.187565709869684,0.09185933572144667,h
traffic,knn,seasonal_persistence,RMSE,47,103,24.840846642351746,25.32726996830978,0.019205517474511047,h
traffic,knn,seasonal_persistence,RMSE,48,103,23.947630629549987,27.149399251052554,0.11793147214402677,h
traffic,knn,seasonal_persistence,RMSE,49,103,24.47231421963773,27.551974788926437,0.11177640052597859,h
traffic,knn,seasonal_persistence,RMSE,50,103,24.581249659349474,27.536971012868506,0.10733647328668683,h
traffic,knn,seasonal_persistence,RMSE,51,103,23.466606373389755,27.261877872035306,0.13921533639245975,h
traffic,knn,seasonal_persistence,RMSE,52,103,23.90866264340139,28.103870009912356,0.14927507724136568,h
traffic,knn,seasonal_persistence,RMSE,53,103,25.500754051242946,30.844706287322474,0.1732534648344488,h
traffic,knn,seasonal_persistence,RMSE,54,103,26.756558901218746,32.8516619383076,0.18553408495846868,h
traffic,knn,seasonal_persistence,RMSE,55,103,26.166180835010312,32.27432577082172,0.18925708872076896,h
traffic,knn,seasonal_persistence,RMSE,56,103,27.053838502896472,32.57099377038017,0.1693886071262879,h
traffic,knn,seasonal_persistence,RMSE,57,103,26.39917605439979,32.42453982961731,0.18582727177869818,h
traffic,knn,seasonal_persistence,RMSE,58,103,23.842612626627297,30.27419720473131,0.2124444303051204,h
traffic,knn,seasonal_persistence,RMSE,59,103,23.107749598113966,27.836506473186812,0.16987608986162706,h
traffic,knn,seasonal_persistence,RMSE,60,103,22.627431787096928,27.464402035473974,0.17611780668406496,h
traffic,knn,seasonal_persistence,RMSE,61,103,25.205374850031188,29.454928010545476,0.14427307915988996,h
traffic,knn,seasonal_persistence,RMSE,62,103,23.84908006449569,26.36168538112568,0.09531277231724167,h
traffic,knn,seasonal_persistence,RMSE,63,103,25.896950902220947,27.34079118608686,0.05280901617070444,h
traffic,knn,seasonal_persistence,RMSE,64,103,27.438943273274198,31.676942031112233,0.13378812745484048,h
traffic,knn,seasonal_persistence,RMSE,65,103,29.81191053359649,35.607315531222945,0.162758829503579,h
traffic,knn,seasonal_persistence,RMSE,66,102,29.626565246837064,35.765321294122415,0.1716398965579593,h
traffic,knn,seasonal_persistence,RMSE,67,102,22.115873092398804,26.785359112480325,0.17432978966131651,h
traffic,knn,seasonal_persistence,RMSE,68,102,22.732072585917084,25.14924225605815,0.09611302183702175,h
traffic,knn,seasonal_persistence,RMSE,69,102,23.12354279078973,25.14765575568211,0.08048913125570478,h
traffic,knn,seasonal_persistence,RMSE,70,102,25.045894675428386,27.17714026871248,0.07842052446326297,h
traffic,knn,seasonal_persistence,RMSE,71,102,23.232325635639175,26.70181078447138,0.12993445189304942,h
traffic,knn,seasonal_persistence,RMSE,72,102,22.052708912130353,26.87743954324935,0.179508566035666,h
traffic,lightgbm,seasonal_persistence,RMSE,1,105,10.412717104596322,22.95418343918574,0.5463695264009925,h
traffic,lightgbm,seasonal_persistence,RMSE,2,105,12.402975616619534,22.456071681729576,0.4476783031152022,h
traffic,lightgbm,seasonal_persistence,RMSE,3,105,13.2849996880771,22.792673819108686,0.4171372874673721,h
traffic,lightgbm,seasonal_persistence,RMSE,4,105,15.956256492850354,23.602999662223713,0.3239733626574537,h
traffic,lightgbm,seasonal_persistence,RMSE,5,105,17.766386238706115,26.305407562153725,0.3246108733830424,h
traffic,lightgbm,seasonal_persistence,RMSE,6,105,18.800394884838703,28.45786142137575,0.3393602348939323,h
traffic,lightgbm,seasonal_persistence,RMSE,7,105,19.211732151250718,27.753978246305866,0.3077845640450535,h
traffic,lightgbm,seasonal_persistence,RMSE,8,105,19.56482325906798,28.830160665620653,0.3213765443076906,h
traffic,lightgbm,seasonal_persistence,RMSE,9,105,19.955645748019045,27.757963542307845,0.2810839412767707,h
traffic,lightgbm,seasonal_persistence,RMSE,10,105,19.999089084130713,26.383647056270807,0.24198921242856097,h
traffic,lightgbm,seasonal_persistence,RMSE,11,105,20.42387279582627,25.186407180208796,0.18909145517685721,h
traffic,lightgbm,seasonal_persistence,RMSE,12,105,19.703919870428344,23.951294927953214,0.17733383812028547,h
traffic,lightgbm,seasonal_persistence,RMSE,13,105,20.279516364725016,22.46604070984938,0.09732575371706531,h
traffic,lightgbm,seasonal_persistence,RMSE,14,105,19.92329778214191,20.382484015609133,0.022528472639329666,h
traffic,lightgbm,seasonal_persistence,RMSE,15,105,21.55638800737311,26.379405239861605,0.18283267528717795,h
traffic,lightgbm,seasonal_persistence,RMSE,16,105,23.744838033965113,30.000281006095506,0.20851281262530175,h
traffic,lightgbm,seasonal_persistence,RMSE,17,105,25.295391584515766,28.5510618420117,0.11402974346492956,h
traffic,lightgbm,seasonal_persistence,RMSE,18,104,26.731244591238745,28.45959207889062,0.06072987563774124,h
traffic,lightgbm,seasonal_persistence,RMSE,19,104,22.756570880729228,23.03172084099214,0.011946565441744883,h
traffic,lightgbm,seasonal_persistence,RMSE,20,104,21.291676294802862,20.082279470023668,-0.06022208915996963,h
traffic,lightgbm,seasonal_persistence,RMSE,21,104,20.611995950445213,23.351133913931076,0.11730213931288869,h
traffic,lightgbm,seasonal_persistence,RMSE,22,104,21.34509355115887,24.78859971686948,0.1389149127034871,h
traffic,lightgbm,seasonal_persistence,RMSE,23,104,19.675653381745793,21.738266936803093,0.09488399241087964,h
traffic,lightgbm,seasonal_persistence,RMSE,24,104,19.941594375775164,23.66552494879012,0.15735677028391204,h
traffic,lightgbm,seasonal_persistence,RMSE,25,104,19.97669200020347,25.24933386555778,0.20882300869515757,h
traffic,lightgbm,seasonal_persistence,RMSE,26,104,20.02203807465852,24.846053894190177,0.19415621651934312,h
traffic,lightgbm,seasonal_persistence,RMSE,27,104,20.75543137532856,24.429933182927414,0.15040981815565257,h
traffic,lightgbm,seasonal_persistence,RMSE,28,104,20.804343838023616,24.173447309208136,0.13937207333689483,h
traffic,lightgbm,seasonal_persistence,RMSE,29,104,23.018797015320914,26.663687345667874,0.13669865998256825,h
traffic,lightgbm,seasonal_persistence,RMSE,30,104,24.95121787675044,27.740812793521645,0.10055923514334308,h
traffic,lightgbm,seasonal_persistence,RMSE,31,104,24.051202037071512,27.72408624164206,0.13247990114292063,h
traffic,lightgbm,seasonal_persistence,RMSE,32,104,24.872187307511552,29.81169324439713,0.1656902174724315,h
traffic,lightgbm,seasonal_persistence,RMSE,33,104,24.87629689933825,29.966342964721367,0.16985876692980195,h
traffic,lightgbm,seasonal_persistence,RMSE,34,104,24.20675697652135,30.401475649736952,0.20376374964776423,h
traffic,lightgbm,seasonal_persistence,RMSE,35,104,23.854890030346034,28.621412208342203,0.1665369319759451,h
traffic,lightgbm,seasonal_persistence,RMSE,36,104,24.012454466389237,27.555334594153205,0.1285732936995695,h
traffic,lightgbm,seasonal_persistence,RMSE,37,104,24.8750298159711,27.93507116369001,0.10954120466663964,h
traffic,lightgbm,seasonal_persistence,RMSE,38,104,23.50038068001316,25.390686142872188,0.0744487743349026,h
traffic,lightgbm,seasonal_persistence,RMSE,39,104,25.012132455147277,30.048137164525297,0.16759790072189584,h
traffic,lightgbm,seasonal_persistence,RMSE,40,104,26.50702283861994,34.36285928236252,0.2286141668011532,h
traffic,lightgbm,seasonal_persistence,RMSE,41,104,28.832759776725105,33.82104279579051,0.14749051497862942,h
traffic,lightgbm,seasonal_persistence,RMSE,42,103,29.48275257358193,34.20246091851675,0.13799323844500422,h
traffic,lightgbm,seasonal_persistence,RMSE,43,103,25.60300278353362,25.349654226994957,-0.00999416221894145,h
traffic,lightgbm,seasonal_persistence,RMSE,44,103,23.620889008362315,23.60525963180377,-0.000662114156011695,h
traffic,lightgbm,seasonal_persistence,RMSE,45,103,23.797470808561258,25.781810464162607,0.0769666528407551,h
traffic,lightgbm,seasonal_persistence,RMSE,46,103,24.4665006379419,28.187565709869684,0.13201086997820743,h
traffic,lightgbm,seasonal_persistence,RMSE,47,103,23.192865092093985,25.32726996830978,0.08427299424242818,h
traffic,lightgbm,seasonal_persistence,RMSE,48,103,23.67257687137866,27.149399251052554,0.12806258980257557,h
traffic,lightgbm,seasonal_persistence,RMSE,49,103,23.730006983178242,27.551974788926437,0.13871847063696874,h
traffic,lightgbm,seasonal_persistence,RMSE,50,103,23.34846003434431,27.536971012868506,0.15210500009484818,h
traffic,lightgbm,seasonal_persistence,RMSE,51,103,22.810273041554442,27.261877872035306,0.16329046925440271,h
traffic,lightgbm,seasonal_persistence,RMSE,52,103,22.706174810779707,28.103870009912356,0.192062345763372,h
traffic,lightgbm,seasonal_persistence,RMSE,53,103,24.040778208706737,30.844706287322474,0.22058657376200175,h
traffic,lightgbm,seasonal_persistence,RMSE,54,103,25.145095625590287,32.8516619383076,0.2345868019459575,h
traffic,lightgbm,seasonal_persistence,RMSE,55,103,24.715132932558156,32.27432577082172,0.23421690950078988,h
traffic,lightgbm,seasonal_persistence,RMSE,56,103,24.966601117777405,32.57099377038017,0.23347131211937866,h
traffic,lightgbm,seasonal_persistence,RMSE,57,103,25.198764440142806,32.42453982961731,0.2228489726436862,h
traffic,lightgbm,seasonal_persistence,RMSE,58,103,22.810725744232336,30.27419720473131,0.24652912875035926,h
traffic,lightgbm,seasonal_persistence,RMSE,59,103,22.170915987243987,27.836506473186812,0.20353094564507002,h
traffic,lightgbm,seasonal_persistence,RMSE,60,103,23.286950040920527,27.464402035473974,0.15210423985046917,h
traffic,lightgbm,seasonal_persistence,RMSE,61,103,24.875963708950547,29.454928010545476,0.15545664548749072,h
traffic,lightgbm,seasonal_persistence,RMSE,62,103,23.398256971016714,26.36168538112568,0.1124142241766799,h
traffic,lightgbm,seasonal_persistence,RMSE,63,103,25.082082379721758,27.34079118608686,0.08261314718333801,h
traffic,lightgbm,seasonal_persistence,RMSE,64,103,26.22256042196242,31.676942031112233,0.1721877573849353,h
traffic,lightgbm,seasonal_persistence,RMSE,65,103,29.666800923245685,35.607315531222945,0.16683410471559446,h
traffic,lightgbm,seasonal_persistence,RMSE,66,102,31.488204334841793,35.765321294122415,0.11958838351002077,h
traffic,lightgbm,seasonal_persistence,RMSE,67,102,24.814134175562153,26.785359112480325,0.07359337347841277,h
traffic,lightgbm,seasonal_persistence,RMSE,68,102,23.46264251064242,25.14924225605815,0.06706364065539383,h
traffic,lightgbm,seasonal_persistence,RMSE,69,102,22.48037095399262,25.14765575568211,0.10606494806526123,h
traffic,lightgbm,seasonal_persistence,RMSE,70,102,23.45517705063159,27.17714026871248,0.13695198174937406,h
traffic,lightgbm,seasonal_persistence,RMSE,71,102,22.28354500926803,26.70181078447138,0.1654668970155696,h
traffic,lightgbm,seasonal_persistence,RMSE,72,102,21.874351094679223,26.87743954324935,0.18614453361599026,h
traffic,mlp,seasonal_persistence,RMSE,1,105,10.62136406234949,22.95418343918574,0.5372798126106522,h
traffic,mlp,seasonal_persistence,RMSE,2,105,12.474406839071449,22.456071681729576,0.44449737176334725,h
traffic,mlp,seasonal_persistence,RMSE,3,105,13.97278421968394,22.792673819108686,0.38696160307574,h
traffic,mlp,seasonal_persistence,RMSE,4,105,15.821756985239425,23.602999662223713,0.32967177004362136,h
traffic,mlp,seasonal_persistence,RMSE,5,105,18.34017915999477,26.305407562153725,0.30279813697388736,h
traffic,mlp,seasonal_persistence,RMSE,6,105,20.40134290802602,28.45786142137575,0.2831034417539956,h
traffic,mlp,seasonal_persistence,RMSE,7,105,19.946467654541735,27.753978246305866,0.2813114041697188,h
traffic,mlp,seasonal_persistence,RMSE,8,105,20.337169043149,28.830160665620653,0.29458703754639015,h
traffic,mlp,seasonal_persistence,RMSE,9,105,20.73388265282743,27.757963542307845,0.25304741389888075,h
traffic,mlp,seasonal_persistence,RMSE,10,105,21.36923267759445,26.383647056270807,0.19005766594670015,h
traffic,mlp,seasonal_persistence,RMSE,11,105,21.612935209350315,25.186407180208796,0.14188097354617835,h
traffic,mlp,seasonal_persistence,RMSE,12,105,20.00768379554247,23.951294927953214,0.16465127018281633,h
traffic,mlp,seasonal_persistence,RMSE,13,105,20.436020840738447,22.46604070984938,0.0903594850258127,h
traffic,mlp,seasonal_persistence,RMSE,14,105,20.103613904545426,20.382484015609133,0.013681851085968977,h
traffic,mlp,seasonal_persistence,RMSE,15,105,22.587064245997173,26.379405239861605,0.14376142901561217,h
traffic,mlp,seasonal_persistence,RMSE,16,105,24.05423732160986,30.000281006095506,0.19819959963966727,h
traffic,mlp,seasonal_persistence,RMSE,17,105,27.145070140584362,28.5510618420117,0.04924481300231287,h
traffic,mlp,seasonal_persistence,RMSE,18,104,27.290062681352694,28.45959207889062,0.04109438372468455,h
traffic,mlp,seasonal_persistence,RMSE,19,104,22.19534362615349,23.03172084099214,0.036314143463828996,h
traffic,mlp,seasonal_persistence,RMSE,20,104,22.802469351281495,20.082279470023668,-0.13545224710761494,h
traffic,mlp,seasonal_persistence,RMSE,21,104,22.21284896085844,23.351133913931076,0.048746453053123195,h
traffic,mlp,seasonal_persistence,RMSE,22,104,22.45170177211385,24.78859971686948,0.09427309212489698,h
traffic,mlp,seasonal_persistence,RMSE,23,104,20.63403316537458,21.738266936803093,0.050796771179538514,h
traffic,mlp,seasonal_persistence,RMSE,24,104,20.65258018962144,23.66552494879012,0.1273136668503403,h
traffic,mlp,seasonal_persistence,RMSE,25,104,21.39574925565262,25.24933386555778,0.15262123866015231,h
traffic,mlp,seasonal_persistence,RMSE,26,104,21.816491572472884,24.846053894190177,0.12193333937932516,h
traffic,mlp,seasonal_persistence,RMSE,27,104,23.099297611212105,24.429933182927414,0.05446742574986696,h
traffic,mlp,seasonal_persistence,RMSE,28,104,23.059481360972796,24.173447309208136,0.046082213016056195,h
traffic,mlp,seasonal_persistence,RMSE,29,104,23.762467780180973,26.663687345667874,0.10880789021696469,h
traffic,mlp,seasonal_persistence,RMSE,30,104,24.957222514397603,27.740812793521645,0.10034278014284059,h
traffic,mlp,seasonal_persistence,RMSE,31,104,24.92439838126422,27.72408624164206,0.10098395438449692,h
traffic,mlp,seasonal_persistence,RMSE,32,104,24.853995958927303,29.81169324439713,0.16630042597132877,h
traffic,mlp,seasonal_persistence,RMSE,33,104,25.01109383278407,29.966342964721367,0.1653604891918573,h
traffic,mlp,seasonal_persistence,RMSE,34,104,24.764411023594295,30.401475649736952,0.1854207569095887,h
traffic,mlp,seasonal_persistence,RMSE,35,104,24.22049736664671,28.621412208342203,0.1537630222317531,h
traffic,mlp,seasonal_persistence,RMSE,36,104,23.921957147723187,27.555334594153205,0.1318574969218832,h
traffic,mlp,seasonal_persistence,RMSE,37,104,24.278212311158182,27.93507116369001,0.13090565730453596,h
traffic,mlp,seasonal_persistence,RMSE,38,104,25.140602124891778,25.390686142872188,0.00984943914367653,h
traffic,mlp,seasonal_persistence,RMSE,39,104,25.48511566408844,30.048137164525297,0.15185705108614656,h
traffic,mlp,seasonal_persistence,RMSE,40,104,26.68744471218276,34.36285928236252,0.22336367608731944,h
traffic,mlp,seasonal_persistence,RMSE,41,104,30.319557202851634,33.82104279579051,0.10352979398301354,h
traffic,mlp,seasonal_persistence,RMSE,42,103,31.005974723530205,34.20246091851675,0.09345778371333535,h
traffic,mlp,seasonal_persistence,RMSE,43,103,25.905028820050866,25.349654226994957,-0.02190856680263864,h
traffic,mlp,seasonal_persistence,RMSE,44,103,26.334676252068544,23.60525963180377,-0.11562747721644984,h
traffic,mlp,seasonal_persistence,RMSE,45,103,25.035609118924953,25.781810464162607,0.028942938133646345,h
traffic,mlp,seasonal_persistence,RMSE,46,103,25.412483079481223,28.187565709869684,0.09845059551973956,h
traffic,mlp,seasonal_persistence,RMSE,47,103,23.80035869548972,25.32726996830978,0.060287242751807635,h
traffic,mlp,seasonal_persistence,RMSE,48,103,23.98947833792253,27.149399251052554,0.1163900859798036,h
traffic,mlp,seasonal_persistence,RMSE,49,103,24.714647594048117,27.551974788926437,0.10298090124627601,h
traffic,mlp,seasonal_persistence,RMSE,50,103,24.863681025898856,27.536971012868506,0.09708003054222536,h
traffic,mlp,seasonal_persistence,RMSE,51,103,23.17693082974844,27.261877872035306,0.14984100000231915,h
traffic,mlp,seasonal_persistence,RMSE,52,103,22.894910351004242,28.103870009912356,0.1853467033924826,h
traffic,mlp,seasonal_persistence,RMSE,53,103,26.089480540840878,30.844706287322474,0.15416667295146358,h
traffic,mlp,seasonal_persistence,RMSE,54,103,27.00508418565055,32.8516619383076,0.17796901001953525,h
traffic,mlp,seasonal_persistence,RMSE,55,103,26.78981528061577,32.27432577082172,0.16993416157323216,h
traffic,mlp,seasonal_persistence,RMSE,56,103,25.46459011699609,32.57099377038017,0.21818197207868417,h
traffic,mlp,seasonal_persistence,RMSE,57,103,25.17023230850408,32.42453982961731,0.22372892751085338,h
traffic,mlp,seasonal_persistence,RMSE,58,103,22.863199930753417,30.27419720473131,0.2447958313761558,h
traffic,mlp,seasonal_persistence,RMSE,59,103,21.750574396244055,27.836506473186812,0.2186313172166543,h
traffic,mlp,seasonal_persistence,RMSE,60,103,22.373494944798267,27.464402035473974,0.18536384240589376,h
traffic,mlp,seasonal_persistence,RMSE,61,103,24.06495441873516,29.454928010545476,0.18299055390257934,h
traffic,mlp,seasonal_persistence,RMSE,62,103,23.26007663475966,26.36168538112568,0.117655935177297,h
traffic,mlp,seasonal_persistence,RMSE,63,103,25.631447618876287,27.34079118608686,0.06251990132898644,h
traffic,mlp,seasonal_persistence,RMSE,64,103,26.785571185431635,31.676942031112233,0.1544142373615618,h
traffic,mlp,seasonal_persistence,RMSE,65,103,31.827247503888803,35.607315531222945,0.10615987110905678,h
traffic,mlp,seasonal_persistence,RMSE,66,102,33.017415590789,35.765321294122415,0.07683156767236987,h
traffic,mlp,seasonal_persistence,RMSE,67,102,24.027450209016333,26.785359112480325,0.10296329766879908,h
traffic,mlp,seasonal_persistence,RMSE,68,102,25.053128014771517,25.14924225605815,0.0038217549581829324,h
traffic,mlp,seasonal_persistence,RMSE,69,102,23.68804537364782,25.14765575568211,0.05804160818069448,h
traffic,mlp,seasonal_persistence,RMSE,70,102,25.497249803946104,27.17714026871248,0.06181262811894672,h
traffic,mlp,seasonal_persistence,RMSE,71,102,23.878796961485165,26.70181078447138,0.10572368465092852,h
traffic,mlp,seasonal_persistence,RMSE,72,102,23.255302618636613,26.87743954324935,0.13476495477868122,h
traffic,ridge,seasonal_persistence,RMSE,1,105,10.191046514052394,22.95418343918574,0.5560266153203703,h
traffic,ridge,seasonal_persistence,RMSE,2,105,12.404089067813139,22.456071681729576,0.4476287195901144,h
traffic,ridge,seasonal_persistence,RMSE,3,105,13.942860947084352,22.792673819108686,0.3882744491611563,h
traffic,ridge,seasonal_persistence,RMSE,4,105,15.416459392355918,23.602999662223713,0.34684321429577625,h
traffic,ridge,seasonal_persistence,RMSE,5,105,17.573694725593224,26.305407562153725,0.3319360407524361,h
traffic,ridge,seasonal_persistence,RMSE,6,105,18.96187429977902,28.45786142137575,0.33368590074249027,h
traffic,ridge,seasonal_persistence,RMSE,7,105,18.517393870509988,27.753978246305866,0.3328021768203733,h
traffic,ridge,seasonal_persistence,RMSE,8,105,18.70875407973441,28.830160665620653,0.3510700721815888,h
traffic,ridge,seasonal_persistence,RMSE,9,105,19.52181788847598,27.757963542307845,0.29671289254626276,h
traffic,ridge,seasonal_persistence,RMSE,10,105,20.315976956156245,26.383647056270807,0.22997844411629254,h
traffic,ridge,seasonal_persistence,RMSE,11,105,20.3569431142898,25.186407180208796,0.19174882830108209,h
traffic,ridge,seasonal_persistence,RMSE,12,105,19.730002742140417,23.951294927953214,0.1762448418138005,h
traffic,ridge,seasonal_persistence,RMSE,13,105,19.69481573366495,22.46604070984938,0.1233517294825115,h
traffic,ridge,seasonal_persistence,RMSE,14,105,19.507823718086158,20.382484015609133,0.04291235046980291,h
traffic,ridge,seasonal_persistence,RMSE,15,105,21.599696329554696,26.379405239861605,0.18119092780319201,h
traffic,ridge,seasonal_persistence,RMSE,16,105,23.171045480785775,30.000281006095506,0.22763905191161893,h
traffic,ridge,seasonal_persistence,RMSE,17,105,27.30051207851528,28.5510618420117,0.043800464249504234,h
traffic,ridge,seasonal_persistence,RMSE,18,104,27.415617040892357,28.45959207889062,0.0366827126370729,h
traffic,ridge,seasonal_persistence,RMSE,19,104,19.955931089384947,23.03172084099214,0.1335458072300384,h
traffic,ridge,seasonal_persistence,RMSE,20,104,20.164181552110996,20.082279470023668,-0.004078325979358199,h
traffic,ridge,seasonal_persistence,RMSE,21,104,19.545518131913525,23.351133913931076,0.16297348968339198,h
traffic,ridge,seasonal_persistence,RMSE,22,104,20.422463907704255,24.78859971686948,0.17613483048798118,h
traffic,ridge,seasonal_persistence,RMSE,23,104,18.549950560530306,21.738266936803093,0.14666837910960318,h
traffic,ridge,seasonal_persistence,RMSE,24,104,19.87566589048343,23.66552494879012,0.16014261532366503,h
traffic,ridge,seasonal_persistence,RMSE,25,104,19.880597959075217,25.24933386555778,0.21262881369737718,h
traffic,ridge,seasonal_persistence,RMSE,26,104,19.934148831151017,24.846053894190177,0.19769356872351163,h
traffic,ridge,seasonal_persistence,RMSE,27,104,20.899616615911597,24.429933182927414,0.14450782736822787,h
traffic,ridge,seasonal_persistence,RMSE,28,104,20.560174554425295,24.173447309208136,0.149472795855909,h
traffic,ridge,seasonal_persistence,RMSE,29,104,22.601640403281635,26.663687345667874,0.15234378087793665,h
traffic,ridge,seasonal_persistence,RMSE,30,104,23.714830862752173,27.740812793521645,0.14512847769585413,h
traffic,ridge,seasonal_persistence,RMSE,31,104,23.51920072625998,27.72408624164206,0.1516690389263855,h
traffic,ridge,seasonal_persistence,RMSE,32,104,23.868147255451152,29.81169324439713,0.19936962118255463,h
traffic,ridge,seasonal_persistence,RMSE,33,104,23.46459633233059,29.966342964721367,0.21696830474259476,h
traffic,ridge,seasonal_persistence,RMSE,34,104,22.795862921814546,30.401475649736952,0.2501724855578914,h
traffic,ridge,seasonal_persistence,RMSE,35,104,22.28132640008844,28.621412208342203,0.22151547806595784,h
traffic,ridge,seasonal_persistence,RMSE,36,104,22.603173962632415,27.555334594153205,0.17971694789623638,h
traffic,ridge,seasonal_persistence,RMSE,37,104,23.040980013745564,27.93507116369001,0.17519522757850658,h
traffic,ridge,seasonal_persistence,RMSE,38,104,22.541754110150222,25.390686142872188,0.11220382216893077,h
traffic,ridge,seasonal_persistence,RMSE,39,104,24.017296344748306,30.048137164525297,0.20070598009972396,h
traffic,ridge,seasonal_persistence,RMSE,40,104,25.372978922412802,34.36285928236252,0.26161619107650824,h
traffic,ridge,seasonal_persistence,RMSE,41,104,29.20277141311626,33.82104279579051,0.13655023621119866,h
traffic,ridge,seasonal_persistence,RMSE,42,103,30.039549509945758,34.20246091851675,0.12171379768516155,h
traffic,ridge,seasonal_persistence,RMSE,43,103,22.12317150933586,25.349654226994957,0.12727916084248592,h
traffic,ridge,seasonal_persistence,RMSE,44,103,22.493731718125694,23.60525963180377,0.04708814607488976,h
traffic,ridge,seasonal_persistence,RMSE,45,103,22.244228270552046,25.781810464162607,0.13721232643952186,h
traffic,ridge,seasonal_persistence,RMSE,46,103,23.272356299789863,28.187565709869684,0.1743750936377878,h
traffic,ridge,seasonal_persistence,RMSE,47,103,21.80913551200591,25.32726996830978,0.13890697499990567,h
traffic,ridge,seasonal_persistence,RMSE,48,103,22.416120349844938,27.149399251052554,0.17434193874562842,h
traffic,ridge,seasonal_persistence,RMSE,49,103,22.8863222499301,27.551974788926437,0.16934004094949795,h
traffic,ridge,seasonal_persistence,RMSE,50,103,22.641310240009506,27.536971012868506,0.17778501384815248,h
traffic,ridge,seasonal_persistence,RMSE,51,103,21.940686453890162,27.261877872035306,0.1951880000021391,h
traffic,ridge,seasonal_persistence,RMSE,52,103,21.50591842350245,28.103870009912356,0.23477021435420742,h
traffic,ridge,seasonal_persistence,RMSE,53,103,23.24542140507108,30.844706287322474,0.24637241838074453,h
traffic,ridge,seasonal_persistence,RMSE,54,103,24.92530513443302,32.8516619383076,0.2412771937918864,h
traffic,ridge,seasonal_persistence,RMSE,55,103,24.403908786803495,32.27432577082172,0.2438599969494526,h
traffic,ridge,seasonal_persistence,RMSE,56,103,24.40624797604383,32.57099377038017,0.2506753663058725,h
traffic,ridge,seasonal_persistence,RMSE,57,103,24.034072285454492,32.42453982961731,0.258769055420758,h
traffic,ridge,seasonal_persistence,RMSE,58,103,22.42640893023341,30.27419720473131,0.2592236623625954,h
traffic,ridge,seasonal_persistence,RMSE,59,103,21.63389427905169,27.836506473186812,0.22282293936955466,h
traffic,ridge,seasonal_persistence,RMSE,60,103,21.812760169867808,27.464402035473974,0.20578062680215314,h
traffic,ridge,seasonal_persistence,RMSE,61,103,23.375960929839366,29.454928010545476,0.20638200434676712,h
traffic,ridge,seasonal_persistence,RMSE,62,103,22.44175650269914,26.36168538112568,0.14869796152081827,h
traffic,ridge,seasonal_persistence,RMSE,63,103,23.205573520642996,27.34079118608686,0.15124718364215395,h
traffic,ridge,seasonal_persistence,RMSE,64,103,25.03574103437648,31.676942031112233,0.20965410708561916,h
traffic,ridge,seasonal_persistence,RMSE,65,103,29.890817259742988,35.607315531222945,0.16054280380859764,h
traffic,ridge,seasonal_persistence,RMSE,66,102,30.554959804955136,35.765321294122415,0.14568194274892587,h
traffic,ridge,seasonal_persistence,RMSE,67,102,22.100451682449158,26.785359112480325,0.17490552993363784,h
traffic,ridge,seasonal_persistence,RMSE,68,102,22.69380022283376,25.14924225605815,0.09763483162729891,h
traffic,ridge,seasonal_persistence,RMSE,69,102,22.597372930616196,25.14765575568211,0.10141234832553636,h
traffic,ridge,seasonal_persistence,RMSE,70,102,23.50840741713291,27.17714026871248,0.1349933368744899,h
traffic,ridge,seasonal_persistence,RMSE,71,102,22.265230553624345,26.70181078447138,0.16615278516718268,h
traffic,ridge,seasonal_persistence,RMSE,72,102,21.886887472544256,26.87743954324935,0.18567810608129676,h
pm10,extratrees,persistence,MAE,1,2536,5.664065849615007,5.543769716088328,-0.02169933811961422,D
pm10,extratrees,persistence,MAE,2,2535,7.139930059518645,7.529322813938199,0.0517168361673529,D
pm10,extratrees,persistence,MAE,3,2534,7.610820386703263,8.399960536700869,0.09394569731009061,D
pm10,extratrees,persistence,MAE,4,2533,7.8403122029355865,8.92946440321095,0.12197284754096949,D
pm10,extratrees,persistence,MAE,5,2532,8.047134746317287,9.236966824644549,0.1288119900087492,D
pm10,extratrees,persistence,MAE,6,2531,8.056365539109908,9.47346239957856,0.1495859486951353,D
pm10,extratrees,persistence,MAE,7,2530,7.948674620877019,9.605401844532278,0.1724787000554614,D
pm10,knn,persistence,MAE,1,2536,5.845294426919033,5.543769716088328,-0.05438983332147851,D
pm10,knn,persistence,MAE,2,2535,7.246942800788955,7.529322813938199,0.03750403856061335,D
pm10,knn,persistence,MAE,3,2534,7.9643712181005,8.399960536700869,0.051856114882588344,D
pm10,knn,persistence,MAE,4,2533,8.141768653770232,8.92946440321095,0.08821310146636241,D
pm10,knn,persistence,MAE,5,2532,8.235755660874144,9.236966824644549,0.10839176785816085,D
pm10,knn,persistence,MAE,6,2531,8.47096009482418,9.47346239957856,0.10582216537841305,D
pm10,knn,persistence,MAE,7,2530,8.421600790513834,9.605401844532278,0.12324326177902734,D
pm10,lightgbm,persistence,MAE,1,2536,5.563884980933665,5.543769716088328,-0.0036284452413239965,D
pm10,lightgbm,persistence,MAE,2,2535,6.89799061056344,7.529322813938199,0.08384979884326971,D
pm10,lightgbm,persistence,MAE,3,2534,7.411761251749522,8.399960536700869,0.1176433247077453,D
pm10,lightgbm,persistence,MAE,4,2533,7.663170808978785,8.92946440321095,0.14181069961786485,D
pm10,lightgbm,persistence,MAE,5,2532,7.9006626208555115,9.236966824644549,0.14466915700332827,D
pm10,lightgbm,persistence,MAE,6,2531,7.930315479370295,9.47346239957856,0.16289154430769837,D
pm10,lightgbm,persistence,MAE,7,2530,7.9289982641502705,9.605401844532278,0.17452716789108336,D
pm10,mlp,persistence,MAE,1,2536,5.457249319468748,5.543769716088328,0.015606780413063182,D
pm10,mlp,persistence,MAE,2,2535,6.728393569120075,7.529322813938199,0.10637467201372386,D
pm10,mlp,persistence,MAE,3,2534,7.104520324403627,8.399960536700869,0.15421979741895708,D
pm10,mlp,persistence,MAE,4,2533,7.24290509515458,8.92946440321095,0.18887575244153498,D
pm10,mlp,persistence,MAE,5,2532,7.368956739185309,9.236966824644549,0.20223197949302185,D
pm10,mlp,persistence,MAE,6,2531,7.366094203408428,9.47346239957856,0.22244962900405674,D
pm10,mlp,persistence,MAE,7,2530,7.401179749830107,9.605401844532278,0.22947734310115186,D
pm10,ridge,persistence,MAE,1,2536,5.459085466407526,5.543769716088328,0.01527557132018742,D
pm10,ridge,persistence,MAE,2,2535,6.726632690165603,7.529322813938199,0.10660854151274601,D
pm10,ridge,persistence,MAE,3,2534,7.066746014866391,8.399960536700869,0.15871676015731684,D
pm10,ridge,persistence,MAE,4,2533,7.2056683044837095,8.92946440321095,0.19304585593144652,D
pm10,ridge,persistence,MAE,5,2532,7.271227127249913,9.236966824644549,0.21281225046191288,D
pm10,ridge,persistence,MAE,6,2531,7.309916209361328,9.47346239957856,0.22837966721792036,D
pm10,ridge,persistence,MAE,7,2530,7.34087852459217,9.605401844532278,0.23575518823599784,D
pm10,extratrees,persistence,RMSE,1,2536,10.630946052035355,11.363803984998322,0.06449054682133137,D
pm10,extratrees,persistence,RMSE,2,2535,12.270380292487904,14.921429109834484,0.17766721926114404,D
pm10,extratrees,persistence,RMSE,3,2534,12.704376618596157,15.820607882776946,0.19697291578620457,D
pm10,extratrees,persistence,RMSE,4,2533,12.787297149470248,16.284418740712187,0.21475262009192198,D
pm10,extratrees,persistence,RMSE,5,2532,13.080456631497482,16.548164817297167,0.2095524321932678,D
pm10,extratrees,persistence,RMSE,6,2531,13.031283384480824,16.587720638011252,0.21440180547656118,D
pm10,extratrees,persistence,RMSE,7,2530,12.923017914639955,16.792800703507464,0.23044296524398333,D
pm10,knn,persistence,RMSE,1,2536,10.896427214987705,11.363803984998322,0.04112854908687391,D
pm10,knn,persistence,RMSE,2,2535,12.56410433455421,14.921429109834484,0.15798250676448933,D
pm10,knn,persistence,RMSE,3,2534,13.251863566683845,15.820607882776946,0.16236697951976653,D
pm10,knn,persistence,RMSE,4,2533,13.360888588003208,16.284418740712187,0.17952929111310245,D
pm10,knn,persistence,RMSE,5,2532,13.42886563998201,16.548164817297167,0.18849819371237297,D
pm10,knn,persistence,RMSE,6,2531,13.57662484959021,16.587720638011252,0.18152559077472208,D
pm10,knn,persistence,RMSE,7,2530,13.545670309137424,16.792800703507464,0.19336443346771937,D
pm10,lightgbm,persistence,RMSE,1,2536,10.562776656615856,11.363803984998322,0.07048936513159887,D
pm10,lightgbm,persistence,RMSE,2,2535,12.048940179086157,14.921429109834484,0.19250762843185798,D
pm10,lightgbm,persistence,RMSE,3,2534,12.378000732463008,15.820607882776946,0.2176027100742267,D
pm10,lightgbm,persistence,RMSE,4,2533,12.600122458912614,16.284418740712187,0.22624671721248335,D
pm10,lightgbm,persistence,RMSE,5,2532,12.80337065897985,16.548164817297167,0.22629664374644287,D
pm10,lightgbm,persistence,RMSE,6,2531,12.84337468417872,16.587720638011252,0.22572998638838015,D
pm10,lightgbm,persistence,RMSE,7,2530,12.803515964626696,16.792800703507464,0.23755922608237334,D
pm10,mlp,persistence,RMSE,1,2536,10.270225415749062,11.363803984998322,0.09623349458446517,D
pm10,mlp,persistence,RMSE,2,2535,11.973828457899208,14.921429109834484,0.1975414439353238,D
pm10,mlp,persistence,RMSE,3,2534,12.191418958817614,15.820607882776946,0.22939630075214978,D
pm10,mlp,persistence,RMSE,4,2533,12.261330519617122,16.284418740712187,0.24705138606126986,D
pm10,mlp,persistence,RMSE,5,2532,12.352064673224538,16.548164817297167,0.2535689117434101,D
pm10,mlp,persistence,RMSE,6,2531,12.323143994321168,16.587720638011252,0.2570923839841913,D
pm10,mlp,persistence,RMSE,7,2530,12.349811369118088,16.792800703507464,0.2645770299329153,D
pm10,ridge,persistence,RMSE,1,2536,10.167467888128437,11.363803984998322,0.10527602363162913,D
pm10,ridge,persistence,RMSE,2,2535,11.911667805863768,14.921429109834484,0.20170730844990103,D
pm10,ridge,persistence,RMSE,3,2534,12.13901551498617,15.820607882776946,0.23270865412186403,D
pm10,ridge,persistence,RMSE,4,2533,12.21175731043279,16.284418740712187,0.25009559721634145,D
pm10,ridge,persistence,RMSE,5,2532,12.222011486029514,16.548164817297167,0.26142798183552596,D
pm10,ridge,persistence,RMSE,6,2531,12.231030704682151,16.587720638011252,0.2626454850792228,D
pm10,ridge,persistence,RMSE,7,2530,12.264543780420036,16.792800703507464,0.26965465755462836,D
pm10,extratrees,seasonal_persistence,MAE,1,2536,5.664065849615007,9.622108307045217,0.41134877421117455,D
pm10,extratrees,seasonal_persistence,MAE,2,2535,7.139930059518645,9.631032215647599,0.2586537040216359,D
pm10,extratrees,seasonal_persistence,MAE,3,2534,7.610820386703263,9.619442252038938,0.20880855799201126,D
pm10,extratrees,seasonal_persistence,MAE,4,2533,7.8403122029355865,9.617712856954862,0.18480491988633063,D
pm10,extratrees,seasonal_persistence,MAE,5,2532,8.047134746317287,9.615982095839916,0.16314998654181634,D
pm10,extratrees,seasonal_persistence,MAE,6,2531,8.056365539109908,9.613459765573554,0.16197022346103784,D
pm10,extratrees,seasonal_persistence,MAE,7,2530,7.948674620877019,9.605401844532278,0.1724787000554614,D
pm10,knn,seasonal_persistence,MAE,1,2536,5.845294426919033,9.622108307045217,0.39251417252919885,D
pm10,knn,seasonal_persistence,MAE,2,2535,7.246942800788955,9.631032215647599,0.2475424608159028,D
pm10,knn,seasonal_persistence,MAE,3,2534,7.9643712181005,9.619442252038938,0.17205478140768804,D
pm10,knn,seasonal_persistence,MAE,4,2533,8.141768653770232,9.617712856954862,0.1534610385167956,D
pm10,knn,seasonal_persistence,MAE,5,2532,8.235755660874144,9.615982095839916,0.14353463028626978,D
pm10,knn,seasonal_persistence,MAE,6,2531,8.47096009482418,9.613459765573554,0.11884375642167266,D
pm10,knn,seasonal_persistence,MAE,7,2530,8.421600790513834,9.605401844532278,0.12324326177902734,D
pm10,lightgbm,seasonal_persistence,MAE,1,2536,5.563884980933665,9.622108307045217,0.421760304146666,D
pm10,lightgbm,seasonal_persistence,MAE,2,2535,6.89799061056344,9.631032215647599,0.2837745263320549,D
pm10,lightgbm,seasonal_persistence,MAE,3,2534,7.411761251749522,9.619442252038938,0.22950197552477392,D
pm10,lightgbm,seasonal_persistence,MAE,4,2533,7.663170808978785,9.617712856954862,0.2032231651169215,D
pm10,lightgbm,seasonal_persistence,MAE,5,2532,7.9006626208555115,9.615982095839916,0.17838214109471873,D
pm10,lightgbm,seasonal_persistence,MAE,6,2531,7.930315479370295,9.613459765573554,0.17508205445772107,D
pm10,lightgbm,seasonal_persistence,MAE,7,2530,7.9289982641502705,9.605401844532278,0.17452716789108336,D
pm10,mlp,seasonal_persistence,MAE,1,2536,5.457249319468748,9.622108307045217,0.43284266344487077,D
pm10,mlp,seasonal_persistence,MAE,2,2535,6.728393569120075,9.631032215647599,0.301383961919636,D
pm10,mlp,seasonal_persistence,MAE,3,2534,7.104520324403627,9.619442252038938,0.26144155365164223,D
pm10,mlp,seasonal_persistence,MAE,4,2533,7.24290509515458,9.617712856954862,0.24692021867579317,D
pm10,mlp,seasonal_persistence,MAE,5,2532,7.368956739185309,9.615982095839916,0.23367611693315438,D
pm10,mlp,seasonal_persistence,MAE,6,2531,7.366094203408428,9.613459765573554,0.23377281613151313,D
pm10,mlp,seasonal_persistence,MAE,7,2530,7.401179749830107,9.605401844532278,0.22947734310115186,D
pm10,ridge,seasonal_persistence,MAE,1,2536,5.459085466407526,9.622108307045217,0.4326518376008681,D
pm10,ridge,seasonal_persistence,MAE,2,2535,6.726632690165603,9.631032215647599,0.3015667957961141,D
pm10,ridge,seasonal_persistence,MAE,3,2534,7.066746014866391,9.619442252038938,0.26536842472664957,D
pm10,ridge,seasonal_persistence,MAE,4,2533,7.2056683044837095,9.617712856954862,0.25079190742598734,D
pm10,ridge,seasonal_persistence,MAE,5,2532,7.271227127249913,9.615982095839916,0.2438393650508558,D
pm10,ridge,seasonal_persistence,MAE,6,2531,7.309916209361328,9.613459765573554,0.23961649732611046,D
pm10,ridge,seasonal_persistence,MAE,7,2530,7.34087852459217,9.605401844532278,0.23575518823599784,D
pm10,extratrees,seasonal_persistence,RMSE,1,2536,10.630946052035355,16.799796891767077,0.3671979417057616,D
pm10,extratrees,seasonal_persistence,RMSE,2,2535,12.270380292487904,16.80781650289541,0.26995988501099244,D
pm10,extratrees,seasonal_persistence,RMSE,3,2534,12.704376618596157,16.797641119270196,0.2436809116000377,D
pm10,extratrees,seasonal_persistence,RMSE,4,2533,12.787297149470248,16.798136556239623,0.2387669247324674,D
pm10,extratrees,seasonal_persistence,RMSE,5,2532,13.080456631497482,16.80008995938702,0.22140556014173007,D
pm10,extratrees,seasonal_persistence,RMSE,6,2531,13.031283384480824,16.800069299274455,0.2243315695701561,D
pm10,extratrees,seasonal_persistence,RMSE,7,2530,12.923017914639955,16.792800703507464,0.23044296524398333,D
pm10,knn,seasonal_persistence,RMSE,1,2536,10.896427214987705,16.799796891767077,0.3513953004796375,D
pm10,knn,seasonal_persistence,RMSE,2,2535,12.56410433455421,16.80781650289541,0.2524844418434812,D
pm10,knn,seasonal_persistence,RMSE,3,2534,13.251863566683845,16.797641119270196,0.21108782640430668,D
pm10,knn,seasonal_persistence,RMSE,4,2533,13.360888588003208,16.798136556239623,0.2046207897363269,D
pm10,knn,seasonal_persistence,RMSE,5,2532,13.42886563998201,16.80008995938702,0.20066703973339994,D
pm10,knn,seasonal_persistence,RMSE,6,2531,13.57662484959021,16.800069299274455,0.1918709019744017,D
pm10,knn,seasonal_persistence,RMSE,7,2530,13.545670309137424,16.792800703507464,0.19336443346771937,D
pm10,lightgbm,seasonal_persistence,RMSE,1,2536,10.562776656615856,16.799796891767077,0.37125569287136684,D
pm10,lightgbm,seasonal_persistence,RMSE,2,2535,12.048940179086157,16.80781650289541,0.28313471431517956,D
pm10,lightgbm,seasonal_persistence,RMSE,3,2534,12.378000732463008,16.797641119270196,0.2631107758182184,D
pm10,lightgbm,seasonal_persistence,RMSE,4,2533,12.600122458912614,16.798136556239623,0.24990951128848082,D
pm10,lightgbm,seasonal_persistence,RMSE,5,2532,12.80337065897985,16.80008995938702,0.23789868447543705,D
pm10,lightgbm,seasonal_persistence,RMSE,6,2531,12.84337468417872,16.800069299274455,0.23551656511718155,D
pm10,lightgbm,seasonal_persistence,RMSE,7,2530,12.803515964626696,16.792800703507464,0.23755922608237334,D
pm10,mlp,seasonal_persistence,RMSE,1,2536,10.270225415749062,16.799796891767077,0.38866966773972744,D
pm10,mlp,seasonal_persistence,RMSE,2,2535,11.973828457899208,16.80781650289541,0.2876035708840272,D
pm10,mlp,seasonal_persistence,RMSE,3,2534,12.191418958817614,16.797641119270196,0.2742183933890777,D
pm10,mlp,seasonal_persistence,RMSE,4,2533,12.261330519617122,16.798136556239623,0.27007793521819634,D
pm10,mlp,seasonal_persistence,RMSE,5,2532,12.352064673224538,16.80008995938702,0.2647619921628548,D
pm10,mlp,seasonal_persistence,RMSE,6,2531,12.323143994321168,16.800069299274455,0.2664825498753527,D
pm10,mlp,seasonal_persistence,RMSE,7,2530,12.349811369118088,16.792800703507464,0.2645770299329153,D
pm10,ridge,seasonal_persistence,RMSE,1,2536,10.167467888128437,16.799796891767077,0.39478626118919835,D
pm10,ridge,seasonal_persistence,RMSE,2,2535,11.911667805863768,16.80781650289541,0.29130188898648457,D
pm10,ridge,seasonal_persistence,RMSE,3,2534,12.13901551498617,16.797641119270196,0.2773380840325055,D
pm10,ridge,seasonal_persistence,RMSE,4,2533,12.21175731043279,16.798136556239623,0.2730290488145386,D
pm10,ridge,seasonal_persistence,RMSE,5,2532,12.222011486029514,16.80008995938702,0.27250321185330995,D
pm10,ridge,seasonal_persistence,RMSE,6,2531,12.231030704682151,16.800069299274455,0.2719654611656648,D
pm10,ridge,seasonal_persistence,RMSE,7,2530,12.264543780420036,16.792800703507464,0.26965465755462836,D
pm10_bcn,extratrees,persistence,MAE,1,2441,6.358830198389179,6.530719021337575,0.026320045677480475,observation_steps
pm10_bcn,extratrees,persistence,MAE,2,2440,7.8514669684665455,8.71491034185909,0.09907656413231125,observation_steps
pm10_bcn,extratrees,persistence,MAE,3,2439,8.093134066920905,9.363964627341797,0.13571501078829362,observation_steps
pm10_bcn,extratrees,persistence,MAE,4,2438,8.273863532527695,9.90208101021942,0.16443184781172027,observation_steps
pm10_bcn,extratrees,persistence,MAE,5,2437,8.396177887015583,9.978192095878748,0.15854717905426763,observation_steps
pm10_bcn,extratrees,persistence,MAE,6,2436,8.250423741623154,9.757222377604611,0.15442905549021368,observation_steps
pm10_bcn,extratrees,persistence,MAE,7,2435,8.37931714727414,9.80123096733263,0.14507502422886576,observation_steps
pm10_bcn,knn,persistence,MAE,1,2441,6.815362529407887,6.530719021337575,-0.043585324547007254,observation_steps
pm10_bcn,knn,persistence,MAE,2,2440,8.239665826624453,8.71491034185909,0.05453234704572496,observation_steps
pm10_bcn,knn,persistence,MAE,3,2439,8.506831378975495,9.363964627341797,0.09153529327348842,observation_steps
pm10_bcn,knn,persistence,MAE,4,2438,8.676197083881862,9.90208101021942,0.12380063595444113,observation_steps
pm10_bcn,knn,persistence,MAE,5,2437,8.710238422337508,9.978192095878748,0.1270724858128296,observation_steps
pm10_bcn,knn,persistence,MAE,6,2436,8.599331032807674,9.757222377604611,0.11867018091691772,observation_steps
pm10_bcn,knn,persistence,MAE,7,2435,8.599856498248169,9.80123096733263,0.12257383517321718,observation_steps
pm10_bcn,lightgbm,persistence,MAE,1,2441,6.379503589463463,6.530719021337575,0.023154484426607835,observation_steps
pm10_bcn,lightgbm,persistence,MAE,2,2440,7.749323305228278,8.71491034185909,0.1107971279971689,observation_steps
pm10_bcn,lightgbm,persistence,MAE,3,2439,8.017363322237475,9.363964627341797,0.14380674839078167,observation_steps
pm10_bcn,lightgbm,persistence,MAE,4,2438,8.283414589709393,9.90208101021942,0.16346729731250298,observation_steps
pm10_bcn,lightgbm,persistence,MAE,5,2437,8.414850983969435,9.978192095878748,0.1566757882477542,observation_steps
pm10_bcn,lightgbm,persistence,MAE,6,2436,8.362339840908895,9.757222377604611,0.1429589777411795,observation_steps
pm10_bcn,lightgbm,persistence,MAE,7,2435,8.23551338581396,9.80123096733263,0.1597470345038482,observation_steps
pm10_bcn,mlp,persistence,MAE,1,2441,6.147208136479309,6.530719021337575,0.05872414409580862,observation_steps
pm10_bcn,mlp,persistence,MAE,2,2440,7.574146800875016,8.71491034185909,0.13089790901287957,observation_steps
pm10_bcn,mlp,persistence,MAE,3,2439,7.8369247557039206,9.363964627341797,0.16307621102914893,observation_steps
pm10_bcn,mlp,persistence,MAE,4,2438,7.990828709320259,9.90208101021942,0.19301521558212442,observation_steps
pm10_bcn,mlp,persistence,MAE,5,2437,8.076029263827262,9.978192095878748,0.19063201166843924,observation_steps
pm10_bcn,mlp,persistence,MAE,6,2436,8.011882095473249,9.757222377604611,0.17887675555467275,observation_steps
pm10_bcn,mlp,persistence,MAE,7,2435,7.998702328473504,9.80123096733263,0.18390839322804753,observation_steps
pm10_bcn,ridge,persistence,MAE,1,2441,6.015900334621631,6.530719021337575,0.07883032251638689,observation_steps
pm10_bcn,ridge,persistence,MAE,2,2440,7.4531092589580945,8.71491034185909,0.14478646749127932,observation_steps
pm10_bcn,ridge,persistence,MAE,3,2439,7.708300144995509,9.363964627341797,0.1768123383883703,observation_steps
pm10_bcn,ridge,persistence,MAE,4,2438,7.88486404920581,9.90208101021942,0.20371646716803726,observation_steps
pm10_bcn,ridge,persistence,MAE,5,2437,7.947641890070502,9.978192095878748,0.20349880883200444,observation_steps
pm10_bcn,ridge,persistence,MAE,6,2436,7.9082611056771785,9.757222377604611,0.18949668259803987,observation_steps
pm10_bcn,ridge,persistence,MAE,7,2435,7.910198096615473,9.80123096733263,0.19293830305804893,observation_steps
pm10_bcn,extratrees,persistence,RMSE,1,2441,9.357070122979257,9.80017833334666,0.04521430072957511,observation_steps
pm10_bcn,extratrees,persistence,RMSE,2,2440,10.900053988346535,12.578044468192196,0.13340630843602297,observation_steps
pm10_bcn,extratrees,persistence,RMSE,3,2439,11.335656114546433,13.547410716982938,0.16326031952835574,observation_steps
pm10_bcn,extratrees,persistence,RMSE,4,2438,11.46484305376797,14.119528870010374,0.18801518384093607,observation_steps
pm10_bcn,extratrees,persistence,RMSE,5,2437,11.616520253201035,14.220593302018184,0.18311985959457677,observation_steps
pm10_bcn,extratrees,persistence,RMSE,6,2436,11.521932569243756,14.069731984190913,0.18108372055771393,observation_steps
pm10_bcn,extratrees,persistence,RMSE,7,2435,11.65186237031322,14.042841140244796,0.17026317865829654,observation_steps
pm10_bcn,knn,persistence,RMSE,1,2441,9.76163318174854,9.80017833334666,0.003933107162648608,observation_steps
pm10_bcn,knn,persistence,RMSE,2,2440,11.469229745473744,12.578044468192196,0.08815477839360986,observation_steps
pm10_bcn,knn,persistence,RMSE,3,2439,11.856937793421922,13.547410716982938,0.1247819940560192,observation_steps
pm10_bcn,knn,persistence,RMSE,4,2438,12.005880520741327,14.119528870010374,0.1496968042438298,observation_steps
pm10_bcn,knn,persistence,RMSE,5,2437,11.977389744281078,14.220593302018184,0.15774331703999656,observation_steps
pm10_bcn,knn,persistence,RMSE,6,2436,11.972656657419984,14.069731984190913,0.14904870463255826,observation_steps
pm10_bcn,knn,persistence,RMSE,7,2435,12.04523633327795,14.042841140244796,0.14225075873300264,observation_steps
pm10_bcn,lightgbm,persistence,RMSE,1,2441,9.335531186803804,9.80017833334666,0.04741211136554724,observation_steps
pm10_bcn,lightgbm,persistence,RMSE,2,2440,10.871071421577822,12.578044468192196,0.13571052725493438,observation_steps
pm10_bcn,lightgbm,persistence,RMSE,3,2439,11.200966292460205,13.547410716982938,0.17320242764776062,observation_steps
pm10_bcn,lightgbm,persistence,RMSE,4,2438,11.546787644634952,14.119528870010374,0.18221154891647118,observation_steps
pm10_bcn,lightgbm,persistence,RMSE,5,2437,11.649193135643982,14.220593302018184,0.18082228439858905,observation_steps
pm10_bcn,lightgbm,persistence,RMSE,6,2436,11.657726507840028,14.069731984190913,0.17143222621874188,observation_steps
pm10_bcn,lightgbm,persistence,RMSE,7,2435,11.570844788176444,14.042841140244796,0.17603249423536949,observation_steps
pm10_bcn,mlp,persistence,RMSE,1,2441,9.099756434074338,9.80017833334666,0.07147032180924962,observation_steps
pm10_bcn,mlp,persistence,RMSE,2,2440,10.762488845508697,12.578044468192196,0.14434323453655618,observation_steps
pm10_bcn,mlp,persistence,RMSE,3,2439,11.150195892663271,13.547410716982938,0.17695003675606702,observation_steps
pm10_bcn,mlp,persistence,RMSE,4,2438,11.261330363053517,14.119528870010374,0.2024287448448524,observation_steps
pm10_bcn,mlp,persistence,RMSE,5,2437,11.308570112485649,14.220593302018184,0.2047750841112418,observation_steps
pm10_bcn,mlp,persistence,RMSE,6,2436,11.26550177616166,14.069731984190913,0.19930942616249925,observation_steps
pm10_bcn,mlp,persistence,RMSE,7,2435,11.2718449831511,14.042841140244796,0.19732446799190895,observation_steps
pm10_bcn,ridge,persistence,RMSE,1,2441,8.891868407211305,9.80017833334666,0.09268299976181926,observation_steps
pm10_bcn,ridge,persistence,RMSE,2,2440,10.499299629441964,12.578044468192196,0.1652677285413512,observation_steps
pm10_bcn,ridge,persistence,RMSE,3,2439,10.85335181292248,13.547410716982938,0.19886153600430856,observation_steps
pm10_bcn,ridge,persistence,RMSE,4,2438,11.010805241272699,14.119528870010374,0.22017190922995655,observation_steps
pm10_bcn,ridge,persistence,RMSE,5,2437,11.07056875360841,14.220593302018184,0.22151147153352058,observation_steps
pm10_bcn,ridge,persistence,RMSE,6,2436,11.05778042066301,14.069731984190913,0.2140731299581402,observation_steps
pm10_bcn,ridge,persistence,RMSE,7,2435,11.059072300525111,14.042841140244796,0.21247615136573939,observation_steps
