horizon,skill
1,-0.6301505873502307
3,-0.13732108919176822
6,0.04363999143191277
12,0.17790359379867082
24,0.08331052041953946
36,0.25065496326298753
48,0.30415001944857656
