domain,model,horizon,origin_idx,origin_timestamp,y_true,y_pred,y_pred_baseline,abs_error_model,abs_error_baseline
traffic,arima,1,200,2012-03-09 08:00:00,66.39467592592592,65.0056929681769,67.33680555555556,1.3889829577490218,0.9421296296296333
traffic,arima,2,200,2012-03-09 08:00:00,65.68931878306879,63.10074483545818,67.33680555555556,2.5885739476106053,1.647486772486772
traffic,arima,3,200,2012-03-09 08:00:00,65.64814814814815,61.69315485330958,67.33680555555556,3.954993294838573,1.6886574074074048
traffic,arima,4,200,2012-03-09 08:00:00,46.2699074074074,60.66221885434209,67.33680555555556,14.392311446934691,21.066898148148155
traffic,arima,5,200,2012-03-09 08:00:00,60.56101190476191,59.907769770156506,67.33680555555556,0.6532421346054065,6.775793650793645
traffic,arima,6,200,2012-03-09 08:00:00,62.677083333333336,59.35569904064661,67.33680555555556,3.321384292686723,4.659722222222221
traffic,arima,7,200,2012-03-09 08:00:00,63.28835978835979,58.95172228629188,67.33680555555556,4.336637502067909,4.048445767195766
traffic,arima,8,200,2012-03-09 08:00:00,45.5176917989418,58.65611322913488,67.33680555555556,13.138421430193084,21.81911375661376
traffic,arima,9,200,2012-03-09 08:00:00,21.644675925925924,58.439801997847844,67.33680555555556,36.79512607192192,45.69212962962963
traffic,arima,10,200,2012-03-09 08:00:00,18.6916335978836,58.28151676479804,67.33680555555556,39.58988316691444,48.645171957671955
traffic,arima,11,200,2012-03-09 08:00:00,17.96742724867725,58.16569191909466,67.33680555555556,40.198264670417416,49.3693783068783
traffic,arima,12,200,2012-03-09 08:00:00,0.0,58.08093736162249,67.33680555555556,58.08093736162249,67.33680555555556
traffic,arima,13,200,2012-03-09 08:00:00,56.3979828042328,58.018918414231315,67.33680555555556,1.6209356099985186,10.93882275132276
traffic,arima,14,200,2012-03-09 08:00:00,65.60879629629629,57.97353619585598,67.33680555555556,7.635260100440313,1.7280092592592666
traffic,arima,15,200,2012-03-09 08:00:00,64.75958994708995,57.940327864671694,67.33680555555556,6.8192620824182555,2.5772156084656075
traffic,arima,16,200,2012-03-09 08:00:00,65.2078373015873,57.91602774670645,67.33680555555556,7.291809554880857,2.128968253968253
traffic,arima,17,200,2012-03-09 08:00:00,64.49652777777779,57.89824619273893,67.33680555555556,6.598281585038855,2.8402777777777715
traffic,arima,18,200,2012-03-09 08:00:00,65.12731481481482,57.885234582591515,67.33680555555556,7.242080232223309,2.2094907407407334
traffic,arima,19,200,2012-03-09 08:00:00,64.47569444444444,57.87571336757636,67.33680555555556,6.599981076868083,2.8611111111111143
traffic,arima,20,200,2012-03-09 08:00:00,61.07986111111112,57.86874624096116,67.33680555555556,3.211114870149963,6.256944444444436
traffic,arima,21,200,2012-03-09 08:00:00,63.00162037037037,57.86364806250441,67.33680555555556,5.137972307865958,4.335185185185189
traffic,arima,22,200,2012-03-09 08:00:00,62.48032407407408,57.859917482451486,67.33680555555556,4.620406591622597,4.856481481481474
traffic,arima,23,200,2012-03-09 08:00:00,66.79943783068784,57.857187639302744,67.33680555555556,8.942250191385092,0.5373677248677211
traffic,arima,24,200,2012-03-09 08:00:00,67.73611111111111,57.85519008302167,67.33680555555556,9.880921028089446,0.39930555555555713
traffic,arima,25,200,2012-03-09 08:00:00,67.1261574074074,57.85372837592766,67.33680555555556,9.272429031479746,0.21064814814815236
traffic,arima,26,200,2012-03-09 08:00:00,67.11954365079366,57.85265877521156,67.33680555555556,9.2668848755821,0.217261904761898
traffic,arima,27,200,2012-03-09 08:00:00,67.83035714285714,57.851876097412045,67.33680555555556,9.978481045445093,0.49355158730158166
traffic,arima,28,200,2012-03-09 08:00:00,67.16203703703704,57.85130337477954,67.33680555555556,9.310733662257498,0.17476851851851904
traffic,arima,29,200,2012-03-09 08:00:00,67.16550925925925,57.85088428634495,67.33680555555556,9.314624972914302,0.17129629629630472
traffic,arima,30,200,2012-03-09 08:00:00,67.21875,57.85057761937208,67.33680555555556,9.368172380627918,0.11805555555555713
traffic,arima,31,200,2012-03-09 08:00:00,66.96395502645503,57.85035321653849,67.33680555555556,9.113601809916538,0.37285052910053196
traffic,arima,32,200,2012-03-09 08:00:00,67.13657407407408,57.85018901029464,67.33680555555556,9.286385063779434,0.20023148148148096
traffic,arima,33,200,2012-03-09 08:00:00,67.95023148148148,57.85006885276327,67.33680555555556,10.10016262871821,0.6134259259259238
traffic,arima,34,200,2012-03-09 08:00:00,67.95370370370371,57.84998092777329,67.33680555555556,10.103722775930422,0.6168981481481524
traffic,arima,35,200,2012-03-09 08:00:00,65.71064814814815,57.84991658886939,67.33680555555556,7.860731559278761,1.6261574074074048
traffic,arima,36,200,2012-03-09 08:00:00,64.76041666666667,57.849869509028316,67.33680555555556,6.910547157638355,2.5763888888888857
traffic,arima,37,200,2012-03-09 08:00:00,66.09675925925926,57.84983505846573,67.33680555555556,8.24692420079353,1.240046296296299
traffic,arima,38,200,2012-03-09 08:00:00,66.62847222222221,57.84980984934787,67.33680555555556,8.778662372874344,0.7083333333333428
traffic,arima,39,200,2012-03-09 08:00:00,66.78472222222221,57.84979140263537,67.33680555555556,8.934930819586846,0.5520833333333428
traffic,arima,40,200,2012-03-09 08:00:00,67.8030753968254,57.84977790429704,67.33680555555556,9.953297492528364,0.46626984126984894
traffic,arima,41,200,2012-03-09 08:00:00,67.85185185185185,57.849768026919826,67.33680555555556,10.002083824932022,0.5150462962962905
traffic,arima,42,200,2012-03-09 08:00:00,67.20138888888889,57.84976079917236,67.33680555555556,9.351628089716527,0.1354166666666714
traffic,arima,43,200,2012-03-09 08:00:00,0.0,57.84975551028521,67.33680555555556,57.84975551028521,67.33680555555556
traffic,arima,44,200,2012-03-09 08:00:00,66.22916666666667,57.84975164015452,67.33680555555556,8.379415026512149,1.1076388888888857
traffic,arima,45,200,2012-03-09 08:00:00,64.01851851851852,57.84974880819553,67.33680555555556,6.168769710322991,3.318287037037038
traffic,arima,46,200,2012-03-09 08:00:00,63.40393518518518,57.84974673591622,67.33680555555556,5.554188449268963,3.932870370370374
traffic,arima,47,200,2012-03-09 08:00:00,65.59606481481482,57.849745219530725,67.33680555555556,7.746319595284099,1.7407407407407334
traffic,arima,48,200,2012-03-09 08:00:00,66.93998015873017,57.849744109919214,67.33680555555556,9.09023604881095,0.39682539682539186
traffic,arima,49,200,2012-03-09 08:00:00,67.42824074074075,57.84974329796361,67.33680555555556,9.578497442777135,0.09143518518519045
traffic,arima,50,200,2012-03-09 08:00:00,68.42476851851852,57.84974270381702,67.33680555555556,10.575025814701497,1.087962962962962
traffic,arima,51,200,2012-03-09 08:00:00,68.59375,57.84974226905165,67.33680555555556,10.744007730948347,1.2569444444444429
traffic,arima,52,200,2012-03-09 08:00:00,68.02199074074075,57.84974195091312,67.33680555555556,10.172248789827627,0.6851851851851904
traffic,arima,53,200,2012-03-09 08:00:00,68.08101851851852,57.849741718116,67.33680555555556,10.231276800402519,0.7442129629629619
traffic,arima,54,200,2012-03-09 08:00:00,68.24189814814815,57.84974154776725,67.33680555555556,10.3921566003809,0.9050925925925952
traffic,arima,55,200,2012-03-09 08:00:00,68.85069444444444,57.84974142311496,67.33680555555556,11.00095302132948,1.5138888888888857
traffic,arima,56,200,2012-03-09 08:00:00,68.60879629629629,57.849741331900944,67.33680555555556,10.759054964395347,1.2719907407407334
traffic,arima,57,200,2012-03-09 08:00:00,68.93402777777779,57.8497412651553,67.33680555555556,11.084286512622484,1.5972222222222285
traffic,arima,58,200,2012-03-09 08:00:00,68.75347222222221,57.849741216314335,67.33680555555556,10.90373100590788,1.4166666666666572
traffic,arima,59,200,2012-03-09 08:00:00,67.31828703703704,57.84974118057507,67.33680555555556,9.468545856461965,0.018518518518519045
traffic,arima,60,200,2012-03-09 08:00:00,66.83912037037037,57.84974115442295,67.33680555555556,8.989379215947416,0.49768518518519045
traffic,arima,61,200,2012-03-09 08:00:00,67.61574074074075,57.849741135286195,67.33680555555556,9.765999605454553,0.27893518518519045
traffic,arima,62,200,2012-03-09 08:00:00,68.25958994708995,57.849741121282925,67.33680555555556,10.409848825807025,0.9227843915343925
traffic,arima,63,200,2012-03-09 08:00:00,67.07638888888889,57.84974111103606,67.33680555555556,9.226647777852826,0.2604166666666714
traffic,arima,64,200,2012-03-09 08:00:00,67.13541666666667,57.849741103537944,67.33680555555556,9.285675563128727,0.20138888888888573
traffic,arima,65,200,2012-03-09 08:00:00,66.72800925925925,57.84974109805121,67.33680555555556,8.878268161208041,0.6087962962963047
traffic,arima,66,200,2012-03-09 08:00:00,64.64120370370371,57.84974109403631,67.33680555555556,6.7914626096673985,2.6956018518518476
traffic,arima,67,200,2012-03-09 08:00:00,63.73677248677249,57.849741091098416,67.33680555555556,5.887031395674072,3.6000330687830697
traffic,arima,68,200,2012-03-09 08:00:00,63.09953703703704,57.84974108894862,67.33680555555556,5.249795948088419,4.237268518518519
traffic,arima,69,200,2012-03-09 08:00:00,63.254629629629626,57.84974108737551,67.33680555555556,5.404888542254113,4.082175925925931
traffic,arima,70,200,2012-03-09 08:00:00,64.16087962962963,57.84974108622439,67.33680555555556,6.311138543405242,3.175925925925924
traffic,arima,71,200,2012-03-09 08:00:00,65.74768518518518,57.849741085382064,67.33680555555556,7.897944099803112,1.589120370370381
traffic,arima,72,200,2012-03-09 08:00:00,66.87152777777779,57.84974108476569,67.33680555555556,9.021786693012096,0.46527777777777146
traffic,arima,1,224,2012-03-10 08:00:00,67.1261574074074,65.13116567000644,67.73611111111111,1.9949917374009658,0.6099537037037095
traffic,arima,2,224,2012-03-10 08:00:00,67.11954365079366,62.99325110742225,67.73611111111111,4.126292543371406,0.6165674603174551
traffic,arima,3,224,2012-03-10 08:00:00,67.83035714285714,61.43676811889812,67.73611111111111,6.3935890239590165,0.09424603174602453
traffic,arima,4,224,2012-03-10 08:00:00,67.16203703703704,60.31776745694953,67.73611111111111,6.844269580087506,0.5740740740740762
traffic,arima,5,224,2012-03-10 08:00:00,67.16550925925925,59.51442920634653,67.73611111111111,7.651080052912725,0.5706018518518619
traffic,arima,6,224,2012-03-10 08:00:00,67.21875,58.93780059481244,67.73611111111111,8.280949405187563,0.5173611111111143
traffic,arima,7,224,2012-03-10 08:00:00,66.96395502645503,58.52390966472659,67.73611111111111,8.440045361728437,0.7721560846560891
traffic,arima,8,224,2012-03-10 08:00:00,67.13657407407408,58.22682877420239,67.73611111111111,8.909745299871688,0.5995370370370381
traffic,arima,9,224,2012-03-10 08:00:00,67.95023148148148,58.01359135361135,67.73611111111111,9.936640127870128,0.21412037037036669
traffic,arima,10,224,2012-03-10 08:00:00,67.95370370370371,57.8605347358788,67.73611111111111,10.093168967824909,0.21759259259259522
traffic,arima,11,224,2012-03-10 08:00:00,65.71064814814815,57.75067443043261,67.73611111111111,7.959973717715542,2.025462962962962
traffic,arima,12,224,2012-03-10 08:00:00,64.76041666666667,57.67181938393257,67.73611111111111,7.088597282734099,2.975694444444443
traffic,arima,13,224,2012-03-10 08:00:00,66.09675925925926,57.61521915573352,67.73611111111111,8.481540103525738,1.6393518518518562
traffic,arima,14,224,2012-03-10 08:00:00,66.62847222222221,57.57459289306093,67.73611111111111,9.053879329161283,1.1076388888889
traffic,arima,15,224,2012-03-10 08:00:00,66.78472222222221,57.545432353055034,67.73611111111111,9.23928986916718,0.9513888888888999
traffic,arima,16,224,2012-03-10 08:00:00,67.8030753968254,57.52450162899881,67.73611111111111,10.278573767826593,0.0669642857142918
traffic,arima,17,224,2012-03-10 08:00:00,67.85185185185185,57.509478066011674,67.73611111111111,10.342373785840174,0.11574074074073337
traffic,arima,18,224,2012-03-10 08:00:00,67.20138888888889,57.49869451909651,67.73611111111111,9.702694369792376,0.5347222222222285
traffic,arima,19,224,2012-03-10 08:00:00,0.0,57.490954352255194,67.73611111111111,57.490954352255194,67.73611111111111
traffic,arima,20,224,2012-03-10 08:00:00,66.22916666666667,57.48539864936794,67.73611111111111,8.743768017298734,1.5069444444444429
traffic,arima,21,224,2012-03-10 08:00:00,64.01851851851852,57.481410901402775,67.73611111111111,6.537107617115744,3.7175925925925952
traffic,arima,22,224,2012-03-10 08:00:00,63.40393518518518,57.47854859322029,67.73611111111111,5.9253865919648945,4.332175925925931
traffic,arima,23,224,2012-03-10 08:00:00,65.59606481481482,57.47649409825143,67.73611111111111,8.119570716563395,2.1400462962962905
traffic,arima,24,224,2012-03-10 08:00:00,66.93998015873017,57.475019431895475,67.73611111111111,9.46496072683469,0.796130952380949
traffic,arima,25,224,2012-03-10 08:00:00,67.42824074074075,57.4739609523692,67.73611111111111,9.95427978837155,0.3078703703703667
traffic,arima,26,224,2012-03-10 08:00:00,68.42476851851852,57.47320120159369,67.73611111111111,10.95156731692483,0.6886574074074048
traffic,arima,27,224,2012-03-10 08:00:00,68.59375,57.47265587102606,67.73611111111111,11.121094128973937,0.8576388888888857
traffic,arima,28,224,2012-03-10 08:00:00,68.02199074074075,57.47226444605149,67.73611111111111,10.549726294689258,0.2858796296296333
traffic,arima,29,224,2012-03-10 08:00:00,68.08101851851852,57.47198349075609,67.73611111111111,10.609035027762431,0.3449074074074048
traffic,arima,30,224,2012-03-10 08:00:00,68.24189814814815,57.47178182790076,67.73611111111111,10.77011632024739,0.5057870370370381
traffic,arima,31,224,2012-03-10 08:00:00,68.85069444444444,57.47163707922409,67.73611111111111,11.379057365220355,1.1145833333333286
traffic,arima,32,224,2012-03-10 08:00:00,68.60879629629629,57.47153318215605,67.73611111111111,11.13726311414024,0.8726851851851762
traffic,arima,33,224,2012-03-10 08:00:00,68.93402777777779,57.47145860737585,67.73611111111111,11.462569170401935,1.1979166666666714
traffic,arima,34,224,2012-03-10 08:00:00,68.75347222222221,57.47140507941836,67.73611111111111,11.282067142803854,1.0173611111111
traffic,arima,35,224,2012-03-10 08:00:00,67.31828703703704,57.47136665835663,67.73611111111111,9.846920378680409,0.4178240740740762
traffic,arima,36,224,2012-03-10 08:00:00,66.83912037037037,57.47133908065605,67.73611111111111,9.367781289714316,0.8969907407407476
traffic,arima,37,224,2012-03-10 08:00:00,67.61574074074075,57.47131928605552,67.73611111111111,10.14442145468523,0.12037037037036669
traffic,arima,38,224,2012-03-10 08:00:00,68.25958994708995,57.471305077974264,67.73611111111111,10.788284869115685,0.5234788359788354
traffic,arima,39,224,2012-03-10 08:00:00,67.07638888888889,57.471294879760244,67.73611111111111,9.605094009128642,0.6597222222222285
traffic,arima,40,224,2012-03-10 08:00:00,67.13541666666667,57.471287559731074,67.73611111111111,9.664129106935597,0.6006944444444429
traffic,arima,41,224,2012-03-10 08:00:00,66.72800925925925,57.47128230559275,67.73611111111111,9.256726953666501,1.0081018518518619
traffic,arima,42,224,2012-03-10 08:00:00,64.64120370370371,57.471278534300474,67.73611111111111,7.1699251694032355,3.0949074074074048
traffic,arima,43,224,2012-03-10 08:00:00,63.73677248677249,57.4712758273589,67.73611111111111,6.265496659413586,3.999338624338627
traffic,arima,44,224,2012-03-10 08:00:00,63.09953703703704,57.47127388438229,67.73611111111111,5.628263152654746,4.636574074074076
traffic,arima,45,224,2012-03-10 08:00:00,63.254629629629626,57.4712724897611,67.73611111111111,5.783357139868528,4.481481481481488
traffic,arima,46,224,2012-03-10 08:00:00,64.16087962962963,57.47127148873603,67.73611111111111,6.689608140893604,3.575231481481481
traffic,arima,47,224,2012-03-10 08:00:00,65.74768518518518,57.47127077022466,67.73611111111111,8.276414414960513,1.988425925925938
traffic,arima,48,224,2012-03-10 08:00:00,66.87152777777779,57.47127025449474,67.73611111111111,9.400257523283045,0.8645833333333286
traffic,arima,49,224,2012-03-10 08:00:00,66.59193121693121,57.471269884316385,67.73611111111111,9.12066133261483,1.1441798941798993
traffic,arima,50,224,2012-03-10 08:00:00,65.3449074074074,57.471269618611394,67.73611111111111,7.87363778879601,2.3912037037037095
traffic,arima,51,224,2012-03-10 08:00:00,48.67476851851851,57.47126942789483,67.73611111111111,8.79650090937632,19.061342592592602
traffic,arima,52,224,2012-03-10 08:00:00,53.79606481481482,57.471269291003146,67.73611111111111,3.675204476188327,13.940046296296295
traffic,arima,53,224,2012-03-10 08:00:00,64.90393518518518,57.47126919274563,67.73611111111111,7.432665992439546,2.832175925925938
traffic,arima,54,224,2012-03-10 08:00:00,65.37268518518518,57.47126912221878,67.73611111111111,7.901416062966398,2.363425925925938
traffic,arima,55,224,2012-03-10 08:00:00,60.33796296296296,57.47126907159633,67.73611111111111,2.86669389136663,7.398148148148152
traffic,arima,56,224,2012-03-10 08:00:00,66.30605158730158,57.47126903526077,67.73611111111111,8.834782552040814,1.4300595238095326
traffic,arima,57,224,2012-03-10 08:00:00,66.38657407407408,57.47126900917999,67.73611111111111,8.915305064894085,1.349537037037038
traffic,arima,58,224,2012-03-10 08:00:00,50.01967592592592,57.47126899045985,67.73611111111111,7.451593064533931,17.716435185185198
traffic,arima,59,224,2012-03-10 08:00:00,33.085648148148145,57.47126897702298,67.73611111111111,24.385620828874835,34.65046296296297
traffic,arima,60,224,2012-03-10 08:00:00,66.07175925925925,57.47126896737833,67.73611111111111,8.600490291880924,1.6643518518518619
traffic,arima,61,224,2012-03-10 08:00:00,66.16435185185185,57.47126896045563,67.73611111111111,8.693082891396216,1.5717592592592666
traffic,arima,62,224,2012-03-10 08:00:00,66.53703703703704,57.47126895548669,67.73611111111111,9.065768081550345,1.1990740740740762
traffic,arima,63,224,2012-03-10 08:00:00,65.55092592592592,57.4712689519201,67.73611111111111,8.079656974005822,2.1851851851851904
traffic,arima,64,224,2012-03-10 08:00:00,64.75810185185185,57.471268949360095,67.73611111111111,7.286832902491753,2.9780092592592666
traffic,arima,65,224,2012-03-10 08:00:00,62.80902777777778,57.47126894752258,67.73611111111111,5.337758830255197,4.927083333333336
traffic,arima,66,224,2012-03-10 08:00:00,63.23363095238096,57.471268946203665,67.73611111111111,5.762362006177298,4.502480158730151
traffic,arima,67,224,2012-03-10 08:00:00,61.070271164021165,57.47126894525697,67.73611111111111,3.5990022187641912,6.66583994708995
traffic,arima,68,224,2012-03-10 08:00:00,60.20023148148149,57.47126894457746,67.73611111111111,2.728962536904028,7.535879629629626
traffic,arima,69,224,2012-03-10 08:00:00,62.03703703703704,57.47126894408973,67.73611111111111,4.565768092947309,5.699074074074076
traffic,arima,70,224,2012-03-10 08:00:00,64.01967592592592,57.471268943739645,67.73611111111111,6.548406982186279,3.7164351851851904
traffic,arima,71,224,2012-03-10 08:00:00,66.31382275132275,57.47126894348836,67.73611111111111,8.842553807834385,1.422288359788368
traffic,arima,72,224,2012-03-10 08:00:00,66.99785052910053,57.471268943308,67.73611111111111,9.526581585792535,0.7382605820105823
traffic,arima,1,248,2012-03-11 08:00:00,67.42824074074075,64.40476569858092,66.93998015873017,3.0234750421598307,0.4882605820105823
traffic,arima,2,248,2012-03-11 08:00:00,68.42476851851852,62.681642155174224,66.93998015873017,5.743126363344295,1.4847883597883538
traffic,arima,3,248,2012-03-11 08:00:00,68.59375,61.424910305155485,66.93998015873017,7.1688396948445146,1.6537698412698347
traffic,arima,4,248,2012-03-11 08:00:00,68.02199074074075,60.51145720938561,66.93998015873017,7.5105335313551365,1.0820105820105823
traffic,arima,5,248,2012-03-11 08:00:00,68.08101851851852,59.847409341913036,66.93998015873017,8.233609176605484,1.1410383597883538
traffic,arima,6,248,2012-03-11 08:00:00,68.24189814814815,59.36467382017685,66.93998015873017,8.877224327971305,1.301917989417987
traffic,arima,7,248,2012-03-11 08:00:00,68.85069444444444,59.01374480199149,66.93998015873017,9.83694964245295,1.9107142857142776
traffic,arima,8,248,2012-03-11 08:00:00,68.60879629629629,58.75863373553893,66.93998015873017,9.850162560757362,1.6688161375661252
traffic,arima,9,248,2012-03-11 08:00:00,68.93402777777779,58.573178407240015,66.93998015873017,10.360849370537771,1.9940476190476204
traffic,arima,10,248,2012-03-11 08:00:00,68.75347222222221,58.43835995631407,66.93998015873017,10.315112265908141,1.813492063492049
traffic,arima,11,248,2012-03-11 08:00:00,67.31828703703704,58.340352447568854,66.93998015873017,8.977934589468184,0.3783068783068728
traffic,arima,12,248,2012-03-11 08:00:00,66.83912037037037,58.26910499067796,66.93998015873017,8.570015379692407,0.10085978835979859
traffic,arima,13,248,2012-03-11 08:00:00,67.61574074074075,58.21731099878479,66.93998015873017,9.398429741955958,0.6757605820105823
traffic,arima,14,248,2012-03-11 08:00:00,68.25958994708995,58.17965888159642,66.93998015873017,10.079931065493533,1.3196097883597844
traffic,arima,15,248,2012-03-11 08:00:00,67.07638888888889,58.15228732985946,66.93998015873017,8.924101559029424,0.13640873015872046
traffic,arima,16,248,2012-03-11 08:00:00,67.13541666666667,58.132389329416604,66.93998015873017,9.003027337250067,0.19543650793650613
traffic,arima,17,248,2012-03-11 08:00:00,66.72800925925925,58.11792429559504,66.93998015873017,8.610084963664214,0.21197089947091285
traffic,arima,18,248,2012-03-11 08:00:00,64.64120370370371,58.10740880666136,66.93998015873017,6.533794897042348,2.298776455026456
traffic,arima,19,248,2012-03-11 08:00:00,63.73677248677249,58.09976447558836,66.93998015873017,5.637008011184129,3.203207671957678
traffic,arima,20,248,2012-03-11 08:00:00,63.09953703703704,58.094207359041306,66.93998015873017,5.005329677995732,3.840443121693127
traffic,arima,21,248,2012-03-11 08:00:00,63.254629629629626,58.090167562226824,66.93998015873017,5.164462067402802,3.685350529100539
traffic,arima,22,248,2012-03-11 08:00:00,64.16087962962963,58.087230794900805,66.93998015873017,6.073648834728829,2.779100529100532
traffic,arima,23,248,2012-03-11 08:00:00,65.74768518518518,58.085095884972596,66.93998015873017,7.662589300212581,1.192294973544989
traffic,arima,24,248,2012-03-11 08:00:00,66.87152777777779,58.08354389263014,66.93998015873017,8.787983885147646,0.0684523809523796
traffic,arima,25,248,2012-03-11 08:00:00,66.59193121693121,58.08241565757009,66.93998015873017,8.509515559361127,0.3480489417989503
traffic,arima,26,248,2012-03-11 08:00:00,65.3449074074074,58.08159547675096,66.93998015873017,7.263311930656442,1.5950727513227605
traffic,arima,27,248,2012-03-11 08:00:00,48.67476851851851,58.08099923878612,66.93998015873017,9.406230720267608,18.265211640211653
traffic,arima,28,248,2012-03-11 08:00:00,53.79606481481482,58.08056579813202,66.93998015873017,4.284500983317201,13.143915343915346
traffic,arima,29,248,2012-03-11 08:00:00,64.90393518518518,58.08025070447529,66.93998015873017,6.823684480709886,2.036044973544989
traffic,arima,30,248,2012-03-11 08:00:00,65.37268518518518,58.08002164425315,66.93998015873017,7.2926635409320255,1.567294973544989
traffic,arima,31,248,2012-03-11 08:00:00,60.33796296296296,58.07985512682493,66.93998015873017,2.2581078361380307,6.602017195767203
traffic,arima,32,248,2012-03-11 08:00:00,66.30605158730158,58.07973407545407,66.93998015873017,8.226317511847512,0.6339285714285836
traffic,arima,33,248,2012-03-11 08:00:00,66.38657407407408,58.07964607605037,66.93998015873017,8.306927998023703,0.5534060846560891
traffic,arima,34,248,2012-03-11 08:00:00,50.01967592592592,58.07958210407719,66.93998015873017,8.059906178151273,16.92030423280425
traffic,arima,35,248,2012-03-11 08:00:00,33.085648148148145,58.079535599064876,66.93998015873017,24.99388745091673,33.85433201058202
traffic,arima,36,248,2012-03-11 08:00:00,66.07175925925925,58.07950179181987,66.93998015873017,7.99225746743938,0.8682208994709129
traffic,arima,37,248,2012-03-11 08:00:00,66.16435185185185,58.07947721533321,66.93998015873017,8.084874636518634,0.7756283068783176
traffic,arima,38,248,2012-03-11 08:00:00,66.53703703703704,58.07945934923095,66.93998015873017,8.457577687806086,0.4029431216931272
traffic,arima,39,248,2012-03-11 08:00:00,65.55092592592592,58.079446361304136,66.93998015873017,7.471479564621788,1.3890542328042415
traffic,arima,40,248,2012-03-11 08:00:00,64.75810185185185,58.07943691961168,66.93998015873017,6.678664932240167,2.1818783068783176
traffic,arima,41,248,2012-03-11 08:00:00,62.80902777777778,58.0794300558868,66.93998015873017,4.7295977218909755,4.130952380952387
traffic,arima,42,248,2012-03-11 08:00:00,63.23363095238096,58.07942506623908,66.93998015873017,5.154205886141881,3.706349206349202
traffic,arima,43,248,2012-03-11 08:00:00,61.070271164021165,58.079421438968936,66.93998015873017,2.990849725052229,5.869708994709001
traffic,arima,44,248,2012-03-11 08:00:00,60.20023148148149,58.07941880209165,66.93998015873017,2.120812679389836,6.739748677248677
traffic,arima,45,248,2012-03-11 08:00:00,62.03703703703704,58.07941688518954,66.93998015873017,3.9576201518475003,4.902943121693127
traffic,arima,46,248,2012-03-11 08:00:00,64.01967592592592,58.079415491679974,66.93998015873017,5.94026043424595,2.9203042328042415
traffic,arima,47,248,2012-03-11 08:00:00,66.31382275132275,58.07941447865543,66.93998015873017,8.234408272667316,0.626157407407419
traffic,arima,48,248,2012-03-11 08:00:00,66.99785052910053,58.07941374222794,66.93998015873017,8.91843678687259,0.057870370370366686
traffic,arima,49,248,2012-03-11 08:00:00,66.81828703703704,58.07941320687523,66.93998015873017,8.738873830161808,0.12169312169312718
traffic,arima,50,248,2012-03-11 08:00:00,65.82060185185185,58.079412817695676,66.93998015873017,7.7411890341561715,1.1193783068783176
traffic,arima,51,248,2012-03-11 08:00:00,64.55324074074075,58.07941253477802,66.93998015873017,6.473828205962725,2.3867394179894177
traffic,arima,52,248,2012-03-11 08:00:00,63.44328703703704,58.07941232910845,66.93998015873017,5.363874707928588,3.496693121693127
traffic,arima,53,248,2012-03-11 08:00:00,64.98495370370371,58.07941217959506,66.93998015873017,6.905541524108649,1.9550264550264558
traffic,arima,54,248,2012-03-11 08:00:00,65.15856481481482,58.07941207090494,66.93998015873017,7.079152743909887,1.7814153439153415
traffic,arima,55,248,2012-03-11 08:00:00,66.03356481481482,58.079411991891654,66.93998015873017,7.95415282292317,0.9064153439153415
traffic,arima,56,248,2012-03-11 08:00:00,66.28637566137566,58.079411934452224,66.93998015873017,8.206963726923433,0.6536044973545074
traffic,arima,57,248,2012-03-11 08:00:00,66.51273148148148,58.0794118926961,66.93998015873017,8.43331958878538,0.4272486772486843
traffic,arima,58,248,2012-03-11 08:00:00,33.35532407407408,58.07941186234111,66.93998015873017,24.724087788267028,33.58465608465608
traffic,arima,59,248,2012-03-11 08:00:00,36.910714285714285,58.07941184027427,66.93998015873017,21.168697554559984,30.02926587301588
traffic,arima,60,248,2012-03-11 08:00:00,50.65972222222222,58.07941182423257,66.93998015873017,7.419689602010351,16.280257936507944
traffic,arima,61,248,2012-03-11 08:00:00,67.03819444444444,58.07941181257092,66.93998015873017,8.958782631873525,0.0982142857142776
traffic,arima,62,248,2012-03-11 08:00:00,66.73379629629629,58.07941180409337,66.93998015873017,8.654384492202922,0.20618386243387476
traffic,arima,63,248,2012-03-11 08:00:00,66.67080026455027,58.07941179793054,66.93998015873017,8.591388466619726,0.2691798941798993
traffic,arima,64,248,2012-03-11 08:00:00,65.22569444444444,58.07941179345041,66.93998015873017,7.146282650994031,1.7142857142857224
traffic,arima,65,248,2012-03-11 08:00:00,63.62731481481482,58.07941179019355,66.93998015873017,5.54790302462127,3.3126653439153486
traffic,arima,66,248,2012-03-11 08:00:00,62.60929232804233,58.07941178782593,66.93998015873017,4.529880540216396,4.330687830687836
traffic,arima,67,248,2012-03-11 08:00:00,61.69097222222222,58.07941178610478,66.93998015873017,3.6115604361174434,5.249007936507944
traffic,arima,68,248,2012-03-11 08:00:00,62.49189814814815,58.07941178485357,66.93998015873017,4.412486363294583,4.448082010582013
traffic,arima,69,248,2012-03-11 08:00:00,61.11736111111111,58.07941178394399,66.93998015873017,3.0379493271671194,5.822619047619057
traffic,arima,70,248,2012-03-11 08:00:00,63.64814814814815,58.07941178328276,66.93998015873017,5.568736364865394,3.291832010582013
traffic,arima,71,248,2012-03-11 08:00:00,66.44560185185185,58.079411782802076,66.93998015873017,8.366190069049772,0.49437830687831763
traffic,arima,72,248,2012-03-11 08:00:00,67.58796296296296,58.07941178245264,66.93998015873017,9.508551180510324,0.6479828042327966
traffic,arima,1,272,2012-03-12 08:00:00,66.59193121693121,64.63071654231165,66.87152777777779,1.961214674619569,0.2795965608465707
traffic,arima,2,272,2012-03-12 08:00:00,65.3449074074074,63.10055353907289,66.87152777777779,2.244353868334514,1.526620370370381
traffic,arima,3,272,2012-03-12 08:00:00,48.67476851851851,61.96995870562961,66.87152777777779,13.295190187111096,18.196759259259274
traffic,arima,4,272,2012-03-12 08:00:00,53.79606481481482,61.13816949559909,66.87152777777779,7.342104680784267,13.075462962962966
traffic,arima,5,272,2012-03-12 08:00:00,64.90393518518518,60.52607650037609,66.87152777777779,4.377858684809084,1.9675925925926094
traffic,arima,6,272,2012-03-12 08:00:00,65.37268518518518,60.07565782582304,66.87152777777779,5.297027359362133,1.4988425925926094
traffic,arima,7,272,2012-03-12 08:00:00,60.33796296296296,59.74420964637293,66.87152777777779,0.5937533165900319,6.533564814814824
traffic,arima,8,272,2012-03-12 08:00:00,66.30605158730158,59.50030792057353,66.87152777777779,6.805743666728048,0.565476190476204
traffic,arima,9,272,2012-03-12 08:00:00,66.38657407407408,59.32082872702561,66.87152777777779,7.06574534704847,0.4849537037037095
traffic,arima,10,272,2012-03-12 08:00:00,50.01967592592592,59.18875593906927,66.87152777777779,9.16908001314335,16.85185185185187
traffic,arima,11,272,2012-03-12 08:00:00,33.085648148148145,59.09156795324302,66.87152777777779,26.005919805094877,33.78587962962964
traffic,arima,12,272,2012-03-12 08:00:00,66.07175925925925,59.020050536709924,66.87152777777779,7.0517087225493285,0.7997685185185333
traffic,arima,13,272,2012-03-12 08:00:00,66.16435185185185,58.96742324102018,66.87152777777779,7.1969286108316695,0.707175925925938
traffic,arima,14,272,2012-03-12 08:00:00,66.53703703703704,58.92869655896317,66.87152777777779,7.60834047807387,0.3344907407407476
traffic,arima,15,272,2012-03-12 08:00:00,65.55092592592592,58.90019887760812,66.87152777777779,6.650727048317805,1.3206018518518619
traffic,arima,16,272,2012-03-12 08:00:00,64.75810185185185,58.8792283787304,66.87152777777779,5.878873473121445,2.113425925925938
traffic,arima,17,272,2012-03-12 08:00:00,62.80902777777778,58.86379688387645,66.87152777777779,3.945230893901332,4.062500000000007
traffic,arima,18,272,2012-03-12 08:00:00,63.23363095238096,58.85244135843967,66.87152777777779,4.3811895939412935,3.6378968253968225
traffic,arima,19,272,2012-03-12 08:00:00,61.070271164021165,58.84408520375954,66.87152777777779,2.226185960261624,5.801256613756621
traffic,arima,20,272,2012-03-12 08:00:00,60.20023148148149,58.83793618657606,66.87152777777779,1.3622952949054294,6.671296296296298
traffic,arima,21,272,2012-03-12 08:00:00,62.03703703703704,58.83341132869942,66.87152777777779,3.2036257083376185,4.834490740740748
traffic,arima,22,272,2012-03-12 08:00:00,64.01967592592592,58.83008163580821,66.87152777777779,5.189594290117711,2.851851851851862
traffic,arima,23,272,2012-03-12 08:00:00,66.31382275132275,58.82763142520447,66.87152777777779,7.4861913261182735,0.5577050264550394
traffic,arima,24,272,2012-03-12 08:00:00,66.99785052910053,58.825828396457126,66.87152777777779,8.172022132643406,0.12632275132274629
traffic,arima,25,272,2012-03-12 08:00:00,66.81828703703704,58.82450160738079,66.87152777777779,7.993785429656249,0.05324074074074758
traffic,arima,26,272,2012-03-12 08:00:00,65.82060185185185,58.82352526728878,66.87152777777779,6.997076584563068,1.050925925925938
traffic,arima,27,272,2012-03-12 08:00:00,64.55324074074075,58.82280681098531,66.87152777777779,5.730433929755435,2.318287037037038
traffic,arima,28,272,2012-03-12 08:00:00,63.44328703703704,58.82227812281178,66.87152777777779,4.621008914225257,3.4282407407407476
traffic,arima,29,272,2012-03-12 08:00:00,64.98495370370371,58.82188907871336,66.87152777777779,6.163064624990348,1.8865740740740762
traffic,arima,30,272,2012-03-12 08:00:00,65.15856481481482,58.82160279405997,66.87152777777779,6.336962020754854,1.712962962962962
traffic,arima,31,272,2012-03-12 08:00:00,66.03356481481482,58.821392126675214,66.87152777777779,7.21217268813961,0.8379629629629619
traffic,arima,32,272,2012-03-12 08:00:00,66.28637566137566,58.82123710353138,66.87152777777779,7.465138557844277,0.5851521164021278
traffic,arima,33,272,2012-03-12 08:00:00,66.51273148148148,58.82112302713958,66.87152777777779,7.691608454341903,0.3587962962963047
traffic,arima,34,272,2012-03-12 08:00:00,33.35532407407408,58.82103908210501,66.87152777777779,25.465715008030926,33.5162037037037
traffic,arima,35,272,2012-03-12 08:00:00,36.910714285714285,58.820977309737245,66.87152777777779,21.91026302402296,29.9608134920635
traffic,arima,36,272,2012-03-12 08:00:00,50.65972222222222,58.82093185349985,66.87152777777779,8.161209631277629,16.211805555555564
traffic,arima,37,272,2012-03-12 08:00:00,67.03819444444444,58.820898403761845,66.87152777777779,8.217296040682598,0.1666666666666572
traffic,arima,38,272,2012-03-12 08:00:00,66.73379629629629,58.820873789208655,66.87152777777779,7.912922507087636,0.13773148148149517
traffic,arima,39,272,2012-03-12 08:00:00,66.67080026455027,58.82085567617505,66.87152777777779,7.849944588375216,0.2007275132275197
traffic,arima,40,272,2012-03-12 08:00:00,65.22569444444444,58.820842347394155,66.87152777777779,6.404852097050288,1.6458333333333428
traffic,arima,41,272,2012-03-12 08:00:00,63.62731481481482,58.820832539186206,66.87152777777779,4.8064822756286105,3.244212962962969
traffic,arima,42,272,2012-03-12 08:00:00,62.60929232804233,58.820825321651164,66.87152777777779,3.7884670063911656,4.262235449735456
traffic,arima,43,272,2012-03-12 08:00:00,61.69097222222222,58.82082001050642,66.87152777777779,2.870152211715805,5.180555555555564
traffic,arima,44,272,2012-03-12 08:00:00,62.49189814814815,58.82081610221109,66.87152777777779,3.6710820459370623,4.379629629629633
traffic,arima,45,272,2012-03-12 08:00:00,61.11736111111111,58.820813226226136,66.87152777777779,2.2965478848849727,5.754166666666677
traffic,arima,46,272,2012-03-12 08:00:00,63.64814814814815,58.82081110988416,66.87152777777779,4.827337038263991,3.2233796296296333
traffic,arima,47,272,2012-03-12 08:00:00,66.44560185185185,58.82080955253827,66.87152777777779,7.624792299313576,0.42592592592593803
traffic,arima,48,272,2012-03-12 08:00:00,67.58796296296296,58.820808406539065,66.87152777777779,8.767154556423897,0.7164351851851762
traffic,arima,49,272,2012-03-12 08:00:00,67.22800925925925,58.820807563236244,66.87152777777779,8.407201696023009,0.35648148148146674
traffic,arima,50,272,2012-03-12 08:00:00,65.99652777777779,58.820806942677656,66.87152777777779,7.17572083510013,0.875
traffic,arima,51,272,2012-03-12 08:00:00,64.26851851851852,58.82080648602916,66.87152777777779,5.447712032489356,2.6030092592592666
traffic,arima,52,272,2012-03-12 08:00:00,64.42361111111111,58.82080614999668,66.87152777777779,5.602804961114437,2.4479166666666714
traffic,arima,53,272,2012-03-12 08:00:00,65.80324074074075,58.82080590272152,66.87152777777779,6.9824348380192305,1.068287037037038
traffic,arima,54,272,2012-03-12 08:00:00,65.78587962962963,58.82080572075992,66.87152777777779,6.965073908869712,1.0856481481481524
traffic,arima,55,272,2012-03-12 08:00:00,66.29646164021163,58.820805586860416,66.87152777777779,7.475656053351216,0.5750661375661537
traffic,arima,56,272,2012-03-12 08:00:00,15.574074074074074,58.82080548832821,66.87152777777779,43.246731414254135,51.29745370370371
traffic,arima,57,272,2012-03-12 08:00:00,19.41435185185185,58.820805415821624,66.87152777777779,39.40645356396978,47.45717592592594
traffic,arima,58,272,2012-03-12 08:00:00,16.85350529100529,58.82080536246644,66.87152777777779,41.967300071461146,50.018022486772495
traffic,arima,59,272,2012-03-12 08:00:00,18.78637566137566,58.82080532320412,66.87152777777779,40.034429661828455,48.08515211640213
traffic,arima,60,272,2012-03-12 08:00:00,57.604993386243386,58.82080529431228,66.87152777777779,1.2158119080688934,9.2665343915344
traffic,arima,61,272,2012-03-12 08:00:00,66.61921296296296,58.82080527305174,66.87152777777779,7.7984076899112225,0.25231481481482376
traffic,arima,62,272,2012-03-12 08:00:00,67.34722222222221,58.82080525740681,66.87152777777779,8.526416964815404,0.47569444444442865
traffic,arima,63,272,2012-03-12 08:00:00,66.05886243386244,58.82080524589422,66.87152777777779,7.238057187968224,0.8126653439153415
traffic,arima,64,272,2012-03-12 08:00:00,64.52314814814815,58.82080523742249,66.87152777777779,5.702342910725662,2.3483796296296333
traffic,arima,65,272,2012-03-12 08:00:00,64.28819444444444,58.82080523118843,66.87152777777779,5.467389213256013,2.583333333333343
traffic,arima,66,272,2012-03-12 08:00:00,62.38078703703704,58.82080522660098,66.87152777777779,3.5599818104360565,4.490740740740748
traffic,arima,67,272,2012-03-12 08:00:00,61.357638888888886,58.820805223225236,66.87152777777779,2.53683366566365,5.5138888888889
traffic,arima,68,272,2012-03-12 08:00:00,60.91435185185185,58.820805220741136,66.87152777777779,2.093546631110712,5.957175925925938
traffic,arima,69,272,2012-03-12 08:00:00,59.72407407407408,58.82080521891317,66.87152777777779,0.9032688551609098,7.147453703703704
traffic,arima,70,272,2012-03-12 08:00:00,63.333333333333336,58.82080521756803,66.87152777777779,4.512528115765306,3.53819444444445
traffic,arima,71,272,2012-03-12 08:00:00,65.56944444444444,58.82080521657819,66.87152777777779,6.748639227866256,1.3020833333333428
traffic,arima,72,272,2012-03-12 08:00:00,66.96875,58.820805215849795,66.87152777777779,8.147944784150205,0.09722222222221433
traffic,arima,1,296,2012-03-13 08:00:00,66.81828703703704,64.7221762116244,66.99785052910053,2.0961108254126373,0.17956349206349387
traffic,arima,2,296,2012-03-13 08:00:00,65.82060185185185,63.159094036179575,66.99785052910053,2.661507815672273,1.1772486772486843
traffic,arima,3,296,2012-03-13 08:00:00,64.55324074074075,62.02402786419992,66.99785052910053,2.529212876540825,2.4446097883597844
traffic,arima,4,296,2012-03-13 08:00:00,63.44328703703704,61.2017765093904,66.99785052910053,2.241510527646639,3.554563492063494
traffic,arima,5,296,2012-03-13 08:00:00,64.98495370370371,60.60606911988642,66.99785052910053,4.378884583817289,2.0128968253968225
traffic,arima,6,296,2012-03-13 08:00:00,65.15856481481482,60.17449095948182,66.99785052910053,4.984073855333001,1.8392857142857082
traffic,arima,7,296,2012-03-13 08:00:00,66.03356481481482,59.86182110363974,66.99785052910053,6.171743711175083,0.9642857142857082
traffic,arima,8,296,2012-03-13 08:00:00,66.28637566137566,59.635297968465245,66.99785052910053,6.6510776929104125,0.7114748677248741
traffic,arima,9,296,2012-03-13 08:00:00,66.51273148148148,59.471186430918245,66.99785052910053,7.041545050563236,0.485119047619051
traffic,arima,10,296,2012-03-13 08:00:00,33.35532407407408,59.3522908632099,66.99785052910053,25.99696678913582,33.64252645502645
traffic,arima,11,296,2012-03-13 08:00:00,36.910714285714285,59.26615337262274,66.99785052910053,22.355439086908454,30.087136243386247
traffic,arima,12,296,2012-03-13 08:00:00,50.65972222222222,59.20374846192958,66.99785052910053,8.544026239707357,16.33812830687831
traffic,arima,13,296,2012-03-13 08:00:00,67.03819444444444,59.158537336645146,66.99785052910053,7.8796571077992965,0.04034391534391091
traffic,arima,14,296,2012-03-13 08:00:00,66.73379629629629,59.12578276930774,66.99785052910053,7.60801352698855,0.26405423280424145
traffic,arima,15,296,2012-03-13 08:00:00,66.67080026455027,59.102052732182784,66.99785052910053,7.568747532367482,0.327050264550266
traffic,arima,16,296,2012-03-13 08:00:00,65.22569444444444,59.084860788959986,66.99785052910053,6.140833655484457,1.772156084656089
traffic,arima,17,296,2012-03-13 08:00:00,63.62731481481482,59.072405565640295,66.99785052910053,4.554909249174521,3.3705357142857153
traffic,arima,18,296,2012-03-13 08:00:00,62.60929232804233,59.063382002339,66.99785052910053,3.545910325703332,4.388558201058203
traffic,arima,19,296,2012-03-13 08:00:00,61.69097222222222,59.05684460894486,66.99785052910053,2.6341276132773643,5.3068783068783105
traffic,arima,20,296,2012-03-13 08:00:00,62.49189814814815,59.05210839654598,66.99785052910053,3.43978975160217,4.50595238095238
traffic,arima,21,296,2012-03-13 08:00:00,61.11736111111111,59.04867710420439,66.99785052910053,2.0686840069067216,5.880489417989423
traffic,arima,22,296,2012-03-13 08:00:00,63.64814814814815,59.04619120067179,66.99785052910053,4.60195694747636,3.3497023809523796
traffic,arima,23,296,2012-03-13 08:00:00,66.44560185185185,59.04439021265965,66.99785052910053,7.401211639192198,0.5522486772486843
traffic,arima,24,296,2012-03-13 08:00:00,67.58796296296296,59.04308543241483,66.99785052910053,8.544877530548135,0.59011243386243
traffic,arima,25,296,2012-03-13 08:00:00,67.22800925925925,59.04214014489719,66.99785052910053,8.185869114362063,0.23015873015872046
traffic,arima,26,296,2012-03-13 08:00:00,65.99652777777779,59.041455302760326,66.99785052910053,6.9550724750174595,1.0013227513227463
traffic,arima,27,296,2012-03-13 08:00:00,64.26851851851852,59.04095914815798,66.99785052910053,5.227559370360538,2.729332010582013
traffic,arima,28,296,2012-03-13 08:00:00,64.42361111111111,59.040599693947755,66.99785052910053,5.38301141716336,2.5742394179894177
traffic,arima,29,296,2012-03-13 08:00:00,65.80324074074075,59.04033927647176,66.99785052910053,6.762901464268985,1.1946097883597844
traffic,arima,30,296,2012-03-13 08:00:00,65.78587962962963,59.04015060915371,66.99785052910053,6.74572902047592,1.2119708994708986
traffic,arima,31,296,2012-03-13 08:00:00,66.29646164021163,59.04001392340801,66.99785052910053,7.2564477168036206,0.7013888888888999
traffic,arima,32,296,2012-03-13 08:00:00,15.574074074074074,59.03991489728483,66.99785052910053,43.465840823210755,51.423776455026456
traffic,arima,33,296,2012-03-13 08:00:00,19.41435185185185,59.03984315481438,66.99785052910053,39.62549130296253,47.583498677248684
traffic,arima,34,296,2012-03-13 08:00:00,16.85350529100529,59.03979117881147,66.99785052910053,42.18628588780618,50.14434523809524
traffic,arima,35,296,2012-03-13 08:00:00,18.78637566137566,59.0397535232239,66.99785052910053,40.253377861848236,48.211474867724874
traffic,arima,36,296,2012-03-13 08:00:00,57.604993386243386,59.03972624249441,66.99785052910053,1.4347328562510242,9.392857142857146
traffic,arima,37,296,2012-03-13 08:00:00,66.61921296296296,59.0397064781447,66.99785052910053,7.5795064848182605,0.37863756613757005
traffic,arima,38,296,2012-03-13 08:00:00,67.34722222222221,59.03969215926369,66.99785052910053,8.307530062958527,0.34937169312168237
traffic,arima,39,296,2012-03-13 08:00:00,66.05886243386244,59.03968178551719,66.99785052910053,7.019180648345255,0.9389880952380878
traffic,arima,40,296,2012-03-13 08:00:00,64.52314814814815,59.039674269942736,66.99785052910053,5.483473878205416,2.4747023809523796
traffic,arima,41,296,2012-03-13 08:00:00,64.28819444444444,59.03966882505748,66.99785052910053,5.24852561938696,2.709656084656089
traffic,arima,42,296,2012-03-13 08:00:00,62.38078703703704,59.039664880345654,66.99785052910053,3.341122156691384,4.617063492063494
traffic,arima,43,296,2012-03-13 08:00:00,61.357638888888886,59.039662022479845,66.99785052910053,2.3179768664090403,5.640211640211646
traffic,arima,44,296,2012-03-13 08:00:00,60.91435185185185,59.03965995201251,66.99785052910053,1.8746918998393411,6.083498677248684
traffic,arima,45,296,2012-03-13 08:00:00,59.72407407407408,59.03965845199981,66.99785052910053,0.684415622074269,7.27377645502645
traffic,arima,46,296,2012-03-13 08:00:00,63.333333333333336,59.039657365270244,66.99785052910053,4.293675968063091,3.6645171957671963
traffic,arima,47,296,2012-03-13 08:00:00,65.56944444444444,59.03965657795613,66.99785052910053,6.529787866488313,1.428406084656089
traffic,arima,48,296,2012-03-13 08:00:00,66.96875,59.039656007562606,66.99785052910053,7.929093992437394,0.029100529100531958
traffic,arima,49,296,2012-03-13 08:00:00,38.65625,59.03965559432377,66.99785052910053,20.38340559432377,28.341600529100532
traffic,arima,50,296,2012-03-13 08:00:00,63.05324074074074,59.03965529494039,66.99785052910053,4.013585445800352,3.9446097883597915
traffic,arima,51,296,2012-03-13 08:00:00,64.4141865079365,59.03965507804304,66.99785052910053,5.374531429893466,2.583664021164026
traffic,arima,52,296,2012-03-13 08:00:00,64.93055555555556,59.0396549209052,66.99785052910053,5.890900634650357,2.067294973544975
traffic,arima,53,296,2012-03-13 08:00:00,65.65955687830687,59.039654807061936,66.99785052910053,6.619902071244937,1.3382936507936591
traffic,arima,54,296,2012-03-13 08:00:00,65.63409391534391,59.039654724584736,66.99785052910053,6.594439190759175,1.363756613756621
traffic,arima,55,296,2012-03-13 08:00:00,60.74560185185185,59.03965466483164,66.99785052910053,1.7059471870202145,6.25224867724868
traffic,arima,56,296,2012-03-13 08:00:00,65.92245370370371,59.03965462154169,66.99785052910053,6.882799082162016,1.0753968253968225
traffic,arima,57,296,2012-03-13 08:00:00,56.61689814814815,59.03965459017899,66.99785052910053,2.4227564420308383,10.38095238095238
traffic,arima,58,296,2012-03-13 08:00:00,23.916666666666668,59.039654567457326,66.99785052910053,35.12298790079066,43.08118386243386
traffic,arima,59,296,2012-03-13 08:00:00,23.37962962962963,59.039654550995934,66.99785052910053,35.6600249213663,43.6182208994709
traffic,arima,60,296,2012-03-13 08:00:00,64.75628306878308,59.03965453906998,66.99785052910053,5.716628529713098,2.241567460317455
traffic,arima,61,296,2012-03-13 08:00:00,65.15277777777779,59.03965453042986,66.99785052910053,6.113123247347929,1.8450727513227463
traffic,arima,62,296,2012-03-13 08:00:00,66.3113425925926,59.03965452417026,66.99785052910053,7.2716880684223355,0.6865079365079367
traffic,arima,63,296,2012-03-13 08:00:00,65.76752645502646,59.039654519635306,66.99785052910053,6.72787193539115,1.2303240740740762
traffic,arima,64,296,2012-03-13 08:00:00,63.177083333333336,59.03965451634982,66.99785052910053,4.137428816983515,3.8207671957671963
traffic,arima,65,296,2012-03-13 08:00:00,63.18287037037037,59.03965451396955,66.99785052910053,4.143215856400815,3.8149801587301653
traffic,arima,66,296,2012-03-13 08:00:00,60.67542989417989,59.0396545122451,66.99785052910053,1.635775381934792,6.32242063492064
traffic,arima,67,296,2012-03-13 08:00:00,60.94907407407408,59.03965451099576,66.99785052910053,1.9094195630783233,6.048776455026449
traffic,arima,68,296,2012-03-13 08:00:00,59.15393518518518,59.03965451009064,66.99785052910053,0.1142806750945411,7.843915343915349
traffic,arima,69,296,2012-03-13 08:00:00,60.56805555555555,59.039654509434904,66.99785052910053,1.5284010461206492,6.429794973544979
traffic,arima,70,296,2012-03-13 08:00:00,63.41550925925926,59.03965450895983,66.99785052910053,4.375854750299432,3.5823412698412724
traffic,arima,71,296,2012-03-13 08:00:00,65.76620370370371,59.039654508615655,66.99785052910053,6.7265491950880545,1.2316468253968225
traffic,arima,72,296,2012-03-13 08:00:00,66.4050925925926,59.0396545083663,66.99785052910053,7.365438084226298,0.5927579365079367
traffic,arima,1,320,2012-03-14 08:00:00,67.22800925925925,65.1580942356771,67.58796296296296,2.069915023582155,0.3599537037037095
traffic,arima,2,320,2012-03-14 08:00:00,65.99652777777779,63.46896180620486,67.58796296296296,2.527565971572926,1.5914351851851762
traffic,arima,3,320,2012-03-14 08:00:00,64.26851851851852,62.262613117929654,67.58796296296296,2.0059054005888655,3.319444444444443
traffic,arima,4,320,2012-03-14 08:00:00,64.42361111111111,61.40152105702019,67.58796296296296,3.022090054090924,3.1643518518518476
traffic,arima,5,320,2012-03-14 08:00:00,65.80324074074075,60.78686684697416,67.58796296296296,5.016373893766584,1.7847222222222143
traffic,arima,6,320,2012-03-14 08:00:00,65.78587962962963,60.34812198137008,67.58796296296296,5.437757648259556,1.8020833333333286
traffic,arima,7,320,2012-03-14 08:00:00,66.29646164021163,60.03494254695103,67.58796296296296,6.261519093260603,1.29150132275133
traffic,arima,8,320,2012-03-14 08:00:00,15.574074074074074,59.811392675888044,67.58796296296296,44.23731860181397,52.013888888888886
traffic,arima,9,320,2012-03-14 08:00:00,19.41435185185185,59.651821071369824,67.58796296296296,40.237469219517976,48.173611111111114
traffic,arima,10,320,2012-03-14 08:00:00,16.85350529100529,59.53791764191383,67.58796296296296,42.68441235090854,50.73445767195767
traffic,arima,11,320,2012-03-14 08:00:00,18.78637566137566,59.456612504442745,67.58796296296296,40.67023684306709,48.801587301587304
traffic,arima,12,320,2012-03-14 08:00:00,57.604993386243386,59.39857627664202,67.58796296296296,1.793582890398632,9.982969576719576
traffic,arima,13,320,2012-03-14 08:00:00,66.61921296296296,59.357149574196114,67.58796296296296,7.2620633887668475,0.96875
traffic,arima,14,320,2012-03-14 08:00:00,67.34722222222221,59.32757887774365,67.58796296296296,8.019643344478567,0.24074074074074758
traffic,arima,15,320,2012-03-14 08:00:00,66.05886243386244,59.306471088876656,67.58796296296296,6.752391344985789,1.5291005291005177
traffic,arima,16,320,2012-03-14 08:00:00,64.52314814814815,59.291404188049015,67.58796296296296,5.231743960099138,3.0648148148148096
traffic,arima,17,320,2012-03-14 08:00:00,64.28819444444444,59.28064931921929,67.58796296296296,5.00754512522515,3.299768518518519
traffic,arima,18,320,2012-03-14 08:00:00,62.38078703703704,59.27297241174723,67.58796296296296,3.107814625289805,5.207175925925924
traffic,arima,19,320,2012-03-14 08:00:00,61.357638888888886,59.26749257658906,67.58796296296296,2.0901463122998223,6.230324074074076
traffic,arima,20,320,2012-03-14 08:00:00,60.91435185185185,59.263581028420745,67.58796296296296,1.6507708234311025,6.673611111111114
traffic,arima,21,320,2012-03-14 08:00:00,59.72407407407408,59.260788935477905,67.58796296296296,0.46328513859617715,7.86388888888888
traffic,arima,22,320,2012-03-14 08:00:00,63.333333333333336,59.25879591822079,67.58796296296296,4.074537415112545,4.254629629629626
traffic,arima,23,320,2012-03-14 08:00:00,65.56944444444444,59.25737328728821,67.58796296296296,6.3120711571562325,2.018518518518519
traffic,arima,24,320,2012-03-14 08:00:00,66.96875,59.25635780246833,67.58796296296296,7.7123921975316705,0.6192129629629619
traffic,arima,25,320,2012-03-14 08:00:00,38.65625,59.25563294165181,67.58796296296296,20.59938294165181,28.931712962962962
traffic,arima,26,320,2012-03-14 08:00:00,63.05324074074074,59.25511553046748,67.58796296296296,3.7981252102732626,4.534722222222221
traffic,arima,27,320,2012-03-14 08:00:00,64.4141865079365,59.25474619841424,67.58796296296296,5.159440309522267,3.173776455026456
traffic,arima,28,320,2012-03-14 08:00:00,64.93055555555556,59.25448256637521,67.58796296296296,5.676072989180348,2.6574074074074048
traffic,arima,29,320,2012-03-14 08:00:00,65.65955687830687,59.2542943838132,67.58796296296296,6.40526249449367,1.928406084656089
traffic,arima,30,320,2012-03-14 08:00:00,65.63409391534391,59.25416005766389,67.58796296296296,6.379933857680022,1.953869047619051
traffic,arima,31,320,2012-03-14 08:00:00,60.74560185185185,59.25406417463307,67.58796296296296,1.4915376772187798,6.84236111111111
traffic,arima,32,320,2012-03-14 08:00:00,65.92245370370371,59.253995732593715,67.58796296296296,6.668457971109994,1.6655092592592524
traffic,arima,33,320,2012-03-14 08:00:00,56.61689814814815,59.25394687814355,67.58796296296296,2.6370487299953993,10.97106481481481
traffic,arima,34,320,2012-03-14 08:00:00,23.916666666666668,59.253912005464066,67.58796296296296,35.3372453387974,43.67129629629629
traffic,arima,35,320,2012-03-14 08:00:00,23.37962962962963,59.25388711307924,67.58796296296296,35.87425748344961,44.20833333333333
traffic,arima,36,320,2012-03-14 08:00:00,64.75628306878308,59.253869344704924,67.58796296296296,5.502413724078153,2.831679894179885
traffic,arima,37,320,2012-03-14 08:00:00,65.15277777777779,59.2538566615037,67.58796296296296,5.898921116274089,2.4351851851851762
traffic,arima,38,320,2012-03-14 08:00:00,66.3113425925926,59.25384760813784,67.58796296296296,7.057494984454756,1.2766203703703667
traffic,arima,39,320,2012-03-14 08:00:00,65.76752645502646,59.25384114577618,67.58796296296296,6.5136853092502776,1.8204365079365061
traffic,arima,40,320,2012-03-14 08:00:00,63.177083333333336,59.25383653289309,67.58796296296296,3.9232468004402463,4.410879629629626
traffic,arima,41,320,2012-03-14 08:00:00,63.18287037037037,59.253833240181926,67.58796296296296,3.9290371301884406,4.405092592592595
traffic,arima,42,320,2012-03-14 08:00:00,60.67542989417989,59.25383088981956,67.58796296296296,1.4215990043603313,6.91253306878307
traffic,arima,43,320,2012-03-14 08:00:00,60.94907407407408,59.25382921211297,67.58796296296296,1.6952448619611147,6.638888888888879
traffic,arima,44,320,2012-03-14 08:00:00,59.15393518518518,59.25382801455319,67.58796296296296,0.09989282936800947,8.434027777777779
traffic,arima,45,320,2012-03-14 08:00:00,60.56805555555555,59.25382715972588,67.58796296296296,1.314228395829673,7.019907407407409
traffic,arima,46,320,2012-03-14 08:00:00,63.41550925925926,59.25382654954362,67.58796296296296,4.161682709715642,4.172453703703702
traffic,arima,47,320,2012-03-14 08:00:00,65.76620370370371,59.25382611399086,67.58796296296296,6.512377589712848,1.8217592592592524
traffic,arima,48,320,2012-03-14 08:00:00,66.4050925925926,59.25382580308998,67.58796296296296,7.151266789502614,1.1828703703703667
traffic,arima,49,320,2012-03-14 08:00:00,65.67291666666667,59.25382558116656,67.58796296296296,6.419091085500106,1.9150462962962962
traffic,arima,50,320,2012-03-14 08:00:00,65.07939814814814,59.253825422755924,67.58796296296296,5.82557272539222,2.508564814814818
traffic,arima,51,320,2012-03-14 08:00:00,63.5474537037037,59.253825309681204,67.58796296296296,4.293628394022498,4.0405092592592595
traffic,arima,52,320,2012-03-14 08:00:00,63.24652777777778,59.25382522896761,67.58796296296296,3.992702548810172,4.341435185185183
traffic,arima,53,320,2012-03-14 08:00:00,63.2037037037037,59.253825171353625,67.58796296296296,3.949878532350077,4.3842592592592595
traffic,arima,54,320,2012-03-14 08:00:00,64.02662037037037,59.25382513022833,67.58796296296296,4.772795240142038,3.5613425925925952
traffic,arima,55,320,2012-03-14 08:00:00,66.00462962962963,59.253825100872774,67.58796296296296,6.750804528756859,1.5833333333333286
traffic,arima,56,320,2012-03-14 08:00:00,65.79811507936508,59.253825079918556,67.58796296296296,6.544289999446519,1.7898478835978864
traffic,arima,57,320,2012-03-14 08:00:00,27.377314814814813,59.253825064961276,67.58796296296296,31.876510250146463,40.21064814814815
traffic,arima,58,320,2012-03-14 08:00:00,20.21527777777778,59.253825054284654,67.58796296296296,39.038547276506876,47.37268518518518
traffic,arima,59,320,2012-03-14 08:00:00,23.60796957671958,59.2538250466636,67.58796296296296,35.645855469944024,43.97999338624338
traffic,arima,60,320,2012-03-14 08:00:00,36.62384259259259,59.253825041223635,67.58796296296296,22.629982448631047,30.964120370370374
traffic,arima,61,320,2012-03-14 08:00:00,65.55208333333333,59.25382503734054,67.58796296296296,6.298258295992788,2.0358796296296333
traffic,arima,62,320,2012-03-14 08:00:00,65.73561507936508,59.25382503456876,67.58796296296296,6.481790044796313,1.8523478835978864
traffic,arima,63,320,2012-03-14 08:00:00,64.91617063492063,59.25382503259025,67.58796296296296,5.662345602330383,2.6717923280423292
traffic,arima,64,320,2012-03-14 08:00:00,66.06564153439153,59.25382503117797,67.58796296296296,6.811816503213564,1.5223214285714306
traffic,arima,65,320,2012-03-14 08:00:00,66.38194444444444,59.25382503016987,67.58796296296296,7.128119414274572,1.206018518518519
traffic,arima,66,320,2012-03-14 08:00:00,65.74421296296296,59.25382502945028,67.58796296296296,6.490387933512679,1.84375
traffic,arima,67,320,2012-03-14 08:00:00,63.06018518518518,59.25382502893664,67.58796296296296,3.8063601562485445,4.527777777777779
traffic,arima,68,320,2012-03-14 08:00:00,60.71643518518518,59.25382502856999,67.58796296296296,1.4626101566151917,6.871527777777779
traffic,arima,69,320,2012-03-14 08:00:00,62.145833333333336,59.25382502830828,67.58796296296296,2.8920083050250582,5.442129629629626
traffic,arima,70,320,2012-03-14 08:00:00,62.08680555555555,59.25382502812146,67.58796296296296,2.8329805274340885,5.501157407407412
traffic,arima,71,320,2012-03-14 08:00:00,62.72569444444444,59.253825027988114,67.58796296296296,3.471869416456329,4.862268518518519
traffic,arima,72,320,2012-03-14 08:00:00,65.72453703703704,59.25382502789293,67.58796296296296,6.470712009144108,1.8634259259259238
traffic,arima,1,344,2012-03-15 08:00:00,38.65625,64.6530091804703,66.96875,25.996759180470306,28.3125
traffic,arima,2,344,2012-03-15 08:00:00,63.05324074074074,62.98338347648933,66.96875,0.06985726425141081,3.9155092592592595
traffic,arima,3,344,2012-03-15 08:00:00,64.4141865079365,61.81211735762307,66.96875,2.602069150313433,2.554563492063494
traffic,arima,4,344,2012-03-15 08:00:00,64.93055555555556,60.99089867355285,66.96875,3.9396568820027085,2.038194444444443
traffic,arima,5,344,2012-03-15 08:00:00,65.65955687830687,60.41511754853742,66.96875,5.244439329769456,1.3091931216931272
traffic,arima,6,344,2012-03-15 08:00:00,65.63409391534391,60.01142016573289,66.96875,5.6226737496110175,1.334656084656089
traffic,arima,7,344,2012-03-15 08:00:00,60.74560185185185,59.72837584713048,66.96875,1.0172260047213726,6.223148148148148
traffic,arima,8,344,2012-03-15 08:00:00,65.92245370370371,59.52992500325875,66.96875,6.392528700444963,1.0462962962962905
traffic,arima,9,344,2012-03-15 08:00:00,56.61689814814815,59.39078517657791,66.96875,2.7738870284297548,10.351851851851848
traffic,arima,10,344,2012-03-15 08:00:00,23.916666666666668,59.29323007935047,66.96875,35.37656341268381,43.05208333333333
traffic,arima,11,344,2012-03-15 08:00:00,23.37962962962963,59.224831280659394,66.96875,35.84520165102977,43.58912037037037
traffic,arima,12,344,2012-03-15 08:00:00,64.75628306878308,59.1768748355802,66.96875,5.5794082332028765,2.212466931216923
traffic,arima,13,344,2012-03-15 08:00:00,65.15277777777779,59.14325113650004,66.96875,6.009526641277745,1.8159722222222143
traffic,arima,14,344,2012-03-15 08:00:00,66.3113425925926,59.11967655464839,66.96875,7.191666037944202,0.6574074074074048
traffic,arima,15,344,2012-03-15 08:00:00,65.76752645502646,59.10314770967643,66.96875,6.664378745350028,1.2012235449735442
traffic,arima,16,344,2012-03-15 08:00:00,63.177083333333336,59.09155884172422,66.96875,4.085524491609114,3.7916666666666643
traffic,arima,17,344,2012-03-15 08:00:00,63.18287037037037,59.08343353952425,66.96875,4.099436830846116,3.7858796296296333
traffic,arima,18,344,2012-03-15 08:00:00,60.67542989417989,59.07773664694483,66.96875,1.597693247235064,6.293320105820108
traffic,arima,19,344,2012-03-15 08:00:00,60.94907407407408,59.07374238503767,66.96875,1.8753316890364147,6.019675925925917
traffic,arima,20,344,2012-03-15 08:00:00,59.15393518518518,59.07094188845808,66.96875,0.08299329672710343,7.814814814814817
traffic,arima,21,344,2012-03-15 08:00:00,60.56805555555555,59.068978376481496,66.96875,1.4990771790740567,6.400694444444447
traffic,arima,22,344,2012-03-15 08:00:00,63.41550925925926,59.067601699462756,66.96875,4.347907559796504,3.5532407407407405
traffic,arima,23,344,2012-03-15 08:00:00,65.76620370370371,59.066636469998144,66.96875,6.699567233705565,1.2025462962962905
traffic,arima,24,344,2012-03-15 08:00:00,66.4050925925926,59.0659597187292,66.96875,7.339132873863399,0.5636574074074048
traffic,arima,25,344,2012-03-15 08:00:00,65.67291666666667,59.06548522815798,66.96875,6.607431438508684,1.2958333333333343
traffic,arima,26,344,2012-03-15 08:00:00,65.07939814814814,59.06515254861602,66.96875,6.014245599532124,1.8893518518518562
traffic,arima,27,344,2012-03-15 08:00:00,63.5474537037037,59.064919297031366,66.96875,4.482534406672336,3.4212962962962976
traffic,arima,28,344,2012-03-15 08:00:00,63.24652777777778,59.06475575736367,66.96875,4.181772020414108,3.7222222222222214
traffic,arima,29,344,2012-03-15 08:00:00,63.2037037037037,59.06464109480756,66.96875,4.13906260889614,3.7650462962962976
traffic,arima,30,344,2012-03-15 08:00:00,64.02662037037037,59.064560701457395,66.96875,4.962059668912971,2.9421296296296333
traffic,arima,31,344,2012-03-15 08:00:00,66.00462962962963,59.064504335273256,66.96875,6.940125294356378,0.9641203703703667
traffic,arima,32,344,2012-03-15 08:00:00,65.79811507936508,59.0644648152544,66.96875,6.733650264110679,1.1706349206349245
traffic,arima,33,344,2012-03-15 08:00:00,27.377314814814813,59.064437106586254,66.96875,31.68712229177144,39.59143518518519
traffic,arima,34,344,2012-03-15 08:00:00,20.21527777777778,59.06441767920965,66.96875,38.84913990143187,46.75347222222222
traffic,arima,35,344,2012-03-15 08:00:00,23.60796957671958,59.064404058094404,66.96875,35.45643448137483,43.36078042328042
traffic,arima,36,344,2012-03-15 08:00:00,36.62384259259259,59.0643945079228,66.96875,22.44055191533021,30.344907407407412
traffic,arima,37,344,2012-03-15 08:00:00,65.55208333333333,59.06438781201163,66.96875,6.487695521321697,1.4166666666666714
traffic,arima,38,344,2012-03-15 08:00:00,65.73561507936508,59.06438311730789,66.96875,6.671231962057185,1.2331349206349245
traffic,arima,39,344,2012-03-15 08:00:00,64.91617063492063,59.064379825710574,66.96875,5.851790809210058,2.0525793650793673
traffic,arima,40,344,2012-03-15 08:00:00,66.06564153439153,59.064377517873176,66.96875,7.0012640165183555,0.9031084656084687
traffic,arima,41,344,2012-03-15 08:00:00,66.38194444444444,59.06437589977929,66.96875,7.31756854466515,0.5868055555555571
traffic,arima,42,344,2012-03-15 08:00:00,65.74421296296296,59.06437476528524,66.96875,6.679838197677725,1.224537037037038
traffic,arima,43,344,2012-03-15 08:00:00,63.06018518518518,59.0643739698575,66.96875,3.9958112153276844,3.9085648148148167
traffic,arima,44,344,2012-03-15 08:00:00,60.71643518518518,59.064373412159306,66.96875,1.6520617730258778,6.252314814814817
traffic,arima,45,344,2012-03-15 08:00:00,62.145833333333336,59.064373021140405,66.96875,3.081460312192931,4.822916666666664
traffic,arima,46,344,2012-03-15 08:00:00,62.08680555555555,59.064372746985356,66.96875,3.022432808570194,4.88194444444445
traffic,arima,47,344,2012-03-15 08:00:00,62.72569444444444,59.06437255476704,66.96875,3.661321889677403,4.243055555555557
traffic,arima,48,344,2012-03-15 08:00:00,65.72453703703704,59.06437241999703,66.96875,6.66016461704001,1.244212962962962
traffic,arima,49,344,2012-03-15 08:00:00,61.27546296296296,59.06437232550574,66.96875,2.2110906374572252,5.693287037037038
traffic,arima,50,344,2012-03-15 08:00:00,53.0462962962963,59.064372259255066,66.96875,6.018075962958768,13.922453703703702
traffic,arima,51,344,2012-03-15 08:00:00,44.09259259259259,59.064372212804734,66.96875,14.971779620212146,22.876157407407412
traffic,arima,52,344,2012-03-15 08:00:00,61.90509259259259,59.064372180237015,66.96875,2.840720412355573,5.063657407407412
traffic,arima,53,344,2012-03-15 08:00:00,65.95717592592592,59.064372157402815,66.96875,6.892803768523109,1.0115740740740762
traffic,arima,54,344,2012-03-15 08:00:00,67.20833333333333,59.06437214139308,66.96875,8.14396119194025,0.2395833333333286
traffic,arima,55,344,2012-03-15 08:00:00,66.81018518518518,59.06437213016817,66.96875,7.74581305501701,0.15856481481482376
traffic,arima,56,344,2012-03-15 08:00:00,67.79629629629629,59.064372122298046,66.96875,8.731924173998244,0.8275462962962905
traffic,arima,57,344,2012-03-15 08:00:00,67.54398148148148,59.06437211678007,66.96875,8.47960936470141,0.575231481481481
traffic,arima,58,344,2012-03-15 08:00:00,68.2800925925926,59.06437211291125,66.96875,9.215720479681345,1.3113425925925952
traffic,arima,59,344,2012-03-15 08:00:00,67.94560185185185,59.06437211019871,66.96875,8.881229741653137,0.9768518518518476
traffic,arima,60,344,2012-03-15 08:00:00,65.56828703703704,59.064372108296865,66.96875,6.503914928740173,1.400462962962962
traffic,arima,61,344,2012-03-15 08:00:00,66.5132275132275,59.06437210696342,66.96875,7.448855406264087,0.4555224867724945
traffic,arima,62,344,2012-03-15 08:00:00,66.72222222222221,59.06437210602851,66.96875,7.657850116193707,0.24652777777778567
traffic,arima,63,344,2012-03-15 08:00:00,67.37962962962963,59.06437210537301,66.96875,8.315257524256623,0.4108796296296333
traffic,arima,64,344,2012-03-15 08:00:00,66.71064814814815,59.06437210491342,66.96875,7.646276043234735,0.25810185185184764
traffic,arima,65,344,2012-03-15 08:00:00,66.91319444444444,59.064372104591186,66.96875,7.848822339853257,0.055555555555557135
traffic,arima,66,344,2012-03-15 08:00:00,67.16319444444444,59.06437210436526,66.96875,8.098822340079181,0.19444444444444287
traffic,arima,67,344,2012-03-15 08:00:00,67.04001322751323,59.06437210420686,66.96875,7.975641123306367,0.07126322751322789
traffic,arima,68,344,2012-03-15 08:00:00,64.27199074074075,59.064372104095796,66.96875,5.207618636644952,2.6967592592592524
traffic,arima,69,344,2012-03-15 08:00:00,65.55763888888889,59.06437210401793,66.96875,6.493266784870961,1.4111111111111114
traffic,arima,70,344,2012-03-15 08:00:00,66.73148148148148,59.06437210396333,66.96875,7.667109377518152,0.23726851851851904
traffic,arima,71,344,2012-03-15 08:00:00,67.41435185185185,59.06437210392505,66.96875,8.349979747926795,0.44560185185184764
traffic,arima,72,344,2012-03-15 08:00:00,67.91550925925925,59.064372103898215,66.96875,8.851137155361037,0.9467592592592524
traffic,arima,1,368,2012-03-16 08:00:00,65.67291666666667,64.13355697812526,66.4050925925926,1.5393596885414098,0.7321759259259295
traffic,arima,2,368,2012-03-16 08:00:00,65.07939814814814,62.50816609791481,66.4050925925926,2.571232050233334,1.3256944444444514
traffic,arima,3,368,2012-03-16 08:00:00,63.5474537037037,61.402373907385254,66.4050925925926,2.1450797963184485,2.857638888888893
traffic,arima,4,368,2012-03-16 08:00:00,63.24652777777778,60.651755840978495,66.4050925925926,2.594771936799283,3.1585648148148167
traffic,arima,5,368,2012-03-16 08:00:00,63.2037037037037,60.14228377515717,66.4050925925926,3.0614199285465347,3.201388888888893
traffic,arima,6,368,2012-03-16 08:00:00,64.02662037037037,59.79648796196419,66.4050925925926,4.2301324084061775,2.3784722222222285
traffic,arima,7,368,2012-03-16 08:00:00,66.00462962962963,59.56178477165955,66.4050925925926,6.44284485797008,0.4004629629629619
traffic,arima,8,368,2012-03-16 08:00:00,65.79811507936508,59.402483863699594,66.4050925925926,6.395631215665482,0.6069775132275197
traffic,arima,9,368,2012-03-16 08:00:00,27.377314814814813,59.29436100762408,66.4050925925926,31.91704619280927,39.027777777777786
traffic,arima,10,368,2012-03-16 08:00:00,20.21527777777778,59.22097440766426,66.4050925925926,39.00569662988648,46.18981481481482
traffic,arima,11,368,2012-03-16 08:00:00,23.60796957671958,59.17116446692521,66.4050925925926,35.56319489020564,42.79712301587301
traffic,arima,12,368,2012-03-16 08:00:00,36.62384259259259,59.13735679361992,66.4050925925926,22.513514201027334,29.781250000000007
traffic,arima,13,368,2012-03-16 08:00:00,65.55208333333333,59.11441039462088,66.4050925925926,6.437672938712446,0.8530092592592666
traffic,arima,14,368,2012-03-16 08:00:00,65.73561507936508,59.09883590588666,66.4050925925926,6.636779173478416,0.6694775132275197
traffic,arima,15,368,2012-03-16 08:00:00,64.91617063492063,59.08826497929629,66.4050925925926,5.827905655624342,1.4889219576719626
traffic,arima,16,368,2012-03-16 08:00:00,66.06564153439153,59.08109013774059,66.4050925925926,6.984551396650943,0.3394510582010639
traffic,arima,17,368,2012-03-16 08:00:00,66.38194444444444,59.07622033272309,66.4050925925926,7.305724111721354,0.02314814814815236
traffic,arima,18,368,2012-03-16 08:00:00,65.74421296296296,59.07291503312527,66.4050925925926,6.671297929837692,0.6608796296296333
traffic,arima,19,368,2012-03-16 08:00:00,63.06018518518518,59.07067161570053,66.4050925925926,3.98951356948465,3.344907407407412
traffic,arima,20,368,2012-03-16 08:00:00,60.71643518518518,59.0691489332348,66.4050925925926,1.6472862519503835,5.688657407407412
traffic,arima,21,368,2012-03-16 08:00:00,62.145833333333336,59.06811543769986,66.4050925925926,3.0777178956334765,4.2592592592592595
traffic,arima,22,368,2012-03-16 08:00:00,62.08680555555555,59.06741396970192,66.4050925925926,3.019391585853633,4.318287037037045
traffic,arima,23,368,2012-03-16 08:00:00,62.72569444444444,59.06693785990222,66.4050925925926,3.6587565845422247,3.6793981481481524
traffic,arima,24,368,2012-03-16 08:00:00,65.72453703703704,59.06661470825162,66.4050925925926,6.657922328785418,0.6805555555555571
traffic,arima,25,368,2012-03-16 08:00:00,61.27546296296296,59.066395374414455,66.4050925925926,2.209067588548507,5.129629629629633
traffic,arima,26,368,2012-03-16 08:00:00,53.0462962962963,59.066246505200766,66.4050925925926,6.0199502089044685,13.358796296296298
traffic,arima,27,368,2012-03-16 08:00:00,44.09259259259259,59.06614546268462,66.4050925925926,14.973552870092028,22.312500000000007
traffic,arima,28,368,2012-03-16 08:00:00,61.90509259259259,59.06607688174825,66.4050925925926,2.839015710844336,4.500000000000007
traffic,arima,29,368,2012-03-16 08:00:00,65.95717592592592,59.066030333572186,66.4050925925926,6.8911455923537375,0.4479166666666714
traffic,arima,30,368,2012-03-16 08:00:00,67.20833333333333,59.06599873976769,66.4050925925926,8.142334593565636,0.8032407407407334
traffic,arima,31,368,2012-03-16 08:00:00,66.81018518518518,59.06597729599553,66.4050925925926,7.744207889189646,0.405092592592581
traffic,arima,32,368,2012-03-16 08:00:00,67.79629629629629,59.0659627413899,66.4050925925926,8.730333554906387,1.3912037037036953
traffic,arima,33,368,2012-03-16 08:00:00,67.54398148148148,59.0659528626921,66.4050925925926,8.47802861878938,1.1388888888888857
traffic,arima,34,368,2012-03-16 08:00:00,68.2800925925926,59.06594615768938,66.4050925925926,9.214146434903213,1.875
traffic,arima,35,368,2012-03-16 08:00:00,67.94560185185185,59.0659416067797,66.4050925925926,8.879660245072145,1.5405092592592524
traffic,arima,36,368,2012-03-16 08:00:00,65.56828703703704,59.06593851792504,66.4050925925926,6.502348519111997,0.8368055555555571
traffic,arima,37,368,2012-03-16 08:00:00,66.5132275132275,59.06593642141604,66.4050925925926,7.447291091811465,0.10813492063491026
traffic,arima,38,368,2012-03-16 08:00:00,66.72222222222221,59.06593499844523,66.4050925925926,7.656287223776985,0.3171296296296191
traffic,arima,39,368,2012-03-16 08:00:00,67.37962962962963,59.06593403262734,66.4050925925926,8.313695597002294,0.9745370370370381
traffic,arima,40,368,2012-03-16 08:00:00,66.71064814814815,59.06593337709442,66.4050925925926,7.644714771053735,0.30555555555555713
traffic,arima,41,368,2012-03-16 08:00:00,66.91319444444444,59.06593293216229,66.4050925925926,7.847261512282152,0.5081018518518476
traffic,arima,42,368,2012-03-16 08:00:00,67.16319444444444,59.06593263017197,66.4050925925926,8.097261814272471,0.7581018518518476
traffic,arima,43,368,2012-03-16 08:00:00,67.04001322751323,59.06593242520104,66.4050925925926,7.974080802312187,0.6349206349206327
traffic,arima,44,368,2012-03-16 08:00:00,64.27199074074075,59.06593228608041,66.4050925925926,5.206058454660337,2.1331018518518476
traffic,arima,45,368,2012-03-16 08:00:00,65.55763888888889,59.06593219165458,66.4050925925926,6.4917066972343065,0.8474537037037067
traffic,arima,46,368,2012-03-16 08:00:00,66.73148148148148,59.065932127564615,66.4050925925926,7.665549353916866,0.32638888888888573
traffic,arima,47,368,2012-03-16 08:00:00,67.41435185185185,59.065932084064606,66.4050925925926,8.348419767787242,1.0092592592592524
traffic,arima,48,368,2012-03-16 08:00:00,67.91550925925925,59.0659320545397,66.4050925925926,8.849577204719552,1.5104166666666572
traffic,arima,49,368,2012-03-16 08:00:00,68.01388888888889,59.06593203450016,66.4050925925926,8.947956854388728,1.6087962962962905
traffic,arima,50,368,2012-03-16 08:00:00,68.70370370370371,59.06593202089865,66.4050925925926,9.63777168280506,2.2986111111111143
traffic,arima,51,368,2012-03-16 08:00:00,68.6261574074074,59.065932011666845,66.4050925925926,9.56022539574056,2.2210648148148096
traffic,arima,52,368,2012-03-16 08:00:00,68.1574074074074,59.06593200540092,66.4050925925926,9.091475402006488,1.7523148148148096
traffic,arima,53,368,2012-03-16 08:00:00,67.92592592592592,59.06593200114802,66.4050925925926,8.859993924777903,1.5208333333333286
traffic,arima,54,368,2012-03-16 08:00:00,67.65046296296296,59.06593199826143,66.4050925925926,8.584530964701528,1.2453703703703667
traffic,arima,55,368,2012-03-16 08:00:00,68.08449074074075,59.06593199630222,66.4050925925926,9.01855874443853,1.6793981481481524
traffic,arima,56,368,2012-03-16 08:00:00,68.47685185185185,59.06593199497242,66.4050925925926,9.410919856879424,2.0717592592592524
traffic,arima,57,368,2012-03-16 08:00:00,68.7199074074074,59.06593199406986,66.4050925925926,9.653975413337548,2.3148148148148096
traffic,arima,58,368,2012-03-16 08:00:00,68.0636574074074,59.06593199345725,66.4050925925926,8.997725413950157,1.6585648148148096
traffic,arima,59,368,2012-03-16 08:00:00,68.43055555555556,59.06593199304145,66.4050925925926,9.364623562514105,2.025462962962962
traffic,arima,60,368,2012-03-16 08:00:00,68.06828703703704,59.06593199275924,66.4050925925926,9.002355044277799,1.6631944444444429
traffic,arima,61,368,2012-03-16 08:00:00,68.19675925925925,59.06593199256769,66.4050925925926,9.130827266691561,1.7916666666666572
traffic,arima,62,368,2012-03-16 08:00:00,67.94212962962963,59.065931992437676,66.4050925925926,8.876197637191957,1.537037037037038
traffic,arima,63,368,2012-03-16 08:00:00,67.74513888888889,59.065931992349434,66.4050925925926,8.679206896539455,1.3400462962962933
traffic,arima,64,368,2012-03-16 08:00:00,66.80462962962963,59.06593199228954,66.4050925925926,7.738697637340088,0.39953703703703525
traffic,arima,65,368,2012-03-16 08:00:00,66.64050925925926,59.06593199224889,66.4050925925926,7.574577267010369,0.23541666666666572
traffic,arima,66,368,2012-03-16 08:00:00,65.9462962962963,59.0659319922213,66.4050925925926,6.880364304074995,0.45879629629629903
traffic,arima,67,368,2012-03-16 08:00:00,64.44606481481482,59.06593199220257,66.4050925925926,5.3801328226122465,1.9590277777777771
traffic,arima,68,368,2012-03-16 08:00:00,61.51967592592592,59.06593199218986,66.4050925925926,2.4537439337360567,4.8854166666666785
traffic,arima,69,368,2012-03-16 08:00:00,62.86805555555555,59.065931992181234,66.4050925925926,3.802123563374316,3.537037037037045
traffic,arima,70,368,2012-03-16 08:00:00,65.6537037037037,59.06593199217538,66.4050925925926,6.587771711528319,0.7513888888888971
traffic,arima,71,368,2012-03-16 08:00:00,66.14120370370371,59.06593199217141,66.4050925925926,7.075271711532302,0.26388888888888573
traffic,arima,72,368,2012-03-16 08:00:00,66.97222222222221,59.06593199216871,66.4050925925926,7.906290230053507,0.5671296296296191
traffic,arima,1,392,2012-03-17 08:00:00,61.27546296296296,63.73149364859249,65.72453703703704,2.4560306856295284,4.449074074074076
traffic,arima,2,392,2012-03-17 08:00:00,53.0462962962963,62.160340089160144,65.72453703703704,9.114043792863846,12.67824074074074
traffic,arima,3,392,2012-03-17 08:00:00,44.09259259259259,61.10190721326579,65.72453703703704,17.0093146206732,21.63194444444445
traffic,arima,4,392,2012-03-17 08:00:00,61.90509259259259,60.398324175939,65.72453703703704,1.5067684166535855,3.81944444444445
traffic,arima,5,392,2012-03-17 08:00:00,65.95717592592592,59.93120393210443,65.72453703703704,6.025971993821493,0.23263888888888573
traffic,arima,6,392,2012-03-17 08:00:00,67.20833333333333,59.62111125007101,65.72453703703704,7.5872220832623185,1.4837962962962905
traffic,arima,7,392,2012-03-17 08:00:00,66.81018518518518,59.41526184878679,65.72453703703704,7.394923336398385,1.0856481481481381
traffic,arima,8,392,2012-03-17 08:00:00,67.79629629629629,59.278612598101994,65.72453703703704,8.517683698194297,2.0717592592592524
traffic,arima,9,392,2012-03-17 08:00:00,67.54398148148148,59.18790057366419,65.72453703703704,8.356080907817294,1.8194444444444429
traffic,arima,10,392,2012-03-17 08:00:00,68.2800925925926,59.127683109885616,65.72453703703704,9.152409482706979,2.555555555555557
traffic,arima,11,392,2012-03-17 08:00:00,67.94560185185185,59.087708884160506,65.72453703703704,8.857892967691342,2.2210648148148096
traffic,arima,12,392,2012-03-17 08:00:00,65.56828703703704,59.06117274959212,65.72453703703704,6.507114287444921,0.15625
traffic,arima,13,392,2012-03-17 08:00:00,66.5132275132275,59.04355723797048,65.72453703703704,7.469670275257023,0.7886904761904674
traffic,arima,14,392,2012-03-17 08:00:00,66.72222222222221,59.031863513366694,65.72453703703704,7.69035870885552,0.9976851851851762
traffic,arima,15,392,2012-03-17 08:00:00,67.37962962962963,59.024100855202335,65.72453703703704,8.355528774427299,1.6550925925925952
traffic,arima,16,392,2012-03-17 08:00:00,66.71064814814815,59.01894776122941,65.72453703703704,7.69170038691874,0.9861111111111143
traffic,arima,17,392,2012-03-17 08:00:00,66.91319444444444,59.01552697714598,65.72453703703704,7.8976674672984615,1.1886574074074048
traffic,arima,18,392,2012-03-17 08:00:00,67.16319444444444,59.01325615425648,65.72453703703704,8.149938290187961,1.4386574074074048
traffic,arima,19,392,2012-03-17 08:00:00,67.04001322751323,59.011748711380896,65.72453703703704,8.028264516132332,1.3154761904761898
traffic,arima,20,392,2012-03-17 08:00:00,64.27199074074075,59.01074802390604,65.72453703703704,5.261242716834708,1.4525462962962905
traffic,arima,21,392,2012-03-17 08:00:00,65.55763888888889,59.0100837364305,65.72453703703704,6.547555152458386,0.16689814814814952
traffic,arima,22,392,2012-03-17 08:00:00,66.73148148148148,59.00964276173936,65.72453703703704,7.721838719742124,1.0069444444444429
traffic,arima,23,392,2012-03-17 08:00:00,67.41435185185185,59.009350029021384,65.72453703703704,8.405001822830464,1.6898148148148096
traffic,arima,24,392,2012-03-17 08:00:00,67.91550925925925,59.00915570393677,65.72453703703704,8.906353555322482,2.1909722222222143
traffic,arima,25,392,2012-03-17 08:00:00,68.01388888888889,59.009026704900464,65.72453703703704,9.004862183988422,2.2893518518518476
traffic,arima,26,392,2012-03-17 08:00:00,68.70370370370371,59.00894107132722,65.72453703703704,9.694762632376488,2.9791666666666714
traffic,arima,27,392,2012-03-17 08:00:00,68.6261574074074,59.00888422509739,65.72453703703704,9.617273182310015,2.9016203703703667
traffic,arima,28,392,2012-03-17 08:00:00,68.1574074074074,59.00884648880163,65.72453703703704,9.148560918605774,2.4328703703703667
traffic,arima,29,392,2012-03-17 08:00:00,67.92592592592592,59.008821438274595,65.72453703703704,8.91710448765133,2.2013888888888857
traffic,arima,30,392,2012-03-17 08:00:00,67.65046296296296,59.00880480895546,65.72453703703704,8.641658154007501,1.9259259259259238
traffic,arima,31,392,2012-03-17 08:00:00,68.08449074074075,59.008793769896116,65.72453703703704,9.075696970844632,2.3599537037037095
traffic,arima,32,392,2012-03-17 08:00:00,68.47685185185185,59.008786441825116,65.72453703703704,9.468065410026732,2.7523148148148096
traffic,arima,33,392,2012-03-17 08:00:00,68.7199074074074,59.008781577223615,65.72453703703704,9.71112583018379,2.9953703703703667
traffic,arima,34,392,2012-03-17 08:00:00,68.0636574074074,59.008778347949814,65.72453703703704,9.05487905945759,2.3391203703703667
traffic,arima,35,392,2012-03-17 08:00:00,68.43055555555556,59.00877620425741,65.72453703703704,9.421779351298149,2.706018518518519
traffic,arima,36,392,2012-03-17 08:00:00,68.06828703703704,59.008774781207705,65.72453703703704,9.059512255829333,2.34375
traffic,arima,37,392,2012-03-17 08:00:00,68.19675925925925,59.008773836543035,65.72453703703704,9.187985422716217,2.4722222222222143
traffic,arima,38,392,2012-03-17 08:00:00,67.94212962962963,59.008773209445245,65.72453703703704,8.933356420184388,2.2175925925925952
traffic,arima,39,392,2012-03-17 08:00:00,67.74513888888889,59.00877279315823,65.72453703703704,8.73636609573066,2.0206018518518505
traffic,arima,40,392,2012-03-17 08:00:00,66.80462962962963,59.00877251681395,65.72453703703704,7.795857112815682,1.0800925925925924
traffic,arima,41,392,2012-03-17 08:00:00,66.64050925925926,59.00877233336803,65.72453703703704,7.631736925891232,0.9159722222222229
traffic,arima,42,392,2012-03-17 08:00:00,65.9462962962963,59.008772211590916,65.72453703703704,6.93752408470538,0.2217592592592581
traffic,arima,43,392,2012-03-17 08:00:00,64.44606481481482,59.008772130751474,65.72453703703704,5.437292684063344,1.27847222222222
traffic,arima,44,392,2012-03-17 08:00:00,61.51967592592592,59.00877207708775,65.72453703703704,2.5109038488381685,4.204861111111121
traffic,arima,45,392,2012-03-17 08:00:00,62.86805555555555,59.00877204146409,65.72453703703704,3.8592835140914588,2.856481481481488
traffic,arima,46,392,2012-03-17 08:00:00,65.6537037037037,59.008772017816,65.72453703703704,6.644931685887698,0.07083333333333997
traffic,arima,47,392,2012-03-17 08:00:00,66.14120370370371,59.00877200211766,65.72453703703704,7.13243170158605,0.4166666666666714
traffic,arima,48,392,2012-03-17 08:00:00,66.97222222222221,59.00877199169662,65.72453703703704,7.963450230525595,1.2476851851851762
traffic,arima,49,392,2012-03-17 08:00:00,68.00578703703704,59.008771984778804,65.72453703703704,8.997015052258234,2.28125
traffic,arima,50,392,2012-03-17 08:00:00,65.96527777777777,59.008771980186545,65.72453703703704,6.956505797591227,0.24074074074073337
traffic,arima,51,392,2012-03-17 08:00:00,65.22453703703704,59.00877197713806,65.72453703703704,6.2157650598989775,0.5
traffic,arima,52,392,2012-03-17 08:00:00,64.52893518518518,59.00877197511438,65.72453703703704,5.520163210070798,1.1956018518518619
traffic,arima,53,392,2012-03-17 08:00:00,63.15856481481482,59.008771973771,65.72453703703704,4.149792841043819,2.5659722222222214
traffic,arima,54,392,2012-03-17 08:00:00,63.80925925925926,59.00877197287922,65.72453703703704,4.80048728638004,1.9152777777777814
traffic,arima,55,392,2012-03-17 08:00:00,63.43287037037037,59.00877197228723,65.72453703703704,4.424098398083139,2.2916666666666714
traffic,arima,56,392,2012-03-17 08:00:00,30.05439814814815,59.00877197189425,65.72453703703704,28.9543738237461,35.670138888888886
traffic,arima,57,392,2012-03-17 08:00:00,55.77893518518518,59.00877197163337,65.72453703703704,3.229836786448189,9.945601851851855
traffic,arima,58,392,2012-03-17 08:00:00,18.05439814814815,59.0087719714602,65.72453703703704,40.954373823312054,47.670138888888886
traffic,arima,59,392,2012-03-17 08:00:00,23.689814814814813,59.00877197134524,65.72453703703704,35.31895715653043,42.03472222222223
traffic,arima,60,392,2012-03-17 08:00:00,66.61689814814815,59.00877197126893,65.72453703703704,7.6081261768792245,0.8923611111111143
traffic,arima,61,392,2012-03-17 08:00:00,67.87847222222223,59.008771971218266,65.72453703703704,8.869700251003962,2.1539351851851904
traffic,arima,62,392,2012-03-17 08:00:00,67.52893518518518,59.008771971184636,65.72453703703704,8.52016321400054,1.8043981481481381
traffic,arima,63,392,2012-03-17 08:00:00,65.08217592592592,59.00877197116231,65.72453703703704,6.073403954763613,0.6423611111111143
traffic,arima,64,392,2012-03-17 08:00:00,64.90972222222221,59.008771971147496,65.72453703703704,5.900950251074718,0.8148148148148238
traffic,arima,65,392,2012-03-17 08:00:00,62.5,59.008771971137655,65.72453703703704,3.491228028862345,3.224537037037038
traffic,arima,66,392,2012-03-17 08:00:00,63.24189814814815,59.008771971131125,65.72453703703704,4.233126177017027,2.4826388888888857
traffic,arima,67,392,2012-03-17 08:00:00,60.7037037037037,59.00877197112679,65.72453703703704,1.6949317325769115,5.020833333333336
traffic,arima,68,392,2012-03-17 08:00:00,58.31689814814815,59.00877197112391,65.72453703703704,0.691873822975765,7.40763888888889
traffic,arima,69,392,2012-03-17 08:00:00,59.3558201058201,59.008771971122,65.72453703703704,0.3470481346980989,6.368716931216937
traffic,arima,70,392,2012-03-17 08:00:00,64.18981481481482,59.00877197112073,65.72453703703704,5.181042843694094,1.5347222222222143
traffic,arima,71,392,2012-03-17 08:00:00,66.20949074074075,59.00877197111989,65.72453703703704,7.200718769620856,0.4849537037037095
traffic,arima,72,392,2012-03-17 08:00:00,66.92361111111111,59.00877197111933,65.72453703703704,7.914839139991784,1.1990740740740762
traffic,arima,1,416,2012-03-18 08:00:00,68.01388888888889,65.2534842216891,67.91550925925925,2.7604046671997793,0.09837962962963331
traffic,arima,2,416,2012-03-18 08:00:00,68.70370370370371,63.29299283779433,67.91550925925925,5.41071086590938,0.7881944444444571
traffic,arima,3,416,2012-03-18 08:00:00,68.6261574074074,61.97588646515086,67.91550925925925,6.650270942256547,0.7106481481481524
traffic,arima,4,416,2012-03-18 08:00:00,68.1574074074074,61.09821645217571,67.91550925925925,7.059190955231692,0.24189814814815236
traffic,arima,5,416,2012-03-18 08:00:00,67.92592592592592,60.51381798801059,67.91550925925925,7.412107937915337,0.010416666666671404
traffic,arima,6,416,2012-03-18 08:00:00,67.65046296296296,60.124723106818344,67.91550925925925,7.525739856144618,0.2650462962962905
traffic,arima,7,416,2012-03-18 08:00:00,68.08449074074075,59.86566391173221,67.91550925925925,8.218826829008535,0.16898148148149517
traffic,arima,8,416,2012-03-18 08:00:00,68.47685185185185,59.693182528131416,67.91550925925925,8.783669323720432,0.5613425925925952
traffic,arima,9,416,2012-03-18 08:00:00,68.7199074074074,59.578344582012484,67.91550925925925,9.14156282539492,0.8043981481481524
traffic,arima,10,416,2012-03-18 08:00:00,68.0636574074074,59.50188558384026,67.91550925925925,8.561771823567142,0.14814814814815236
traffic,arima,11,416,2012-03-18 08:00:00,68.43055555555556,59.45097925369486,67.91550925925925,8.979576301860696,0.5150462962963047
traffic,arima,12,416,2012-03-18 08:00:00,68.06828703703704,59.41708586624942,67.91550925925925,8.651201170787616,0.15277777777778567
traffic,arima,13,416,2012-03-18 08:00:00,68.19675925925925,59.394519680291026,67.91550925925925,8.802239578968226,0.28125
traffic,arima,14,416,2012-03-18 08:00:00,67.94212962962963,59.37949513458786,67.91550925925925,8.56263449504177,0.026620370370380897
traffic,arima,15,416,2012-03-18 08:00:00,67.74513888888889,59.36949180597919,67.91550925925925,8.375647082909701,0.17037037037036384
traffic,arima,16,416,2012-03-18 08:00:00,66.80462962962963,59.362831599059774,67.91550925925925,7.441798030569856,1.110879629629622
traffic,arima,17,416,2012-03-18 08:00:00,66.64050925925926,59.35839723946363,67.91550925925925,7.282112019795633,1.2749999999999915
traffic,arima,18,416,2012-03-18 08:00:00,65.9462962962963,59.35544484695301,67.91550925925925,6.590851449343283,1.9692129629629562
traffic,arima,19,416,2012-03-18 08:00:00,64.44606481481482,59.35347914675489,67.91550925925925,5.092585668059925,3.4694444444444343
traffic,arima,20,416,2012-03-18 08:00:00,61.51967592592592,59.352170385384234,67.91550925925925,2.1675055405416828,6.395833333333336
traffic,arima,21,416,2012-03-18 08:00:00,62.86805555555555,59.35129901327624,67.91550925925925,3.5167565422793103,5.047453703703702
traffic,arima,22,416,2012-03-18 08:00:00,65.6537037037037,59.35071885453408,67.91550925925925,6.3029848491696185,2.2618055555555543
traffic,arima,23,416,2012-03-18 08:00:00,66.14120370370371,59.35033258538107,67.91550925925925,6.790871118322642,1.774305555555543
traffic,arima,24,416,2012-03-18 08:00:00,66.97222222222221,59.35007540773689,67.91550925925925,7.622146814485326,0.9432870370370381
traffic,arima,25,416,2012-03-18 08:00:00,68.00578703703704,59.34990417909967,67.91550925925925,8.655882857937371,0.09027777777778567
traffic,arima,26,416,2012-03-18 08:00:00,65.96527777777777,59.349790175231654,67.91550925925925,6.615487602546118,1.950231481481481
traffic,arima,27,416,2012-03-18 08:00:00,65.22453703703704,59.34971427156195,67.91550925925925,5.874822765475088,2.6909722222222143
traffic,arima,28,416,2012-03-18 08:00:00,64.52893518518518,59.34966373496899,67.91550925925925,5.179271450216184,3.386574074074076
traffic,arima,29,416,2012-03-18 08:00:00,63.15856481481482,59.349630087752224,67.91550925925925,3.808934727062592,4.756944444444436
traffic,arima,30,416,2012-03-18 08:00:00,63.80925925925926,59.349607685466474,67.91550925925925,4.459651573792783,4.106249999999996
traffic,arima,31,416,2012-03-18 08:00:00,63.43287037037037,59.349592770045376,67.91550925925925,4.08327760032499,4.482638888888886
traffic,arima,32,416,2012-03-18 08:00:00,30.05439814814815,59.349582839371834,67.91550925925925,29.295184691223685,37.8611111111111
traffic,arima,33,416,2012-03-18 08:00:00,55.77893518518518,59.349576227538584,67.91550925925925,3.570641042353401,12.136574074074069
traffic,arima,34,416,2012-03-18 08:00:00,18.05439814814815,59.349571825386136,67.91550925925925,41.29517367723798,49.8611111111111
traffic,arima,35,416,2012-03-18 08:00:00,23.689814814814813,59.34956889443711,67.91550925925925,35.6597540796223,44.22569444444444
traffic,arima,36,416,2012-03-18 08:00:00,66.61689814814815,59.34956694301397,67.91550925925925,7.267331205134184,1.2986111111111
traffic,arima,37,416,2012-03-18 08:00:00,67.87847222222223,59.34956564375825,67.91550925925925,8.528906578463982,0.03703703703702388
traffic,arima,38,416,2012-03-18 08:00:00,67.52893518518518,59.34956477871499,67.91550925925925,8.179370406470184,0.3865740740740762
traffic,arima,39,416,2012-03-18 08:00:00,65.08217592592592,59.34956420277,67.91550925925925,5.732611723155927,2.8333333333333286
traffic,arima,40,416,2012-03-18 08:00:00,64.90972222222221,59.349563819306354,67.91550925925925,5.56015840291586,3.005787037037038
traffic,arima,41,416,2012-03-18 08:00:00,62.5,59.34956356399661,67.91550925925925,3.150436436003389,5.415509259259252
traffic,arima,42,416,2012-03-18 08:00:00,63.24189814814815,59.349563394011625,67.91550925925925,3.8923347541365274,4.6736111111111
traffic,arima,43,416,2012-03-18 08:00:00,60.7037037037037,59.349563280835774,67.91550925925925,1.3541404228679284,7.21180555555555
traffic,arima,44,416,2012-03-18 08:00:00,58.31689814814815,59.3495632054834,67.91550925925925,1.032665057335251,9.598611111111104
traffic,arima,45,416,2012-03-18 08:00:00,59.3558201058201,59.34956315531386,67.91550925925925,0.00625695050624131,8.559689153439152
traffic,arima,46,416,2012-03-18 08:00:00,64.18981481481482,59.349563121911025,67.91550925925925,4.840251692903799,3.7256944444444287
traffic,arima,47,416,2012-03-18 08:00:00,66.20949074074075,59.34956309967145,67.91550925925925,6.859927641069298,1.7060185185185048
traffic,arima,48,416,2012-03-18 08:00:00,66.92361111111111,59.34956308486436,67.91550925925925,7.574048026246757,0.9918981481481381
traffic,arima,49,416,2012-03-18 08:00:00,67.88541666666667,59.34956307500581,67.91550925925925,8.53585359166086,0.030092592592581013
traffic,arima,50,416,2012-03-18 08:00:00,0.0,59.349563068442,67.91550925925925,59.349563068442,67.91550925925925
traffic,arima,51,416,2012-03-18 08:00:00,31.863425925925924,59.34956306407182,67.91550925925925,27.4861371381459,36.05208333333333
traffic,arima,52,416,2012-03-18 08:00:00,63.87268518518518,59.349563061162165,67.91550925925925,4.523122124023018,4.042824074074069
traffic,arima,53,416,2012-03-18 08:00:00,64.16319444444444,59.34956305922491,67.91550925925925,4.81363138521953,3.7523148148148096
traffic,arima,54,416,2012-03-18 08:00:00,65.71296296296296,59.34956305793509,67.91550925925925,6.363399905027869,2.2025462962962905
traffic,arima,55,416,2012-03-18 08:00:00,66.30092592592592,59.34956305707633,67.91550925925925,6.951362868849593,1.6145833333333286
traffic,arima,56,416,2012-03-18 08:00:00,45.98330026455026,59.34956305650457,67.91550925925925,13.366262791954313,21.932208994708994
traffic,arima,57,416,2012-03-18 08:00:00,18.90376984126984,59.34956305612389,67.91550925925925,40.44579321485405,49.01173941798942
traffic,arima,58,416,2012-03-18 08:00:00,17.48611111111111,59.34956305587044,67.91550925925925,41.86345194475933,50.42939814814814
traffic,arima,59,416,2012-03-18 08:00:00,26.822916666666668,59.34956305570169,67.91550925925925,32.52664638903502,41.09259259259258
traffic,arima,60,416,2012-03-18 08:00:00,65.68518518518518,59.349563055589336,67.91550925925925,6.335622129595841,2.230324074074076
traffic,arima,61,416,2012-03-18 08:00:00,66.1886574074074,59.34956305551453,67.91550925925925,6.839094351892875,1.7268518518518476
traffic,arima,62,416,2012-03-18 08:00:00,66.27777777777779,59.34956305546472,67.91550925925925,6.928214722313065,1.6377314814814667
traffic,arima,63,416,2012-03-18 08:00:00,66.35995370370371,59.34956305543156,67.91550925925925,7.01039064827215,1.555555555555543
traffic,arima,64,416,2012-03-18 08:00:00,63.93584656084656,59.34956305540948,67.91550925925925,4.586283505437073,3.979662698412696
traffic,arima,65,416,2012-03-18 08:00:00,63.61689814814815,59.34956305539478,67.91550925925925,4.26733509275337,4.2986111111111
traffic,arima,66,416,2012-03-18 08:00:00,62.21296296296296,59.349563055385,67.91550925925925,2.863399907577964,5.7025462962962905
traffic,arima,67,416,2012-03-18 08:00:00,59.54017857142858,59.34956305537848,67.91550925925925,0.1906155160500944,8.375330687830676
traffic,arima,68,416,2012-03-18 08:00:00,59.239583333333336,59.34956305537414,67.91550925925925,0.10997972204080497,8.675925925925917
traffic,arima,69,416,2012-03-18 08:00:00,60.84259259259259,59.349563055371256,67.91550925925925,1.4930295372213322,7.072916666666664
traffic,arima,70,416,2012-03-18 08:00:00,63.78240740740741,59.34956305536933,67.91550925925925,4.432844352038082,4.1331018518518405
traffic,arima,71,416,2012-03-18 08:00:00,66.47800925925925,59.34956305536805,67.91550925925925,7.128446203891201,1.4375
traffic,arima,72,416,2012-03-18 08:00:00,66.97800925925925,59.3495630553672,67.91550925925925,7.628446203892054,0.9375
traffic,arima,1,440,2012-03-19 08:00:00,68.00578703703704,64.78744328585894,66.97222222222221,3.2183437511780966,1.0335648148148238
traffic,arima,2,440,2012-03-19 08:00:00,65.96527777777777,63.156813888854295,66.97222222222221,2.8084638889234768,1.0069444444444429
traffic,arima,3,440,2012-03-19 08:00:00,65.22453703703704,62.050027279326095,66.97222222222221,3.1745097577109433,1.7476851851851762
traffic,arima,4,440,2012-03-19 08:00:00,64.52893518518518,61.30460374705766,66.97222222222221,3.224331438127514,2.443287037037038
traffic,arima,5,440,2012-03-19 08:00:00,63.15856481481482,60.80289533812486,66.97222222222221,2.355669476689954,3.8136574074073977
traffic,arima,6,440,2012-03-19 08:00:00,63.80925925925926,60.46523937216033,66.97222222222221,3.3440198870989235,3.1629629629629576
traffic,arima,7,440,2012-03-19 08:00:00,63.43287037037037,60.23799387555176,66.97222222222221,3.194876494818608,3.5393518518518476
traffic,arima,8,440,2012-03-19 08:00:00,30.05439814814815,60.085055683007106,66.97222222222221,30.030657534858957,36.91782407407406
traffic,arima,9,440,2012-03-19 08:00:00,55.77893518518518,59.98212695526583,66.97222222222221,4.203191770080643,11.193287037037031
traffic,arima,10,440,2012-03-19 08:00:00,18.05439814814815,59.912855030553864,66.97222222222221,41.85845688240572,48.91782407407406
traffic,arima,11,440,2012-03-19 08:00:00,23.689814814814813,59.8662344256243,66.97222222222221,36.17641961080949,43.282407407407405
traffic,arima,12,440,2012-03-19 08:00:00,66.61689814814815,59.83485835497256,66.97222222222221,6.782039793175592,0.35532407407406197
traffic,arima,13,440,2012-03-19 08:00:00,67.87847222222223,59.813741987842015,66.97222222222221,8.064730234380214,0.9062500000000142
traffic,arima,14,440,2012-03-19 08:00:00,67.52893518518518,59.799530489986175,66.97222222222221,7.729404695199001,0.5567129629629619
traffic,arima,15,440,2012-03-19 08:00:00,65.08217592592592,59.789966028918705,66.97222222222221,5.2922098970072184,1.8900462962962905
traffic,arima,16,440,2012-03-19 08:00:00,64.90972222222221,59.783529063833164,66.97222222222221,5.12619315838905,2.0625
traffic,arima,17,440,2012-03-19 08:00:00,62.5,59.77919693061415,66.97222222222221,2.720803069385852,4.472222222222214
traffic,arima,18,440,2012-03-19 08:00:00,63.24189814814815,59.7762813674601,66.97222222222221,3.465616780688052,3.730324074074062
traffic,arima,19,440,2012-03-19 08:00:00,60.7037037037037,59.774319168221176,66.97222222222221,0.9293845354825265,6.268518518518512
traffic,arima,20,440,2012-03-19 08:00:00,58.31689814814815,59.77299859114917,66.97222222222221,1.45610044300102,8.655324074074066
traffic,arima,21,440,2012-03-19 08:00:00,59.3558201058201,59.772109831349184,66.97222222222221,0.41628972552908294,7.616402116402114
traffic,arima,22,440,2012-03-19 08:00:00,64.18981481481482,59.77151168831095,66.97222222222221,4.418303126503872,2.7824074074073906
traffic,arima,23,440,2012-03-19 08:00:00,66.20949074074075,59.77110913286888,66.97222222222221,6.438381607871868,0.7627314814814667
traffic,arima,24,440,2012-03-19 08:00:00,66.92361111111111,59.77083820957196,66.97222222222221,7.1527729015391515,0.04861111111110006
traffic,arima,25,440,2012-03-19 08:00:00,67.88541666666667,59.77065587584811,66.97222222222221,8.114760790818565,0.9131944444444571
traffic,arima,26,440,2012-03-19 08:00:00,0.0,59.770533163673726,66.97222222222221,59.770533163673726,66.97222222222221
traffic,arima,27,440,2012-03-19 08:00:00,31.863425925925924,59.77045057731821,66.97222222222221,27.907024651392284,35.10879629629629
traffic,arima,28,440,2012-03-19 08:00:00,63.87268518518518,59.770394995986095,66.97222222222221,4.102290189199088,3.099537037037031
traffic,arima,29,440,2012-03-19 08:00:00,64.16319444444444,59.77035758926849,66.97222222222221,4.3928368551759505,2.8090277777777715
traffic,arima,30,440,2012-03-19 08:00:00,65.71296296296296,59.770332414223766,66.97222222222221,5.942630548739196,1.2592592592592524
traffic,arima,31,440,2012-03-19 08:00:00,66.30092592592592,59.77031547120075,66.97222222222221,6.530610454725171,0.6712962962962905
traffic,arima,32,440,2012-03-19 08:00:00,45.98330026455026,59.77030406839962,66.97222222222221,13.787003803849359,20.988921957671955
traffic,arima,33,440,2012-03-19 08:00:00,18.90376984126984,59.77029639421575,66.97222222222221,40.86652655294591,48.06845238095238
traffic,arima,34,440,2012-03-19 08:00:00,17.48611111111111,59.770291229423584,66.97222222222221,42.28418011831248,49.4861111111111
traffic,arima,35,440,2012-03-19 08:00:00,26.822916666666668,59.77028775347375,66.97222222222221,32.94737108680708,40.14930555555554
traffic,arima,36,440,2012-03-19 08:00:00,65.68518518518518,59.770285414129425,66.97222222222221,5.914899771055751,1.287037037037038
traffic,arima,37,440,2012-03-19 08:00:00,66.1886574074074,59.770283839730446,66.97222222222221,6.418373567676959,0.7835648148148096
traffic,arima,38,440,2012-03-19 08:00:00,66.27777777777779,59.7702827801463,66.97222222222221,6.507494997631483,0.6944444444444287
traffic,arima,39,440,2012-03-19 08:00:00,66.35995370370371,59.77028206703701,66.97222222222221,6.589671636666701,0.6122685185185048
traffic,arima,40,440,2012-03-19 08:00:00,63.93584656084656,59.77028158710828,66.97222222222221,4.165564973738277,3.036375661375658
traffic,arima,41,440,2012-03-19 08:00:00,63.61689814814815,59.770281264112086,66.97222222222221,3.8466168840360666,3.355324074074062
traffic,arima,42,440,2012-03-19 08:00:00,62.21296296296296,59.770281046732855,66.97222222222221,2.442681916230107,4.759259259259252
traffic,arima,43,440,2012-03-19 08:00:00,59.54017857142858,59.77028090043475,66.97222222222221,0.2301023290061721,7.432043650793638
traffic,arima,44,440,2012-03-19 08:00:00,59.239583333333336,59.77028080197486,66.97222222222221,0.5306974686415273,7.732638888888879
traffic,arima,45,440,2012-03-19 08:00:00,60.84259259259259,59.7702807357105,66.97222222222221,1.072311856882088,6.129629629629626
traffic,arima,46,440,2012-03-19 08:00:00,63.78240740740741,59.77028069111402,66.97222222222221,4.012126716293395,3.1898148148148024
traffic,arima,47,440,2012-03-19 08:00:00,66.47800925925925,59.770280661100195,66.97222222222221,6.707728598159058,0.4942129629629619
traffic,arima,48,440,2012-03-19 08:00:00,66.97800925925925,59.77028064090063,66.97222222222221,7.207728618358622,0.00578703703703809
traffic,arima,49,440,2012-03-19 08:00:00,64.99421296296296,59.77028062730615,66.97222222222221,5.223932335656812,1.9780092592592524
traffic,arima,50,440,2012-03-19 08:00:00,65.80092592592592,59.77028061815695,66.97222222222221,6.030645307768971,1.1712962962962905
traffic,arima,51,440,2012-03-19 08:00:00,64.35433201058201,59.77028061199946,66.97222222222221,4.584051398582552,2.6178902116402014
traffic,arima,52,440,2012-03-19 08:00:00,65.70486111111111,59.77028060785541,66.97222222222221,5.934580503255702,1.2673611111111
traffic,arima,53,440,2012-03-19 08:00:00,65.69328703703704,59.77028060506643,66.97222222222221,5.923006431970606,1.2789351851851762
traffic,arima,54,440,2012-03-19 08:00:00,64.58862433862434,59.77028060318943,66.97222222222221,4.818343735434915,2.383597883597872
traffic,arima,55,440,2012-03-19 08:00:00,64.48379629629629,59.77028060192618,66.97222222222221,4.713515694370109,2.488425925925924
traffic,arima,56,440,2012-03-19 08:00:00,64.28409391534392,59.77028060107601,66.97222222222221,4.513813314267907,2.6881283068782977
traffic,arima,57,440,2012-03-19 08:00:00,63.45949074074074,59.77028060050384,66.97222222222221,3.689210140236902,3.512731481481474
traffic,arima,58,440,2012-03-19 08:00:00,25.64169973544973,59.77028060011876,66.97222222222221,34.12858086466903,41.33052248677248
traffic,arima,59,440,2012-03-19 08:00:00,16.98313492063492,59.770280599859596,66.97222222222221,42.78714567922468,49.98908730158729
traffic,arima,60,440,2012-03-19 08:00:00,33.429728835978835,59.77028059968518,66.97222222222221,26.340551763706344,33.54249338624338
traffic,arima,61,440,2012-03-19 08:00:00,65.71527777777779,59.7702805995678,66.97222222222221,5.944997178209988,1.2569444444444287
traffic,arima,62,440,2012-03-19 08:00:00,65.4386574074074,59.7702805994888,66.97222222222221,5.668376807918605,1.5335648148148096
traffic,arima,63,440,2012-03-19 08:00:00,65.34375,59.77028059943563,66.97222222222221,5.57346940056437,1.6284722222222143
traffic,arima,64,440,2012-03-19 08:00:00,64.86210317460318,59.77028059939985,66.97222222222221,5.091822575203331,2.110119047619037
traffic,arima,65,440,2012-03-19 08:00:00,63.67824074074074,59.770280599375766,66.97222222222221,3.907960141364974,3.293981481481474
traffic,arima,66,440,2012-03-19 08:00:00,62.26273148148149,59.77028059935956,66.97222222222221,2.492450882121929,4.709490740740726
traffic,arima,67,440,2012-03-19 08:00:00,62.145833333333336,59.77028059934865,66.97222222222221,2.3755527339846836,4.826388888888879
traffic,arima,68,440,2012-03-19 08:00:00,60.87450396825397,59.770280599341305,66.97222222222221,1.1042233689126633,6.097718253968246
traffic,arima,69,440,2012-03-19 08:00:00,26.83194444444445,59.77028059933637,66.97222222222221,32.938336154891914,40.14027777777777
traffic,arima,70,440,2012-03-19 08:00:00,0.0,59.77028059933304,66.97222222222221,59.77028059933304,66.97222222222221
traffic,arima,71,440,2012-03-19 08:00:00,0.0,59.7702805993308,66.97222222222221,59.7702805993308,66.97222222222221
traffic,arima,72,440,2012-03-19 08:00:00,0.0,59.7702805993293,66.97222222222221,59.7702805993293,66.97222222222221
traffic,arima,1,464,2012-03-20 08:00:00,67.88541666666667,64.66548912978392,66.92361111111111,3.21992753688275,0.9618055555555571
traffic,arima,2,464,2012-03-20 08:00:00,0.0,63.04649697888822,66.92361111111111,63.04649697888822,66.92361111111111
traffic,arima,3,464,2012-03-20 08:00:00,31.863425925925924,61.955878735542655,66.92361111111111,30.09245280961673,35.06018518518519
traffic,arima,4,464,2012-03-20 08:00:00,63.87268518518518,61.22367152529225,66.92361111111111,2.649013659892937,3.050925925925931
traffic,arima,5,464,2012-03-20 08:00:00,64.16319444444444,60.73218345784349,66.92361111111111,3.4310109866009526,2.7604166666666714
traffic,arima,6,464,2012-03-20 08:00:00,65.71296296296296,60.40227964664407,66.92361111111111,5.310683316318894,1.2106481481481524
traffic,arima,7,464,2012-03-20 08:00:00,66.30092592592592,60.18083691639649,66.92361111111111,6.120089009529437,0.6226851851851904
traffic,arima,8,464,2012-03-20 08:00:00,45.98330026455026,60.032196981159736,66.92361111111111,14.048896716609477,20.940310846560855
traffic,arima,9,464,2012-03-20 08:00:00,18.90376984126984,59.932424772423225,66.92361111111111,41.02865493115338,48.01984126984128
traffic,arima,10,464,2012-03-20 08:00:00,17.48611111111111,59.86545425323368,66.92361111111111,42.379343142122565,49.4375
traffic,arima,11,464,2012-03-20 08:00:00,26.822916666666668,59.82050135004262,66.92361111111111,32.99758468337595,40.10069444444444
traffic,arima,12,464,2012-03-20 08:00:00,65.68518518518518,59.790327423817196,66.92361111111111,5.89485776136798,1.238425925925938
traffic,arima,13,464,2012-03-20 08:00:00,66.1886574074074,59.77007365244256,66.92361111111111,6.418583754964843,0.7349537037037095
traffic,arima,14,464,2012-03-20 08:00:00,66.27777777777779,59.75647862832038,66.92361111111111,6.5212991494574055,0.6458333333333286
traffic,arima,15,464,2012-03-20 08:00:00,66.35995370370371,59.74735318311493,66.92361111111111,6.612600520588778,0.5636574074074048
traffic,arima,16,464,2012-03-20 08:00:00,63.93584656084656,59.74122787215931,66.92361111111111,4.19461868868725,2.987764550264558
traffic,arima,17,464,2012-03-20 08:00:00,63.61689814814815,59.73711635393106,66.92361111111111,3.879781794217095,3.306712962962962
traffic,arima,18,464,2012-03-20 08:00:00,62.21296296296296,59.734356562262725,66.92361111111111,2.4786064007002366,4.710648148148152
traffic,arima,19,464,2012-03-20 08:00:00,59.54017857142858,59.73250409569692,66.92361111111111,0.19232552426834104,7.383432539682538
traffic,arima,20,464,2012-03-20 08:00:00,59.239583333333336,59.73126065677476,66.92361111111111,0.49167732344142223,7.684027777777779
traffic,arima,21,464,2012-03-20 08:00:00,60.84259259259259,59.73042601803866,66.92361111111111,1.1121665745539246,6.081018518518526
traffic,arima,22,464,2012-03-20 08:00:00,63.78240740740741,59.729865779970375,66.92361111111111,4.052541627437037,3.1412037037037024
traffic,arima,23,464,2012-03-20 08:00:00,66.47800925925925,59.72948972901612,66.92361111111111,6.748519530243129,0.44560185185186185
traffic,arima,24,464,2012-03-20 08:00:00,66.97800925925925,59.7292373107529,66.92361111111111,7.248771948506352,0.05439814814813815
traffic,arima,25,464,2012-03-20 08:00:00,64.99421296296296,59.729067878980715,66.92361111111111,5.265145083982247,1.9293981481481524
traffic,arima,26,464,2012-03-20 08:00:00,65.80092592592592,59.728954150579845,66.92361111111111,6.0719717753460785,1.1226851851851904
traffic,arima,27,464,2012-03-20 08:00:00,64.35433201058201,59.72887781218713,66.92361111111111,4.625454198394884,2.5692791005291014
traffic,arima,28,464,2012-03-20 08:00:00,65.70486111111111,59.728826571246806,66.92361111111111,5.976034539864308,1.21875
traffic,arima,29,464,2012-03-20 08:00:00,65.69328703703704,59.72879217657497,66.92361111111111,5.964494860462068,1.2303240740740762
traffic,arima,30,464,2012-03-20 08:00:00,64.58862433862434,59.72876908969478,66.92361111111111,4.859855248929563,2.334986772486772
traffic,arima,31,464,2012-03-20 08:00:00,64.48379629629629,59.72875359299111,66.92361111111111,4.755042703305179,2.4398148148148238
traffic,arima,32,464,2012-03-20 08:00:00,64.28409391534392,59.72874319107355,66.92361111111111,4.555350724270369,2.6395171957671977
traffic,arima,33,464,2012-03-20 08:00:00,63.45949074074074,59.728736208950686,66.92361111111111,3.730754531790055,3.464120370370374
traffic,arima,34,464,2012-03-20 08:00:00,25.64169973544973,59.728731522310994,66.92361111111111,34.08703178686126,41.28191137566138
traffic,arima,35,464,2012-03-20 08:00:00,16.98313492063492,59.72872837647813,66.92361111111111,42.745593455843206,49.94047619047619
traffic,arima,36,464,2012-03-20 08:00:00,33.429728835978835,59.72872626488751,66.92361111111111,26.298997428908677,33.49388227513228
traffic,arima,37,464,2012-03-20 08:00:00,65.71527777777779,59.72872484751566,66.92361111111111,5.986552930262128,1.2083333333333286
traffic,arima,38,464,2012-03-20 08:00:00,65.4386574074074,59.72872389612719,66.92361111111111,5.709933511280212,1.4849537037037095
traffic,arima,39,464,2012-03-20 08:00:00,65.34375,59.72872325752271,66.92361111111111,5.615026742477291,1.5798611111111143
traffic,arima,40,464,2012-03-20 08:00:00,64.86210317460318,59.728722828869536,66.92361111111111,5.1333803457336415,2.0615079365079367
traffic,arima,41,464,2012-03-20 08:00:00,63.67824074074074,59.728722541142865,66.92361111111111,3.9495181995978754,3.245370370370374
traffic,arima,42,464,2012-03-20 08:00:00,62.26273148148149,59.72872234801088,66.92361111111111,2.5340091334706045,4.660879629629626
traffic,arima,43,464,2012-03-20 08:00:00,62.145833333333336,59.728722218374095,66.92361111111111,2.4171111149592406,4.777777777777779
traffic,arima,44,464,2012-03-20 08:00:00,60.87450396825397,59.72872213135744,66.92361111111111,1.145781836896525,6.049107142857146
traffic,arima,45,464,2012-03-20 08:00:00,26.83194444444445,59.72872207294889,66.92361111111111,32.89677762850444,40.09166666666667
traffic,arima,46,464,2012-03-20 08:00:00,0.0,59.728722033743075,66.92361111111111,59.728722033743075,66.92361111111111
traffic,arima,47,464,2012-03-20 08:00:00,0.0,59.72872200742679,66.92361111111111,59.72872200742679,66.92361111111111
traffic,arima,48,464,2012-03-20 08:00:00,0.0,59.7287219897624,66.92361111111111,59.7287219897624,66.92361111111111
traffic,arima,49,464,2012-03-20 08:00:00,7.635416666666667,59.72872197790545,66.92361111111111,52.09330531123879,59.28819444444445
traffic,arima,50,464,2012-03-20 08:00:00,47.47800925925926,59.72872196994667,66.92361111111111,12.25071271068741,19.445601851851855
traffic,arima,51,464,2012-03-20 08:00:00,64.15393518518518,59.72872196460446,66.92361111111111,4.425213220580716,2.769675925925938
traffic,arima,52,464,2012-03-20 08:00:00,54.65013227513228,59.728721961018586,66.92361111111111,5.078589685886307,12.273478835978835
traffic,arima,53,464,2012-03-20 08:00:00,64.87152777777779,59.72872195861162,66.92361111111111,5.142805819166163,2.0520833333333286
traffic,arima,54,464,2012-03-20 08:00:00,21.582175925925924,59.72872195699599,66.92361111111111,38.146546031070066,45.34143518518519
traffic,arima,55,464,2012-03-20 08:00:00,65.14930555555556,59.72872195591152,66.92361111111111,5.42058359964404,1.7743055555555571
traffic,arima,56,464,2012-03-20 08:00:00,16.541666666666668,59.72872195518359,66.92361111111111,43.187055288516916,50.38194444444444
traffic,arima,57,464,2012-03-20 08:00:00,39.52314814814815,59.728721954694976,66.92361111111111,20.205573806546823,27.400462962962962
traffic,arima,58,464,2012-03-20 08:00:00,19.12615740740741,59.728721954366996,66.92361111111111,40.602564546959584,47.79745370370371
traffic,arima,59,464,2012-03-20 08:00:00,22.88657407407408,59.72872195414685,66.92361111111111,36.84214788007277,44.03703703703704
traffic,arima,60,464,2012-03-20 08:00:00,65.47800925925925,59.72872195399908,66.92361111111111,5.749287305260175,1.4456018518518619
traffic,arima,61,464,2012-03-20 08:00:00,64.54381613756614,59.72872195389989,66.92361111111111,4.815094183666247,2.379794973544975
traffic,arima,62,464,2012-03-20 08:00:00,65.60003306878308,59.728721953833315,66.92361111111111,5.871311114949762,1.3235780423280374
traffic,arima,63,464,2012-03-20 08:00:00,65.75810185185185,59.72872195378862,66.92361111111111,6.029379898063226,1.1655092592592666
traffic,arima,64,464,2012-03-20 08:00:00,65.04050925925925,59.72872195375862,66.92361111111111,5.31178730550063,1.8831018518518619
traffic,arima,65,464,2012-03-20 08:00:00,0.0,59.72872195373849,66.92361111111111,59.72872195373849,66.92361111111111
traffic,arima,66,464,2012-03-20 08:00:00,20.74074074074074,59.72872195372498,66.92361111111111,38.98798121298424,46.182870370370374
traffic,arima,67,464,2012-03-20 08:00:00,61.49189814814815,59.728721953715905,66.92361111111111,1.7631761944322477,5.431712962962962
traffic,arima,68,464,2012-03-20 08:00:00,61.95205026455026,59.728721953709815,66.92361111111111,2.2233283108404436,4.971560846560855
traffic,arima,69,464,2012-03-20 08:00:00,60.25601851851852,59.72872195370572,66.92361111111111,0.5272965648128007,6.667592592592591
traffic,arima,70,464,2012-03-20 08:00:00,64.11689814814815,59.72872195370298,66.92361111111111,4.3881761944451725,2.806712962962962
traffic,arima,71,464,2012-03-20 08:00:00,65.31875000000001,59.72872195370114,66.92361111111111,5.590028046298869,1.6048611111111057
traffic,arima,72,464,2012-03-20 08:00:00,66.76273148148148,59.7287219536999,66.92361111111111,7.034009527781578,0.16087962962963331
traffic,arima,1,488,2012-03-21 08:00:00,64.99421296296296,64.43447399894256,66.97800925925925,0.5597389640203971,1.9837962962962905
traffic,arima,2,488,2012-03-21 08:00:00,65.80092592592592,62.60090574456746,66.97800925925925,3.200020181358461,1.1770833333333286
traffic,arima,3,488,2012-03-21 08:00:00,64.35433201058201,61.43073501998427,66.97800925925925,2.923596990597744,2.6236772486772395
traffic,arima,4,488,2012-03-21 08:00:00,65.70486111111111,60.694918774582575,66.97800925925925,5.009942336528539,1.2731481481481381
traffic,arima,5,488,2012-03-21 08:00:00,65.69328703703704,60.2331274778454,66.97800925925925,5.460159559191638,1.2847222222222143
traffic,arima,6,488,2012-03-21 08:00:00,64.58862433862434,59.94338619841025,66.97800925925925,4.64523814021409,2.3893849206349103
traffic,arima,7,488,2012-03-21 08:00:00,64.48379629629629,59.76160030165613,66.97800925925925,4.72219599464016,2.494212962962962
traffic,arima,8,488,2012-03-21 08:00:00,64.28409391534392,59.64754695444898,66.97800925925925,4.63654696089494,2.693915343915336
traffic,arima,9,488,2012-03-21 08:00:00,63.45949074074074,59.57598937800304,66.97800925925925,3.8835013627377037,3.518518518518512
traffic,arima,10,488,2012-03-21 08:00:00,25.64169973544973,59.531093840390795,66.97800925925925,33.88939410494106,41.33630952380952
traffic,arima,11,488,2012-03-21 08:00:00,16.98313492063492,59.50292618329103,66.97800925925925,42.51979126265611,49.99487433862433
traffic,arima,12,488,2012-03-21 08:00:00,33.429728835978835,59.48525367177704,66.97800925925925,26.055524835798202,33.54828042328042
traffic,arima,13,488,2012-03-21 08:00:00,65.71527777777779,59.47416586060239,66.97800925925925,6.241111917175395,1.2627314814814667
traffic,arima,14,488,2012-03-21 08:00:00,65.4386574074074,59.46720931927864,66.97800925925925,5.971448088128767,1.5393518518518476
traffic,arima,15,488,2012-03-21 08:00:00,65.34375,59.4628447547648,66.97800925925925,5.880905245235198,1.6342592592592524
traffic,arima,16,488,2012-03-21 08:00:00,64.86210317460318,59.460106407860955,66.97800925925925,5.401996766742222,2.115906084656075
traffic,arima,17,488,2012-03-21 08:00:00,63.67824074074074,59.45838835701257,66.97800925925925,4.219852383728167,3.299768518518512
traffic,arima,18,488,2012-03-21 08:00:00,62.26273148148149,59.45731044438087,66.97800925925925,2.805421037100615,4.715277777777764
traffic,arima,19,488,2012-03-21 08:00:00,62.145833333333336,59.45663415727176,66.97800925925925,2.689199176061578,4.832175925925917
traffic,arima,20,488,2012-03-21 08:00:00,60.87450396825397,59.45620985177564,66.97800925925925,1.4182941164783287,6.103505291005284
traffic,arima,21,488,2012-03-21 08:00:00,26.83194444444445,59.45594364064784,66.97800925925925,32.623999196203386,40.14606481481481
traffic,arima,22,488,2012-03-21 08:00:00,0.0,59.45577661861958,66.97800925925925,59.45577661861958,66.97800925925925
traffic,arima,23,488,2012-03-21 08:00:00,0.0,59.45567182826707,66.97800925925925,59.45567182826707,66.97800925925925
traffic,arima,24,488,2012-03-21 08:00:00,0.0,59.45560608234066,66.97800925925925,59.45560608234066,66.97800925925925
traffic,arima,25,488,2012-03-21 08:00:00,7.635416666666667,59.45556483305829,66.97800925925925,51.820148166391625,59.34259259259259
traffic,arima,26,488,2012-03-21 08:00:00,47.47800925925926,59.455538953077756,66.97800925925925,11.977529693818497,19.499999999999993
traffic,arima,27,488,2012-03-21 08:00:00,64.15393518518518,59.455522715864554,66.97800925925925,4.698412469320623,2.824074074074076
traffic,arima,28,488,2012-03-21 08:00:00,54.65013227513228,59.455512528565826,66.97800925925925,4.8053802534335475,12.327876984126974
traffic,arima,29,488,2012-03-21 08:00:00,64.87152777777779,59.45550613700996,66.97800925925925,5.416021640767823,2.1064814814814667
traffic,arima,30,488,2012-03-21 08:00:00,21.582175925925924,59.4555021269198,66.97800925925925,37.87332620099387,45.39583333333333
traffic,arima,31,488,2012-03-21 08:00:00,65.14930555555556,59.45549961097166,66.97800925925925,5.6938059445839,1.8287037037036953
traffic,arima,32,488,2012-03-21 08:00:00,16.541666666666668,59.45549803245476,66.97800925925925,42.9138313657881,50.43634259259258
traffic,arima,33,488,2012-03-21 08:00:00,39.52314814814815,59.45549704208635,66.97800925925925,19.932348893938197,27.4548611111111
traffic,arima,34,488,2012-03-21 08:00:00,19.12615740740741,59.45549642072486,66.97800925925925,40.32933901331745,47.85185185185185
traffic,arima,35,488,2012-03-21 08:00:00,22.88657407407408,59.45549603087995,66.97800925925925,36.568921956805866,44.091435185185176
traffic,arima,36,488,2012-03-21 08:00:00,65.47800925925925,59.45549578628954,66.97800925925925,6.022513472969713,1.5
traffic,arima,37,488,2012-03-21 08:00:00,64.54381613756614,59.455495632832445,66.97800925925925,5.088320504733694,2.434193121693113
traffic,arima,38,488,2012-03-21 08:00:00,65.60003306878308,59.45549553655279,66.97800925925925,6.144537532230288,1.3779761904761756
traffic,arima,39,488,2012-03-21 08:00:00,65.75810185185185,59.45549547614651,66.97800925925925,6.302606375705338,1.2199074074074048
traffic,arima,40,488,2012-03-21 08:00:00,65.04050925925925,59.45549543824735,66.97800925925925,5.585013821011906,1.9375
traffic,arima,41,488,2012-03-21 08:00:00,0.0,59.45549541446925,66.97800925925925,59.45549541446925,66.97800925925925
traffic,arima,42,488,2012-03-21 08:00:00,20.74074074074074,59.45549539955076,66.97800925925925,38.71475465881002,46.23726851851851
traffic,arima,43,488,2012-03-21 08:00:00,61.49189814814815,59.45549539019084,66.97800925925925,2.036402757957312,5.4861111111111
traffic,arima,44,488,2012-03-21 08:00:00,61.95205026455026,59.45549538431838,66.97800925925925,2.4965548802318764,5.0259589947089935
traffic,arima,45,488,2012-03-21 08:00:00,60.25601851851852,59.45549538063398,66.97800925925925,0.8005231378845465,6.721990740740729
traffic,arima,46,488,2012-03-21 08:00:00,64.11689814814815,59.45549537832237,66.97800925925925,4.661402769825784,2.8611111111111
traffic,arima,47,488,2012-03-21 08:00:00,65.31875000000001,59.45549537687205,66.97800925925925,5.863254623127958,1.659259259259244
traffic,arima,48,488,2012-03-21 08:00:00,66.76273148148148,59.455495375962116,66.97800925925925,7.307236105519365,0.21527777777777146
traffic,arima,49,488,2012-03-21 08:00:00,66.17245370370371,59.45549537539122,66.97800925925925,6.7169583283124865,0.8055555555555429
traffic,arima,50,488,2012-03-21 08:00:00,65.00578703703704,59.45549537503304,66.97800925925925,5.550291662004,1.9722222222222143
traffic,arima,51,488,2012-03-21 08:00:00,63.583333333333336,59.45549537480831,66.97800925925925,4.127837958525028,3.3946759259259167
traffic,arima,52,488,2012-03-21 08:00:00,64.13425925925925,59.455495374667315,66.97800925925925,4.6787638845919375,2.84375
traffic,arima,53,488,2012-03-21 08:00:00,64.51064814814815,59.45549537457886,66.97800925925925,5.05515277356929,2.467361111111103
traffic,arima,54,488,2012-03-21 08:00:00,64.77777777777779,59.45549537452336,66.97800925925925,5.322282403254427,2.2002314814814667
traffic,arima,55,488,2012-03-21 08:00:00,65.56712962962963,59.455495374488535,66.97800925925925,6.111634255141098,1.410879629629619
traffic,arima,56,488,2012-03-21 08:00:00,34.791666666666664,59.455495374466686,66.97800925925925,24.663828707800022,32.18634259259259
traffic,arima,57,488,2012-03-21 08:00:00,55.96511243386243,59.45549537445298,66.97800925925925,3.4903829405905498,11.012896825396822
traffic,arima,58,488,2012-03-21 08:00:00,38.41319444444444,59.45549537444438,66.97800925925925,21.04230092999994,28.56481481481481
traffic,arima,59,488,2012-03-21 08:00:00,14.59722222222222,59.45549537443899,66.97800925925925,44.85827315221677,52.38078703703703
traffic,arima,60,488,2012-03-21 08:00:00,48.91782407407408,59.4554953744356,66.97800925925925,10.537671300361517,18.06018518518517
traffic,arima,61,488,2012-03-21 08:00:00,66.11921296296296,59.455495374433475,66.97800925925925,6.663717588529487,0.8587962962962905
traffic,arima,62,488,2012-03-21 08:00:00,66.09275793650794,59.45549537443215,66.97800925925925,6.63726256207579,0.8852513227513157
traffic,arima,63,488,2012-03-21 08:00:00,65.41319444444444,59.45549537443131,66.97800925925925,5.957699070013135,1.5648148148148096
traffic,arima,64,488,2012-03-21 08:00:00,66.09027777777779,59.45549537443078,66.97800925925925,6.634782403347003,0.8877314814814667
traffic,arima,65,488,2012-03-21 08:00:00,65.838458994709,59.455495374430456,66.97800925925925,6.382963620278545,1.1395502645502518
traffic,arima,66,488,2012-03-21 08:00:00,63.71990740740741,59.45549537443025,66.97800925925925,4.264412032977162,3.2581018518518405
traffic,arima,67,488,2012-03-21 08:00:00,64.79100529100529,59.45549537443012,66.97800925925925,5.33550991657517,2.1870039682539613
traffic,arima,68,488,2012-03-21 08:00:00,62.66435185185185,59.455495374430036,66.97800925925925,3.2088564774218113,4.313657407407405
traffic,arima,69,488,2012-03-21 08:00:00,62.78703703703704,59.45549537442999,66.97800925925925,3.3315416626070515,4.190972222222214
traffic,arima,70,488,2012-03-21 08:00:00,62.60532407407408,59.45549537442996,66.97800925925925,3.149828699644125,4.372685185185169
traffic,arima,71,488,2012-03-21 08:00:00,65.57175925925925,59.45549537442994,66.97800925925925,6.116263884829316,1.40625
traffic,arima,72,488,2012-03-21 08:00:00,66.67592592592592,59.45549537442992,66.97800925925925,7.220430551496001,0.3020833333333286
traffic,arima,1,512,2012-03-22 08:00:00,7.635416666666667,19.019844302635484,0.0,11.384427635968816,7.635416666666667
traffic,arima,2,512,2012-03-22 08:00:00,47.47800925925926,33.40675373537898,0.0,14.071255523880282,47.47800925925926
traffic,arima,3,512,2012-03-22 08:00:00,64.15393518518518,42.76668419622848,0.0,21.387250988956694,64.15393518518518
traffic,arima,4,512,2012-03-22 08:00:00,54.65013227513228,48.694998923910546,0.0,5.955133351221733,54.65013227513228
traffic,arima,5,512,2012-03-22 08:00:00,64.87152777777779,52.429999322896606,0.0,12.44152845488118,64.87152777777779
traffic,arima,6,512,2012-03-22 08:00:00,21.582175925925924,54.78064591795922,0.0,33.198469992033296,21.582175925925924
traffic,arima,7,512,2012-03-22 08:00:00,65.14930555555556,56.25972213152948,0.0,8.889583424026078,65.14930555555556
traffic,arima,8,512,2012-03-22 08:00:00,16.541666666666668,57.190347456639685,0.0,40.648680789973014,16.541666666666668
traffic,arima,9,512,2012-03-22 08:00:00,39.52314814814815,57.77588582677147,0.0,18.25273767862332,39.52314814814815
traffic,arima,10,512,2012-03-22 08:00:00,19.12615740740741,58.14429893957964,0.0,39.01814153217224,19.12615740740741
traffic,arima,11,512,2012-03-22 08:00:00,22.88657407407408,58.37609958626704,0.0,35.489525512192955,22.88657407407408
traffic,arima,12,512,2012-03-22 08:00:00,65.47800925925925,58.52194546967243,0.0,6.956063789586821,65.47800925925925
traffic,arima,13,512,2012-03-22 08:00:00,64.54381613756614,58.61370975807005,0.0,5.930106379496088,64.54381613756614
traffic,arima,14,512,2012-03-22 08:00:00,65.60003306878308,58.67144662662922,0.0,6.928586442153858,65.60003306878308
traffic,arima,15,512,2012-03-22 08:00:00,65.75810185185185,58.70777389562702,0.0,7.050327956224827,65.75810185185185
traffic,arima,16,512,2012-03-22 08:00:00,65.04050925925925,58.7306305296221,0.0,6.3098787296371555,65.04050925925925
traffic,arima,17,512,2012-03-22 08:00:00,0.0,58.74501161942005,0.0,58.74501161942005,0.0
traffic,arima,18,512,2012-03-22 08:00:00,20.74074074074074,58.75406000965198,0.0,38.01331926891124,20.74074074074074
traffic,arima,19,512,2012-03-22 08:00:00,61.49189814814815,58.75975313631619,0.0,2.7321450118319603,61.49189814814815
traffic,arima,20,512,2012-03-22 08:00:00,61.95205026455026,58.76333517581538,0.0,3.188715088734881,61.95205026455026
traffic,arima,21,512,2012-03-22 08:00:00,60.25601851851852,58.7655889473772,0.0,1.4904295711413198,60.25601851851852
traffic,arima,22,512,2012-03-22 08:00:00,64.11689814814815,58.76700699043733,0.0,5.349891157710822,64.11689814814815
traffic,arima,23,512,2012-03-22 08:00:00,65.31875000000001,58.76789920425102,0.0,6.550850795748985,65.31875000000001
traffic,arima,24,512,2012-03-22 08:00:00,66.76273148148148,58.76846057330371,0.0,7.994270908177768,66.76273148148148
traffic,arima,25,512,2012-03-22 08:00:00,66.17245370370371,58.76881377923764,0.0,7.40363992446607,66.17245370370371
traffic,arima,26,512,2012-03-22 08:00:00,65.00578703703704,58.7690360117087,0.0,6.2367510253283385,65.00578703703704
traffic,arima,27,512,2012-03-22 08:00:00,63.583333333333336,58.769175837420704,0.0,4.814157495912632,63.583333333333336
traffic,arima,28,512,2012-03-22 08:00:00,64.13425925925925,58.76926381389706,0.0,5.36499544536219,64.13425925925925
traffic,arima,29,512,2012-03-22 08:00:00,64.51064814814815,58.76931916752468,0.0,5.7413289806234715,64.51064814814815
traffic,arima,30,512,2012-03-22 08:00:00,64.77777777777779,58.769353995290196,0.0,6.00842378248759,64.77777777777779
traffic,arima,31,512,2012-03-22 08:00:00,65.56712962962963,58.76937590845657,0.0,6.797753721173066,65.56712962962963
traffic,arima,32,512,2012-03-22 08:00:00,34.791666666666664,58.76938969592909,0.0,23.977723029262428,34.791666666666664
traffic,arima,33,512,2012-03-22 08:00:00,55.96511243386243,58.76939837082325,0.0,2.8042859369608166,55.96511243386243
traffic,arima,34,512,2012-03-22 08:00:00,38.41319444444444,58.76940382895115,0.0,20.356209384506705,38.41319444444444
traffic,arima,35,512,2012-03-22 08:00:00,14.59722222222222,58.76940726313255,0.0,44.17218504091033,14.59722222222222
traffic,arima,36,512,2012-03-22 08:00:00,48.91782407407408,58.76940942387377,0.0,9.851585349799684,48.91782407407408
traffic,arima,37,512,2012-03-22 08:00:00,66.11921296296296,58.76941078338338,0.0,7.349802179579584,66.11921296296296
traffic,arima,38,512,2012-03-22 08:00:00,66.09275793650794,58.76941163876872,0.0,7.323346297739214,66.09275793650794
traffic,arima,39,512,2012-03-22 08:00:00,65.41319444444444,58.769412176965794,0.0,6.643782267478649,65.41319444444444
traffic,arima,40,512,2012-03-22 08:00:00,66.09027777777779,58.76941251559222,0.0,7.320865262185563,66.09027777777779
traffic,arima,41,512,2012-03-22 08:00:00,65.838458994709,58.76941272865147,0.0,7.0690462660575335,65.838458994709
traffic,arima,42,512,2012-03-22 08:00:00,63.71990740740741,58.7694128627055,0.0,4.950494544701911,63.71990740740741
traffic,arima,43,512,2012-03-22 08:00:00,64.79100529100529,58.76941294705052,0.0,6.021592343954772,64.79100529100529
traffic,arima,44,512,2012-03-22 08:00:00,62.66435185185185,58.76941300011928,0.0,3.8949388517325687,62.66435185185185
traffic,arima,45,512,2012-03-22 08:00:00,62.78703703703704,58.76941303350944,0.0,4.017624003527601,62.78703703703704
traffic,arima,46,512,2012-03-22 08:00:00,62.60532407407408,58.76941305451808,0.0,3.8359110195560007,62.60532407407408
traffic,arima,47,512,2012-03-22 08:00:00,65.57175925925925,58.76941306773644,0.0,6.802346191522815,65.57175925925925
traffic,arima,48,512,2012-03-22 08:00:00,66.67592592592592,58.769413076053254,0.0,7.906512849872669,66.67592592592592
traffic,arima,49,512,2012-03-22 08:00:00,67.05902777777779,58.76941308128608,0.0,8.289614696491704,67.05902777777779
traffic,arima,50,512,2012-03-22 08:00:00,66.67476851851852,58.76941308457851,0.0,7.905355433940009,66.67476851851852
traffic,arima,51,512,2012-03-22 08:00:00,55.80092592592592,58.76941308665006,0.0,2.9684871607241448,55.80092592592592
traffic,arima,52,512,2012-03-22 08:00:00,66.3219246031746,58.76941308795345,0.0,7.552511515221141,66.3219246031746
traffic,arima,53,512,2012-03-22 08:00:00,67.65625,58.76941308877353,0.0,8.886836911226467,67.65625
traffic,arima,54,512,2012-03-22 08:00:00,67.75462962962963,58.769413089289515,0.0,8.985216540340119,67.75462962962963
traffic,arima,55,512,2012-03-22 08:00:00,68.02083333333333,58.76941308961416,0.0,9.251420243719167,68.02083333333333
traffic,arima,56,512,2012-03-22 08:00:00,67.04745370370371,58.76941308981843,0.0,8.278040613885281,67.04745370370371
traffic,arima,57,512,2012-03-22 08:00:00,68.3298611111111,58.769413089946944,0.0,9.560448021164156,68.3298611111111
traffic,arima,58,512,2012-03-22 08:00:00,68.14814814814815,58.76941309002781,0.0,9.378735058120341,68.14814814814815
traffic,arima,59,512,2012-03-22 08:00:00,66.76041666666667,58.769413090078686,0.0,7.991003576587985,66.76041666666667
traffic,arima,60,512,2012-03-22 08:00:00,65.66286375661376,58.7694130901107,0.0,6.893450666503057,65.66286375661376
traffic,arima,61,512,2012-03-22 08:00:00,67.03720238095238,58.76941309013084,0.0,8.26778929082154,67.03720238095238
traffic,arima,62,512,2012-03-22 08:00:00,66.91402116402116,58.769413090143516,0.0,8.144608073877649,66.91402116402116
traffic,arima,63,512,2012-03-22 08:00:00,67.92096560846561,58.76941309015149,0.0,9.15155251831412,67.92096560846561
traffic,arima,64,512,2012-03-22 08:00:00,68.23627645502646,58.769413090156505,0.0,9.466863364869951,68.23627645502646
traffic,arima,65,512,2012-03-22 08:00:00,68.21064814814815,58.76941309015966,0.0,9.441235057988493,68.21064814814815
traffic,arima,66,512,2012-03-22 08:00:00,67.8083664021164,58.76941309016165,0.0,9.038953311954756,67.8083664021164
traffic,arima,67,512,2012-03-22 08:00:00,68.00611772486772,58.7694130901629,0.0,9.236704634704822,68.00611772486772
traffic,arima,68,512,2012-03-22 08:00:00,65.33101851851852,58.76941309016368,0.0,6.561605428354838,65.33101851851852
traffic,arima,69,512,2012-03-22 08:00:00,64.11689814814815,58.76941309016418,0.0,5.347485057983974,64.11689814814815
traffic,arima,70,512,2012-03-22 08:00:00,66.1238425925926,58.76941309016449,0.0,7.354429502428104,66.1238425925926
traffic,arima,71,512,2012-03-22 08:00:00,66.01488095238095,58.76941309016468,0.0,7.245467862216266,66.01488095238095
traffic,arima,72,512,2012-03-22 08:00:00,67.14203042328042,58.76941309016481,0.0,8.372617333115606,67.14203042328042
traffic,arima,1,536,2012-03-23 08:00:00,66.17245370370371,63.95640834674976,66.76273148148148,2.2160453569539484,0.5902777777777715
traffic,arima,2,536,2012-03-23 08:00:00,65.00578703703704,61.95493409211767,66.76273148148148,3.05085294491937,1.7569444444444429
traffic,arima,3,536,2012-03-23 08:00:00,63.583333333333336,60.68006703308765,66.76273148148148,2.903266300245683,3.1793981481481453
traffic,arima,4,536,2012-03-23 08:00:00,64.13425925925925,59.8765325790297,66.76273148148148,4.257726680229553,2.6284722222222285
traffic,arima,5,536,2012-03-23 08:00:00,64.51064814814815,59.37060521226393,66.76273148148148,5.1400429358842175,2.2520833333333314
traffic,arima,6,536,2012-03-23 08:00:00,64.77777777777779,59.052092979823804,66.76273148148148,5.725684797953981,1.9849537037036953
traffic,arima,7,536,2012-03-23 08:00:00,65.56712962962963,58.85157216002111,66.76273148148148,6.715557469608527,1.1956018518518476
traffic,arima,8,536,2012-03-23 08:00:00,34.791666666666664,58.725333502775136,66.76273148148148,23.933666836108472,31.971064814814817
traffic,arima,9,536,2012-03-23 08:00:00,55.96511243386243,58.64585947657124,66.76273148148148,2.680747042708809,10.797619047619051
traffic,arima,10,536,2012-03-23 08:00:00,38.41319444444444,58.595826302016015,66.76273148148148,20.18263185757157,28.349537037037038
traffic,arima,11,536,2012-03-23 08:00:00,14.59722222222222,58.564327727287115,66.76273148148148,43.96710550506489,52.16550925925926
traffic,arima,12,536,2012-03-23 08:00:00,48.91782407407408,58.54449768015008,66.76273148148148,9.626673606075997,17.844907407407398
traffic,arima,13,536,2012-03-23 08:00:00,66.11921296296296,58.53201359879601,66.76273148148148,7.587199364166949,0.643518518518519
traffic,arima,14,536,2012-03-23 08:00:00,66.09275793650794,58.52415419805038,66.76273148148148,7.568603738457554,0.6699735449735442
traffic,arima,15,536,2012-03-23 08:00:00,65.41319444444444,58.5192062825147,66.76273148148148,6.893988161929741,1.349537037037038
traffic,arima,16,536,2012-03-23 08:00:00,66.09027777777779,58.51609130353086,66.76273148148148,7.574186474246929,0.6724537037036953
traffic,arima,17,536,2012-03-23 08:00:00,65.838458994709,58.514130256702195,66.76273148148148,7.324328738006805,0.9242724867724803
traffic,arima,18,536,2012-03-23 08:00:00,63.71990740740741,58.51289567223656,66.76273148148148,5.207011735170852,3.042824074074069
traffic,arima,19,536,2012-03-23 08:00:00,64.79100529100529,58.51211843490571,66.76273148148148,6.278886856099582,1.9717261904761898
traffic,arima,20,536,2012-03-23 08:00:00,62.66435185185185,58.511629122197434,66.76273148148148,4.152722729654414,4.098379629629633
traffic,arima,21,536,2012-03-23 08:00:00,62.78703703703704,58.51132107352688,66.76273148148148,4.275715963510159,3.975694444444443
traffic,arima,22,536,2012-03-23 08:00:00,62.60532407407408,58.51112714031847,66.76273148148148,4.094196933755612,4.157407407407398
traffic,arima,23,536,2012-03-23 08:00:00,65.57175925925925,58.511005048931885,66.76273148148148,7.060754210327367,1.1909722222222285
traffic,arima,24,536,2012-03-23 08:00:00,66.67592592592592,58.51092818583659,66.76273148148148,8.164997740089333,0.08680555555555713
traffic,arima,25,536,2012-03-23 08:00:00,67.05902777777779,58.51087979638355,66.76273148148148,8.548147981394237,0.2962962962963047
traffic,arima,26,536,2012-03-23 08:00:00,66.67476851851852,58.510849332619934,66.76273148148148,8.163919185898585,0.08796296296296191
traffic,arima,27,536,2012-03-23 08:00:00,55.80092592592592,58.510830154042054,66.76273148148148,2.7099042281161374,10.961805555555564
traffic,arima,28,536,2012-03-23 08:00:00,66.3219246031746,58.51081808009564,66.76273148148148,7.811106523078955,0.44080687830688703
traffic,arima,29,536,2012-03-23 08:00:00,67.65625,58.5108104788969,66.76273148148148,9.1454395211031,0.893518518518519
traffic,arima,30,536,2012-03-23 08:00:00,67.75462962962963,58.51080569353342,66.76273148148148,9.243823936096213,0.9918981481481524
traffic,arima,31,536,2012-03-23 08:00:00,68.02083333333333,58.5108026808897,66.76273148148148,9.510030652443632,1.2581018518518476
traffic,arima,32,536,2012-03-23 08:00:00,67.04745370370371,58.51080078426842,66.76273148148148,8.53665291943529,0.28472222222222854
traffic,arima,33,536,2012-03-23 08:00:00,68.3298611111111,58.51079959024331,66.76273148148148,9.819061520867791,1.567129629629619
traffic,arima,34,536,2012-03-23 08:00:00,68.14814814814815,58.51079883854027,66.76273148148148,9.637349309607885,1.3854166666666714
traffic,arima,35,536,2012-03-23 08:00:00,66.76041666666667,58.51079836530277,66.76273148148148,8.249618301363903,0.0023148148148095515
traffic,arima,36,536,2012-03-23 08:00:00,65.66286375661376,58.51079806737431,66.76273148148148,7.15206568923945,1.099867724867721
traffic,arima,37,536,2012-03-23 08:00:00,67.03720238095238,58.510797879812316,66.76273148148148,8.526404501140064,0.27447089947089864
traffic,arima,38,536,2012-03-23 08:00:00,66.91402116402116,58.51079776173196,66.76273148148148,8.403223402289207,0.15128968253968367
traffic,arima,39,536,2012-03-23 08:00:00,67.92096560846561,58.51079768739402,66.76273148148148,9.41016792107159,1.1582341269841265
traffic,arima,40,536,2012-03-23 08:00:00,68.23627645502646,58.510797640594284,66.76273148148148,9.725478814432172,1.4735449735449748
traffic,arima,41,536,2012-03-23 08:00:00,68.21064814814815,58.51079761113133,66.76273148148148,9.699850537016822,1.4479166666666714
traffic,arima,42,536,2012-03-23 08:00:00,67.8083664021164,58.510797592582826,66.76273148148148,9.29756880953358,1.0456349206349245
traffic,arima,43,536,2012-03-23 08:00:00,68.00611772486772,58.51079758090554,66.76273148148148,9.495320143962182,1.2433862433862402
traffic,arima,44,536,2012-03-23 08:00:00,65.33101851851852,58.51079757355406,66.76273148148148,6.820220944964461,1.431712962962962
traffic,arima,45,536,2012-03-23 08:00:00,64.11689814814815,58.51079756892591,66.76273148148148,5.606100579222243,2.6458333333333286
traffic,arima,46,536,2012-03-23 08:00:00,66.1238425925926,58.510797566012236,66.76273148148148,7.613045026580359,0.6388888888888857
traffic,arima,47,536,2012-03-23 08:00:00,66.01488095238095,58.51079756417792,66.76273148148148,7.5040833882030284,0.747850529100532
traffic,arima,48,536,2012-03-23 08:00:00,67.14203042328042,58.510797563023125,66.76273148148148,8.631232860257292,0.3792989417989361
traffic,arima,49,536,2012-03-23 08:00:00,67.08382936507937,58.51079756229612,66.76273148148148,8.573031802783248,0.3210978835978864
traffic,arima,50,536,2012-03-23 08:00:00,67.83416005291005,58.51079756183843,66.76273148148148,9.32336249107162,1.0714285714285694
traffic,arima,51,536,2012-03-23 08:00:00,66.14351851851852,58.510797561550284,66.76273148148148,7.632720956968235,0.6192129629629619
traffic,arima,52,536,2012-03-23 08:00:00,63.11921296296296,58.51079756136889,66.76273148148148,4.608415401594073,3.643518518518519
traffic,arima,53,536,2012-03-23 08:00:00,60.625,58.510797561254684,66.76273148148148,2.114202438745316,6.137731481481481
traffic,arima,54,536,2012-03-23 08:00:00,58.30902777777778,58.51079756118279,66.76273148148148,0.2017697834050125,8.453703703703702
traffic,arima,55,536,2012-03-23 08:00:00,55.06911375661375,58.51079756113753,66.76273148148148,3.4416838045237768,11.693617724867728
traffic,arima,56,536,2012-03-23 08:00:00,60.56597222222222,58.51079756110903,66.76273148148148,2.055174661113192,6.1967592592592595
traffic,arima,57,536,2012-03-23 08:00:00,67.46527777777779,58.510797561091096,66.76273148148148,8.95448021668669,0.7025462962963047
traffic,arima,58,536,2012-03-23 08:00:00,61.8665343915344,58.5107975610798,66.76273148148148,3.355736830454603,4.89619708994708
traffic,arima,59,536,2012-03-23 08:00:00,68.77314814814815,58.51079756107269,66.76273148148148,10.26235058707546,2.0104166666666714
traffic,arima,60,536,2012-03-23 08:00:00,68.36342592592592,58.510797561068216,66.76273148148148,9.852628364857708,1.6006944444444429
traffic,arima,61,536,2012-03-23 08:00:00,66.87731481481482,58.510797561065395,66.76273148148148,8.366517253749429,0.11458333333334281
traffic,arima,62,536,2012-03-23 08:00:00,62.773842592592594,58.51079756106362,66.76273148148148,4.263045031528975,3.988888888888887
traffic,arima,63,536,2012-03-23 08:00:00,61.64070767195767,58.5107975610625,66.76273148148148,3.1299101108951675,5.12202380952381
traffic,arima,64,536,2012-03-23 08:00:00,64.5176917989418,58.5107975610618,66.76273148148148,6.006894237879997,2.2450396825396837
traffic,arima,65,536,2012-03-23 08:00:00,59.479828042328045,58.51079756106136,66.76273148148148,0.9690304812666852,7.282903439153436
traffic,arima,66,536,2012-03-23 08:00:00,65.19791666666667,58.51079756106108,66.76273148148148,6.687119105605589,1.5648148148148096
traffic,arima,67,536,2012-03-23 08:00:00,62.82705026455026,58.510797561060905,66.76273148148148,4.316252703489354,3.935681216931222
traffic,arima,68,536,2012-03-23 08:00:00,61.03703703703704,58.51079756106079,66.76273148148148,2.526239475976247,5.725694444444443
traffic,arima,69,536,2012-03-23 08:00:00,61.81795634920635,58.51079756106073,66.76273148148148,3.307158788145621,4.944775132275133
traffic,arima,70,536,2012-03-23 08:00:00,66.42129629629629,58.51079756106068,66.76273148148148,7.910498735235613,0.34143518518519045
traffic,arima,71,536,2012-03-23 08:00:00,66.49669312169313,58.510797561060656,66.76273148148148,7.985895560632471,0.2660383597883538
traffic,arima,72,536,2012-03-23 08:00:00,68.02050264550265,58.510797561060635,66.76273148148148,9.509705084442011,1.2577711640211646
traffic,arima,1,560,2012-03-24 08:00:00,67.05902777777779,63.865330494050866,66.67592592592592,3.1936972837269195,0.38310185185186185
traffic,arima,2,560,2012-03-24 08:00:00,66.67476851851852,61.891951303506126,66.67592592592592,4.782817215012393,0.0011574074074047758
traffic,arima,3,560,2012-03-24 08:00:00,55.80092592592592,60.643020737896734,66.67592592592592,4.842094811970817,10.875000000000007
traffic,arima,4,560,2012-03-24 08:00:00,66.3219246031746,59.85999958792846,66.67592592592592,6.4619250152461305,0.3540013227513299
traffic,arima,5,560,2012-03-24 08:00:00,67.65625,59.36952818953581,66.67592592592592,8.286721810464194,0.9803240740740762
traffic,arima,6,560,2012-03-24 08:00:00,67.75462962962963,59.06233220168873,66.67592592592592,8.6922974279409,1.0787037037037095
traffic,arima,7,560,2012-03-24 08:00:00,68.02083333333333,58.86992839153956,66.67592592592592,9.150904941793769,1.3449074074074048
traffic,arima,8,560,2012-03-24 08:00:00,67.04745370370371,58.749421624535536,66.67592592592592,8.298032079168173,0.3715277777777857
traffic,arima,9,560,2012-03-24 08:00:00,68.3298611111111,58.67394557388997,66.67592592592592,9.655915537221134,1.6539351851851762
traffic,arima,10,560,2012-03-24 08:00:00,68.14814814814815,58.62667325617762,66.67592592592592,9.521474891970534,1.4722222222222285
traffic,arima,11,560,2012-03-24 08:00:00,66.76041666666667,58.59706555941714,66.67592592592592,8.163351107249532,0.08449074074074758
traffic,arima,12,560,2012-03-24 08:00:00,65.66286375661376,58.57852160494616,66.67592592592592,7.084342151667599,1.013062169312164
traffic,arima,13,560,2012-03-24 08:00:00,67.03720238095238,58.56690711665276,66.67592592592592,8.470295264299622,0.3612764550264558
traffic,arima,14,560,2012-03-24 08:00:00,66.91402116402116,58.559632706087925,66.67592592592592,8.35438845793324,0.2380952380952408
traffic,arima,15,560,2012-03-24 08:00:00,67.92096560846561,58.55507658207031,66.67592592592592,9.365889026395294,1.2450396825396837
traffic,arima,16,560,2012-03-24 08:00:00,68.23627645502646,58.552222980960124,66.67592592592592,9.684053474066332,1.560350529100532
traffic,arima,17,560,2012-03-24 08:00:00,68.21064814814815,58.55043570755303,66.67592592592592,9.660212440595124,1.5347222222222285
traffic,arima,18,560,2012-03-24 08:00:00,67.8083664021164,58.54931629873997,66.67592592592592,9.259050103376438,1.1324404761904816
traffic,arima,19,560,2012-03-24 08:00:00,68.00611772486772,58.54861518827428,66.67592592592592,9.457502536593438,1.3301917989417973
traffic,arima,20,560,2012-03-24 08:00:00,65.33101851851852,58.54817606730314,66.67592592592592,6.78284245121538,1.3449074074074048
traffic,arima,21,560,2012-03-24 08:00:00,64.11689814814815,58.547901036139386,66.67592592592592,5.568997112008766,2.5590277777777715
traffic,arima,22,560,2012-03-24 08:00:00,66.1238425925926,58.547728778046505,66.67592592592592,7.5761138145460905,0.5520833333333286
traffic,arima,23,560,2012-03-24 08:00:00,66.01488095238095,58.547620888998004,66.67592592592592,7.467260063382945,0.6610449735449748
traffic,arima,24,560,2012-03-24 08:00:00,67.14203042328042,58.54755331570382,66.67592592592592,8.594477107576594,0.4661044973544932
traffic,arima,25,560,2012-03-24 08:00:00,67.08382936507937,58.54751099305709,66.67592592592592,8.53631837202228,0.4079034391534435
traffic,arima,26,560,2012-03-24 08:00:00,67.83416005291005,58.54748448544859,66.67592592592592,9.286675567461458,1.1582341269841265
traffic,arima,27,560,2012-03-24 08:00:00,66.14351851851852,58.547467883147874,66.67592592592592,7.596050635370645,0.5324074074074048
traffic,arima,28,560,2012-03-24 08:00:00,63.11921296296296,58.547457484760216,66.67592592592592,4.571755478202746,3.556712962962962
traffic,arima,29,560,2012-03-24 08:00:00,60.625,58.54745097202034,66.67592592592592,2.077549027979657,6.050925925925924
traffic,arima,30,560,2012-03-24 08:00:00,58.30902777777778,58.547446892947505,66.67592592592592,0.23841911516972658,8.366898148148145
traffic,arima,31,560,2012-03-24 08:00:00,55.06911375661375,58.547444338134085,66.67592592592592,3.478330581520332,11.606812169312171
traffic,arima,32,560,2012-03-24 08:00:00,60.56597222222222,58.547442737998004,66.67592592592592,2.018529484224217,6.109953703703702
traffic,arima,33,560,2012-03-24 08:00:00,67.46527777777779,58.547441735797435,66.67592592592592,8.917836041980351,0.7893518518518619
traffic,arima,34,560,2012-03-24 08:00:00,61.8665343915344,58.54744110809708,66.67592592592592,3.3190932834373186,4.809391534391523
traffic,arima,35,560,2012-03-24 08:00:00,68.77314814814815,58.54744071495448,66.67592592592592,10.22570743319367,2.0972222222222285
traffic,arima,36,560,2012-03-24 08:00:00,68.36342592592592,58.547440468720595,66.67592592592592,9.81598545720533,1.6875
traffic,arima,37,560,2012-03-24 08:00:00,66.87731481481482,58.547440314498864,66.67592592592592,8.32987450031596,0.20138888888889994
traffic,arima,38,560,2012-03-24 08:00:00,62.773842592592594,58.54744021790639,66.67592592592592,4.226402374686202,3.90208333333333
traffic,arima,39,560,2012-03-24 08:00:00,61.64070767195767,58.547440157408396,66.67592592592592,3.093267514549275,5.035218253968253
traffic,arima,40,560,2012-03-24 08:00:00,64.5176917989418,58.54744011951716,66.67592592592592,5.970251679424635,2.1582341269841265
traffic,arima,41,560,2012-03-24 08:00:00,59.479828042328045,58.54744009578504,66.67592592592592,0.9323879465430025,7.196097883597879
traffic,arima,42,560,2012-03-24 08:00:00,65.19791666666667,58.54744008092109,66.67592592592592,6.650476585745579,1.4780092592592524
traffic,arima,43,560,2012-03-24 08:00:00,62.82705026455026,58.547440071611476,66.67592592592592,4.279610192938783,3.848875661375665
traffic,arima,44,560,2012-03-24 08:00:00,61.03703703703704,58.547440065780656,66.67592592592592,2.4895969712563826,5.638888888888886
traffic,arima,45,560,2012-03-24 08:00:00,61.81795634920635,58.547440062128686,66.67592592592592,3.270516287077662,4.857969576719576
traffic,arima,46,560,2012-03-24 08:00:00,66.42129629629629,58.54744005984137,66.67592592592592,7.87385623645492,0.2546296296296333
traffic,arima,47,560,2012-03-24 08:00:00,66.49669312169313,58.54744005840878,66.67592592592592,7.9492530632843454,0.17923280423279664
traffic,arima,48,560,2012-03-24 08:00:00,68.02050264550265,58.547440057511515,66.67592592592592,9.47306258799113,1.3445767195767218
traffic,arima,49,560,2012-03-24 08:00:00,28.44940476190476,58.54744005694954,66.67592592592592,30.09803529504478,38.226521164021165
traffic,arima,50,560,2012-03-24 08:00:00,0.0,58.54744005659756,66.67592592592592,58.54744005659756,66.67592592592592
traffic,arima,51,560,2012-03-24 08:00:00,0.0,58.547440056377106,66.67592592592592,58.547440056377106,66.67592592592592
traffic,arima,52,560,2012-03-24 08:00:00,0.0,58.54744005623903,66.67592592592592,58.54744005623903,66.67592592592592
traffic,arima,53,560,2012-03-24 08:00:00,0.0,58.54744005615255,66.67592592592592,58.54744005615255,66.67592592592592
traffic,arima,54,560,2012-03-24 08:00:00,0.0,58.547440056098395,66.67592592592592,58.547440056098395,66.67592592592592
traffic,arima,55,560,2012-03-24 08:00:00,0.0,58.54744005606447,66.67592592592592,58.54744005606447,66.67592592592592
traffic,arima,56,560,2012-03-24 08:00:00,0.0,58.54744005604322,66.67592592592592,58.54744005604322,66.67592592592592
traffic,arima,57,560,2012-03-24 08:00:00,0.0,58.54744005602991,66.67592592592592,58.54744005602991,66.67592592592592
traffic,arima,58,560,2012-03-24 08:00:00,0.0,58.54744005602158,66.67592592592592,58.54744005602158,66.67592592592592
traffic,arima,59,560,2012-03-24 08:00:00,0.0,58.547440056016356,66.67592592592592,58.547440056016356,66.67592592592592
traffic,arima,60,560,2012-03-24 08:00:00,0.0,58.54744005601309,66.67592592592592,58.54744005601309,66.67592592592592
traffic,arima,61,560,2012-03-24 08:00:00,0.0,58.54744005601104,66.67592592592592,58.54744005601104,66.67592592592592
traffic,arima,62,560,2012-03-24 08:00:00,0.0,58.54744005600976,66.67592592592592,58.54744005600976,66.67592592592592
traffic,arima,63,560,2012-03-24 08:00:00,0.0,58.54744005600895,66.67592592592592,58.54744005600895,66.67592592592592
traffic,arima,64,560,2012-03-24 08:00:00,0.0,58.547440056008455,66.67592592592592,58.547440056008455,66.67592592592592
traffic,arima,65,560,2012-03-24 08:00:00,0.0,58.547440056008135,66.67592592592592,58.547440056008135,66.67592592592592
traffic,arima,66,560,2012-03-24 08:00:00,0.0,58.54744005600794,66.67592592592592,58.54744005600794,66.67592592592592
traffic,arima,67,560,2012-03-24 08:00:00,0.0,58.547440056007815,66.67592592592592,58.547440056007815,66.67592592592592
traffic,arima,68,560,2012-03-24 08:00:00,0.0,58.54744005600774,66.67592592592592,58.54744005600774,66.67592592592592
traffic,arima,69,560,2012-03-24 08:00:00,0.0,58.54744005600769,66.67592592592592,58.54744005600769,66.67592592592592
traffic,arima,70,560,2012-03-24 08:00:00,0.0,58.54744005600766,66.67592592592592,58.54744005600766,66.67592592592592
traffic,arima,71,560,2012-03-24 08:00:00,0.0,58.54744005600764,66.67592592592592,58.54744005600764,66.67592592592592
traffic,arima,72,560,2012-03-24 08:00:00,0.0,58.54744005600763,66.67592592592592,58.54744005600763,66.67592592592592
traffic,arima,1,584,2012-03-25 08:00:00,67.08382936507937,64.31427298019672,67.14203042328042,2.769556384882648,0.058201058201049705
traffic,arima,2,584,2012-03-25 08:00:00,67.83416005291005,62.32731315719193,67.14203042328042,5.50684689571812,0.6921296296296333
traffic,arima,3,584,2012-03-25 08:00:00,66.14351851851852,61.0597190878694,67.14203042328042,5.0837994306491225,0.998511904761898
traffic,arima,4,584,2012-03-25 08:00:00,63.11921296296296,60.257548067174696,67.14203042328042,2.861664895788266,4.022817460317455
traffic,arima,5,584,2012-03-25 08:00:00,60.625,59.75027234954548,67.14203042328042,0.874727650454517,6.517030423280417
traffic,arima,6,584,2012-03-25 08:00:00,58.30902777777778,59.429502393627665,67.14203042328042,1.1204746158498864,8.833002645502638
traffic,arima,7,584,2012-03-25 08:00:00,55.06911375661375,59.226668348116235,67.14203042328042,4.157554591502482,12.072916666666664
traffic,arima,8,584,2012-03-25 08:00:00,60.56597222222222,59.09840936155065,67.14203042328042,1.4675628606715705,6.576058201058196
traffic,arima,9,584,2012-03-25 08:00:00,67.46527777777779,59.01730676921522,67.14203042328042,8.447971008562568,0.32324735449736863
traffic,arima,10,584,2012-03-25 08:00:00,61.8665343915344,58.9660227957976,67.14203042328042,2.900511595736802,5.275496031746016
traffic,arima,11,584,2012-03-25 08:00:00,68.77314814814815,58.933594166171304,67.14203042328042,9.839553981976849,1.6311177248677353
traffic,arima,12,584,2012-03-25 08:00:00,68.36342592592592,58.913088422381854,67.14203042328042,9.45033750354407,1.2213955026455068
traffic,arima,13,584,2012-03-25 08:00:00,66.87731481481482,58.90012193156176,67.14203042328042,7.9771928832530605,0.2647156084655933
traffic,arima,14,584,2012-03-25 08:00:00,62.773842592592594,58.891922771077084,67.14203042328042,3.8819198215155097,4.368187830687823
traffic,arima,15,584,2012-03-25 08:00:00,61.64070767195767,58.88673815840228,67.14203042328042,2.75396951355539,5.501322751322746
traffic,arima,16,584,2012-03-25 08:00:00,64.5176917989418,58.883459748540936,67.14203042328042,5.634232050400861,2.6243386243386198
traffic,arima,17,584,2012-03-25 08:00:00,59.479828042328045,58.881386696628844,67.14203042328042,0.5984413456992002,7.6622023809523725
traffic,arima,18,584,2012-03-25 08:00:00,65.19791666666667,58.88007583422543,67.14203042328042,6.317840832441242,1.9441137566137456
traffic,arima,19,584,2012-03-25 08:00:00,62.82705026455026,58.879246930602385,67.14203042328042,3.947803333947874,4.314980158730158
traffic,arima,20,584,2012-03-25 08:00:00,61.03703703703704,58.87872278618074,67.14203042328042,2.1583142508563,6.104993386243379
traffic,arima,21,584,2012-03-25 08:00:00,61.81795634920635,58.87839135153972,67.14203042328042,2.939564997666629,5.324074074074069
traffic,arima,22,584,2012-03-25 08:00:00,66.42129629629629,58.87818177395627,67.14203042328042,7.543114522340019,0.7207341269841265
traffic,arima,23,584,2012-03-25 08:00:00,66.49669312169313,58.87804925080374,67.14203042328042,7.618643870889386,0.6453373015872899
traffic,arima,24,584,2012-03-25 08:00:00,68.02050264550265,58.877965451832175,67.14203042328042,9.14253719367047,0.8784722222222285
traffic,arima,25,584,2012-03-25 08:00:00,28.44940476190476,58.87791246284496,67.14203042328042,30.4285077009402,38.69262566137566
traffic,arima,26,584,2012-03-25 08:00:00,0.0,58.87787895607616,67.14203042328042,58.87787895607616,67.14203042328042
traffic,arima,27,584,2012-03-25 08:00:00,0.0,58.87785776858769,67.14203042328042,58.87785776858769,67.14203042328042
traffic,arima,28,584,2012-03-25 08:00:00,0.0,58.877844371006134,67.14203042328042,58.877844371006134,67.14203042328042
traffic,arima,29,584,2012-03-25 08:00:00,0.0,58.87783589925208,67.14203042328042,58.87783589925208,67.14203042328042
traffic,arima,30,584,2012-03-25 08:00:00,0.0,58.87783054226905,67.14203042328042,58.87783054226905,67.14203042328042
traffic,arima,31,584,2012-03-25 08:00:00,0.0,58.87782715486347,67.14203042328042,58.87782715486347,67.14203042328042
traffic,arima,32,584,2012-03-25 08:00:00,0.0,58.87782501288979,67.14203042328042,58.87782501288979,67.14203042328042
traffic,arima,33,584,2012-03-25 08:00:00,0.0,58.87782365844576,67.14203042328042,58.87782365844576,67.14203042328042
traffic,arima,34,584,2012-03-25 08:00:00,0.0,58.87782280198398,67.14203042328042,58.87782280198398,67.14203042328042
traffic,arima,35,584,2012-03-25 08:00:00,0.0,58.87782226041358,67.14203042328042,58.87782226041358,67.14203042328042
traffic,arima,36,584,2012-03-25 08:00:00,0.0,58.877821917959885,67.14203042328042,58.877821917959885,67.14203042328042
traffic,arima,37,584,2012-03-25 08:00:00,0.0,58.877821701414575,67.14203042328042,58.877821701414575,67.14203042328042
traffic,arima,38,584,2012-03-25 08:00:00,0.0,58.877821564485494,67.14203042328042,58.877821564485494,67.14203042328042
traffic,arima,39,584,2012-03-25 08:00:00,0.0,58.8778214779005,67.14203042328042,58.8778214779005,67.14203042328042
traffic,arima,40,584,2012-03-25 08:00:00,0.0,58.87782142314981,67.14203042328042,58.87782142314981,67.14203042328042
traffic,arima,41,584,2012-03-25 08:00:00,0.0,58.87782138852906,67.14203042328042,58.87782138852906,67.14203042328042
traffic,arima,42,584,2012-03-25 08:00:00,0.0,58.87782136663716,67.14203042328042,58.87782136663716,67.14203042328042
traffic,arima,43,584,2012-03-25 08:00:00,0.0,58.87782135279415,67.14203042328042,58.87782135279415,67.14203042328042
traffic,arima,44,584,2012-03-25 08:00:00,0.0,58.87782134404074,67.14203042328042,58.87782134404074,67.14203042328042
traffic,arima,45,584,2012-03-25 08:00:00,0.0,58.87782133850566,67.14203042328042,58.87782133850566,67.14203042328042
traffic,arima,46,584,2012-03-25 08:00:00,0.0,58.877821335005635,67.14203042328042,58.877821335005635,67.14203042328042
traffic,arima,47,584,2012-03-25 08:00:00,0.0,58.87782133279244,67.14203042328042,58.87782133279244,67.14203042328042
traffic,arima,48,584,2012-03-25 08:00:00,0.0,58.87782133139297,67.14203042328042,58.87782133139297,67.14203042328042
traffic,arima,49,584,2012-03-25 08:00:00,0.0,58.877821330508034,67.14203042328042,58.877821330508034,67.14203042328042
traffic,arima,50,584,2012-03-25 08:00:00,0.0,58.87782132994846,67.14203042328042,58.87782132994846,67.14203042328042
traffic,arima,51,584,2012-03-25 08:00:00,0.0,58.877821329594624,67.14203042328042,58.877821329594624,67.14203042328042
traffic,arima,52,584,2012-03-25 08:00:00,0.0,58.877821329370875,67.14203042328042,58.877821329370875,67.14203042328042
traffic,arima,53,584,2012-03-25 08:00:00,0.0,58.8778213292294,67.14203042328042,58.8778213292294,67.14203042328042
traffic,arima,54,584,2012-03-25 08:00:00,0.0,58.877821329139934,67.14203042328042,58.877821329139934,67.14203042328042
traffic,arima,55,584,2012-03-25 08:00:00,0.0,58.87782132908336,67.14203042328042,58.87782132908336,67.14203042328042
traffic,arima,56,584,2012-03-25 08:00:00,0.0,58.87782132904759,67.14203042328042,58.87782132904759,67.14203042328042
traffic,arima,57,584,2012-03-25 08:00:00,55.423776455026456,58.87782132902497,67.14203042328042,3.4540448739985123,11.718253968253961
traffic,arima,58,584,2012-03-25 08:00:00,29.96875,58.877821329010665,67.14203042328042,28.909071329010665,37.17328042328042
traffic,arima,59,584,2012-03-25 08:00:00,23.94560185185185,58.87782132900162,67.14203042328042,34.93221947714977,43.19642857142857
traffic,arima,60,584,2012-03-25 08:00:00,11.849041005291006,58.8778213289959,67.14203042328042,47.02878032370489,55.29298941798941
traffic,arima,61,584,2012-03-25 08:00:00,10.601851851851851,58.87782132899228,67.14203042328042,48.275969477140436,56.54017857142857
traffic,arima,62,584,2012-03-25 08:00:00,65.6863425925926,58.87782132899,67.14203042328042,6.808521263602593,1.4556878306878218
traffic,arima,63,584,2012-03-25 08:00:00,66.20882936507937,58.87782132898855,67.14203042328042,7.3310080360908145,0.9332010582010497
traffic,arima,64,584,2012-03-25 08:00:00,64.54398148148148,58.877821328987636,67.14203042328042,5.666160152493845,2.598048941798936
traffic,arima,65,584,2012-03-25 08:00:00,58.12847222222222,58.87782132898706,67.14203042328042,0.7493491067648392,9.013558201058196
traffic,arima,66,584,2012-03-25 08:00:00,63.645833333333336,58.87782132898669,67.14203042328042,4.7680120043466445,3.4961970899470813
traffic,arima,67,584,2012-03-25 08:00:00,61.78125,58.877821328986464,67.14203042328042,2.903428671013536,5.360780423280417
traffic,arima,68,584,2012-03-25 08:00:00,61.92013888888889,58.877821328986315,67.14203042328042,3.0423175599025782,5.221891534391524
traffic,arima,69,584,2012-03-25 08:00:00,61.56134259259259,58.87782132898622,67.14203042328042,2.683521263606366,5.580687830687829
traffic,arima,70,584,2012-03-25 08:00:00,64.91087962962963,58.877821328986165,67.14203042328042,6.033058300643468,2.2311507936507837
traffic,arima,71,584,2012-03-25 08:00:00,66.59507275132275,58.87782132898613,67.14203042328042,7.717251422336616,0.5469576719576708
traffic,arima,72,584,2012-03-25 08:00:00,67.79960317460318,58.87782132898611,67.14203042328042,8.921781845617069,0.6575727513227605
traffic,arima,1,608,2012-03-26 08:00:00,28.44940476190476,64.98065198086809,68.02050264550265,36.53124721896333,39.571097883597886
traffic,arima,2,608,2012-03-26 08:00:00,0.0,62.834036208915045,68.02050264550265,62.834036208915045,68.02050264550265
traffic,arima,3,608,2012-03-26 08:00:00,0.0,61.460262622637245,68.02050264550265,61.460262622637245,68.02050264550265
traffic,arima,4,608,2012-03-26 08:00:00,0.0,60.58803137855066,68.02050264550265,60.58803137855066,68.02050264550265
traffic,arima,5,608,2012-03-26 08:00:00,0.0,60.03461215214936,68.02050264550265,60.03461215214936,68.02050264550265
traffic,arima,6,608,2012-03-26 08:00:00,0.0,59.683495314990665,68.02050264550265,59.683495314990665,68.02050264550265
traffic,arima,7,608,2012-03-26 08:00:00,0.0,59.46073034000766,68.02050264550265,59.46073034000766,68.02050264550265
traffic,arima,8,608,2012-03-26 08:00:00,0.0,59.319397861299805,68.02050264550265,59.319397861299805,68.02050264550265
traffic,arima,9,608,2012-03-26 08:00:00,0.0,59.22972995543379,68.02050264550265,59.22972995543379,68.02050264550265
traffic,arima,10,608,2012-03-26 08:00:00,0.0,59.17284046060087,68.02050264550265,59.17284046060087,68.02050264550265
traffic,arima,11,608,2012-03-26 08:00:00,0.0,59.13674711605113,68.02050264550265,59.13674711605113,68.02050264550265
traffic,arima,12,608,2012-03-26 08:00:00,0.0,59.11384781760278,68.02050264550265,59.11384781760278,68.02050264550265
traffic,arima,13,608,2012-03-26 08:00:00,0.0,59.099319436374394,68.02050264550265,59.099319436374394,68.02050264550265
traffic,arima,14,608,2012-03-26 08:00:00,0.0,59.09010195481734,68.02050264550265,59.09010195481734,68.02050264550265
traffic,arima,15,608,2012-03-26 08:00:00,0.0,59.084253955310785,68.02050264550265,59.084253955310785,68.02050264550265
traffic,arima,16,608,2012-03-26 08:00:00,0.0,59.08054371211507,68.02050264550265,59.08054371211507,68.02050264550265
traffic,arima,17,608,2012-03-26 08:00:00,0.0,59.078189761066355,68.02050264550265,59.078189761066355,68.02050264550265
traffic,arima,18,608,2012-03-26 08:00:00,0.0,59.07669630491067,68.02050264550265,59.07669630491067,68.02050264550265
traffic,arima,19,608,2012-03-26 08:00:00,0.0,59.075748786783564,68.02050264550265,59.075748786783564,68.02050264550265
traffic,arima,20,608,2012-03-26 08:00:00,0.0,59.07514763716309,68.02050264550265,59.07514763716309,68.02050264550265
traffic,arima,21,608,2012-03-26 08:00:00,0.0,59.07476623985168,68.02050264550265,59.07476623985168,68.02050264550265
traffic,arima,22,608,2012-03-26 08:00:00,0.0,59.07452426363776,68.02050264550265,59.07452426363776,68.02050264550265
traffic,arima,23,608,2012-03-26 08:00:00,0.0,59.07437074266018,68.02050264550265,59.07437074266018,68.02050264550265
traffic,arima,24,608,2012-03-26 08:00:00,0.0,59.07427334180338,68.02050264550265,59.07427334180338,68.02050264550265
traffic,arima,25,608,2012-03-26 08:00:00,0.0,59.074211546164406,68.02050264550265,59.074211546164406,68.02050264550265
traffic,arima,26,608,2012-03-26 08:00:00,0.0,59.07417234013357,68.02050264550265,59.07417234013357,68.02050264550265
traffic,arima,27,608,2012-03-26 08:00:00,0.0,59.074147466001996,68.02050264550265,59.074147466001996,68.02050264550265
traffic,arima,28,608,2012-03-26 08:00:00,0.0,59.07413168469468,68.02050264550265,59.07413168469468,68.02050264550265
traffic,arima,29,608,2012-03-26 08:00:00,0.0,59.07412167229847,68.02050264550265,59.07412167229847,68.02050264550265
traffic,arima,30,608,2012-03-26 08:00:00,0.0,59.074115319968094,68.02050264550265,59.074115319968094,68.02050264550265
traffic,arima,31,608,2012-03-26 08:00:00,0.0,59.07411128975391,68.02050264550265,59.07411128975391,68.02050264550265
traffic,arima,32,608,2012-03-26 08:00:00,0.0,59.074108732798365,68.02050264550265,59.074108732798365,68.02050264550265
traffic,arima,33,608,2012-03-26 08:00:00,55.423776455026456,59.074107110546706,68.02050264550265,3.65033065552025,12.59672619047619
traffic,arima,34,608,2012-03-26 08:00:00,29.96875,59.07410608131471,68.02050264550265,29.10535608131471,38.051752645502646
traffic,arima,35,608,2012-03-26 08:00:00,23.94560185185185,59.074105428322014,68.02050264550265,35.128503576470166,44.0749007936508
traffic,arima,36,608,2012-03-26 08:00:00,11.849041005291006,59.07410501403304,68.02050264550265,47.22506400874203,56.17146164021164
traffic,arima,37,608,2012-03-26 08:00:00,10.601851851851851,59.07410475118882,68.02050264550265,48.472252899336965,57.4186507936508
traffic,arima,38,608,2012-03-26 08:00:00,65.6863425925926,59.074104584428206,68.02050264550265,6.61223800816439,2.3341600529100504
traffic,arima,39,608,2012-03-26 08:00:00,66.20882936507937,59.07410447862751,68.02050264550265,7.134724886451856,1.8116732804232782
traffic,arima,40,608,2012-03-26 08:00:00,64.54398148148148,59.074104411502624,68.02050264550265,5.469877069978857,3.4765211640211646
traffic,arima,41,608,2012-03-26 08:00:00,58.12847222222222,59.074104368915464,68.02050264550265,0.9456321466932422,9.892030423280424
traffic,arima,42,608,2012-03-26 08:00:00,63.645833333333336,59.074104341896195,68.02050264550265,4.571728991437141,4.37466931216931
traffic,arima,43,608,2012-03-26 08:00:00,61.78125,59.074104324753904,68.02050264550265,2.707145675246096,6.239252645502646
traffic,arima,44,608,2012-03-26 08:00:00,61.92013888888889,59.074104313878046,68.02050264550265,2.8460345750108473,6.100363756613753
traffic,arima,45,608,2012-03-26 08:00:00,61.56134259259259,59.07410430697789,68.02050264550265,2.4872382856147013,6.4591600529100575
traffic,arima,46,608,2012-03-26 08:00:00,64.91087962962963,59.074104302600105,68.02050264550265,5.836775327029528,3.1096230158730123
traffic,arima,47,608,2012-03-26 08:00:00,66.59507275132275,59.07410429982264,68.02050264550265,7.520968451500103,1.4254298941798993
traffic,arima,48,608,2012-03-26 08:00:00,67.79960317460318,59.07410429806048,68.02050264550265,8.725498876542694,0.22089947089946804
traffic,arima,49,608,2012-03-26 08:00:00,67.95155423280424,59.074104296942494,68.02050264550265,8.877449935861748,0.06894841269840413
traffic,arima,50,608,2012-03-26 08:00:00,64.88425925925925,59.07410429623319,68.02050264550265,5.810154963026065,3.136243386243393
traffic,arima,51,608,2012-03-26 08:00:00,64.20370370370371,59.07410429578317,68.02050264550265,5.129599407920537,3.816798941798936
traffic,arima,52,608,2012-03-26 08:00:00,64.77314814814815,59.074104295497655,68.02050264550265,5.699043852650497,3.247354497354493
traffic,arima,53,608,2012-03-26 08:00:00,65.39583333333333,59.074104295316516,68.02050264550265,6.321729038016812,2.624669312169317
traffic,arima,54,608,2012-03-26 08:00:00,65.48958333333333,59.07410429520159,68.02050264550265,6.4154790381317355,2.530919312169317
traffic,arima,55,608,2012-03-26 08:00:00,65.375,59.07410429512868,68.02050264550265,6.300895704871323,2.6455026455026456
traffic,arima,56,608,2012-03-26 08:00:00,66.36342592592592,59.074104295082414,68.02050264550265,7.28932163084351,1.6570767195767218
traffic,arima,57,608,2012-03-26 08:00:00,66.48379629629629,59.07410429505307,68.02050264550265,7.409692001243222,1.536706349206355
traffic,arima,58,608,2012-03-26 08:00:00,46.45763888888889,59.074104295034445,68.02050264550265,12.616465406145558,21.56286375661376
traffic,arima,59,608,2012-03-26 08:00:00,33.16203703703704,59.074104295022636,68.02050264550265,25.912067257985598,34.85846560846561
traffic,arima,60,608,2012-03-26 08:00:00,66.34837962962963,59.07410429501514,68.02050264550265,7.274275334614494,1.6721230158730123
traffic,arima,61,608,2012-03-26 08:00:00,65.77314814814815,59.074104295010386,68.02050264550265,6.699043853137766,2.247354497354493
traffic,arima,62,608,2012-03-26 08:00:00,66.00462962962963,59.074104295007366,68.02050264550265,6.930525334622267,2.0158730158730123
traffic,arima,63,608,2012-03-26 08:00:00,65.86805555555556,59.074104295005455,68.02050264550265,6.793951260550102,2.1524470899470884
traffic,arima,64,608,2012-03-26 08:00:00,63.8098544973545,59.07410429500424,68.02050264550265,4.7357502023502605,4.210648148148145
traffic,arima,65,608,2012-03-26 08:00:00,62.65509259259259,59.074104295003465,68.02050264550265,3.5809882975891227,5.3654100529100575
traffic,arima,66,608,2012-03-26 08:00:00,61.55555555555555,59.074104295002975,68.02050264550265,2.481451260552575,6.4649470899470955
traffic,arima,67,608,2012-03-26 08:00:00,61.94940476190476,59.07410429500267,68.02050264550265,2.8753004669020896,6.071097883597886
traffic,arima,68,608,2012-03-26 08:00:00,57.34623015873016,59.07410429500247,68.02050264550265,1.7278741362723125,10.674272486772487
traffic,arima,69,608,2012-03-26 08:00:00,61.44708994708995,59.07410429500234,68.02050264550265,2.372985652087607,6.573412698412696
traffic,arima,70,608,2012-03-26 08:00:00,64.04050925925925,59.074104295002265,68.02050264550265,4.966404964256988,3.979993386243393
traffic,arima,71,608,2012-03-26 08:00:00,65.40046296296296,59.074104295002215,68.02050264550265,6.326358667960747,2.6200396825396837
traffic,arima,72,608,2012-03-26 08:00:00,66.224041005291,59.074104295002186,68.02050264550265,7.149936710288813,1.7964616402116462
traffic,arima,1,632,2012-03-27 08:00:00,0.0,12.259686660587974,0.0,12.259686660587974,0.0
traffic,arima,2,632,2012-03-27 08:00:00,0.0,21.707056947882606,0.0,21.707056947882606,0.0
traffic,arima,3,632,2012-03-27 08:00:00,0.0,29.140704490842314,0.0,29.140704490842314,0.0
traffic,arima,4,632,2012-03-27 08:00:00,0.0,34.98736486533244,0.0,34.98736486533244,0.0
traffic,arima,5,632,2012-03-27 08:00:00,0.0,39.58587886921069,0.0,39.58587886921069,0.0
traffic,arima,6,632,2012-03-27 08:00:00,0.0,43.20270043901928,0.0,43.20270043901928,0.0
traffic,arima,7,632,2012-03-27 08:00:00,0.0,46.04740164097077,0.0,46.04740164097077,0.0
traffic,arima,8,632,2012-03-27 08:00:00,0.0,48.28481500837509,0.0,48.28481500837509,0.0
traffic,arima,9,632,2012-03-27 08:00:00,55.423776455026456,50.04458456632115,0.0,5.379191888705307,55.423776455026456
traffic,arima,10,632,2012-03-27 08:00:00,29.96875,51.42867788684432,0.0,21.45992788684432,29.96875
traffic,arima,11,632,2012-03-27 08:00:00,23.94560185185185,52.51729446807034,0.0,28.57169261621849,23.94560185185185
traffic,arima,12,632,2012-03-27 08:00:00,11.849041005291006,53.373512790453596,0.0,41.52447178516259,11.849041005291006
traffic,arima,13,632,2012-03-27 08:00:00,10.601851851851851,54.046945317780306,0.0,43.44509346592845,10.601851851851851
traffic,arima,14,632,2012-03-27 08:00:00,65.6863425925926,54.57661322724445,0.0,11.109729365348144,65.6863425925926
traffic,arima,15,632,2012-03-27 08:00:00,66.20882936507937,54.9932074411144,0.0,11.215621923964967,66.20882936507937
traffic,arima,16,632,2012-03-27 08:00:00,64.54398148148148,55.320866972547016,0.0,9.223114508934465,64.54398148148148
traffic,arima,17,632,2012-03-27 08:00:00,58.12847222222222,55.57857762949858,0.0,2.549894592723639,58.12847222222222
traffic,arima,18,632,2012-03-27 08:00:00,63.645833333333336,55.78127212282225,0.0,7.864561210511084,63.645833333333336
traffic,arima,19,632,2012-03-27 08:00:00,61.78125,55.940695322893724,0.0,5.840554677106276,61.78125
traffic,arima,20,632,2012-03-27 08:00:00,61.92013888888889,56.066084800941574,0.0,5.854054087947318,61.92013888888889
traffic,arima,21,632,2012-03-27 08:00:00,61.56134259259259,56.16470608816993,0.0,5.396636504422659,61.56134259259259
traffic,arima,22,632,2012-03-27 08:00:00,64.91087962962963,56.24227366757134,0.0,8.668605962058294,64.91087962962963
traffic,arima,23,632,2012-03-27 08:00:00,66.59507275132275,56.30328209225619,0.0,10.291790659066557,66.59507275132275
traffic,arima,24,632,2012-03-27 08:00:00,67.79960317460318,56.35126641652221,0.0,11.44833675808097,67.79960317460318
traffic,arima,25,632,2012-03-27 08:00:00,67.95155423280424,56.389007030005665,0.0,11.562547202798577,67.95155423280424
traffic,arima,26,632,2012-03-27 08:00:00,64.88425925925925,56.41869076376447,0.0,8.465568495494786,64.88425925925925
traffic,arima,27,632,2012-03-27 08:00:00,64.20370370370371,56.44203760337663,0.0,7.761666100327076,64.20370370370371
traffic,arima,28,632,2012-03-27 08:00:00,64.77314814814815,56.4604003512811,0.0,8.31274779686705,64.77314814814815
traffic,arima,29,632,2012-03-27 08:00:00,65.39583333333333,56.47484301316616,0.0,8.92099032016717,65.39583333333333
traffic,arima,30,632,2012-03-27 08:00:00,65.48958333333333,56.4862024504035,0.0,9.003380882929825,65.48958333333333
traffic,arima,31,632,2012-03-27 08:00:00,65.375,56.49513687089857,0.0,8.87986312910143,65.375
traffic,arima,32,632,2012-03-27 08:00:00,66.36342592592592,56.50216396809669,0.0,9.861261957829235,66.36342592592592
traffic,arima,33,632,2012-03-27 08:00:00,66.48379629629629,56.50769091806048,0.0,9.976105378235808,66.48379629629629
traffic,arima,34,632,2012-03-27 08:00:00,46.45763888888889,56.51203797276047,0.0,10.05439908387158,46.45763888888889
traffic,arima,35,632,2012-03-27 08:00:00,33.16203703703704,56.51545701666143,0.0,23.35341997962439,33.16203703703704
traffic,arima,36,632,2012-03-27 08:00:00,66.34837962962963,56.518146161842125,0.0,9.830233467787508,66.34837962962963
traffic,arima,37,632,2012-03-27 08:00:00,65.77314814814815,56.52026122734359,0.0,9.252886920804563,65.77314814814815
traffic,arima,38,632,2012-03-27 08:00:00,66.00462962962963,56.521924767901965,0.0,9.482704861727669,66.00462962962963
traffic,arima,39,632,2012-03-27 08:00:00,65.86805555555556,56.52323317522431,0.0,9.344822380331244,65.86805555555556
traffic,arima,40,632,2012-03-27 08:00:00,63.8098544973545,56.52426226328144,0.0,7.285592234073057,63.8098544973545
traffic,arima,41,632,2012-03-27 08:00:00,62.65509259259259,56.52507166125044,0.0,6.130020931342145,62.65509259259259
traffic,arima,42,632,2012-03-27 08:00:00,61.55555555555555,56.52570826865025,0.0,5.0298472869053015,61.55555555555555
traffic,arima,43,632,2012-03-27 08:00:00,61.94940476190476,56.52620897287364,0.0,5.423195789031119,61.94940476190476
traffic,arima,44,632,2012-03-27 08:00:00,57.34623015873016,56.526602786579545,0.0,0.8196273721506131,57.34623015873016
traffic,arima,45,632,2012-03-27 08:00:00,61.44708994708995,56.52691252879404,0.0,4.920177418295907,61.44708994708995
traffic,arima,46,632,2012-03-27 08:00:00,64.04050925925925,56.52715614712931,0.0,7.513353112129941,64.04050925925925
traffic,arima,47,632,2012-03-27 08:00:00,65.40046296296296,56.527347757734844,0.0,8.873115205228117,65.40046296296296
traffic,arima,48,632,2012-03-27 08:00:00,66.224041005291,56.527498463239475,0.0,9.696542542051525,66.224041005291
traffic,arima,49,632,2012-03-27 08:00:00,66.19907407407408,56.52761699607884,0.0,9.671457077995235,66.19907407407408
traffic,arima,50,632,2012-03-27 08:00:00,64.58763227513228,56.52771022448507,0.0,8.05992205064721,64.58763227513228
traffic,arima,51,632,2012-03-27 08:00:00,59.57523148148149,56.52778355045765,0.0,3.0474479310238394,59.57523148148149
traffic,arima,52,632,2012-03-27 08:00:00,65.8136574074074,56.52784122277526,0.0,9.285816184632147,65.8136574074074
traffic,arima,53,632,2012-03-27 08:00:00,65.85019841269842,56.52788658318579,0.0,9.322311829512628,65.85019841269842
traffic,arima,54,632,2012-03-27 08:00:00,65.16931216931216,56.52792226003958,0.0,8.641389909272583,65.16931216931216
traffic,arima,55,632,2012-03-27 08:00:00,65.4675925925926,56.52795032058581,0.0,8.939642272006786,65.4675925925926
traffic,arima,56,632,2012-03-27 08:00:00,59.36706349206349,56.527972390756545,0.0,2.8390911013069413,59.36706349206349
traffic,arima,57,632,2012-03-27 08:00:00,0.0,56.52798974937931,0.0,56.52798974937931,0.0
traffic,arima,58,632,2012-03-27 08:00:00,8.494444444444445,56.528003402277044,0.0,48.0335589578326,8.494444444444445
traffic,arima,59,632,2012-03-27 08:00:00,23.8869708994709,56.52801414054927,0.0,32.641043241078364,23.8869708994709
traffic,arima,60,632,2012-03-27 08:00:00,65.72337962962963,56.52802258641128,0.0,9.195357043218351,65.72337962962963
traffic,arima,61,632,2012-03-27 08:00:00,27.17956349206349,56.528029229247636,0.0,29.348465737184146,27.17956349206349
traffic,arima,62,632,2012-03-27 08:00:00,11.152777777777777,56.5280344539689,0.0,45.37525667619112,11.152777777777777
traffic,arima,63,632,2012-03-27 08:00:00,0.0,56.528038563314794,0.0,56.528038563314794,0.0
traffic,arima,64,632,2012-03-27 08:00:00,59.46990740740741,56.52804179539605,0.0,2.9418656120113624,59.46990740740741
traffic,arima,65,632,2012-03-27 08:00:00,59.73726851851851,56.52804433749144,0.0,3.209224181027075,59.73726851851851
traffic,arima,66,632,2012-03-27 08:00:00,62.27777777777778,56.528046336899386,0.0,5.749731440878392,62.27777777777778
traffic,arima,67,632,2012-03-27 08:00:00,60.77232142857142,56.52804790947301,0.0,4.244273519098414,60.77232142857142
traffic,arima,68,632,2012-03-27 08:00:00,58.98148148148149,56.528049146333046,0.0,2.4534323351484417,58.98148148148149
traffic,arima,69,632,2012-03-27 08:00:00,61.19907407407408,56.528050119147764,0.0,4.671023954926319,61.19907407407408
traffic,arima,70,632,2012-03-27 08:00:00,63.670138888888886,56.52805088428564,0.0,7.142088004603245,63.670138888888886
traffic,arima,71,632,2012-03-27 08:00:00,64.98776455026454,56.528051486081615,0.0,8.459713064182928,64.98776455026454
traffic,arima,72,632,2012-03-27 08:00:00,66.93402777777779,56.528051959405964,0.0,10.405975818371822,66.93402777777779
traffic,arima,1,656,2012-03-28 08:00:00,67.95155423280424,65.37315737075707,67.79960317460318,2.578396862047171,0.15195105820106392
traffic,arima,2,656,2012-03-28 08:00:00,64.88425925925925,63.53520310847084,67.79960317460318,1.3490561507884138,2.915343915343925
traffic,arima,3,656,2012-03-28 08:00:00,64.20370370370371,62.05751656694256,67.79960317460318,2.1461871367611494,3.595899470899468
traffic,arima,4,656,2012-03-28 08:00:00,64.77314814814815,60.872369850697424,67.79960317460318,3.900778297450728,3.026455026455025
traffic,arima,5,656,2012-03-28 08:00:00,65.39583333333333,59.92175635985929,67.79960317460318,5.474076973474041,2.403769841269849
traffic,arima,6,656,2012-03-28 08:00:00,65.48958333333333,59.159266354588446,67.79960317460318,6.330316978744882,2.310019841269849
traffic,arima,7,656,2012-03-28 08:00:00,65.375,58.54767068197331,67.79960317460318,6.827329318026692,2.4246031746031775
traffic,arima,8,656,2012-03-28 08:00:00,66.36342592592592,58.05710783932344,67.79960317460318,8.30631808660248,1.4361772486772537
traffic,arima,9,656,2012-03-28 08:00:00,66.48379629629629,57.66362581611325,67.79960317460318,8.820170480183037,1.315806878306887
traffic,arima,10,656,2012-03-28 08:00:00,46.45763888888889,57.348012628306876,67.79960317460318,10.890373739417988,21.34196428571429
traffic,arima,11,656,2012-03-28 08:00:00,33.16203703703704,57.094858282132,67.79960317460318,23.932821245094964,34.63756613756614
traffic,arima,12,656,2012-03-28 08:00:00,66.34837962962963,56.89180237235632,67.79960317460318,9.456577257273317,1.4512235449735442
traffic,arima,13,656,2012-03-28 08:00:00,65.77314814814815,56.728930578457316,67.79960317460318,9.044217569690836,2.026455026455025
traffic,arima,14,656,2012-03-28 08:00:00,66.00462962962963,56.598290592272306,67.79960317460318,9.406339037357327,1.7949735449735442
traffic,arima,15,656,2012-03-28 08:00:00,65.86805555555556,56.49350384202013,67.79960317460318,9.374551713535425,1.9315476190476204
traffic,arima,16,656,2012-03-28 08:00:00,63.8098544973545,56.40945405489859,67.79960317460318,7.400400442455911,3.989748677248677
traffic,arima,17,656,2012-03-28 08:00:00,62.65509259259259,56.342037452148936,67.79960317460318,6.313055140443652,5.144510582010589
traffic,arima,18,656,2012-03-28 08:00:00,61.55555555555555,56.287962379719175,67.79960317460318,5.2675931758363745,6.2440476190476275
traffic,arima,19,656,2012-03-28 08:00:00,61.94940476190476,56.24458859137889,67.79960317460318,5.704816170525866,5.850198412698418
traffic,arima,20,656,2012-03-28 08:00:00,57.34623015873016,56.209798337192346,67.79960317460318,1.136431821537812,10.45337301587302
traffic,arima,21,656,2012-03-28 08:00:00,61.44708994708995,56.181892963170846,67.79960317460318,5.265196983919104,6.352513227513228
traffic,arima,22,656,2012-03-28 08:00:00,64.04050925925925,56.15950997352368,67.79960317460318,7.8809992857355695,3.759093915343925
traffic,arima,23,656,2012-03-28 08:00:00,65.40046296296296,56.1415565060246,67.79960317460318,9.258906456938362,2.3991402116402156
traffic,arima,24,656,2012-03-28 08:00:00,66.224041005291,56.12715597239071,67.79960317460318,10.096885032900289,1.5755621693121782
traffic,arima,25,656,2012-03-28 08:00:00,66.19907407407408,56.115605258360056,67.79960317460318,10.08346881571402,1.6005291005291014
traffic,arima,26,656,2012-03-28 08:00:00,64.58763227513228,56.10634039373698,67.79960317460318,8.4812918813953,3.2119708994708986
traffic,arima,27,656,2012-03-28 08:00:00,59.57523148148149,56.09890901622593,67.79960317460318,3.4763224652555564,8.22437169312169
traffic,arima,28,656,2012-03-28 08:00:00,65.8136574074074,56.09294828458457,67.79960317460318,9.720709122822832,1.9859457671957728
traffic,arima,29,656,2012-03-28 08:00:00,65.85019841269842,56.08816716269331,67.79960317460318,9.762031250005109,1.9494047619047592
traffic,arima,30,656,2012-03-28 08:00:00,65.16931216931216,56.084332209550894,67.79960317460318,9.08497995976127,2.6302910052910136
traffic,arima,31,656,2012-03-28 08:00:00,65.4675925925926,56.0812561813845,67.79960317460318,9.386336411208099,2.3320105820105823
traffic,arima,32,656,2012-03-28 08:00:00,59.36706349206349,56.078788889365775,67.79960317460318,3.2882746026977117,8.43253968253969
traffic,arima,33,656,2012-03-28 08:00:00,0.0,56.07680986655572,67.79960317460318,56.07680986655572,67.79960317460318
traffic,arima,34,656,2012-03-28 08:00:00,8.494444444444445,56.075222486037724,67.79960317460318,47.58077804159328,59.30515873015873
traffic,arima,35,656,2012-03-28 08:00:00,23.8869708994709,56.07394924305331,67.79960317460318,32.18697834358241,43.91263227513228
traffic,arima,36,656,2012-03-28 08:00:00,65.72337962962963,56.0729279707881,67.79960317460318,9.650451658841533,2.076223544973544
traffic,arima,37,656,2012-03-28 08:00:00,27.17956349206349,56.072108805041694,67.79960317460318,28.892545312978203,40.620039682539684
traffic,arima,38,656,2012-03-28 08:00:00,11.152777777777777,56.07145174957965,67.79960317460318,44.91867397180187,56.6468253968254
traffic,arima,39,656,2012-03-28 08:00:00,0.0,56.07092472329457,67.79960317460318,56.07092472329457,67.79960317460318
traffic,arima,40,656,2012-03-28 08:00:00,59.46990740740741,56.0705019938277,67.79960317460318,3.3994054135797143,8.329695767195766
traffic,arima,41,656,2012-03-28 08:00:00,59.73726851851851,56.0701629211719,67.79960317460318,3.6671055973466125,8.062334656084666
traffic,arima,42,656,2012-03-28 08:00:00,62.27777777777778,56.06989094991151,67.79960317460318,6.207886827866268,5.521825396825399
traffic,arima,43,656,2012-03-28 08:00:00,60.77232142857142,56.06967280089473,67.79960317460318,4.702648627676695,7.027281746031754
traffic,arima,44,656,2012-03-28 08:00:00,58.98148148148149,56.06949782287149,67.79960317460318,2.911983658609998,8.81812169312169
traffic,arima,45,656,2012-03-28 08:00:00,61.19907407407408,56.069357472440075,67.79960317460318,5.1297166016340086,6.600529100529094
traffic,arima,46,656,2012-03-28 08:00:00,63.670138888888886,56.06924489691068,67.79960317460318,7.600893991978204,4.129464285714292
traffic,arima,47,656,2012-03-28 08:00:00,64.98776455026454,56.06915459971893,67.79960317460318,8.918609950545616,2.811838624338634
traffic,arima,48,656,2012-03-28 08:00:00,66.93402777777779,56.06908217205297,67.79960317460318,10.864945605724813,0.8655753968253919
traffic,arima,49,656,2012-03-28 08:00:00,55.46527777777778,56.06902407759073,67.79960317460318,0.6037462998129541,12.334325396825399
traffic,arima,50,656,2012-03-28 08:00:00,65.33730158730158,56.06897747983699,67.79960317460318,9.268324107464593,2.462301587301596
traffic,arima,51,656,2012-03-28 08:00:00,64.58333333333333,56.06894010362985,67.79960317460318,8.51439322970348,3.216269841269849
traffic,arima,52,656,2012-03-28 08:00:00,65.83680555555556,56.0689101240547,67.79960317460318,9.767895431500854,1.9627976190476204
traffic,arima,53,656,2012-03-28 08:00:00,65.73148148148148,56.06888607734171,67.79960317460318,9.662595404139772,2.0681216931216966
traffic,arima,54,656,2012-03-28 08:00:00,64.62466931216932,56.068866789396395,67.79960317460318,8.555802522772922,3.1749338624338606
traffic,arima,55,656,2012-03-28 08:00:00,64.26967592592592,56.06885131847385,67.79960317460318,8.200824607452077,3.5299272486772537
traffic,arima,56,656,2012-03-28 08:00:00,21.29629629629629,56.06883890919745,67.79960317460318,34.77254261290116,46.50330687830689
traffic,arima,57,656,2012-03-28 08:00:00,21.96759259259259,56.068828955677205,67.79960317460318,34.10123636308461,45.83201058201058
traffic,arima,58,656,2012-03-28 08:00:00,20.21412037037037,56.068820971926826,67.79960317460318,35.85470060155646,47.58548280423281
traffic,arima,59,656,2012-03-28 08:00:00,51.19583333333333,56.06881456813514,67.79960317460318,4.872981234801806,16.603769841269845
traffic,arima,60,656,2012-03-28 08:00:00,60.51372354497354,56.06880943163337,67.79960317460318,4.444914113340168,7.28587962962964
traffic,arima,61,656,2012-03-28 08:00:00,65.58773148148148,56.06880531162889,67.79960317460318,9.518926169852591,2.2118716931216937
traffic,arima,62,656,2012-03-28 08:00:00,65.71593915343915,56.06880200696014,67.79960317460318,9.647137146479011,2.083664021164026
traffic,arima,63,656,2012-03-28 08:00:00,65.20370370370371,56.06879935627477,67.79960317460318,9.134904347428936,2.595899470899468
traffic,arima,64,656,2012-03-28 08:00:00,64.56712962962963,56.06879723015158,67.79960317460318,8.498332399478052,3.232473544973544
traffic,arima,65,656,2012-03-28 08:00:00,54.50694444444444,56.06879552478137,67.79960317460318,1.561851080336929,13.292658730158735
traffic,arima,66,656,2012-03-28 08:00:00,65.22800925925925,56.06879415689848,67.79960317460318,9.159215102360776,2.571593915343925
traffic,arima,67,656,2012-03-28 08:00:00,63.84874338624339,56.06879305971524,67.79960317460318,7.7799503265281515,3.950859788359786
traffic,arima,68,656,2012-03-28 08:00:00,61.26875,56.06879217966106,67.79960317460318,5.199957820338938,6.53085317460318
traffic,arima,69,656,2012-03-28 08:00:00,63.1114417989418,56.068791473766794,67.79960317460318,7.0426503251750034,4.68816137566138
traffic,arima,70,656,2012-03-28 08:00:00,62.029431216931215,56.06879090756674,67.79960317460318,5.9606403093644715,5.770171957671963
traffic,arima,71,656,2012-03-28 08:00:00,64.16319444444444,56.06879045341588,67.79960317460318,8.094403991028564,3.6364087301587347
traffic,arima,72,656,2012-03-28 08:00:00,66.04513888888889,56.068790089140016,67.79960317460318,9.97634879974887,1.7544642857142918
traffic,arima,1,680,2012-03-29 08:00:00,66.19907407407408,64.15872368862918,66.224041005291,2.0403503854448957,0.02496693121692317
traffic,arima,2,680,2012-03-29 08:00:00,64.58763227513228,62.589581382409015,66.224041005291,1.9980508927232634,1.6364087301587205
traffic,arima,3,680,2012-03-29 08:00:00,59.57523148148149,61.33143810440905,66.224041005291,1.7562066229275644,6.648809523809511
traffic,arima,4,680,2012-03-29 08:00:00,65.8136574074074,60.324783717992936,66.224041005291,5.4888736894144685,0.4103835978835946
traffic,arima,5,680,2012-03-29 08:00:00,65.85019841269842,59.51928328853207,66.224041005291,6.330915124166346,0.373842592592581
traffic,arima,6,680,2012-03-29 08:00:00,65.16931216931216,58.87474337214296,66.224041005291,6.294568797169205,1.0547288359788354
traffic,arima,7,680,2012-03-29 08:00:00,65.4675925925926,58.35899969548116,66.224041005291,7.108592897111436,0.7564484126984041
traffic,arima,8,680,2012-03-29 08:00:00,59.36706349206349,57.94631534181072,66.224041005291,1.42074815025277,6.856977513227513
traffic,arima,9,680,2012-03-29 08:00:00,0.0,57.616096313443144,66.224041005291,57.616096313443144,66.224041005291
traffic,arima,10,680,2012-03-29 08:00:00,8.494444444444445,57.35186384200233,66.224041005291,48.857419397557884,57.72959656084655
traffic,arima,11,680,2012-03-29 08:00:00,23.8869708994709,57.14043205592723,66.224041005291,33.253461156456325,42.3370701058201
traffic,arima,12,680,2012-03-29 08:00:00,65.72337962962963,56.97124997198748,66.224041005291,8.75212965764215,0.500661375661366
traffic,arima,13,680,2012-03-29 08:00:00,27.17956349206349,56.83587497441721,66.224041005291,29.65631148235372,39.044477513227505
traffic,arima,14,680,2012-03-29 08:00:00,11.152777777777777,56.72755150694132,66.224041005291,45.57477372916354,55.07126322751322
traffic,arima,15,680,2012-03-29 08:00:00,0.0,56.64087395335606,66.224041005291,56.64087395335606,66.224041005291
traffic,arima,16,680,2012-03-29 08:00:00,59.46990740740741,56.571516883548476,66.224041005291,2.898390523858936,6.7541335978835875
traffic,arima,17,680,2012-03-29 08:00:00,59.73726851851851,56.516019203545746,66.224041005291,3.2212493149727663,6.486772486772487
traffic,arima,18,680,2012-03-29 08:00:00,62.27777777777778,56.47161143813366,66.224041005291,5.806166339644122,3.946263227513221
traffic,arima,19,680,2012-03-29 08:00:00,60.77232142857142,56.43607752700803,66.224041005291,4.3362439015633925,5.451719576719576
traffic,arima,20,680,2012-03-29 08:00:00,58.98148148148149,56.40764423773606,66.224041005291,2.57383724374543,7.242559523809511
traffic,arima,21,680,2012-03-29 08:00:00,61.19907407407408,56.3848926769533,66.224041005291,4.814181397120784,5.024966931216916
traffic,arima,22,680,2012-03-29 08:00:00,63.670138888888886,56.36668748398037,66.224041005291,7.303451404908515,2.5539021164021136
traffic,arima,23,680,2012-03-29 08:00:00,64.98776455026454,56.35212017344084,66.224041005291,8.635644376823706,1.2362764550264558
traffic,arima,24,680,2012-03-29 08:00:00,66.93402777777779,56.340463799533076,66.224041005291,10.59356397824471,0.7099867724867863
traffic,arima,25,680,2012-03-29 08:00:00,55.46527777777778,56.331136679588134,66.224041005291,0.8658589018103555,10.75876322751322
traffic,arima,26,680,2012-03-29 08:00:00,65.33730158730158,56.323673366626856,66.224041005291,9.013628220674725,0.8867394179894177
traffic,arima,27,680,2012-03-29 08:00:00,64.58333333333333,56.31770142237323,66.224041005291,8.265631910960096,1.6407076719576708
traffic,arima,28,680,2012-03-29 08:00:00,65.83680555555556,56.312922831638346,66.224041005291,9.523882723917211,0.3872354497354422
traffic,arima,29,680,2012-03-29 08:00:00,65.73148148148148,56.30909913060535,66.224041005291,9.422382350876134,0.4925595238095184
traffic,arima,30,680,2012-03-29 08:00:00,64.62466931216932,56.30603950687926,66.224041005291,8.318629805290058,1.5993716931216824
traffic,arima,31,680,2012-03-29 08:00:00,64.26967592592592,56.30359127746371,66.224041005291,7.966084648462214,1.9543650793650755
traffic,arima,32,680,2012-03-29 08:00:00,21.29629629629629,56.30163226949157,66.224041005291,35.00533597319528,44.92774470899471
traffic,arima,33,680,2012-03-29 08:00:00,21.96759259259259,56.30006472348851,66.224041005291,34.33247213089592,44.256448412698404
traffic,arima,34,680,2012-03-29 08:00:00,20.21412037037037,56.298810414926905,66.224041005291,36.08469004455654,46.00992063492063
traffic,arima,35,680,2012-03-29 08:00:00,51.19583333333333,56.29780675062319,66.224041005291,5.101973417289855,15.028207671957666
traffic,arima,36,680,2012-03-29 08:00:00,60.51372354497354,56.29700364517896,66.224041005291,4.216719899794576,5.710317460317462
traffic,arima,37,680,2012-03-29 08:00:00,65.58773148148148,56.29636102159242,66.224041005291,9.291370459889066,0.6363095238095156
traffic,arima,38,680,2012-03-29 08:00:00,65.71593915343915,56.29584681131411,66.224041005291,9.420092342125045,0.5081018518518476
traffic,arima,39,680,2012-03-29 08:00:00,65.20370370370371,56.29543535394489,66.224041005291,8.90826834975882,1.0203373015872899
traffic,arima,40,680,2012-03-29 08:00:00,64.56712962962963,56.2951061167168,66.224041005291,8.272023512912831,1.656911375661366
traffic,arima,41,680,2012-03-29 08:00:00,54.50694444444444,56.294842669855804,66.224041005291,1.787898225411361,11.717096560846556
traffic,arima,42,680,2012-03-29 08:00:00,65.22800925925925,56.294631866694274,66.224041005291,8.933377392564978,0.9960317460317469
traffic,arima,43,680,2012-03-29 08:00:00,63.84874338624339,56.29446318761895,66.224041005291,7.55428019862444,2.3752976190476076
traffic,arima,44,680,2012-03-29 08:00:00,61.26875,56.294328215115485,66.224041005291,4.9744217848845125,4.955291005291002
traffic,arima,45,680,2012-03-29 08:00:00,63.1114417989418,56.29422021371307,66.224041005291,6.8172215852287295,3.112599206349202
traffic,arima,46,680,2012-03-29 08:00:00,62.029431216931215,56.29413379386737,66.224041005291,5.735297423063848,4.194609788359784
traffic,arima,47,680,2012-03-29 08:00:00,64.16319444444444,56.29406464300854,66.224041005291,7.8691298014359035,2.0608465608465565
traffic,arima,48,680,2012-03-29 08:00:00,66.04513888888889,56.294009310333074,66.224041005291,9.751129578555812,0.17890211640211362
traffic,arima,49,680,2012-03-29 08:00:00,66.0,56.2939650345999,66.224041005291,9.7060349654001,0.22404100529099935
traffic,arima,50,680,2012-03-29 08:00:00,66.52430555555556,56.29392960633745,66.224041005291,10.230375949218107,0.3002645502645578
traffic,arima,51,680,2012-03-29 08:00:00,66.2511574074074,56.29390125758544,66.224041005291,9.957256149821966,0.027116402116405425
traffic,arima,52,680,2012-03-29 08:00:00,64.97800925925925,56.29387857366912,66.224041005291,8.684130685590134,1.246031746031747
traffic,arima,53,680,2012-03-29 08:00:00,63.30671296296296,56.293860422603444,66.224041005291,7.012852540359518,2.9173280423280374
traffic,arima,54,680,2012-03-29 08:00:00,66.68766534391534,56.293845898604125,66.224041005291,10.393819445311216,0.46362433862434216
traffic,arima,55,680,2012-03-29 08:00:00,67.32870370370371,56.293834276886706,66.224041005291,11.034869426817004,1.1046626984127101
traffic,arima,56,680,2012-03-29 08:00:00,67.58912037037037,56.293824977497955,66.224041005291,11.295295392872411,1.3650793650793673
traffic,arima,57,680,2012-03-29 08:00:00,67.79050925925925,56.29381753637476,66.224041005291,11.496691722884492,1.566468253968253
traffic,arima,58,680,2012-03-29 08:00:00,66.78819444444444,56.293811582186166,66.224041005291,10.494382862258277,0.5641534391534435
traffic,arima,59,680,2012-03-29 08:00:00,66.71643518518518,56.29380681780304,66.224041005291,10.422628367382138,0.4923941798941769
traffic,arima,60,680,2012-03-29 08:00:00,66.50710978835978,56.29380300547055,66.224041005291,10.213306782889234,0.283068783068785
traffic,arima,61,680,2012-03-29 08:00:00,64.10069444444444,56.29379995494363,66.224041005291,7.806894489500813,2.1233465608465565
traffic,arima,62,680,2012-03-29 08:00:00,62.125,56.29379751399324,66.224041005291,5.8312024860067595,4.099041005290999
traffic,arima,63,680,2012-03-29 08:00:00,65.41666666666667,56.29379556080975,66.224041005291,9.122871105856923,0.807374338624328
traffic,arima,64,680,2012-03-29 08:00:00,67.55671296296296,56.29379399792434,66.224041005291,11.262918965038622,1.3326719576719626
traffic,arima,65,680,2012-03-29 08:00:00,67.56018518518518,56.293792747345066,66.224041005291,11.26639243784011,1.3361441798941769
traffic,arima,66,680,2012-03-29 08:00:00,67.19097222222221,56.29379174666484,66.224041005291,10.897180475557377,0.966931216931215
traffic,arima,67,680,2012-03-29 08:00:00,66.56200396825396,56.293790945947165,66.224041005291,10.268213022306796,0.3379629629629619
traffic,arima,68,680,2012-03-29 08:00:00,66.04166666666667,56.29379030523422,66.224041005291,9.747876361432454,0.18237433862432795
traffic,arima,69,680,2012-03-29 08:00:00,63.51703042328042,56.29378979255278,66.224041005291,7.223240630727638,2.7070105820105823
traffic,arima,70,680,2012-03-29 08:00:00,65.5286044973545,56.29378938231874,66.224041005291,9.234815115035751,0.6954365079365061
traffic,arima,71,680,2012-03-29 08:00:00,66.65162037037037,56.2937890540604,66.224041005291,10.35783131630997,0.42757936507936734
traffic,arima,72,680,2012-03-29 08:00:00,67.56944444444444,56.293788791396814,66.224041005291,11.275655653047629,1.3454034391534435
traffic,arima,1,704,2012-03-30 08:00:00,55.46527777777778,64.54304305908337,66.93402777777779,9.077765281305595,11.468750000000007
traffic,arima,2,704,2012-03-30 08:00:00,65.33730158730158,62.733080239263025,66.93402777777779,2.604221348038557,1.596726190476204
traffic,arima,3,704,2012-03-30 08:00:00,64.58333333333333,61.3096508696832,66.93402777777779,3.2736824636501254,2.350694444444457
traffic,arima,4,704,2012-03-30 08:00:00,65.83680555555556,60.19117839248355,66.93402777777779,5.645627163072007,1.0972222222222285
traffic,arima,5,704,2012-03-30 08:00:00,65.73148148148148,59.312311516662064,66.93402777777779,6.419169964819417,1.2025462962963047
traffic,arima,6,704,2012-03-30 08:00:00,64.62466931216932,58.6217208523147,66.93402777777779,6.002948459854615,2.3093584656084687
traffic,arima,7,704,2012-03-30 08:00:00,64.26967592592592,58.07907271820551,66.93402777777779,6.1906032077204145,2.664351851851862
traffic,arima,8,704,2012-03-30 08:00:00,21.29629629629629,57.65267396625181,66.93402777777779,36.35637766995552,45.637731481481495
traffic,arima,9,704,2012-03-30 08:00:00,21.96759259259259,57.31762094710338,66.93402777777779,35.35002835451078,44.96643518518519
traffic,arima,10,704,2012-03-30 08:00:00,20.21412037037037,57.05434502257005,66.93402777777779,36.84022465219968,46.71990740740742
traffic,arima,11,704,2012-03-30 08:00:00,51.19583333333333,56.84746966709631,66.93402777777779,5.65163633376298,15.738194444444453
traffic,arima,12,704,2012-03-30 08:00:00,60.51372354497354,56.68491240790809,66.93402777777779,3.8288111370654505,6.420304232804249
traffic,arima,13,704,2012-03-30 08:00:00,65.58773148148148,56.557179153000675,66.93402777777779,9.030552328480809,1.3462962962963019
traffic,arima,14,704,2012-03-30 08:00:00,65.71593915343915,56.45680969247508,66.93402777777779,9.259129460964068,1.218088624338634
traffic,arima,15,704,2012-03-30 08:00:00,65.20370370370371,56.37794198794895,66.93402777777779,8.825761715754759,1.7303240740740762
traffic,arima,16,704,2012-03-30 08:00:00,64.56712962962963,56.315969802538675,66.93402777777779,8.251159827090959,2.3668981481481524
traffic,arima,17,704,2012-03-30 08:00:00,54.50694444444444,56.26727367542808,66.93402777777779,1.7603292309836363,12.427083333333343
traffic,arima,18,704,2012-03-30 08:00:00,65.22800925925925,56.22900952870044,66.93402777777779,8.998999730558815,1.7060185185185333
traffic,arima,19,704,2012-03-30 08:00:00,63.84874338624339,56.19894256010006,66.93402777777779,7.649800826143334,3.085284391534394
traffic,arima,20,704,2012-03-30 08:00:00,61.26875,56.17531672029626,66.93402777777779,5.0934332797037385,5.6652777777777885
traffic,arima,21,704,2012-03-30 08:00:00,63.1114417989418,56.156752151521346,66.93402777777779,6.954689647420452,3.8225859788359884
traffic,arima,22,704,2012-03-30 08:00:00,62.029431216931215,56.142164597527064,66.93402777777779,5.887266619404151,4.904596560846571
traffic,arima,23,704,2012-03-30 08:00:00,64.16319444444444,56.13070207803004,66.93402777777779,8.032492366414402,2.770833333333343
traffic,arima,24,704,2012-03-30 08:00:00,66.04513888888889,56.12169512914257,66.93402777777779,9.923443759746313,0.8888888888888999
traffic,arima,25,704,2012-03-30 08:00:00,66.0,56.11461770360079,66.93402777777779,9.885382296399207,0.9340277777777857
traffic,arima,26,704,2012-03-30 08:00:00,66.52430555555556,56.10905644718363,66.93402777777779,10.415249108371924,0.40972222222222854
traffic,arima,27,704,2012-03-30 08:00:00,66.2511574074074,56.10468655692413,66.93402777777779,10.146470850483276,0.6828703703703809
traffic,arima,28,704,2012-03-30 08:00:00,64.97800925925925,56.10125281112144,66.93402777777779,8.876756448137812,1.9560185185185333
traffic,arima,29,704,2012-03-30 08:00:00,63.30671296296296,56.09855466321901,66.93402777777779,7.20815829974395,3.6273148148148238
traffic,arima,30,704,2012-03-30 08:00:00,66.68766534391534,56.09643452896282,66.93402777777779,10.591230814952524,0.24636243386244416
traffic,arima,31,704,2012-03-30 08:00:00,67.32870370370371,56.0947685827557,66.93402777777779,11.233935120948011,0.3946759259259238
traffic,arima,32,704,2012-03-30 08:00:00,67.58912037037037,56.09345952567268,66.93402777777779,11.495660844697689,0.655092592592581
traffic,arima,33,704,2012-03-30 08:00:00,67.79050925925925,56.092430902756,66.93402777777779,11.698078356503252,0.8564814814814667
traffic,arima,34,704,2012-03-30 08:00:00,66.78819444444444,56.09162263769374,66.93402777777779,10.696571806750704,0.1458333333333428
traffic,arima,35,704,2012-03-30 08:00:00,66.71643518518518,56.09098752408671,66.93402777777779,10.62544766109847,0.21759259259260944
traffic,arima,36,704,2012-03-30 08:00:00,66.50710978835978,56.090488468377565,66.93402777777779,10.41662131998222,0.4269179894180013
traffic,arima,37,704,2012-03-30 08:00:00,64.10069444444444,56.09009632341628,66.93402777777779,8.01059812102816,2.833333333333343
traffic,arima,38,704,2012-03-30 08:00:00,62.125,56.08978818613254,66.93402777777779,6.035211813867463,4.809027777777786
traffic,arima,39,704,2012-03-30 08:00:00,65.41666666666667,56.08954605989094,66.93402777777779,9.327120606775729,1.5173611111111143
traffic,arima,40,704,2012-03-30 08:00:00,67.55671296296296,56.08935580340476,66.93402777777779,11.467357159558205,0.6226851851851762
traffic,arima,41,704,2012-03-30 08:00:00,67.56018518518518,56.08920630481965,66.93402777777779,11.470978880365529,0.6261574074073906
traffic,arima,42,704,2012-03-30 08:00:00,67.19097222222221,56.08908883273027,66.93402777777779,11.101883389491945,0.25694444444442865
traffic,arima,43,704,2012-03-30 08:00:00,66.56200396825396,56.08899652622602,66.93402777777779,10.473007442027942,0.3720238095238244
traffic,arima,44,704,2012-03-30 08:00:00,66.04166666666667,56.08892399418225,66.93402777777779,9.952742672484419,0.8923611111111143
traffic,arima,45,704,2012-03-30 08:00:00,63.51703042328042,56.08886700039384,66.93402777777779,7.428163422886577,3.4169973544973686
traffic,arima,46,704,2012-03-30 08:00:00,65.5286044973545,56.08882221616126,66.93402777777779,9.439782281193231,1.4054232804232925
traffic,arima,47,704,2012-03-30 08:00:00,66.65162037037037,56.088787025879235,66.93402777777779,10.562833344491132,0.282407407407419
traffic,arima,48,704,2012-03-30 08:00:00,67.56944444444444,56.08875937427335,66.93402777777779,11.480685070171091,0.6354166666666572
traffic,arima,49,704,2012-03-30 08:00:00,67.63425925925925,56.08873764636258,66.93402777777779,11.545521612896671,0.7002314814814667
traffic,arima,50,704,2012-03-30 08:00:00,68.01157407407408,56.088720573136946,66.93402777777779,11.92285350093713,1.0775462962962905
traffic,arima,51,704,2012-03-30 08:00:00,67.45734126984128,56.0887071574415,66.93402777777779,11.368634112399782,0.5233134920634939
traffic,arima,52,704,2012-03-30 08:00:00,67.53290343915343,56.08869661573788,66.93402777777779,11.444206823415549,0.5988756613756436
traffic,arima,53,704,2012-03-30 08:00:00,67.88657407407408,56.0886883323421,66.93402777777779,11.797885741731974,0.9525462962962905
traffic,arima,54,704,2012-03-30 08:00:00,67.85300925925925,56.08868182346572,66.93402777777779,11.764327435793533,0.9189814814814667
traffic,arima,55,704,2012-03-30 08:00:00,68.75181878306879,56.088676708960406,66.93402777777779,12.663142074108379,1.8177910052909994
traffic,arima,56,704,2012-03-30 08:00:00,68.85648148148148,56.088672690115516,66.93402777777779,12.767808791365965,1.9224537037036953
traffic,arima,57,704,2012-03-30 08:00:00,68.94031084656085,56.08866953221201,66.93402777777779,12.85164131434884,2.0062830687830626
traffic,arima,58,704,2012-03-30 08:00:00,68.95254629629629,56.08866705081378,66.93402777777779,12.863879245482508,2.018518518518505
traffic,arima,59,704,2012-03-30 08:00:00,68.64467592592592,56.088665100995776,66.93402777777779,12.556010824930148,1.7106481481481381
traffic,arima,60,704,2012-03-30 08:00:00,66.54943783068784,56.08866356887963,66.93402777777779,10.460774261808204,0.38458994708994965
traffic,arima,61,704,2012-03-30 08:00:00,66.42939814814815,56.088662364982724,66.93402777777779,10.340735783165428,0.5046296296296333
traffic,arima,62,704,2012-03-30 08:00:00,66.9250992063492,56.08866141899193,66.93402777777779,10.83643778735727,0.00892857142858361
traffic,arima,63,704,2012-03-30 08:00:00,67.275958994709,56.08866067565704,66.93402777777779,11.187298319051962,0.341931216931215
traffic,arima,64,704,2012-03-30 08:00:00,65.34606481481482,56.08866009156386,66.93402777777779,9.257404723250964,1.587962962962962
traffic,arima,65,704,2012-03-30 08:00:00,65.82523148148148,56.08865963259868,66.93402777777779,9.736571848882804,1.1087962962963047
traffic,arima,66,704,2012-03-30 08:00:00,64.82870370370371,56.088659271955805,66.93402777777779,8.740044431747904,2.105324074074076
traffic,arima,67,704,2012-03-30 08:00:00,64.46097883597884,56.08865898857204,66.93402777777779,8.372319847406793,2.4730489417989503
traffic,arima,68,704,2012-03-30 08:00:00,60.90641534391534,56.08865876589647,66.93402777777779,4.817756578018873,6.027612433862444
traffic,arima,69,704,2012-03-30 08:00:00,62.42962962962963,56.088658590923814,66.93402777777779,6.340971038705817,4.504398148148155
traffic,arima,70,704,2012-03-30 08:00:00,64.56481481481482,56.08865845343486,66.93402777777779,8.476156361379964,2.369212962962962
traffic,arima,71,704,2012-03-30 08:00:00,66.3125,56.08865834539963,66.93402777777779,10.22384165460037,0.6215277777777857
traffic,arima,72,704,2012-03-30 08:00:00,66.59953703703704,56.08865826050836,66.93402777777779,10.510878776528678,0.3344907407407476
traffic,arima,1,728,2012-03-31 08:00:00,66.0,63.84212045677807,66.04513888888889,2.157879543221931,0.04513888888888573
traffic,arima,2,728,2012-03-31 08:00:00,66.52430555555556,62.162317147461174,66.04513888888889,4.361988408094383,0.4791666666666714
traffic,arima,3,728,2012-03-31 08:00:00,66.2511574074074,60.849790266537475,66.04513888888889,5.4013671408699295,0.20601851851851904
traffic,arima,4,728,2012-03-31 08:00:00,64.97800925925925,59.824599266626244,66.04513888888889,5.153409992633009,1.0671296296296333
traffic,arima,5,728,2012-03-31 08:00:00,63.30671296296296,59.0238370943094,66.04513888888889,4.282875868653562,2.738425925925924
traffic,arima,6,728,2012-03-31 08:00:00,66.68766534391534,58.39837314602162,66.04513888888889,8.289292197893722,0.6425264550264558
traffic,arima,7,728,2012-03-31 08:00:00,67.32870370370371,57.90983214779127,66.04513888888889,9.418871555912439,1.2835648148148238
traffic,arima,8,728,2012-03-31 08:00:00,67.58912037037037,57.52823971931991,66.04513888888889,10.060880651050454,1.543981481481481
traffic,arima,9,728,2012-03-31 08:00:00,67.79050925925925,57.23018329827408,66.04513888888889,10.560325960985175,1.7453703703703667
traffic,arima,10,728,2012-03-31 08:00:00,66.78819444444444,56.99737566505523,66.04513888888889,9.790818779389213,0.7430555555555571
traffic,arima,11,728,2012-03-31 08:00:00,66.71643518518518,56.815532932411564,66.04513888888889,9.900902252773612,0.6712962962962905
traffic,arima,12,728,2012-03-31 08:00:00,66.50710978835978,56.67349815907478,66.04513888888889,9.833611629285002,0.46197089947089864
traffic,arima,13,728,2012-03-31 08:00:00,64.10069444444444,56.56255681683062,66.04513888888889,7.538137627613821,1.9444444444444429
traffic,arima,14,728,2012-03-31 08:00:00,62.125,56.47590211157932,66.04513888888889,5.649097888420677,3.9201388888888857
traffic,arima,15,728,2012-03-31 08:00:00,65.41666666666667,56.408217353216976,66.04513888888889,9.008449313449695,0.6284722222222143
traffic,arima,16,728,2012-03-31 08:00:00,67.55671296296296,56.355349750687104,66.04513888888889,11.201363212275858,1.5115740740740762
traffic,arima,17,728,2012-03-31 08:00:00,67.56018518518518,56.314055617932816,66.04513888888889,11.24612956725236,1.5150462962962905
traffic,arima,18,728,2012-03-31 08:00:00,67.19097222222221,56.2818013578883,66.04513888888889,10.909170864333916,1.1458333333333286
traffic,arima,19,728,2012-03-31 08:00:00,66.56200396825396,56.256608013903815,66.04513888888889,10.305395954350146,0.5168650793650755
traffic,arima,20,728,2012-03-31 08:00:00,66.04166666666667,56.236929851073725,66.04513888888889,9.804736815592946,0.0034722222222143273
traffic,arima,21,728,2012-03-31 08:00:00,63.51703042328042,56.22155951783784,66.04513888888889,7.295470905442578,2.5281084656084687
traffic,arima,22,728,2012-03-31 08:00:00,65.5286044973545,56.20955396905659,66.04513888888889,9.3190505282979,0.5165343915343925
traffic,arima,23,728,2012-03-31 08:00:00,66.65162037037037,56.20017660557806,66.04513888888889,10.451443764792309,0.606481481481481
traffic,arima,24,728,2012-03-31 08:00:00,67.56944444444444,56.19285208027641,66.04513888888889,11.376592364168033,1.5243055555555571
traffic,arima,25,728,2012-03-31 08:00:00,67.63425925925925,56.18713099769095,66.04513888888889,11.447128261568302,1.5891203703703667
traffic,arima,26,728,2012-03-31 08:00:00,68.01157407407408,56.18266234141609,66.04513888888889,11.828911732657986,1.9664351851851904
traffic,arima,27,728,2012-03-31 08:00:00,67.45734126984128,56.17917193752756,66.04513888888889,11.278169332313716,1.4122023809523938
traffic,arima,28,728,2012-03-31 08:00:00,67.53290343915343,56.17644563267087,66.04513888888889,11.35645780648256,1.4877645502645436
traffic,arima,29,728,2012-03-31 08:00:00,67.88657407407408,56.174316154705274,66.04513888888889,11.712257919368803,1.8414351851851904
traffic,arima,30,728,2012-03-31 08:00:00,67.85300925925925,56.172652849739656,66.04513888888889,11.680356409519597,1.8078703703703667
traffic,arima,31,728,2012-03-31 08:00:00,68.75181878306879,56.17135366587705,66.04513888888889,12.580465117191736,2.7066798941798993
traffic,arima,32,728,2012-03-31 08:00:00,68.85648148148148,56.17033889183156,66.04513888888889,12.686142589649918,2.8113425925925952
traffic,arima,33,728,2012-03-31 08:00:00,68.94031084656085,56.16954626625097,66.04513888888889,12.77076458030988,2.8951719576719626
traffic,arima,34,728,2012-03-31 08:00:00,68.95254629629629,56.16892715767816,66.04513888888889,12.783619138618128,2.9074074074074048
traffic,arima,35,728,2012-03-31 08:00:00,68.64467592592592,56.168443580773385,66.04513888888889,12.476232345152539,2.599537037037038
traffic,arima,36,728,2012-03-31 08:00:00,66.54943783068784,56.16806586572774,66.04513888888889,10.381371964960096,0.5042989417989503
traffic,arima,37,728,2012-03-31 08:00:00,66.42939814814815,56.167770837875295,66.04513888888889,10.261627310272857,0.38425925925926663
traffic,arima,38,728,2012-03-31 08:00:00,66.9250992063492,56.16754039581395,66.04513888888889,10.75755881053525,0.8799603174603163
traffic,arima,39,728,2012-03-31 08:00:00,67.275958994709,56.16736040079588,66.04513888888889,11.108598593913122,1.230820105820115
traffic,arima,40,728,2012-03-31 08:00:00,65.34606481481482,56.16721980924612,66.04513888888889,9.178845005568704,0.699074074074062
traffic,arima,41,728,2012-03-31 08:00:00,65.82523148148148,56.16710999518529,66.04513888888889,9.658121486296189,0.21990740740740478
traffic,arima,42,728,2012-03-31 08:00:00,64.82870370370371,56.167024220983535,66.04513888888889,8.661679482720174,1.2164351851851762
traffic,arima,43,728,2012-03-31 08:00:00,64.46097883597884,56.16695722397393,66.04513888888889,8.294021612004904,1.5841600529100504
traffic,arima,44,728,2012-03-31 08:00:00,60.90641534391534,56.16690489356218,66.04513888888889,4.739510450353158,5.138723544973544
traffic,arima,45,728,2012-03-31 08:00:00,62.42962962962963,56.16686401902151,66.04513888888889,6.26276561060812,3.6155092592592553
traffic,arima,46,728,2012-03-31 08:00:00,64.56481481481482,56.16683209249887,66.04513888888889,8.397982722315952,1.480324074074062
traffic,arima,47,728,2012-03-31 08:00:00,66.3125,56.16680715514592,66.04513888888889,10.145692844854082,0.26736111111111427
traffic,arima,48,728,2012-03-31 08:00:00,66.59953703703704,56.16678767693404,66.04513888888889,10.432749360102996,0.5543981481481524
traffic,arima,49,728,2012-03-31 08:00:00,66.19097222222221,56.166772462779655,66.04513888888889,10.02419975944256,0.1458333333333286
traffic,arima,50,728,2012-03-31 08:00:00,66.1641865079365,56.166760579219954,66.04513888888889,9.997425928716552,0.1190476190476204
traffic,arima,51,728,2012-03-31 08:00:00,66.57423941798942,56.16675129714041,66.04513888888889,10.40748812084901,0.529100529100532
traffic,arima,52,728,2012-03-31 08:00:00,65.82671957671958,56.166744047040034,66.04513888888889,9.65997552967955,0.21841931216930277
traffic,arima,53,728,2012-03-31 08:00:00,65.57506613756614,56.166738384089705,66.04513888888889,9.408327753476435,0.4700727513227463
traffic,arima,54,728,2012-03-31 08:00:00,64.47619047619047,56.1667339608397,66.04513888888889,8.309456515350767,1.5689484126984183
traffic,arima,55,728,2012-03-31 08:00:00,63.90724206349207,56.16673050590201,66.04513888888889,7.740511557590061,2.1378968253968154
traffic,arima,56,728,2012-03-31 08:00:00,64.13078703703704,56.166727807299296,66.04513888888889,7.964059229737742,1.9143518518518476
traffic,arima,57,728,2012-03-31 08:00:00,64.36805555555556,56.16672569945908,66.04513888888889,8.201329856096478,1.6770833333333286
traffic,arima,58,728,2012-03-31 08:00:00,46.76884920634921,56.166724053055056,66.04513888888889,9.397874846705847,19.276289682539677
traffic,arima,59,728,2012-03-31 08:00:00,65.19444444444444,56.16672276707227,66.04513888888889,9.02772167737217,0.8506944444444429
traffic,arima,60,728,2012-03-31 08:00:00,67.56101190476191,56.166721762609406,66.04513888888889,11.394290142152506,1.5158730158730265
traffic,arima,61,728,2012-03-31 08:00:00,65.7824074074074,56.16672097803774,66.04513888888889,9.615686429369667,0.26273148148148096
traffic,arima,62,728,2012-03-31 08:00:00,65.89027777777777,56.166720365219966,66.04513888888889,9.723557412557803,0.1548611111111171
traffic,arima,63,728,2012-03-31 08:00:00,63.75925925925926,56.16671988655671,66.04513888888889,7.5925393727025465,2.285879629629626
traffic,arima,64,728,2012-03-31 08:00:00,63.00810185185185,56.16671951267965,66.04513888888889,6.841382339172199,3.037037037037038
traffic,arima,65,728,2012-03-31 08:00:00,63.2025462962963,56.1667192206496,66.04513888888889,7.035827075646701,2.842592592592588
traffic,arima,66,728,2012-03-31 08:00:00,61.5474537037037,56.16671899254907,66.04513888888889,5.380734711154631,4.497685185185183
traffic,arima,67,728,2012-03-31 08:00:00,59.31597222222222,56.16671881438299,66.04513888888889,3.1492534078392325,6.729166666666664
traffic,arima,68,728,2012-03-31 08:00:00,58.84259259259259,56.16671867522,66.04513888888889,2.6758739173725914,7.202546296296298
traffic,arima,69,728,2012-03-31 08:00:00,62.13240740740741,56.166718566521766,66.04513888888889,5.965688840885647,3.9127314814814724
traffic,arima,70,728,2012-03-31 08:00:00,64.50876322751323,56.16671848161912,66.04513888888889,8.342044745894107,1.5363756613756578
traffic,arima,71,728,2012-03-31 08:00:00,67.05324074074075,56.166718415302874,66.04513888888889,10.886522325437873,1.0081018518518619
traffic,arima,72,728,2012-03-31 08:00:00,66.9050925925926,56.166718363504195,66.04513888888889,10.7383742290884,0.8599537037037095
traffic,arima,1,752,2012-04-01 08:00:00,67.63425925925925,65.1339203000767,67.56944444444444,2.5003389591825567,0.06481481481480955
traffic,arima,2,752,2012-04-01 08:00:00,68.01157407407408,63.274950839588875,67.56944444444444,4.736623234485201,0.4421296296296333
traffic,arima,3,752,2012-04-01 08:00:00,67.45734126984128,61.807326181424706,67.56944444444444,5.650015088416573,0.11210317460316332
traffic,arima,4,752,2012-04-01 08:00:00,67.53290343915343,60.649653343994004,67.56944444444444,6.8832500951594255,0.03654100529101356
traffic,arima,5,752,2012-04-01 08:00:00,67.88657407407408,59.736453204173095,67.56944444444444,8.15012086990098,0.3171296296296333
traffic,arima,6,752,2012-04-01 08:00:00,67.85300925925925,59.01609938453684,67.56944444444444,8.836909874722416,0.28356481481480955
traffic,arima,7,752,2012-04-01 08:00:00,68.75181878306879,58.44786728540396,67.56944444444444,10.303951497664826,1.1823743386243422
traffic,arima,8,752,2012-04-01 08:00:00,68.85648148148148,57.999632390862025,67.56944444444444,10.856849090619455,1.287037037037038
traffic,arima,9,752,2012-04-01 08:00:00,68.94031084656085,57.646054124176146,67.56944444444444,11.294256722384702,1.3708664021164054
traffic,arima,10,752,2012-04-01 08:00:00,68.95254629629629,57.36714324018456,67.56944444444444,11.58540305611173,1.3831018518518476
traffic,arima,11,752,2012-04-01 08:00:00,68.64467592592592,57.14713175040009,67.56944444444444,11.497544175525832,1.075231481481481
traffic,arima,12,752,2012-04-01 08:00:00,66.54943783068784,56.97358149325545,67.56944444444444,9.575856337432384,1.0200066137566068
traffic,arima,13,752,2012-04-01 08:00:00,66.42939814814815,56.836680953267845,67.56944444444444,9.592717194880308,1.1400462962962905
traffic,arima,14,752,2012-04-01 08:00:00,66.9250992063492,56.72869057539546,67.56944444444444,10.19640863095374,0.6443452380952408
traffic,arima,15,752,2012-04-01 08:00:00,67.275958994709,56.64350521590692,67.56944444444444,10.63245377880208,0.2934854497354422
traffic,arima,16,752,2012-04-01 08:00:00,65.34606481481482,56.57630899329747,67.56944444444444,8.769755821517357,2.223379629629619
traffic,arima,17,752,2012-04-01 08:00:00,65.82523148148148,56.52330302654343,67.56944444444444,9.30192845493805,1.744212962962962
traffic,arima,18,752,2012-04-01 08:00:00,64.82870370370371,56.48149066860988,67.56944444444444,8.34721303509383,2.7407407407407334
traffic,arima,19,752,2012-04-01 08:00:00,64.46097883597884,56.448508093571185,67.56944444444444,8.01247074240765,3.1084656084656075
traffic,arima,20,752,2012-04-01 08:00:00,60.90641534391534,56.42249065973231,67.56944444444444,4.48392468418303,6.663029100529101
traffic,arima,21,752,2012-04-01 08:00:00,62.42962962962963,56.401967493704014,67.56944444444444,6.027662135925617,5.139814814814812
traffic,arima,22,752,2012-04-01 08:00:00,64.56481481481482,56.385778335832654,67.56944444444444,8.17903647898217,3.004629629629619
traffic,arima,23,752,2012-04-01 08:00:00,66.3125,56.37300794591219,67.56944444444444,9.939492054087808,1.2569444444444429
traffic,arima,24,752,2012-04-01 08:00:00,66.59953703703704,56.36293436086123,67.56944444444444,10.236602676175806,0.9699074074074048
traffic,arima,25,752,2012-04-01 08:00:00,66.19097222222221,56.35498807915714,67.56944444444444,9.835984143065076,1.3784722222222285
traffic,arima,26,752,2012-04-01 08:00:00,66.1641865079365,56.34871986455417,67.56944444444444,9.815466643382337,1.4052579365079367
traffic,arima,27,752,2012-04-01 08:00:00,66.57423941798942,56.34377534889615,67.56944444444444,10.230464069093266,0.9952050264550252
traffic,arima,28,752,2012-04-01 08:00:00,65.82671957671958,56.33987499821562,67.56944444444444,9.486844578503963,1.74272486772486
traffic,arima,29,752,2012-04-01 08:00:00,65.57506613756614,56.33679830951985,67.56944444444444,9.23826782804629,1.9943783068783034
traffic,arima,30,752,2012-04-01 08:00:00,64.47619047619047,56.33437134484256,67.56944444444444,8.141819131347908,3.0932539682539755
traffic,arima,31,752,2012-04-01 08:00:00,63.90724206349207,56.33245689780964,67.56944444444444,7.574785165682428,3.6622023809523725
traffic,arima,32,752,2012-04-01 08:00:00,64.13078703703704,56.33094673679406,67.56944444444444,7.799840300242977,3.4386574074074048
traffic,arima,33,752,2012-04-01 08:00:00,64.36805555555556,56.32975548613329,67.56944444444444,8.03830006942227,3.2013888888888857
traffic,arima,34,752,2012-04-01 08:00:00,46.76884920634921,56.32881579948918,67.56944444444444,9.559966593139968,20.800595238095234
traffic,arima,35,752,2012-04-01 08:00:00,65.19444444444444,56.3280745524803,67.56944444444444,8.86636989196414,2.375
traffic,arima,36,752,2012-04-01 08:00:00,67.56101190476191,56.327489839340444,67.56944444444444,11.233522065421468,0.00843253968253066
traffic,arima,37,752,2012-04-01 08:00:00,65.7824074074074,56.32702860381189,67.56944444444444,9.455378803595515,1.787037037037038
traffic,arima,38,752,2012-04-01 08:00:00,65.89027777777777,56.326664770338176,67.56944444444444,9.563613007439592,1.6791666666666742
traffic,arima,39,752,2012-04-01 08:00:00,63.75925925925926,56.326377769904774,67.56944444444444,7.432881489354486,3.8101851851851833
traffic,arima,40,752,2012-04-01 08:00:00,63.00810185185185,56.32615137718744,67.56944444444444,6.681950474664404,4.561342592592595
traffic,arima,41,752,2012-04-01 08:00:00,63.2025462962963,56.32597279326736,67.56944444444444,6.876573503028936,4.366898148148145
traffic,arima,42,752,2012-04-01 08:00:00,61.5474537037037,56.325831922055215,67.56944444444444,5.221621781648487,6.0219907407407405
traffic,arima,43,752,2012-04-01 08:00:00,59.31597222222222,56.3257207995174,67.56944444444444,2.990251422704823,8.253472222222221
traffic,arima,44,752,2012-04-01 08:00:00,58.84259259259259,56.32563314343621,67.56944444444444,2.5169594491563814,8.726851851851855
traffic,arima,45,752,2012-04-01 08:00:00,62.13240740740741,56.32556399824999,67.56944444444444,5.806843409157423,5.43703703703703
traffic,arima,46,752,2012-04-01 08:00:00,64.50876322751323,56.325509454894735,67.56944444444444,8.183253772618492,3.060681216931215
traffic,arima,47,752,2012-04-01 08:00:00,67.05324074074075,56.32546642980845,67.56944444444444,10.727774310932297,0.5162037037036953
traffic,arima,48,752,2012-04-01 08:00:00,66.9050925925926,56.32543249060466,67.56944444444444,10.579660101987933,0.6643518518518476
traffic,arima,49,752,2012-04-01 08:00:00,66.02430555555556,56.32540571855948,67.56944444444444,9.698899836996077,1.5451388888888857
traffic,arima,50,752,2012-04-01 08:00:00,65.30489417989418,56.325384600138214,67.56944444444444,8.979509579755963,2.264550264550266
traffic,arima,51,752,2012-04-01 08:00:00,65.81167328042328,56.32536794142896,67.56944444444444,9.48630533899432,1.7577711640211646
traffic,arima,52,752,2012-04-01 08:00:00,65.23958333333333,56.32535480064582,67.56944444444444,8.91422853268751,2.3298611111111143
traffic,arima,53,752,2012-04-01 08:00:00,64.69791666666667,56.32534443488585,67.56944444444444,8.372572231780822,2.8715277777777715
traffic,arima,54,752,2012-04-01 08:00:00,62.53935185185185,56.325336258129674,67.56944444444444,6.2140155937221735,5.030092592592595
traffic,arima,55,752,2012-04-01 08:00:00,63.08217592592592,56.32532980811137,67.56944444444444,6.756846117814547,4.487268518518526
traffic,arima,56,752,2012-04-01 08:00:00,63.97916666666666,56.32532472018465,67.56944444444444,7.653841946482004,3.5902777777777857
traffic,arima,57,752,2012-04-01 08:00:00,64.53356481481482,56.32532070670795,67.56944444444444,8.208244108106875,3.035879629629619
traffic,arima,58,752,2012-04-01 08:00:00,27.77546296296296,56.32531754078278,67.56944444444444,28.54985457781982,39.79398148148148
traffic,arima,59,752,2012-04-01 08:00:00,29.97371031746032,56.32531504342626,67.56944444444444,26.351604725965938,37.59573412698413
traffic,arima,60,752,2012-04-01 08:00:00,36.65162037037037,56.32531307345248,67.56944444444444,19.67369270308211,30.917824074074076
traffic,arima,61,752,2012-04-01 08:00:00,66.22916666666667,56.325311519490654,67.56944444444444,9.903855147176017,1.3402777777777715
traffic,arima,62,752,2012-04-01 08:00:00,64.74212962962963,56.32531029368888,67.56944444444444,8.416819335940751,2.8273148148148124
traffic,arima,63,752,2012-04-01 08:00:00,64.41435185185185,56.32530932674751,67.56944444444444,8.08904252510434,3.1550925925925952
traffic,arima,64,752,2012-04-01 08:00:00,64.28984788359789,56.32530856400132,67.56944444444444,7.964539319596568,3.2795965608465565
traffic,arima,65,752,2012-04-01 08:00:00,62.073743386243386,56.32530796232912,67.56944444444444,5.748435423914266,5.495701058201057
traffic,arima,66,752,2012-04-01 08:00:00,62.74718915343916,56.32530748771589,67.56944444444444,6.421881665723269,4.822255291005284
traffic,arima,67,752,2012-04-01 08:00:00,58.420138888888886,56.325307113329764,67.56944444444444,2.094831775559122,9.149305555555557
traffic,arima,68,752,2012-04-01 08:00:00,59.48611111111112,56.32530681800515,67.56944444444444,3.1608042931059686,8.083333333333321
traffic,arima,69,752,2012-04-01 08:00:00,60.107638888888886,56.32530658504613,67.56944444444444,3.7823323038427574,7.461805555555557
traffic,arima,70,752,2012-04-01 08:00:00,64.44791666666667,56.325306401282546,67.56944444444444,8.122610265384125,3.1215277777777715
traffic,arima,71,752,2012-04-01 08:00:00,66.81944444444444,56.3253062563255,67.56944444444444,10.494138188118946,0.75
traffic,arima,72,752,2012-04-01 08:00:00,67.85069444444444,56.32530614197995,67.56944444444444,11.525388302464492,0.28125
traffic,arima,1,776,2012-04-02 08:00:00,66.19097222222221,64.48496879999313,66.59953703703704,1.706003422229088,0.40856481481482376
traffic,arima,2,776,2012-04-02 08:00:00,66.1641865079365,62.88459026055239,66.59953703703704,3.279596247384113,0.43535052910053196
traffic,arima,3,776,2012-04-02 08:00:00,66.57423941798942,61.60419120334545,66.59953703703704,4.970048214643967,0.0252976190476204
traffic,arima,4,776,2012-04-02 08:00:00,65.82671957671958,60.58250660476706,66.59953703703704,5.244212971952521,0.7728174603174551
traffic,arima,5,776,2012-04-02 08:00:00,65.57506613756614,59.76716067334823,66.59953703703704,5.80790546421791,1.0244708994708986
traffic,arima,6,776,2012-04-02 08:00:00,64.47619047619047,59.116485142538174,66.59953703703704,5.359705333652293,2.1233465608465707
traffic,arima,7,776,2012-04-02 08:00:00,63.90724206349207,58.59722240584098,66.59953703703704,5.31001965765109,2.6922949735449677
traffic,arima,8,776,2012-04-02 08:00:00,64.13078703703704,58.18283186309982,66.59953703703704,5.947955173937217,2.46875
traffic,arima,9,776,2012-04-02 08:00:00,64.36805555555556,57.85213314378622,66.59953703703704,6.515922411769338,2.231481481481481
traffic,arima,10,776,2012-04-02 08:00:00,46.76884920634921,57.588223542400826,66.59953703703704,10.819374336051617,19.83068783068783
traffic,arima,11,776,2012-04-02 08:00:00,65.19444444444444,57.377614085406115,66.59953703703704,7.8168303590383275,1.4050925925925952
traffic,arima,12,776,2012-04-02 08:00:00,67.56101190476191,57.20954008149433,66.59953703703704,10.35147182326758,0.9614748677248741
traffic,arima,13,776,2012-04-02 08:00:00,65.7824074074074,57.075410915624786,66.59953703703704,8.706996491782618,0.8171296296296333
traffic,arima,14,776,2012-04-02 08:00:00,65.89027777777777,56.968370964661865,66.59953703703704,8.921906813115903,0.7092592592592695
traffic,arima,15,776,2012-04-02 08:00:00,63.75925925925926,56.88294919209013,66.59953703703704,6.876310067169129,2.8402777777777786
traffic,arima,16,776,2012-04-02 08:00:00,63.00810185185185,56.81477951185714,66.59953703703704,6.193322339994708,3.5914351851851904
traffic,arima,17,776,2012-04-02 08:00:00,63.2025462962963,56.760377628553144,66.59953703703704,6.442168667743154,3.3969907407407405
traffic,arima,18,776,2012-04-02 08:00:00,61.5474537037037,56.71696294776094,66.59953703703704,4.830490755942762,5.052083333333336
traffic,arima,19,776,2012-04-02 08:00:00,59.31597222222222,56.68231645404019,66.59953703703704,2.633655768182031,7.283564814814817
traffic,arima,20,776,2012-04-02 08:00:00,58.84259259259259,56.654667292391686,66.59953703703704,2.1879253002009023,7.75694444444445
traffic,arima,21,776,2012-04-02 08:00:00,62.13240740740741,56.63260225614223,66.59953703703704,5.4998051512651855,4.467129629629625
traffic,arima,22,776,2012-04-02 08:00:00,64.50876322751323,56.61499355498594,66.59953703703704,7.893769672527284,2.09077380952381
traffic,arima,23,776,2012-04-02 08:00:00,67.05324074074075,56.60094117125516,66.59953703703704,10.45229956948559,0.4537037037037095
traffic,arima,24,776,2012-04-02 08:00:00,66.9050925925926,56.58972685812868,66.59953703703704,10.315365734463917,0.30555555555555713
traffic,arima,25,776,2012-04-02 08:00:00,66.02430555555556,56.58077742852953,66.59953703703704,9.443528127026028,0.575231481481481
traffic,arima,26,776,2012-04-02 08:00:00,65.30489417989418,56.57363545833066,66.59953703703704,8.731258721563513,1.2946428571428612
traffic,arima,27,776,2012-04-02 08:00:00,65.81167328042328,56.5679359064479,66.59953703703704,9.243737373975378,0.7878637566137598
traffic,arima,28,776,2012-04-02 08:00:00,65.23958333333333,56.56338745682409,66.59953703703704,8.67619587650924,1.3599537037037095
traffic,arima,29,776,2012-04-02 08:00:00,64.69791666666667,56.559757628654104,66.59953703703704,8.138159038012567,1.9016203703703667
traffic,arima,30,776,2012-04-02 08:00:00,62.53935185185185,56.556860893803034,66.59953703703704,5.982490958048814,4.0601851851851904
traffic,arima,31,776,2012-04-02 08:00:00,63.08217592592592,56.554549194073886,66.59953703703704,6.527626731852031,3.5173611111111214
traffic,arima,32,776,2012-04-02 08:00:00,63.97916666666666,56.55270437364244,66.59953703703704,7.4264622930242155,2.620370370370381
traffic,arima,33,776,2012-04-02 08:00:00,64.53356481481482,56.55123213986512,66.59953703703704,7.982332674949703,2.0659722222222143
traffic,arima,34,776,2012-04-02 08:00:00,27.77546296296296,56.5500572437841,66.59953703703704,28.774594280821145,38.824074074074076
traffic,arima,35,776,2012-04-02 08:00:00,29.97371031746032,56.54911963399518,66.59953703703704,26.575409316534863,36.62582671957672
traffic,arima,36,776,2012-04-02 08:00:00,36.65162037037037,56.548371387294495,66.59953703703704,19.896751016924128,29.94791666666667
traffic,arima,37,776,2012-04-02 08:00:00,66.22916666666667,56.547774259222976,66.59953703703704,9.681392407443695,0.3703703703703667
traffic,arima,38,776,2012-04-02 08:00:00,64.74212962962963,56.54729772931183,66.59953703703704,8.194831900317801,1.8574074074074076
traffic,arima,39,776,2012-04-02 08:00:00,64.41435185185185,56.5469174411173,66.59953703703704,7.867434410734546,2.1851851851851904
traffic,arima,40,776,2012-04-02 08:00:00,64.28984788359789,56.54661395731175,66.59953703703704,7.743233926286138,2.3096891534391517
traffic,arima,41,776,2012-04-02 08:00:00,62.073743386243386,56.54637176620101,66.59953703703704,5.5273716200423735,4.525793650793652
traffic,arima,42,776,2012-04-02 08:00:00,62.74718915343916,56.54617848888918,66.59953703703704,6.201010664549976,3.8523478835978793
traffic,arima,43,776,2012-04-02 08:00:00,58.420138888888886,56.54602424656727,66.59953703703704,1.874114642321615,8.179398148148152
traffic,arima,44,776,2012-04-02 08:00:00,59.48611111111112,56.54590115558652,66.59953703703704,2.940209955524601,7.113425925925917
traffic,arima,45,776,2012-04-02 08:00:00,60.107638888888886,56.5458029245086,66.59953703703704,3.561835964380286,6.491898148148152
traffic,arima,46,776,2012-04-02 08:00:00,64.44791666666667,56.54572453253699,66.59953703703704,7.902192134129685,2.1516203703703667
traffic,arima,47,776,2012-04-02 08:00:00,66.81944444444444,56.545661972893505,66.59953703703704,10.273782471550938,0.21990740740740478
traffic,arima,48,776,2012-04-02 08:00:00,67.85069444444444,56.54561204802349,66.59953703703704,11.30508239642095,1.2511574074074048
traffic,arima,49,776,2012-04-02 08:00:00,66.84093915343915,56.545572206162085,66.59953703703704,10.295366947277067,0.24140211640211362
traffic,arima,50,776,2012-04-02 08:00:00,65.68568121693121,56.545540410908124,66.59953703703704,9.14014080602309,0.9138558201058231
traffic,arima,51,776,2012-04-02 08:00:00,65.82440476190476,56.545515037139474,66.59953703703704,9.278889724765286,0.7751322751322789
traffic,arima,52,776,2012-04-02 08:00:00,65.30539021164022,56.545494787949565,66.59953703703704,8.75989542369065,1.2941468253968225
traffic,arima,53,776,2012-04-02 08:00:00,65.15823412698413,56.5454786283598,66.59953703703704,8.612755498624324,1.4413029100529116
traffic,arima,54,776,2012-04-02 08:00:00,65.15906084656085,56.54546573241966,66.59953703703704,8.61359511414119,1.4404761904761898
traffic,arima,55,776,2012-04-02 08:00:00,64.60416666666667,56.54545544099055,66.59953703703704,8.05871122567612,1.9953703703703667
traffic,arima,56,776,2012-04-02 08:00:00,64.78819444444444,56.545447228055956,66.59953703703704,8.242747216388487,1.8113425925925952
traffic,arima,57,776,2012-04-02 08:00:00,64.44047619047619,56.54544067383555,66.59953703703704,7.89503551664064,2.1590608465608483
traffic,arima,58,776,2012-04-02 08:00:00,42.8587962962963,56.54543544332937,66.59953703703704,13.68663914703307,23.74074074074074
traffic,arima,59,776,2012-04-02 08:00:00,29.45486111111111,56.54543126919527,66.59953703703704,27.09057015808416,37.144675925925924
traffic,arima,60,776,2012-04-02 08:00:00,67.07787698412699,56.545427938084494,66.59953703703704,10.532449046042494,0.47833994708994965
traffic,arima,61,776,2012-04-02 08:00:00,65.83564814814815,56.54542527973699,66.59953703703704,9.290222868411163,0.7638888888888857
traffic,arima,62,776,2012-04-02 08:00:00,65.26719576719576,56.54542315827903,66.59953703703704,8.72177260891673,1.3323412698412795
traffic,arima,63,776,2012-04-02 08:00:00,65.75462962962963,56.545421465278444,66.59953703703704,9.209208164351189,0.8449074074074048
traffic,arima,64,776,2012-04-02 08:00:00,64.4250992063492,56.54542011420242,66.59953703703704,7.87967909214678,2.174437830687836
traffic,arima,65,776,2012-04-02 08:00:00,62.47222222222222,56.545419035994634,66.59953703703704,5.926803186227588,4.127314814814817
traffic,arima,66,776,2012-04-02 08:00:00,60.958333333333336,56.54541817554562,66.59953703703704,4.412915157787715,5.641203703703702
traffic,arima,67,776,2012-04-02 08:00:00,60.04398148148149,56.545417488876026,66.59953703703704,3.4985639926054617,6.55555555555555
traffic,arima,68,776,2012-04-02 08:00:00,59.77893518518518,56.54541694088872,66.59953703703704,3.2335182442964623,6.820601851851855
traffic,arima,69,776,2012-04-02 08:00:00,61.42509920634921,56.54541650357493,66.59953703703704,4.879682702774282,5.174437830687829
traffic,arima,70,776,2012-04-02 08:00:00,64.93832671957672,56.545416154582625,66.59953703703704,8.392910564994096,1.6612103174603163
traffic,arima,71,776,2012-04-02 08:00:00,66.72585978835978,56.545415876074074,66.59953703703704,10.18044391228571,0.12632275132274629
traffic,arima,72,776,2012-04-02 08:00:00,67.47222222222221,56.54541565381413,66.59953703703704,10.926806568408082,0.8726851851851762
traffic,arima,1,800,2012-04-03 08:00:00,66.02430555555556,64.75111168243488,66.9050925925926,1.2731938731206753,0.8807870370370381
traffic,arima,2,800,2012-04-03 08:00:00,65.30489417989418,63.10097242987055,66.9050925925926,2.203921750023625,1.6001984126984183
traffic,arima,3,800,2012-04-03 08:00:00,65.81167328042328,61.7802234396012,66.9050925925926,4.031449840822077,1.093419312169317
traffic,arima,4,800,2012-04-03 08:00:00,65.23958333333333,60.72516307339935,66.9050925925926,4.514420259933978,1.6655092592592666
traffic,arima,5,800,2012-04-03 08:00:00,64.69791666666667,59.88227303642454,66.9050925925926,4.815643630242128,2.207175925925924
traffic,arima,6,800,2012-04-03 08:00:00,62.53935185185185,59.20888880574687,66.9050925925926,3.330463046104981,4.365740740740748
traffic,arima,7,800,2012-04-03 08:00:00,63.08217592592592,58.67092255346062,66.9050925925926,4.411253372465296,3.8229166666666785
traffic,arima,8,800,2012-04-03 08:00:00,63.97916666666666,58.24114164471216,66.9050925925926,5.738025021954499,2.925925925925938
traffic,arima,9,800,2012-04-03 08:00:00,64.53356481481482,57.8977899404088,66.9050925925926,6.6357748744060245,2.3715277777777715
traffic,arima,10,800,2012-04-03 08:00:00,27.77546296296296,57.62348647451084,66.9050925925926,29.848023511547883,39.12962962962963
traffic,arima,11,800,2012-04-03 08:00:00,29.97371031746032,57.40434560390897,66.9050925925926,27.430635286448652,36.93138227513228
traffic,arima,12,800,2012-04-03 08:00:00,36.65162037037037,57.2292740968431,66.9050925925926,20.577653726472732,30.25347222222223
traffic,arima,13,800,2012-04-03 08:00:00,66.22916666666667,57.089409577266565,66.9050925925926,9.139757089400106,0.6759259259259238
traffic,arima,14,800,2012-04-03 08:00:00,64.74212962962963,56.97767189839336,66.9050925925926,7.76445773123627,2.1629629629629648
traffic,arima,15,800,2012-04-03 08:00:00,64.41435185185185,56.88840473530029,66.9050925925926,7.525947116551556,2.4907407407407476
traffic,arima,16,800,2012-04-03 08:00:00,64.28984788359789,56.81708925347677,66.9050925925926,7.472758630121113,2.615244708994709
traffic,arima,17,800,2012-04-03 08:00:00,62.073743386243386,56.76011535880491,66.9050925925926,5.313628027438476,4.831349206349209
traffic,arima,18,800,2012-04-03 08:00:00,62.74718915343916,56.71459894930895,66.9050925925926,6.032590204130209,4.157903439153436
traffic,arima,19,800,2012-04-03 08:00:00,58.420138888888886,56.678235917690074,66.9050925925926,1.7419029711988117,8.48495370370371
traffic,arima,20,800,2012-04-03 08:00:00,59.48611111111112,56.649185514040965,66.9050925925926,2.836925597070156,7.418981481481474
traffic,arima,21,800,2012-04-03 08:00:00,60.107638888888886,56.625977164390115,66.9050925925926,3.481661724498771,6.7974537037037095
traffic,arima,22,800,2012-04-03 08:00:00,64.44791666666667,56.607436028093964,66.9050925925926,7.840480638572707,2.457175925925924
traffic,arima,23,800,2012-04-03 08:00:00,66.81944444444444,56.59262352568323,66.9050925925926,10.226820918761213,0.08564814814815236
traffic,arima,24,800,2012-04-03 08:00:00,67.85069444444444,56.58078982659578,66.9050925925926,11.26990461784866,0.9456018518518476
traffic,arima,25,800,2012-04-03 08:00:00,66.84093915343915,56.57133589165561,66.9050925925926,10.269603261783544,0.06415343915344351
traffic,arima,26,800,2012-04-03 08:00:00,65.68568121693121,56.563783148832535,66.9050925925926,9.12189806809868,1.2194113756613802
traffic,arima,27,800,2012-04-03 08:00:00,65.82440476190476,56.55774926722531,66.9050925925926,9.266655494679448,1.080687830687836
traffic,arima,28,800,2012-04-03 08:00:00,65.30539021164022,56.5529288029115,66.9050925925926,8.752461408728713,1.5997023809523796
traffic,arima,29,800,2012-04-03 08:00:00,65.15823412698413,56.549077736928886,66.9050925925926,8.60915639005524,1.7468584656084687
traffic,arima,30,800,2012-04-03 08:00:00,65.15906084656085,56.54600112267827,66.9050925925926,8.613059723882579,1.746031746031747
traffic,arima,31,800,2012-04-03 08:00:00,64.60416666666667,56.54354321744116,66.9050925925926,8.06062344922551,2.300925925925924
traffic,arima,32,800,2012-04-03 08:00:00,64.78819444444444,56.541579598455336,66.9050925925926,8.246614845989107,2.1168981481481524
traffic,arima,33,800,2012-04-03 08:00:00,64.44047619047619,56.54001086445237,66.9050925925926,7.90046532602382,2.4646164021164054
traffic,arima,34,800,2012-04-03 08:00:00,42.8587962962963,56.538757603819924,66.9050925925926,13.679961307523627,24.046296296296298
traffic,arima,35,800,2012-04-03 08:00:00,29.45486111111111,56.53775637466963,66.9050925925926,27.082895263558516,37.45023148148148
traffic,arima,36,800,2012-04-03 08:00:00,67.07787698412699,56.53695649331578,66.9050925925926,10.54092049081121,0.1727843915343925
traffic,arima,37,800,2012-04-03 08:00:00,65.83564814814815,56.53631746859297,66.9050925925926,9.299330679555183,1.0694444444444429
traffic,arima,38,800,2012-04-03 08:00:00,65.26719576719576,56.535806952134,66.9050925925926,8.731388815061756,1.6378968253968367
traffic,arima,39,800,2012-04-03 08:00:00,65.75462962962963,56.535399100848174,66.9050925925926,9.219230528781459,1.150462962962962
traffic,arima,40,800,2012-04-03 08:00:00,64.4250992063492,56.53507326870617,66.9050925925926,7.890025937643031,2.479993386243393
traffic,arima,41,800,2012-04-03 08:00:00,62.47222222222222,56.53481296160784,66.9050925925926,5.9374092606143805,4.432870370370374
traffic,arima,42,800,2012-04-03 08:00:00,60.958333333333336,56.5346050024267,66.9050925925926,4.423728330906634,5.9467592592592595
traffic,arima,43,800,2012-04-03 08:00:00,60.04398148148149,56.53443886396449,66.9050925925926,3.509542617516999,6.861111111111107
traffic,arima,44,800,2012-04-03 08:00:00,59.77893518518518,56.53430613604896,66.9050925925926,3.244629049136222,7.126157407407412
traffic,arima,45,800,2012-04-03 08:00:00,61.42509920634921,56.53420009979869,66.9050925925926,4.8908991065505205,5.479993386243386
traffic,arima,46,800,2012-04-03 08:00:00,64.93832671957672,56.534115387503405,66.9050925925926,8.404211332073316,1.9667658730158735
traffic,arima,47,800,2012-04-03 08:00:00,66.72585978835978,56.534047710902676,66.9050925925926,10.191812077457108,0.17923280423281085
traffic,arima,48,800,2012-04-03 08:00:00,67.47222222222221,56.53399364410788,66.9050925925926,10.938228578114334,0.5671296296296191
traffic,arima,49,800,2012-04-03 08:00:00,66.66931216931216,56.53395045017869,66.9050925925926,10.13536171913347,0.23578042328043125
traffic,arima,50,800,2012-04-03 08:00:00,66.00281084656085,56.53391594257517,66.9050925925926,9.468894903985678,0.9022817460317469
traffic,arima,51,800,2012-04-03 08:00:00,64.74768518518518,56.533888374471886,66.9050925925926,8.21379681071329,2.157407407407419
traffic,arima,52,800,2012-04-03 08:00:00,21.4702380952381,56.53386635033108,66.9050925925926,35.06362825509298,45.43485449735449
traffic,arima,53,800,2012-04-03 08:00:00,21.850694444444443,56.53384875525851,66.9050925925926,34.68315431081407,45.05439814814815
traffic,arima,54,800,2012-04-03 08:00:00,65.64120370370371,56.53383469856583,66.9050925925926,9.107369005137876,1.2638888888888857
traffic,arima,55,800,2012-04-03 08:00:00,38.33402777777778,56.53382346868268,66.9050925925926,18.1997956909049,28.571064814814818
traffic,arima,56,800,2012-04-03 08:00:00,0.0,56.53381449713591,66.9050925925926,56.53381449713591,66.9050925925926
traffic,arima,57,800,2012-04-03 08:00:00,0.0,56.5338073297727,66.9050925925926,56.5338073297727,66.9050925925926
traffic,arima,58,800,2012-04-03 08:00:00,0.0,56.533801603770634,66.9050925925926,56.533801603770634,66.9050925925926
traffic,arima,59,800,2012-04-03 08:00:00,0.0,56.5337970292711,66.9050925925926,56.5337970292711,66.9050925925926
traffic,arima,60,800,2012-04-03 08:00:00,0.0,56.53379337470622,66.9050925925926,56.53379337470622,66.9050925925926
traffic,arima,61,800,2012-04-03 08:00:00,0.0,56.533790455076584,66.9050925925926,56.533790455076584,66.9050925925926
traffic,arima,62,800,2012-04-03 08:00:00,0.0,56.53378812258626,66.9050925925926,56.53378812258626,66.9050925925926
traffic,arima,63,800,2012-04-03 08:00:00,0.0,56.533786259161175,66.9050925925926,56.533786259161175,66.9050925925926
traffic,arima,64,800,2012-04-03 08:00:00,0.0,56.53378477047201,66.9050925925926,56.53378477047201,66.9050925925926
traffic,arima,65,800,2012-04-03 08:00:00,0.0,56.533783581159156,66.9050925925926,56.533783581159156,66.9050925925926
traffic,arima,66,800,2012-04-03 08:00:00,0.0,56.53378263101784,66.9050925925926,56.53378263101784,66.9050925925926
traffic,arima,67,800,2012-04-03 08:00:00,0.0,56.53378187195053,66.9050925925926,56.53378187195053,66.9050925925926
traffic,arima,68,800,2012-04-03 08:00:00,0.0,56.53378126553213,66.9050925925926,56.53378126553213,66.9050925925926
traffic,arima,69,800,2012-04-03 08:00:00,0.0,56.53378078106483,66.9050925925926,56.53378078106483,66.9050925925926
traffic,arima,70,800,2012-04-03 08:00:00,0.0,56.533780394024205,66.9050925925926,56.533780394024205,66.9050925925926
traffic,arima,71,800,2012-04-03 08:00:00,0.0,56.533780084817685,66.9050925925926,56.533780084817685,66.9050925925926
traffic,arima,72,800,2012-04-03 08:00:00,0.0,56.53377983779279,66.9050925925926,56.53377983779279,66.9050925925926
traffic,arima,1,824,2012-04-04 08:00:00,66.84093915343915,65.44063119724353,67.85069444444444,1.4003079561956184,1.0097552910052912
traffic,arima,2,824,2012-04-04 08:00:00,65.68568121693121,63.603862250245236,67.85069444444444,2.0818189666859794,2.165013227513228
traffic,arima,3,824,2012-04-04 08:00:00,65.82440476190476,62.13895709492559,67.85069444444444,3.6854476669791723,2.0262896825396837
traffic,arima,4,824,2012-04-04 08:00:00,65.30539021164022,60.9723675715944,67.85069444444444,4.333022640045819,2.5453042328042272
traffic,arima,5,824,2012-04-04 08:00:00,65.15823412698413,60.04329985586882,67.85069444444444,5.11493427111531,2.6924603174603163
traffic,arima,6,824,2012-04-04 08:00:00,65.15906084656085,59.30339479020594,67.85069444444444,5.855666056354906,2.6916335978835946
traffic,arima,7,824,2012-04-04 08:00:00,64.60416666666667,58.71413792135894,67.85069444444444,5.890028745307731,3.2465277777777715
traffic,arima,8,824,2012-04-04 08:00:00,64.78819444444444,58.24485655939897,67.85069444444444,6.543337885045474,3.0625
traffic,arima,9,824,2012-04-04 08:00:00,64.44047619047619,57.871123119303356,67.85069444444444,6.569353071172834,3.410218253968253
traffic,arima,10,824,2012-04-04 08:00:00,42.8587962962963,57.57348358880483,67.85069444444444,14.714687292508529,24.991898148148145
traffic,arima,11,824,2012-04-04 08:00:00,29.45486111111111,57.3364448852499,67.85069444444444,27.881583774138786,38.39583333333333
traffic,arima,12,824,2012-04-04 08:00:00,67.07787698412699,57.14766839145255,67.85069444444444,9.93020859267444,0.7728174603174551
traffic,arima,13,824,2012-04-04 08:00:00,65.83564814814815,56.997327691491016,67.85069444444444,8.838320456657137,2.0150462962962905
traffic,arima,14,824,2012-04-04 08:00:00,65.26719576719576,56.8775970745574,67.85069444444444,8.389598692638359,2.5834986772486843
traffic,arima,15,824,2012-04-04 08:00:00,65.75462962962963,56.78224418186119,67.85069444444444,8.972385447768445,2.0960648148148096
traffic,arima,16,824,2012-04-04 08:00:00,64.4250992063492,56.70630559256472,67.85069444444444,7.718793613784484,3.425595238095241
traffic,arima,17,824,2012-04-04 08:00:00,62.47222222222222,56.645828461968264,67.85069444444444,5.826393760253957,5.378472222222221
traffic,arima,18,824,2012-04-04 08:00:00,60.958333333333336,56.597664763392025,67.85069444444444,4.360668569941311,6.892361111111107
traffic,arima,19,824,2012-04-04 08:00:00,60.04398148148149,56.55930742339152,67.85069444444444,3.484674058089965,7.806712962962955
traffic,arima,20,824,2012-04-04 08:00:00,59.77893518518518,56.52875982062415,67.85069444444444,3.2501753645610307,8.07175925925926
traffic,arima,21,824,2012-04-04 08:00:00,61.42509920634921,56.50443185536846,67.85069444444444,4.92066735098075,6.425595238095234
traffic,arima,22,824,2012-04-04 08:00:00,64.93832671957672,56.48505717978461,67.85069444444444,8.45326953979211,2.912367724867721
traffic,arima,23,824,2012-04-04 08:00:00,66.72585978835978,56.469627280488304,67.85069444444444,10.25623250787148,1.1248346560846585
traffic,arima,24,824,2012-04-04 08:00:00,67.47222222222221,56.4573389822268,67.85069444444444,11.014883239995413,0.37847222222222854
traffic,arima,25,824,2012-04-04 08:00:00,66.66931216931216,56.447552640056706,67.85069444444444,10.221759529255458,1.181382275132279
traffic,arima,26,824,2012-04-04 08:00:00,66.00281084656085,56.43975884379363,67.85069444444444,9.563052002767215,1.8478835978835946
traffic,arima,27,824,2012-04-04 08:00:00,64.74768518518518,56.433551901594534,67.85069444444444,8.314133283590643,3.1030092592592666
traffic,arima,28,824,2012-04-04 08:00:00,21.4702380952381,56.42860872240913,67.85069444444444,34.958370627171035,46.38045634920634
traffic,arima,29,824,2012-04-04 08:00:00,21.850694444444443,56.4246719980648,67.85069444444444,34.57397755362036,46.0
traffic,arima,30,824,2012-04-04 08:00:00,65.64120370370371,56.42153680955919,67.85069444444444,9.219666894144517,2.2094907407407334
traffic,arima,31,824,2012-04-04 08:00:00,38.33402777777778,56.41903996037547,67.85069444444444,18.085012182597694,29.516666666666666
traffic,arima,32,824,2012-04-04 08:00:00,0.0,56.4170514815854,67.85069444444444,56.4170514815854,67.85069444444444
traffic,arima,33,824,2012-04-04 08:00:00,0.0,56.415467866553975,67.85069444444444,56.415467866553975,67.85069444444444
traffic,arima,34,824,2012-04-04 08:00:00,0.0,56.41420668309037,67.85069444444444,56.41420668309037,67.85069444444444
traffic,arima,35,824,2012-04-04 08:00:00,0.0,56.413202282590696,67.85069444444444,56.413202282590696,67.85069444444444
traffic,arima,36,824,2012-04-04 08:00:00,0.0,56.412402382819664,67.85069444444444,56.412402382819664,67.85069444444444
traffic,arima,37,824,2012-04-04 08:00:00,0.0,56.4117653464543,67.85069444444444,56.4117653464543,67.85069444444444
traffic,arima,38,824,2012-04-04 08:00:00,0.0,56.411258013729004,67.85069444444444,56.411258013729004,67.85069444444444
traffic,arima,39,824,2012-04-04 08:00:00,0.0,56.4108539763645,67.85069444444444,56.4108539763645,67.85069444444444
traffic,arima,40,824,2012-04-04 08:00:00,0.0,56.41053220293303,67.85069444444444,56.41053220293303,67.85069444444444
traffic,arima,41,824,2012-04-04 08:00:00,0.0,56.410275944105756,67.85069444444444,56.410275944105756,67.85069444444444
traffic,arima,42,824,2012-04-04 08:00:00,0.0,56.41007186079704,67.85069444444444,56.41007186079704,67.85069444444444
traffic,arima,43,824,2012-04-04 08:00:00,0.0,56.409909329822625,67.85069444444444,56.409909329822625,67.85069444444444
traffic,arima,44,824,2012-04-04 08:00:00,0.0,56.40977989092921,67.85069444444444,56.40977989092921,67.85069444444444
traffic,arima,45,824,2012-04-04 08:00:00,0.0,56.4096768064114,67.85069444444444,56.4096768064114,67.85069444444444
traffic,arima,46,824,2012-04-04 08:00:00,0.0,56.40959471039271,67.85069444444444,56.40959471039271,67.85069444444444
traffic,arima,47,824,2012-04-04 08:00:00,0.0,56.40952932951468,67.85069444444444,56.40952932951468,67.85069444444444
traffic,arima,48,824,2012-04-04 08:00:00,0.0,56.40947726049503,67.85069444444444,56.40947726049503,67.85069444444444
traffic,arima,49,824,2012-04-04 08:00:00,0.0,56.40943579297594,67.85069444444444,56.40943579297594,67.85069444444444
traffic,arima,50,824,2012-04-04 08:00:00,22.253009259259255,56.40940276844137,67.85069444444444,34.15639350918211,45.597685185185185
traffic,arima,51,824,2012-04-04 08:00:00,65.21957671957672,56.409376467859424,67.85069444444444,8.810200251717298,2.631117724867721
traffic,arima,52,824,2012-04-04 08:00:00,66.10185185185185,56.40935552220131,67.85069444444444,9.692496329650538,1.7488425925925952
traffic,arima,53,824,2012-04-04 08:00:00,22.42361111111111,56.409338841179014,67.85069444444444,33.98572773006791,45.42708333333333
traffic,arima,54,824,2012-04-04 08:00:00,38.86011904761904,56.40932555649236,67.85069444444444,17.549206508873326,28.990575396825406
traffic,arima,55,824,2012-04-04 08:00:00,55.07275132275132,56.40931497663122,67.85069444444444,1.3365636538798995,12.77794312169312
traffic,arima,56,824,2012-04-04 08:00:00,64.97916666666667,56.40930655088024,67.85069444444444,8.569860115786433,2.8715277777777715
traffic,arima,57,824,2012-04-04 08:00:00,64.8425925925926,56.40929984065231,67.85069444444444,8.433292751940286,3.0081018518518476
traffic,arima,58,824,2012-04-04 08:00:00,64.61342592592592,56.40929449665877,67.85069444444444,8.204131429267157,3.237268518518519
traffic,arima,59,824,2012-04-04 08:00:00,28.110019841269843,56.40929024072778,67.85069444444444,28.299270399457935,39.7406746031746
traffic,arima,60,824,2012-04-04 08:00:00,22.800925925925924,56.40928685132462,67.85069444444444,33.6083609253987,45.04976851851852
traffic,arima,61,824,2012-04-04 08:00:00,65.55439814814815,56.409284152020106,67.85069444444444,9.145113996128046,2.2962962962962905
traffic,arima,62,824,2012-04-04 08:00:00,66.02893518518518,56.40928200230685,67.85069444444444,9.619653182878324,1.8217592592592666
traffic,arima,63,824,2012-04-04 08:00:00,49.33101851851851,56.40928029028546,67.85069444444444,7.078261771766947,18.51967592592593
traffic,arima,64,824,2012-04-04 08:00:00,5.652777777777778,56.40927892683978,67.85069444444444,50.756501149062004,62.197916666666664
traffic,arima,65,824,2012-04-04 08:00:00,42.56464947089947,56.40927784099815,67.85069444444444,13.844628370098683,25.286044973544975
traffic,arima,66,824,2012-04-04 08:00:00,64.23032407407408,56.40927697623904,67.85069444444444,7.821047097835034,3.6203703703703667
traffic,arima,67,824,2012-04-04 08:00:00,64.10416666666667,56.40927628754901,67.85069444444444,7.694890379117659,3.7465277777777715
traffic,arima,68,824,2012-04-04 08:00:00,62.9212962962963,56.409275739079554,67.85069444444444,6.5120205572167436,4.929398148148145
traffic,arima,69,824,2012-04-04 08:00:00,60.24851190476191,56.409275302281095,67.85069444444444,3.839236602480817,7.602182539682531
traffic,arima,70,824,2012-04-04 08:00:00,61.90625,56.40927495441688,67.85069444444444,5.49697504558312,5.944444444444443
traffic,arima,71,824,2012-04-04 08:00:00,65.46527777777779,56.40927467737948,67.85069444444444,9.056003100398307,2.385416666666657
traffic,arima,72,824,2012-04-04 08:00:00,66.82986111111111,56.40927445674821,67.85069444444444,10.420586654362907,1.0208333333333286
traffic,arima,1,848,2012-04-05 08:00:00,66.66931216931216,65.25669828375051,67.47222222222221,1.4126138855616546,0.8029100529100504
traffic,arima,2,848,2012-04-05 08:00:00,66.00281084656085,63.52618518579526,67.47222222222221,2.4766256607655848,1.469411375661366
traffic,arima,3,848,2012-04-05 08:00:00,64.74768518518518,62.13794700112875,67.47222222222221,2.6097381840564253,2.724537037037038
traffic,arima,4,848,2012-04-05 08:00:00,21.4702380952381,61.02489730845276,67.47222222222221,39.55465921321466,46.00198412698411
traffic,arima,5,848,2012-04-05 08:00:00,21.850694444444443,60.13247592405585,67.47222222222221,38.28178147961141,45.62152777777777
traffic,arima,6,848,2012-04-05 08:00:00,65.64120370370371,59.41695014657488,67.47222222222221,6.224253557128833,1.8310185185185048
traffic,arima,7,848,2012-04-05 08:00:00,38.33402777777778,58.84325575785832,67.47222222222221,20.509227980080546,29.138194444444437
traffic,arima,8,848,2012-04-05 08:00:00,0.0,58.38327896600502,67.47222222222221,58.38327896600502,67.47222222222221
traffic,arima,9,848,2012-04-05 08:00:00,0.0,58.01447868975099,67.47222222222221,58.01447868975099,67.47222222222221
traffic,arima,10,848,2012-04-05 08:00:00,0.0,57.718781936840834,67.47222222222221,57.718781936840834,67.47222222222221
traffic,arima,11,848,2012-04-05 08:00:00,0.0,57.48169814024037,67.47222222222221,57.48169814024037,67.47222222222221
traffic,arima,12,848,2012-04-05 08:00:00,0.0,57.291609050464096,67.47222222222221,57.291609050464096,67.47222222222221
traffic,arima,13,848,2012-04-05 08:00:00,0.0,57.13919938531577,67.47222222222221,57.13919938531577,67.47222222222221
traffic,arima,14,848,2012-04-05 08:00:00,0.0,57.01700033613327,67.47222222222221,57.01700033613327,67.47222222222221
traffic,arima,15,848,2012-04-05 08:00:00,0.0,56.91902356014224,67.47222222222221,56.91902356014224,67.47222222222221
traffic,arima,16,848,2012-04-05 08:00:00,0.0,56.8404677227784,67.47222222222221,56.8404677227784,67.47222222222221
traffic,arima,17,848,2012-04-05 08:00:00,0.0,56.777483209137124,67.47222222222221,56.777483209137124,67.47222222222221
traffic,arima,18,848,2012-04-05 08:00:00,0.0,56.726983474276516,67.47222222222221,56.726983474276516,67.47222222222221
traffic,arima,19,848,2012-04-05 08:00:00,0.0,56.686493787628834,67.47222222222221,56.686493787628834,67.47222222222221
traffic,arima,20,848,2012-04-05 08:00:00,0.0,56.6540299592671,67.47222222222221,56.6540299592671,67.47222222222221
traffic,arima,21,848,2012-04-05 08:00:00,0.0,56.62800110502897,67.47222222222221,56.62800110502897,67.47222222222221
traffic,arima,22,848,2012-04-05 08:00:00,0.0,56.60713168551996,67.47222222222221,56.60713168551996,67.47222222222221
traffic,arima,23,848,2012-04-05 08:00:00,0.0,56.59039899853118,67.47222222222221,56.59039899853118,67.47222222222221
traffic,arima,24,848,2012-04-05 08:00:00,0.0,56.57698306169865,67.47222222222221,56.57698306169865,67.47222222222221
traffic,arima,25,848,2012-04-05 08:00:00,0.0,56.56622642941268,67.47222222222221,56.56622642941268,67.47222222222221
traffic,arima,26,848,2012-04-05 08:00:00,22.253009259259255,56.55760197481217,67.47222222222221,34.304592715552914,45.219212962962956
traffic,arima,27,848,2012-04-05 08:00:00,65.21957671957672,56.55068705802606,67.47222222222221,8.668889661550665,2.2526455026454926
traffic,arima,28,848,2012-04-05 08:00:00,66.10185185185185,56.54514281478127,67.47222222222221,9.556709037070576,1.3703703703703667
traffic,arima,29,848,2012-04-05 08:00:00,22.42361111111111,56.540697550419004,67.47222222222221,34.1170864393079,45.0486111111111
traffic,arima,30,848,2012-04-05 08:00:00,38.86011904761904,56.537133425546045,67.47222222222221,17.67701437792701,28.612103174603178
traffic,arima,31,848,2012-04-05 08:00:00,55.07275132275132,56.534275780853896,67.47222222222221,1.4615244581025735,12.399470899470892
traffic,arima,32,848,2012-04-05 08:00:00,64.97916666666667,56.53198457797026,67.47222222222221,8.447182088696408,2.493055555555543
traffic,arima,33,848,2012-04-05 08:00:00,64.8425925925926,56.53014753690339,67.47222222222221,8.312445055689203,2.629629629629619
traffic,arima,34,848,2012-04-05 08:00:00,64.61342592592592,56.528674633781,67.47222222222221,8.084751292144922,2.8587962962962905
traffic,arima,35,848,2012-04-05 08:00:00,28.110019841269843,56.527493689246285,67.47222222222221,28.417473847976442,39.36220238095237
traffic,arima,36,848,2012-04-05 08:00:00,22.800925925925924,56.526546831321376,67.47222222222221,33.72562090539545,44.67129629629629
traffic,arima,37,848,2012-04-05 08:00:00,65.55439814814815,56.52578765940125,67.47222222222221,9.0286104887469,1.917824074074062
traffic,arima,38,848,2012-04-05 08:00:00,66.02893518518518,56.52517897040037,67.47222222222221,9.503756214784808,1.443287037037038
traffic,arima,39,848,2012-04-05 08:00:00,49.33101851851851,56.52469093562197,67.47222222222221,7.193672417103457,18.141203703703702
traffic,arima,40,848,2012-04-05 08:00:00,5.652777777777778,56.524299639008134,67.47222222222221,50.871521861230356,61.819444444444436
traffic,arima,41,848,2012-04-05 08:00:00,42.56464947089947,56.523985905137565,67.47222222222221,13.959336434238097,24.907572751322746
traffic,arima,42,848,2012-04-05 08:00:00,64.23032407407408,56.52373435953747,67.47222222222221,7.706589714536605,3.241898148148138
traffic,arima,43,848,2012-04-05 08:00:00,64.10416666666667,56.52353267526025,67.47222222222221,7.5806339914064225,3.368055555555543
traffic,arima,44,848,2012-04-05 08:00:00,62.9212962962963,56.52337096880359,67.47222222222221,6.3979253274927075,4.550925925925917
traffic,arima,45,848,2012-04-05 08:00:00,60.24851190476191,56.52324131577121,67.47222222222221,3.7252705889907034,7.223710317460302
traffic,arima,46,848,2012-04-05 08:00:00,61.90625,56.52313736253921,67.47222222222221,5.3831126374607905,5.565972222222214
traffic,arima,47,848,2012-04-05 08:00:00,65.46527777777779,56.52305401489785,67.47222222222221,8.942223762879934,2.0069444444444287
traffic,arima,48,848,2012-04-05 08:00:00,66.82986111111111,56.52298718841073,67.47222222222221,10.306873922700383,0.6423611111111001
traffic,arima,49,848,2012-04-05 08:00:00,66.75248015873017,56.52293360825767,67.47222222222221,10.229546550472499,0.7197420634920491
traffic,arima,50,848,2012-04-05 08:00:00,55.965740740740735,56.52289064875276,67.47222222222221,0.5571499080120219,11.50648148148148
traffic,arima,51,848,2012-04-05 08:00:00,67.68931878306879,56.522856204673054,67.47222222222221,11.16646257839573,0.2170965608465707
traffic,arima,52,848,2012-04-05 08:00:00,50.58267195767196,56.52282858809253,67.47222222222221,5.940156630420567,16.88955026455025
traffic,arima,53,848,2012-04-05 08:00:00,60.973379629629626,56.52280644566555,67.47222222222221,4.4505731839640745,6.498842592592588
traffic,arima,54,848,2012-04-05 08:00:00,66.41550925925925,56.5227886923064,67.47222222222221,9.892720566952853,1.056712962962962
traffic,arima,55,848,2012-04-05 08:00:00,66.22685185185185,56.52277445801486,67.47222222222221,9.70407739383699,1.2453703703703667
traffic,arima,56,848,2012-04-05 08:00:00,67.56018518518518,56.52276304524198,67.47222222222221,11.037422139943196,0.08796296296296191
traffic,arima,57,848,2012-04-05 08:00:00,67.35416666666667,56.52275389470686,67.47222222222221,10.831412771959812,0.11805555555554292
traffic,arima,58,848,2012-04-05 08:00:00,67.67592592592592,56.52274655798913,67.47222222222221,11.153179367936794,0.2037037037037095
traffic,arima,59,848,2012-04-05 08:00:00,67.15128968253968,56.52274067555425,67.47222222222221,10.62854900698543,0.32093253968253066
traffic,arima,60,848,2012-04-05 08:00:00,11.277777777777777,56.52273595913454,67.47222222222221,45.244958181356765,56.194444444444436
traffic,arima,61,848,2012-04-05 08:00:00,10.913194444444445,56.522732177602684,67.47222222222221,45.60953773315824,56.55902777777777
traffic,arima,62,848,2012-04-05 08:00:00,49.41693121693121,56.52272914564538,67.47222222222221,7.105797928714168,18.055291005291004
traffic,arima,63,848,2012-04-05 08:00:00,66.19560185185185,56.5227267146821,67.47222222222221,9.672875137169747,1.2766203703703667
traffic,arima,64,848,2012-04-05 08:00:00,67.04976851851852,56.52272476558392,67.47222222222221,10.527043752934603,0.4224537037036953
traffic,arima,65,848,2012-04-05 08:00:00,49.287996031746026,56.522723202835614,67.47222222222221,7.234727171089588,18.18422619047619
traffic,arima,66,848,2012-04-05 08:00:00,5.583333333333333,56.522721949855,67.47222222222221,50.93938861652166,61.88888888888888
traffic,arima,67,848,2012-04-05 08:00:00,0.0,56.52272094523997,67.47222222222221,56.52272094523997,67.47222222222221
traffic,arima,68,848,2012-04-05 08:00:00,0.0,56.52272013975955,67.47222222222221,56.52272013975955,67.47222222222221
traffic,arima,69,848,2012-04-05 08:00:00,11.666666666666666,56.52271949394131,67.47222222222221,44.856052827274645,55.80555555555555
traffic,arima,70,848,2012-04-05 08:00:00,0.0,56.52271897613704,67.47222222222221,56.52271897613704,67.47222222222221
traffic,arima,71,848,2012-04-05 08:00:00,0.0,56.522718560971846,67.47222222222221,56.522718560971846,67.47222222222221
traffic,arima,72,848,2012-04-05 08:00:00,0.0,56.522718228100615,67.47222222222221,56.522718228100615,67.47222222222221
traffic,arima,1,872,2012-04-06 08:00:00,0.0,9.340594978312332,0.0,9.340594978312332,0.0
traffic,arima,2,872,2012-04-06 08:00:00,22.253009259259255,16.966789610043428,0.0,5.286219649215827,22.253009259259255
traffic,arima,3,872,2012-04-06 08:00:00,65.21957671957672,23.306656939284945,0.0,41.91291978029177,65.21957671957672
traffic,arima,4,872,2012-04-06 08:00:00,66.10185185185185,28.575478226527462,0.0,37.52637362532438,66.10185185185185
traffic,arima,5,872,2012-04-06 08:00:00,22.42361111111111,32.95421873734966,0.0,10.530607626238552,22.42361111111111
traffic,arima,6,872,2012-04-06 08:00:00,38.86011904761904,36.593242632820505,0.0,2.2668764147985314,38.86011904761904
traffic,arima,7,872,2012-04-06 08:00:00,55.07275132275132,39.61751294573284,0.0,15.455238377018482,55.07275132275132
traffic,arima,8,872,2012-04-06 08:00:00,64.97916666666667,42.13088224145713,0.0,22.848284425209542,64.97916666666667
traffic,arima,9,872,2012-04-06 08:00:00,64.8425925925926,44.21965889271148,0.0,20.622933699881116,64.8425925925926
traffic,arima,10,872,2012-04-06 08:00:00,64.61342592592592,45.955570883936794,0.0,18.65785504198913,64.61342592592592
traffic,arima,11,872,2012-04-06 08:00:00,28.110019841269843,47.398228929482364,0.0,19.288209088212522,28.110019841269843
traffic,arima,12,872,2012-04-06 08:00:00,22.800925925925924,48.59717348824901,0.0,25.79624756232309,22.800925925925924
traffic,arima,13,872,2012-04-06 08:00:00,65.55439814814815,49.593575968680575,0.0,15.960822179467577,65.55439814814815
traffic,arima,14,872,2012-04-06 08:00:00,66.02893518518518,50.421652542989804,0.0,15.607282642195372,66.02893518518518
traffic,arima,15,872,2012-04-06 08:00:00,49.33101851851851,51.10983912058915,0.0,1.7788206020706383,49.33101851851851
traffic,arima,16,872,2012-04-06 08:00:00,5.652777777777778,51.68176782897337,0.0,46.02899005119559,5.652777777777778
traffic,arima,17,872,2012-04-06 08:00:00,42.56464947089947,52.15707853412414,0.0,9.592429063224671,42.56464947089947
traffic,arima,18,872,2012-04-06 08:00:00,64.23032407407408,52.552093267812154,0.0,11.678230806261922,64.23032407407408
traffic,arima,19,872,2012-04-06 08:00:00,64.10416666666667,52.8803767214346,0.0,11.22378994523207,64.10416666666667
traffic,arima,20,872,2012-04-06 08:00:00,62.9212962962963,53.15320205358385,0.0,9.76809424271245,62.9212962962963
traffic,arima,21,872,2012-04-06 08:00:00,60.24851190476191,53.37993800704421,0.0,6.868573897717702,60.24851190476191
traffic,arima,22,872,2012-04-06 08:00:00,61.90625,53.56837062870215,0.0,8.337879371297852,61.90625
traffic,arima,23,872,2012-04-06 08:00:00,65.46527777777779,53.724970640138324,0.0,11.740307137639462,65.46527777777779
traffic,arima,24,872,2012-04-06 08:00:00,66.82986111111111,53.8551156403301,0.0,12.974745470781016,66.82986111111111
traffic,arima,25,872,2012-04-06 08:00:00,66.75248015873017,53.9632747708409,0.0,12.789205387889268,66.75248015873017
traffic,arima,26,872,2012-04-06 08:00:00,55.965740740740735,54.05316218484538,0.0,1.912578555895358,55.965740740740735
traffic,arima,27,872,2012-04-06 08:00:00,67.68931878306879,54.127864590072335,0.0,13.56145419299645,67.68931878306879
traffic,arima,28,872,2012-04-06 08:00:00,50.58267195767196,54.18994724545293,0.0,3.607275287780965,50.58267195767196
traffic,arima,29,872,2012-04-06 08:00:00,60.973379629629626,54.24154205136842,0.0,6.7318375782612065,60.973379629629626
traffic,arima,30,872,2012-04-06 08:00:00,66.41550925925925,54.28442075849101,0.0,12.131088500768243,66.41550925925925
traffic,arima,31,872,2012-04-06 08:00:00,66.22685185185185,54.320055809188105,0.0,11.906796042663743,66.22685185185185
traffic,arima,32,872,2012-04-06 08:00:00,67.56018518518518,54.34967090076616,0.0,13.21051428441902,67.56018518518518
traffic,arima,33,872,2012-04-06 08:00:00,67.35416666666667,54.374283006881335,0.0,12.979883659785337,67.35416666666667
traffic,arima,34,872,2012-04-06 08:00:00,67.67592592592592,54.394737300119914,0.0,13.28118862580601,67.67592592592592
traffic,arima,35,872,2012-04-06 08:00:00,67.15128968253968,54.41173617497978,0.0,12.739553507559904,67.15128968253968
traffic,arima,36,872,2012-04-06 08:00:00,11.277777777777777,54.425863367893804,0.0,43.148085590116025,11.277777777777777
traffic,arima,37,872,2012-04-06 08:00:00,10.913194444444445,54.43760400256965,0.0,43.52440955812521,10.913194444444445
traffic,arima,38,872,2012-04-06 08:00:00,49.41693121693121,54.4473612489972,0.0,5.030430032065986,49.41693121693121
traffic,arima,39,872,2012-04-06 08:00:00,66.19560185185185,54.45547016818908,0.0,11.740131683662767,66.19560185185185
traffic,arima,40,872,2012-04-06 08:00:00,67.04976851851852,54.4622092180787,0.0,12.587559300439821,67.04976851851852
traffic,arima,41,872,2012-04-06 08:00:00,49.287996031746026,54.46780981568487,0.0,5.179813783938847,49.287996031746026
traffic,arima,42,872,2012-04-06 08:00:00,5.583333333333333,54.47246428390518,0.0,48.88913095057185,5.583333333333333
traffic,arima,43,872,2012-04-06 08:00:00,0.0,54.47633245582848,0.0,54.47633245582848,0.0
traffic,arima,44,872,2012-04-06 08:00:00,0.0,54.4795471633568,0.0,54.4795471633568,0.0
traffic,arima,45,872,2012-04-06 08:00:00,11.666666666666666,54.48221879861437,0.0,42.815552131947705,11.666666666666666
traffic,arima,46,872,2012-04-06 08:00:00,0.0,54.48443910478115,0.0,54.48443910478115,0.0
traffic,arima,47,872,2012-04-06 08:00:00,0.0,54.486284326527,0.0,54.486284326527,0.0
traffic,arima,48,872,2012-04-06 08:00:00,0.0,54.48781782823153,0.0,54.48781782823153,0.0
traffic,arima,49,872,2012-04-06 08:00:00,0.0,54.48909226989855,0.0,54.48909226989855,0.0
traffic,arima,50,872,2012-04-06 08:00:00,0.0,54.4901514154853,0.0,54.4901514154853,0.0
traffic,arima,51,872,2012-04-06 08:00:00,0.0,54.491031635744086,0.0,54.491031635744086,0.0
traffic,arima,52,872,2012-04-06 08:00:00,0.0,54.49176315718331,0.0,54.49176315718331,0.0
traffic,arima,53,872,2012-04-06 08:00:00,0.0,54.49237110003705,0.0,54.49237110003705,0.0
traffic,arima,54,872,2012-04-06 08:00:00,0.0,54.49287634088659,0.0,54.49287634088659,0.0
traffic,arima,55,872,2012-04-06 08:00:00,17.034722222222225,54.49329622955618,0.0,37.45857400733395,17.034722222222225
traffic,arima,56,872,2012-04-06 08:00:00,67.9074074074074,54.49364518490097,0.0,13.413762222506435,67.9074074074074
traffic,arima,57,872,2012-04-06 08:00:00,68.01967592592592,54.4939351899463,0.0,13.525740735979625,68.01967592592592
traffic,arima,58,872,2012-04-06 08:00:00,28.510416666666668,54.494176203381315,0.0,25.983759536714647,28.510416666666668
traffic,arima,59,872,2012-04-06 08:00:00,0.0,54.49437650153748,0.0,54.49437650153748,0.0
traffic,arima,60,872,2012-04-06 08:00:00,5.666666666666667,54.494542962595396,0.0,48.82787629592873,5.666666666666667
traffic,arima,61,872,2012-04-06 08:00:00,0.0,54.494681302779505,0.0,54.494681302779505,0.0
traffic,arima,62,872,2012-04-06 08:00:00,0.0,54.49479627265162,0.0,54.49479627265162,0.0
traffic,arima,63,872,2012-04-06 08:00:00,0.0,54.4948918202438,0.0,54.4948918202438,0.0
traffic,arima,64,872,2012-04-06 08:00:00,0.0,54.49497122663265,0.0,54.49497122663265,0.0
traffic,arima,65,872,2012-04-06 08:00:00,0.0,54.49503721861054,0.0,54.49503721861054,0.0
traffic,arima,66,872,2012-04-06 08:00:00,0.0,54.495092062322854,0.0,54.495092062322854,0.0
traffic,arima,67,872,2012-04-06 08:00:00,0.0,54.49513764108677,0.0,54.49513764108677,0.0
traffic,arima,68,872,2012-04-06 08:00:00,0.0,54.49517552006381,0.0,54.49517552006381,0.0
traffic,arima,69,872,2012-04-06 08:00:00,63.29563492063492,54.49520700000706,0.0,8.800427920627854,63.29563492063492
traffic,arima,70,872,2012-04-06 08:00:00,65.45370370370371,54.49523316192867,0.0,10.958470541775043,65.45370370370371
traffic,arima,71,872,2012-04-06 08:00:00,38.90277777777778,54.495254904221405,0.0,15.592477126443626,38.90277777777778
traffic,arima,72,872,2012-04-06 08:00:00,51.19179894179894,54.49527297350931,0.0,3.3034740317103655,51.19179894179894
traffic,arima,1,896,2012-04-07 08:00:00,66.75248015873017,64.53415267256453,66.82986111111111,2.2183274861656344,0.077380952380949
traffic,arima,2,896,2012-04-07 08:00:00,55.965740740740735,62.678686023283404,66.82986111111111,6.71294528254267,10.86412037037038
traffic,arima,3,896,2012-04-07 08:00:00,67.68931878306879,61.16926324750345,66.82986111111111,6.520055535565334,0.8594576719576708
traffic,arima,4,896,2012-04-07 08:00:00,50.58267195767196,59.94138206303739,66.82986111111111,9.358710105365425,16.24718915343915
traffic,arima,5,896,2012-04-07 08:00:00,60.973379629629626,58.942528452945716,66.82986111111111,2.0308511766839104,5.856481481481488
traffic,arima,6,896,2012-04-07 08:00:00,66.41550925925925,58.12998360212343,66.82986111111111,8.285525657135821,0.41435185185186185
traffic,arima,7,896,2012-04-07 08:00:00,66.22685185185185,57.468996718831534,66.82986111111111,8.757855133020314,0.6030092592592666
traffic,arima,8,896,2012-04-07 08:00:00,67.56018518518518,56.931298818904175,66.82986111111111,10.628886366281002,0.730324074074062
traffic,arima,9,896,2012-04-07 08:00:00,67.35416666666667,56.49389372223056,66.82986111111111,10.860272944436112,0.5243055555555571
traffic,arima,10,896,2012-04-07 08:00:00,67.67592592592592,56.13807455570246,66.82986111111111,11.537851370223464,0.8460648148148096
traffic,arima,11,896,2012-04-07 08:00:00,67.15128968253968,55.84862370057623,66.82986111111111,11.30266598196345,0.3214285714285694
traffic,arima,12,896,2012-04-07 08:00:00,11.277777777777777,55.61316196772243,66.82986111111111,44.33538418994465,55.552083333333336
traffic,arima,13,896,2012-04-07 08:00:00,10.913194444444445,55.421619166391466,66.82986111111111,44.50842472194702,55.91666666666667
traffic,arima,14,896,2012-04-07 08:00:00,49.41693121693121,55.265803423862764,66.82986111111111,5.848872206931553,17.412929894179904
traffic,arima,15,896,2012-04-07 08:00:00,66.19560185185185,55.13905083670696,66.82986111111111,11.05655101514489,0.6342592592592666
traffic,arima,16,896,2012-04-07 08:00:00,67.04976851851852,55.03594047000102,66.82986111111111,12.013828048517496,0.21990740740740478
traffic,arima,17,896,2012-04-07 08:00:00,49.287996031746026,54.9520625156271,66.82986111111111,5.664066483881072,17.54186507936509
traffic,arima,18,896,2012-04-07 08:00:00,5.583333333333333,54.883829694285104,66.82986111111111,49.30049636095177,61.24652777777778
traffic,arima,19,896,2012-04-07 08:00:00,0.0,54.82832383528985,66.82986111111111,54.82832383528985,66.82986111111111
traffic,arima,20,896,2012-04-07 08:00:00,0.0,54.78317107270132,66.82986111111111,54.78317107270132,66.82986111111111
traffic,arima,21,896,2012-04-07 08:00:00,11.666666666666666,54.74644032019553,66.82986111111111,43.07977365352887,55.16319444444445
traffic,arima,22,896,2012-04-07 08:00:00,0.0,54.71656068266512,66.82986111111111,54.71656068266512,66.82986111111111
traffic,arima,23,896,2012-04-07 08:00:00,0.0,54.692254272421884,66.82986111111111,54.692254272421884,66.82986111111111
traffic,arima,24,896,2012-04-07 08:00:00,0.0,54.672481556694954,66.82986111111111,54.672481556694954,66.82986111111111
traffic,arima,25,896,2012-04-07 08:00:00,0.0,54.656396899055025,66.82986111111111,54.656396899055025,66.82986111111111
traffic,arima,26,896,2012-04-07 08:00:00,0.0,54.64331239336716,66.82986111111111,54.64331239336716,66.82986111111111
traffic,arima,27,896,2012-04-07 08:00:00,0.0,54.632668443528225,66.82986111111111,54.632668443528225,66.82986111111111
traffic,arima,28,896,2012-04-07 08:00:00,0.0,54.62400983074785,66.82986111111111,54.62400983074785,66.82986111111111
traffic,arima,29,896,2012-04-07 08:00:00,0.0,54.61696624482206,66.82986111111111,54.61696624482206,66.82986111111111
traffic,arima,30,896,2012-04-07 08:00:00,0.0,54.611236446764046,66.82986111111111,54.611236446764046,66.82986111111111
traffic,arima,31,896,2012-04-07 08:00:00,17.034722222222225,54.60657538546211,66.82986111111111,37.57185316323988,49.795138888888886
traffic,arima,32,896,2012-04-07 08:00:00,67.9074074074074,54.60278371737181,66.82986111111111,13.304623690035598,1.0775462962962905
traffic,arima,33,896,2012-04-07 08:00:00,68.01967592592592,54.599699281022296,66.82986111111111,13.419976644903628,1.1898148148148096
traffic,arima,34,896,2012-04-07 08:00:00,28.510416666666668,54.59719016171976,66.82986111111111,26.08677349505309,38.31944444444444
traffic,arima,35,896,2012-04-07 08:00:00,0.0,54.595149049840316,66.82986111111111,54.595149049840316,66.82986111111111
traffic,arima,36,896,2012-04-07 08:00:00,5.666666666666667,54.593488651428736,66.82986111111111,48.92682198476207,61.16319444444445
traffic,arima,37,896,2012-04-07 08:00:00,0.0,54.59213795482414,66.82986111111111,54.59213795482414,66.82986111111111
traffic,arima,38,896,2012-04-07 08:00:00,0.0,54.59103919364431,66.82986111111111,54.59103919364431,66.82986111111111
traffic,arima,39,896,2012-04-07 08:00:00,0.0,54.59014537624211,66.82986111111111,54.59014537624211,66.82986111111111
traffic,arima,40,896,2012-04-07 08:00:00,0.0,54.58941827597397,66.82986111111111,54.58941827597397,66.82986111111111
traffic,arima,41,896,2012-04-07 08:00:00,0.0,54.58882679632876,66.82986111111111,54.58882679632876,66.82986111111111
traffic,arima,42,896,2012-04-07 08:00:00,0.0,54.588345640997055,66.82986111111111,54.588345640997055,66.82986111111111
traffic,arima,43,896,2012-04-07 08:00:00,0.0,54.58795423200252,66.82986111111111,54.58795423200252,66.82986111111111
traffic,arima,44,896,2012-04-07 08:00:00,0.0,54.587635829626166,66.82986111111111,54.587635829626166,66.82986111111111
traffic,arima,45,896,2012-04-07 08:00:00,63.29563492063492,54.58737681648472,66.82986111111111,8.708258104150197,3.534226190476197
traffic,arima,46,896,2012-04-07 08:00:00,65.45370370370371,54.587166115144456,66.82986111111111,10.866537588559254,1.3761574074074048
traffic,arima,47,896,2012-04-07 08:00:00,38.90277777777778,54.58699471436323,66.82986111111111,15.68421693658545,27.927083333333336
traffic,arima,48,896,2012-04-07 08:00:00,51.19179894179894,54.586855283699116,66.82986111111111,3.3950563419001725,15.638062169312171
traffic,arima,49,896,2012-04-07 08:00:00,22.4037037037037,54.58674186000316,66.82986111111111,32.18303815629946,44.426157407407416
traffic,arima,50,896,2012-04-07 08:00:00,52.482969576719576,54.58664959238839,66.82986111111111,2.1036800156688145,14.346891534391538
traffic,arima,51,896,2012-04-07 08:00:00,65.7390873015873,54.58657453476781,66.82986111111111,11.152512766819491,1.0907738095238102
traffic,arima,52,896,2012-04-07 08:00:00,65.83680555555556,54.586513477088786,66.82986111111111,11.25029207846677,0.9930555555555571
traffic,arima,53,896,2012-04-07 08:00:00,53.27529761904762,54.586463808046005,66.82986111111111,1.311166188998385,13.554563492063494
traffic,arima,54,896,2012-04-07 08:00:00,0.0,54.58642340340157,66.82986111111111,54.58642340340157,66.82986111111111
traffic,arima,55,896,2012-04-07 08:00:00,0.0,54.58639053513593,66.82986111111111,54.58639053513593,66.82986111111111
traffic,arima,56,896,2012-04-07 08:00:00,0.0,54.58636379754423,66.82986111111111,54.58636379754423,66.82986111111111
traffic,arima,57,896,2012-04-07 08:00:00,0.0,54.5863420471173,66.82986111111111,54.5863420471173,66.82986111111111
traffic,arima,58,896,2012-04-07 08:00:00,0.0,54.586324353636265,66.82986111111111,54.586324353636265,66.82986111111111
traffic,arima,59,896,2012-04-07 08:00:00,11.385416666666666,54.58630996038909,66.82986111111111,43.20089329372242,55.44444444444445
traffic,arima,60,896,2012-04-07 08:00:00,67.24255952380952,54.586298251807605,66.82986111111111,12.656261272001913,0.4126984126984041
traffic,arima,61,896,2012-04-07 08:00:00,59.979332010582006,54.58628872714103,66.82986111111111,5.393043283440974,6.8505291005291085
traffic,arima,62,896,2012-04-07 08:00:00,65.76107804232804,54.586280979039906,66.82986111111111,11.174797063288132,1.0687830687830768
traffic,arima,63,896,2012-04-07 08:00:00,65.75512566137566,54.58627467613464,66.82986111111111,11.168850985241015,1.0747354497354564
traffic,arima,64,896,2012-04-07 08:00:00,63.58101851851851,54.58626954886358,66.82986111111111,8.994748969654935,3.2488425925926023
traffic,arima,65,896,2012-04-07 08:00:00,63.85416666666666,54.58626537794437,66.82986111111111,9.267901288722285,2.975694444444457
traffic,arima,66,896,2012-04-07 08:00:00,62.29034391534392,54.58626198499581,66.82986111111111,7.70408193034811,4.539517195767196
traffic,arima,67,896,2012-04-07 08:00:00,59.59259259259259,54.58625922490879,66.82986111111111,5.006333367683801,7.237268518518526
traffic,arima,68,896,2012-04-07 08:00:00,60.42542989417989,54.58625697964033,66.82986111111111,5.83917291453956,6.404431216931222
traffic,arima,69,896,2012-04-07 08:00:00,60.55638227513227,54.58625515316516,66.82986111111111,5.97012712196711,6.2734788359788425
traffic,arima,70,896,2012-04-07 08:00:00,64.83449074074075,54.586253667368865,66.82986111111111,10.248237073371882,1.9953703703703667
traffic,arima,71,896,2012-04-07 08:00:00,66.46643518518518,54.586252458707136,66.82986111111111,11.88018272647804,0.36342592592593803
traffic,arima,72,896,2012-04-07 08:00:00,68.01041666666667,54.586251475488126,66.82986111111111,13.424165191178545,1.1805555555555571
traffic,arima,1,920,2012-04-08 08:00:00,0.0,10.745105035832175,0.0,10.745105035832175,0.0
traffic,arima,2,920,2012-04-08 08:00:00,0.0,19.482642515802425,0.0,19.482642515802425,0.0
traffic,arima,3,920,2012-04-08 08:00:00,0.0,26.479519202805278,0.0,26.479519202805278,0.0
traffic,arima,4,920,2012-04-08 08:00:00,0.0,32.08116394069532,0.0,32.08116394069532,0.0
traffic,arima,5,920,2012-04-08 08:00:00,0.0,36.565780056711375,0.0,36.565780056711375,0.0
traffic,arima,6,920,2012-04-08 08:00:00,0.0,40.1561149427936,0.0,40.1561149427936,0.0
traffic,arima,7,920,2012-04-08 08:00:00,17.034722222222225,43.0304980000727,0.0,25.995775777850472,17.034722222222225
traffic,arima,8,920,2012-04-08 08:00:00,67.9074074074074,45.331697810675465,0.0,22.57570959673194,67.9074074074074
traffic,arima,9,920,2012-04-08 08:00:00,68.01967592592592,47.17401334858075,0.0,20.845662577345173,68.01967592592592
traffic,arima,10,920,2012-04-08 08:00:00,28.510416666666668,48.64895112911107,0.0,20.1385344624444,28.510416666666668
traffic,arima,11,920,2012-04-08 08:00:00,0.0,49.82977027310481,0.0,49.82977027310481,0.0
traffic,arima,12,920,2012-04-08 08:00:00,5.666666666666667,50.77512123585579,0.0,45.10845456918913,5.666666666666667
traffic,arima,13,920,2012-04-08 08:00:00,0.0,51.53195893392324,0.0,51.53195893392324,0.0
traffic,arima,14,920,2012-04-08 08:00:00,0.0,52.13787496276947,0.0,52.13787496276947,0.0
traffic,arima,15,920,2012-04-08 08:00:00,0.0,52.62296474483272,0.0,52.62296474483272,0.0
traffic,arima,16,920,2012-04-08 08:00:00,0.0,53.01132234796502,0.0,53.01132234796502,0.0
traffic,arima,17,920,2012-04-08 08:00:00,0.0,53.32223722081428,0.0,53.32223722081428,0.0
traffic,arima,18,920,2012-04-08 08:00:00,0.0,53.57115228615404,0.0,53.57115228615404,0.0
traffic,arima,19,920,2012-04-08 08:00:00,0.0,53.77043097998204,0.0,53.77043097998204,0.0
traffic,arima,20,920,2012-04-08 08:00:00,0.0,53.92997133467928,0.0,53.92997133467928,0.0
traffic,arima,21,920,2012-04-08 08:00:00,63.29563492063492,54.05769760730775,0.0,9.237937313327166,63.29563492063492
traffic,arima,22,920,2012-04-08 08:00:00,65.45370370370371,54.15995387187807,0.0,11.293749831825636,65.45370370370371
traffic,arima,23,920,2012-04-08 08:00:00,38.90277777777778,54.24181912503777,0.0,15.339041347259993,38.90277777777778
traffic,arima,24,920,2012-04-08 08:00:00,51.19179894179894,54.307359556257936,0.0,3.1155606144589925,51.19179894179894
traffic,arima,25,920,2012-04-08 08:00:00,22.4037037037037,54.35983051260062,0.0,31.956126808896915,22.4037037037037
traffic,arima,26,920,2012-04-08 08:00:00,52.482969576719576,54.40183818951484,0.0,1.918868612795265,52.482969576719576
traffic,arima,27,920,2012-04-08 08:00:00,65.7390873015873,54.435469078729156,0.0,11.303618222858148,65.7390873015873
traffic,arima,28,920,2012-04-08 08:00:00,65.83680555555556,54.462393602826374,0.0,11.374411952729183,65.83680555555556
traffic,arima,29,920,2012-04-08 08:00:00,53.27529761904762,54.4839490839569,0.0,1.2086514649092805,53.27529761904762
traffic,arima,30,920,2012-04-08 08:00:00,0.0,54.5012061676881,0.0,54.5012061676881,0.0
traffic,arima,31,920,2012-04-08 08:00:00,0.0,54.515022001215655,0.0,54.515022001215655,0.0
traffic,arima,32,920,2012-04-08 08:00:00,0.0,54.52608280726111,0.0,54.52608280726111,0.0
traffic,arima,33,920,2012-04-08 08:00:00,0.0,54.53493796827121,0.0,54.53493796827121,0.0
traffic,arima,34,920,2012-04-08 08:00:00,0.0,54.54202731385711,0.0,54.54202731385711,0.0
traffic,arima,35,920,2012-04-08 08:00:00,11.385416666666666,54.547702966821404,0.0,43.16228630015474,11.385416666666666
traffic,arima,36,920,2012-04-08 08:00:00,67.24255952380952,54.55224683284977,0.0,12.69031269095975,67.24255952380952
traffic,arima,37,920,2012-04-08 08:00:00,59.979332010582006,54.55588460256782,0.0,5.423447408014184,59.979332010582006
traffic,arima,38,920,2012-04-08 08:00:00,65.76107804232804,54.55879696143559,0.0,11.202281080892448,65.76107804232804
traffic,arima,39,920,2012-04-08 08:00:00,65.75512566137566,54.561128564266994,0.0,11.193997097108664,65.75512566137566
traffic,arima,40,920,2012-04-08 08:00:00,63.58101851851851,54.562995220132656,0.0,9.018023298385856,63.58101851851851
traffic,arima,41,920,2012-04-08 08:00:00,63.85416666666666,54.564489644514836,0.0,9.289677022151821,63.85416666666666
traffic,arima,42,920,2012-04-08 08:00:00,62.29034391534392,54.565686064420156,0.0,7.724657850923762,62.29034391534392
traffic,arima,43,920,2012-04-08 08:00:00,59.59259259259259,54.56664390518273,0.0,5.0259486874098585,59.59259259259259
traffic,arima,44,920,2012-04-08 08:00:00,60.42542989417989,54.56741074207868,0.0,5.858019152101214,60.42542989417989
traffic,arima,45,920,2012-04-08 08:00:00,60.55638227513227,54.56802466335659,0.0,5.988357611775683,60.55638227513227
traffic,arima,46,920,2012-04-08 08:00:00,64.83449074074075,54.56851616205398,0.0,10.265974578686766,64.83449074074075
traffic,arima,47,920,2012-04-08 08:00:00,66.46643518518518,54.56890965056501,0.0,11.897525534620165,66.46643518518518
traffic,arima,48,920,2012-04-08 08:00:00,68.01041666666667,54.569224673186916,0.0,13.441191993479755,68.01041666666667
traffic,arima,49,920,2012-04-08 08:00:00,67.20833333333333,54.56947687687147,0.0,12.638856456461859,67.20833333333333
traffic,arima,50,920,2012-04-08 08:00:00,65.49421296296296,54.56967878839807,0.0,10.92453417456489,65.49421296296296
traffic,arima,51,920,2012-04-08 08:00:00,64.10532407407408,54.56984043657005,0.0,9.53548363750403,64.10532407407408
traffic,arima,52,920,2012-04-08 08:00:00,64.40955687830687,54.56996985033826,0.0,9.839587027968612,64.40955687830687
traffic,arima,53,920,2012-04-08 08:00:00,66.07870370370371,54.570073457593445,0.0,11.508630246110265,66.07870370370371
traffic,arima,54,920,2012-04-08 08:00:00,65.48048941798942,54.57015640443499,0.0,10.910333013554428,65.48048941798942
traffic,arima,55,920,2012-04-08 08:00:00,64.17013888888889,54.57022281077411,0.0,9.599916078114774,64.17013888888889
traffic,arima,56,920,2012-04-08 08:00:00,65.9619708994709,54.5702759749669,0.0,11.391694924504002,65.9619708994709
traffic,arima,57,920,2012-04-08 08:00:00,61.64236111111112,54.57031853764137,0.0,7.072042573469751,61.64236111111112
traffic,arima,58,920,2012-04-08 08:00:00,20.560185185185187,54.570352612855594,0.0,34.01016742767041,20.560185185185187
traffic,arima,59,920,2012-04-08 08:00:00,18.560185185185187,54.57037989310146,0.0,36.01019470791627,18.560185185185187
traffic,arima,60,920,2012-04-08 08:00:00,52.35648148148149,54.57040173336957,0.0,2.2139202518880836,52.35648148148149
traffic,arima,61,920,2012-04-08 08:00:00,66.11574074074075,54.57041921845066,0.0,11.545321522290088,66.11574074074075
traffic,arima,62,920,2012-04-08 08:00:00,65.78587962962963,54.57043321681639,0.0,11.215446412813243,65.78587962962963
traffic,arima,63,920,2012-04-08 08:00:00,65.75347222222221,54.57044442375573,0.0,11.183027798466483,65.75347222222221
traffic,arima,64,920,2012-04-08 08:00:00,62.65277777777778,54.57045339590947,0.0,8.082324381868311,62.65277777777778
traffic,arima,65,920,2012-04-08 08:00:00,60.06018518518518,54.570460578918166,0.0,5.489724606267018,60.06018518518518
traffic,arima,66,920,2012-04-08 08:00:00,60.480158730158735,54.570466329556794,0.0,5.909692400601941,60.480158730158735
traffic,arima,67,920,2012-04-08 08:00:00,57.32523148148149,54.570470933455525,0.0,2.7547605480259634,57.32523148148149
traffic,arima,68,920,2012-04-08 08:00:00,54.164021164021165,54.57047461928678,0.0,0.4064534552656127,54.164021164021165
traffic,arima,69,920,2012-04-08 08:00:00,58.01223544973545,54.57047757012318,0.0,3.4417578796122683,58.01223544973545
traffic,arima,70,920,2012-04-08 08:00:00,61.29513888888889,54.570479932530716,0.0,6.7246589563581765,61.29513888888889
traffic,arima,71,920,2012-04-08 08:00:00,63.12615740740741,54.57048182384849,0.0,8.555675583558923,63.12615740740741
traffic,arima,72,920,2012-04-08 08:00:00,64.07738095238095,54.57048333801693,0.0,9.506897614364021,64.07738095238095
traffic,arima,1,944,2012-04-09 08:00:00,22.4037037037037,51.87512230916434,51.19179894179894,29.471418605460638,28.78809523809524
traffic,arima,2,944,2012-04-09 08:00:00,52.482969576719576,52.20380878198457,51.19179894179894,0.2791607947350059,1.2911706349206327
traffic,arima,3,944,2012-04-09 08:00:00,65.7390873015873,52.464339618047404,51.19179894179894,13.2747476835399,14.54728835978836
traffic,arima,4,944,2012-04-09 08:00:00,65.83680555555556,52.67501962128948,51.19179894179894,13.161785934266078,14.645006613756614
traffic,arima,5,944,2012-04-09 08:00:00,53.27529761904762,52.845490546167916,51.19179894179894,0.4298070728797043,2.083498677248677
traffic,arima,6,944,2012-04-09 08:00:00,0.0,52.98342894668689,51.19179894179894,52.98342894668689,51.19179894179894
traffic,arima,7,944,2012-04-09 08:00:00,0.0,53.09504336225843,51.19179894179894,53.09504336225843,51.19179894179894
traffic,arima,8,944,2012-04-09 08:00:00,0.0,53.18535742939706,51.19179894179894,53.18535742939706,51.19179894179894
traffic,arima,9,944,2012-04-09 08:00:00,0.0,53.25843607864961,51.19179894179894,53.25843607864961,51.19179894179894
traffic,arima,10,944,2012-04-09 08:00:00,0.0,53.317568494516316,51.19179894179894,53.317568494516316,51.19179894179894
traffic,arima,11,944,2012-04-09 08:00:00,11.385416666666666,53.36541615784888,51.19179894179894,41.97999949118221,39.80638227513228
traffic,arima,12,944,2012-04-09 08:00:00,67.24255952380952,53.40413263599086,51.19179894179894,13.838426887818656,16.050760582010575
traffic,arima,13,944,2012-04-09 08:00:00,59.979332010582006,53.43546051232415,51.19179894179894,6.543871498257857,8.787533068783063
traffic,arima,14,944,2012-04-09 08:00:00,65.76107804232804,53.46080981790804,51.19179894179894,12.300268224419995,14.569279100529094
traffic,arima,15,944,2012-04-09 08:00:00,65.75512566137566,53.48132149532753,51.19179894179894,12.27380416604813,14.563326719576715
traffic,arima,16,944,2012-04-09 08:00:00,63.58101851851851,53.497918751184045,51.19179894179894,10.083099767334467,12.389219576719569
traffic,arima,17,944,2012-04-09 08:00:00,63.85416666666666,53.51134860854446,51.19179894179894,10.342818058122198,12.662367724867714
traffic,arima,18,944,2012-04-09 08:00:00,62.29034391534392,53.52221552957529,51.19179894179894,8.768128385768627,11.098544973544975
traffic,arima,19,944,2012-04-09 08:00:00,59.59259259259259,53.53100862167755,51.19179894179894,6.061583970915038,8.400793650793645
traffic,arima,20,944,2012-04-09 08:00:00,60.42542989417989,53.5381236516386,51.19179894179894,6.8873062425412925,9.233630952380949
traffic,arima,21,944,2012-04-09 08:00:00,60.55638227513227,53.54388085863222,51.19179894179894,7.012501416500051,9.364583333333329
traffic,arima,22,944,2012-04-09 08:00:00,64.83449074074075,53.548539367809106,51.19179894179894,11.285951372931642,13.642691798941804
traffic,arima,23,944,2012-04-09 08:00:00,66.46643518518518,53.552308853216736,51.19179894179894,12.91412633196844,15.274636243386233
traffic,arima,24,944,2012-04-09 08:00:00,68.01041666666667,53.5553589749829,51.19179894179894,14.45505769168377,16.818617724867728
traffic,arima,25,944,2012-04-09 08:00:00,67.20833333333333,53.557827015519585,51.19179894179894,13.650506317813743,16.016534391534385
traffic,arima,26,944,2012-04-09 08:00:00,65.49421296296296,53.55982405844367,51.19179894179894,11.934388904519295,14.302414021164019
traffic,arima,27,944,2012-04-09 08:00:00,64.10532407407408,53.561439988320565,51.19179894179894,10.543884085753511,12.913525132275133
traffic,arima,28,944,2012-04-09 08:00:00,64.40955687830687,53.56274753626335,51.19179894179894,10.846809342043521,13.21775793650793
traffic,arima,29,944,2012-04-09 08:00:00,66.07870370370371,53.56380555347508,51.19179894179894,12.514898150228632,14.886904761904766
traffic,arima,30,944,2012-04-09 08:00:00,65.48048941798942,53.564661660072524,51.19179894179894,11.915827757916894,14.288690476190474
traffic,arima,31,944,2012-04-09 08:00:00,64.17013888888889,53.56535438841198,51.19179894179894,10.604784500476903,12.978339947089943
traffic,arima,32,944,2012-04-09 08:00:00,65.9619708994709,53.565914917385506,51.19179894179894,12.396055982085393,14.770171957671955
traffic,arima,33,944,2012-04-09 08:00:00,61.64236111111112,53.566368475746344,51.19179894179894,8.075992635364777,10.450562169312178
traffic,arima,34,944,2012-04-09 08:00:00,20.560185185185187,53.566735477625656,51.19179894179894,33.006550292440465,30.631613756613756
traffic,arima,35,944,2012-04-09 08:00:00,18.560185185185187,53.567032441348616,51.19179894179894,35.006847256163425,32.63161375661376
traffic,arima,36,944,2012-04-09 08:00:00,52.35648148148149,53.56727273290495,51.19179894179894,1.2107912514234584,1.1646825396825449
traffic,arima,37,944,2012-04-09 08:00:00,66.11574074074075,53.567467167536456,51.19179894179894,12.548273573204291,14.923941798941804
traffic,arima,38,944,2012-04-09 08:00:00,65.78587962962963,53.567624496518405,51.19179894179894,12.218255133111228,14.59408068783069
traffic,arima,39,944,2012-04-09 08:00:00,65.75347222222221,53.567751801044196,51.19179894179894,12.185720421178019,14.561673280423271
traffic,arima,40,944,2012-04-09 08:00:00,62.65277777777778,53.56785481094158,51.19179894179894,9.084922966836196,11.460978835978835
traffic,arima,41,944,2012-04-09 08:00:00,60.06018518518518,53.567938162565525,51.19179894179894,6.492247022619658,8.86838624338624
traffic,arima,42,944,2012-04-09 08:00:00,60.480158730158735,53.56800560747509,51.19179894179894,6.912153122683648,9.288359788359791
traffic,arima,43,944,2012-04-09 08:00:00,57.32523148148149,53.56806018128675,51.19179894179894,3.7571713001947415,6.133432539682545
traffic,arima,44,944,2012-04-09 08:00:00,54.164021164021165,53.56810434030391,51.19179894179894,0.5959168237172534,2.9722222222222214
traffic,arima,45,944,2012-04-09 08:00:00,58.01223544973545,53.56814007207227,51.19179894179894,4.4440953776631815,6.820436507936506
traffic,arima,46,944,2012-04-09 08:00:00,61.29513888888889,53.56816898483691,51.19179894179894,7.726969904051984,10.10333994708995
traffic,arima,47,944,2012-04-09 08:00:00,63.12615740740741,53.568192379927545,51.19179894179894,9.557965027479867,11.934358465608469
traffic,arima,48,944,2012-04-09 08:00:00,64.07738095238095,53.56821131032983,51.19179894179894,10.50916964205112,12.885582010582006
traffic,arima,49,944,2012-04-09 08:00:00,66.67873677248677,53.56822662807902,51.19179894179894,13.110510144407755,15.486937830687829
traffic,arima,50,944,2012-04-09 08:00:00,65.94791666666667,53.56823902260908,51.19179894179894,12.379677644057594,14.756117724867728
traffic,arima,51,944,2012-04-09 08:00:00,63.97850529100529,53.56824905178332,51.19179894179894,10.410256239221972,12.786706349206348
traffic,arima,52,944,2012-04-09 08:00:00,61.0448082010582,53.56825716700312,51.19179894179894,7.476551034055085,9.85300925925926
traffic,arima,53,944,2012-04-09 08:00:00,59.91550925925926,53.56826373352504,51.19179894179894,6.347245525734216,8.723710317460316
traffic,arima,54,944,2012-04-09 08:00:00,64.80092592592592,53.56826904690055,51.19179894179894,11.232656879025377,13.60912698412698
traffic,arima,55,944,2012-04-09 08:00:00,56.68435846560846,53.56827334627845,51.19179894179894,3.116085119330009,5.492559523809518
traffic,arima,56,944,2012-04-09 08:00:00,66.66435185185185,53.56827682516873,51.19179894179894,13.096075026683117,15.472552910052904
traffic,arima,57,944,2012-04-09 08:00:00,67.60069444444444,53.56827964015216,51.19179894179894,14.03241480429228,16.4088955026455
traffic,arima,58,944,2012-04-09 08:00:00,57.802083333333336,53.568281917927855,51.19179894179894,4.23380141540548,6.6102843915343925
traffic,arima,59,944,2012-04-09 08:00:00,65.73776455026454,53.56828376101583,51.19179894179894,12.169480789248716,14.5459656084656
traffic,arima,60,944,2012-04-09 08:00:00,66.58680555555556,53.56828525237131,51.19179894179894,13.018520303184246,15.395006613756614
traffic,arima,61,944,2012-04-09 08:00:00,66.80076058201058,53.568286459118475,51.19179894179894,13.232474122892107,15.60896164021164
traffic,arima,62,944,2012-04-09 08:00:00,66.67824074074075,53.5682874355716,51.19179894179894,13.10995330516915,15.486441798941804
traffic,arima,63,944,2012-04-09 08:00:00,67.06944444444444,53.56828822567969,51.19179894179894,13.501156218764756,15.8776455026455
traffic,arima,64,944,2012-04-09 08:00:00,66.92113095238095,53.56828886500459,51.19179894179894,13.35284208737636,15.729332010582006
traffic,arima,65,944,2012-04-09 08:00:00,63.43402777777778,53.56828938232157,51.19179894179894,9.865738395456212,12.242228835978835
traffic,arima,66,944,2012-04-09 08:00:00,64.74685846560847,53.56828980091445,51.19179894179894,11.17856866469402,13.555059523809526
traffic,arima,67,944,2012-04-09 08:00:00,60.71180555555555,53.56829013962362,51.19179894179894,7.14351541593193,9.520006613756607
traffic,arima,68,944,2012-04-09 08:00:00,61.44328703703704,53.56829041369398,51.19179894179894,7.874996623343058,10.251488095238095
traffic,arima,69,944,2012-04-09 08:00:00,63.098214285714285,53.5682906354611,51.19179894179894,9.529923650253181,11.906415343915342
traffic,arima,70,944,2012-04-09 08:00:00,66.76041666666667,53.56829081490649,51.19179894179894,13.192125851760181,15.568617724867728
traffic,arima,71,944,2012-04-09 08:00:00,68.0011574074074,53.56829096010675,51.19179894179894,14.432866447300654,16.80935846560846
traffic,arima,72,944,2012-04-09 08:00:00,68.0486111111111,53.56829107759718,51.19179894179894,14.48032003351392,16.856812169312157
traffic,arima,1,968,2012-04-10 08:00:00,67.20833333333333,65.30662286897136,68.01041666666667,1.9017104643619689,0.8020833333333428
traffic,arima,2,968,2012-04-10 08:00:00,65.49421296296296,62.87627520517562,68.01041666666667,2.6179377577873453,2.5162037037037095
traffic,arima,3,968,2012-04-10 08:00:00,64.10532407407408,60.91083090699321,68.01041666666667,3.1944931670808643,3.9050925925925952
traffic,arima,4,968,2012-04-10 08:00:00,64.40955687830687,59.33441213489769,68.01041666666667,5.075144743409183,3.6008597883597986
traffic,arima,5,968,2012-04-10 08:00:00,66.07870370370371,58.07088245928868,68.01041666666667,8.007821244415027,1.931712962962962
traffic,arima,6,968,2012-04-10 08:00:00,65.48048941798942,57.058197068544324,68.01041666666667,8.422292349445094,2.5299272486772537
traffic,arima,7,968,2012-04-10 08:00:00,64.17013888888889,56.24656054882256,68.01041666666667,7.923578340066328,3.8402777777777857
traffic,arima,8,968,2012-04-10 08:00:00,65.9619708994709,55.596058837968684,68.01041666666667,10.365912061502215,2.0484457671957728
traffic,arima,9,968,2012-04-10 08:00:00,61.64236111111112,55.0747017383685,68.01041666666667,6.567659372742618,6.36805555555555
traffic,arima,10,968,2012-04-10 08:00:00,20.560185185185187,54.65685007092476,68.01041666666667,34.09666488573957,47.45023148148148
traffic,arima,11,968,2012-04-10 08:00:00,18.560185185185187,54.321954821431966,68.01041666666667,35.76176963624678,49.45023148148148
traffic,arima,12,968,2012-04-10 08:00:00,52.35648148148149,54.05354658743636,68.01041666666667,1.69706510595487,15.653935185185183
traffic,arima,13,968,2012-04-10 08:00:00,66.11574074074075,53.83842564981291,68.01041666666667,12.277315090927836,1.8946759259259238
traffic,arima,14,968,2012-04-10 08:00:00,65.78587962962963,53.66601283998554,68.01041666666667,12.119866789644092,2.224537037037038
traffic,arima,15,968,2012-04-10 08:00:00,65.75347222222221,53.52782927997986,68.01041666666667,12.225642942242352,2.256944444444457
traffic,arima,16,968,2012-04-10 08:00:00,62.65277777777778,53.41707941008932,68.01041666666667,9.235698367688457,5.357638888888893
traffic,arima,17,968,2012-04-10 08:00:00,60.06018518518518,53.32831679838452,68.01041666666667,6.731868386800663,7.950231481481488
traffic,arima,18,968,2012-04-10 08:00:00,60.480158730158735,53.257176297321685,68.01041666666667,7.22298243283705,7.530257936507937
traffic,arima,19,968,2012-04-10 08:00:00,57.32523148148149,53.20015937550889,68.01041666666667,4.125072105972599,10.685185185185183
traffic,arima,20,968,2012-04-10 08:00:00,54.164021164021165,53.154462067724474,68.01041666666667,1.009559096296691,13.846395502645507
traffic,arima,21,968,2012-04-10 08:00:00,58.01223544973545,53.11783708215264,68.01041666666667,4.894398367582809,9.998181216931222
traffic,arima,22,968,2012-04-10 08:00:00,61.29513888888889,53.088483283577354,68.01041666666667,8.20665560531154,6.715277777777779
traffic,arima,23,968,2012-04-10 08:00:00,63.12615740740741,53.06495711756403,68.01041666666667,10.061200289843384,4.8842592592592595
traffic,arima,24,968,2012-04-10 08:00:00,64.07738095238095,53.04610161966766,68.01041666666667,11.03127933271329,3.9330357142857224
traffic,arima,25,968,2012-04-10 08:00:00,66.67873677248677,53.03098951849833,68.01041666666667,13.647747253988442,1.3316798941798993
traffic,arima,26,968,2012-04-10 08:00:00,65.94791666666667,53.01887763457953,68.01041666666667,12.92903903208714,2.0625
traffic,arima,27,968,2012-04-10 08:00:00,63.97850529100529,53.009170332436774,68.01041666666667,10.969334958568517,4.03191137566138
traffic,arima,28,968,2012-04-10 08:00:00,61.0448082010582,53.00139022857164,68.01041666666667,8.043417972486566,6.965608465608469
traffic,arima,29,968,2012-04-10 08:00:00,59.91550925925926,52.99515471480456,68.01041666666667,6.920354544454696,8.094907407407412
traffic,arima,30,968,2012-04-10 08:00:00,64.80092592592592,52.99015714245677,68.01041666666667,11.81076878346915,3.2094907407407476
traffic,arima,31,968,2012-04-10 08:00:00,56.68435846560846,52.98615174205123,68.01041666666667,3.6982067235572345,11.32605820105821
traffic,arima,32,968,2012-04-10 08:00:00,66.66435185185185,52.98294153691716,68.01041666666667,13.681410314934688,1.3460648148148238
traffic,arima,33,968,2012-04-10 08:00:00,67.60069444444444,52.98036865631613,68.01041666666667,14.620325788128312,0.40972222222222854
traffic,arima,34,968,2012-04-10 08:00:00,57.802083333333336,52.978306571710725,68.01041666666667,4.823776761622611,10.208333333333336
traffic,arima,35,968,2012-04-10 08:00:00,65.73776455026454,52.9766538743729,68.01041666666667,12.761110675891643,2.272652116402128
traffic,arima,36,968,2012-04-10 08:00:00,66.58680555555556,52.97532928832862,68.01041666666667,13.611476267226934,1.4236111111111143
traffic,arima,37,968,2012-04-10 08:00:00,66.80076058201058,52.97426767338647,68.01041666666667,13.826492908624111,1.209656084656089
traffic,arima,38,968,2012-04-10 08:00:00,66.67824074074075,52.9734168216881,68.01041666666667,13.70482391905265,1.3321759259259238
traffic,arima,39,968,2012-04-10 08:00:00,67.06944444444444,52.97273489024208,68.01041666666667,14.096709554202363,0.9409722222222285
traffic,arima,40,968,2012-04-10 08:00:00,66.92113095238095,52.97218834317875,68.01041666666667,13.948942609202199,1.0892857142857224
traffic,arima,41,968,2012-04-10 08:00:00,63.43402777777778,52.971750302530864,68.01041666666667,10.462277475246914,4.576388888888893
traffic,arima,42,968,2012-04-10 08:00:00,64.74685846560847,52.971399226435,68.01041666666667,11.775459239173472,3.2635582010582027
traffic,arima,43,968,2012-04-10 08:00:00,60.71180555555555,52.97111784975069,68.01041666666667,7.740687705804859,7.298611111111121
traffic,arima,44,968,2012-04-10 08:00:00,61.44328703703704,52.970892334999334,68.01041666666667,8.472394702037704,6.567129629629633
traffic,arima,45,968,2012-04-10 08:00:00,63.098214285714285,52.97071159186773,68.01041666666667,10.127502693846552,4.912202380952387
traffic,arima,46,968,2012-04-10 08:00:00,66.76041666666667,52.97056673181124,68.01041666666667,13.789849934855432,1.25
traffic,arima,47,968,2012-04-10 08:00:00,68.0011574074074,52.97045063093493,68.01041666666667,15.030706776472478,0.009259259259266628
traffic,arima,48,968,2012-04-10 08:00:00,68.0486111111111,52.97035757965629,68.01041666666667,15.078253531454813,0.038194444444428655
traffic,arima,49,968,2012-04-10 08:00:00,67.07986111111111,52.970283001920684,68.01041666666667,14.10957810919043,0.9305555555555571
traffic,arima,50,968,2012-04-10 08:00:00,64.27662037037037,52.97022323016119,68.01041666666667,11.306397140209178,3.7337962962963047
traffic,arima,51,968,2012-04-10 08:00:00,63.55092592592592,52.970175324935795,68.01041666666667,10.580750600990122,4.459490740740755
traffic,arima,52,968,2012-04-10 08:00:00,64.20254629629629,52.97013693037223,68.01041666666667,11.232409365924063,3.807870370370381
traffic,arima,53,968,2012-04-10 08:00:00,65.91650132275133,52.97010615831136,68.01041666666667,12.94639516443997,2.0939153439153415
traffic,arima,54,968,2012-04-10 08:00:00,65.45486111111111,52.97008149545177,68.01041666666667,12.484779615659342,2.555555555555557
traffic,arima,55,968,2012-04-10 08:00:00,66.87119708994709,52.97006172892896,68.01041666666667,13.901135361018127,1.139219576719583
traffic,arima,56,968,2012-04-10 08:00:00,60.23743386243387,52.97004588666937,68.01041666666667,7.2673879757645,7.772982804232804
traffic,arima,57,968,2012-04-10 08:00:00,22.22453703703704,52.97003318958595,68.01041666666667,30.745496152548906,45.78587962962963
traffic,arima,58,968,2012-04-10 08:00:00,19.660548941798943,52.97002301326442,68.01041666666667,33.30947407146547,48.34986772486773
traffic,arima,59,968,2012-04-10 08:00:00,24.01984126984127,52.970014857255954,68.01041666666667,28.950173587414685,43.990575396825406
traffic,arima,60,968,2012-04-10 08:00:00,64.6261574074074,52.97000832046622,68.01041666666667,11.656149086941184,3.3842592592592666
traffic,arima,61,968,2012-04-10 08:00:00,65.38541666666667,52.970003081430455,68.01041666666667,12.415413585236216,2.625
traffic,arima,62,968,2012-04-10 08:00:00,67.06382275132275,52.969998882504555,68.01041666666667,14.093823868818191,0.9465939153439251
traffic,arima,63,968,2012-04-10 08:00:00,65.12037037037037,52.9699955171947,68.01041666666667,12.15037485317567,2.8900462962963047
traffic,arima,64,968,2012-04-10 08:00:00,64.69130291005291,52.96999282000243,68.01041666666667,11.72131009005048,3.31911375661376
traffic,arima,65,968,2012-04-10 08:00:00,63.74074074074074,52.96999065828585,68.01041666666667,10.770750082454889,4.269675925925931
traffic,arima,66,968,2012-04-10 08:00:00,61.98842592592592,52.96998892573656,68.01041666666667,9.018437000189358,6.021990740740755
traffic,arima,67,968,2012-04-10 08:00:00,60.56117724867725,52.969987537151624,68.01041666666667,7.591189711525622,7.449239417989425
traffic,arima,68,968,2012-04-10 08:00:00,58.04712301587301,52.969986424243544,68.01041666666667,5.077136591629468,9.96329365079366
traffic,arima,69,968,2012-04-10 08:00:00,60.14351851851851,52.969985532281974,68.01041666666667,7.173532986236538,7.8668981481481595
traffic,arima,70,968,2012-04-10 08:00:00,63.80324074074074,52.96998481740223,68.01041666666667,10.833255923338513,4.207175925925931
traffic,arima,71,968,2012-04-10 08:00:00,66.22073412698413,52.96998424444812,68.01041666666667,13.250749882536006,1.7896825396825449
traffic,arima,72,968,2012-04-10 08:00:00,65.49768518518518,52.96998378524304,68.01041666666667,12.527701399942138,2.512731481481495
traffic,arima,1,992,2012-04-11 08:00:00,66.67873677248677,61.959600311561665,64.07738095238095,4.719136460925107,2.601355820105823
traffic,arima,2,992,2012-04-11 08:00:00,65.94791666666667,60.05592828682592,64.07738095238095,5.891988379840754,1.8705357142857224
traffic,arima,3,992,2012-04-11 08:00:00,63.97850529100529,58.52995267229967,64.07738095238095,5.4485526187056195,0.09887566137565784
traffic,arima,4,992,2012-04-11 08:00:00,61.0448082010582,57.31957680995807,64.07738095238095,3.725231391100131,3.0325727513227463
traffic,arima,5,992,2012-04-11 08:00:00,59.91550925925926,56.36052693922279,64.07738095238095,3.5549823200364727,4.1618716931216895
traffic,arima,6,992,2012-04-11 08:00:00,64.80092592592592,55.60069539775556,64.07738095238095,9.200230528170366,0.7235449735449748
traffic,arima,7,992,2012-04-11 08:00:00,56.68435846560846,54.99870578692123,64.07738095238095,1.6856526786872337,7.393022486772487
traffic,arima,8,992,2012-04-11 08:00:00,66.66435185185185,54.52176964601997,64.07738095238095,12.142582205831879,2.5869708994708986
traffic,arima,9,992,2012-04-11 08:00:00,67.60069444444444,54.143909205495035,64.07738095238095,13.456785238949408,3.523313492063494
traffic,arima,10,992,2012-04-11 08:00:00,57.802083333333336,53.844543108362,64.07738095238095,3.957540224971339,6.275297619047613
traffic,arima,11,992,2012-04-11 08:00:00,65.73776455026454,53.60736543530621,64.07738095238095,12.130399114958337,1.6603835978835946
traffic,arima,12,992,2012-04-11 08:00:00,66.58680555555556,53.41945755552513,64.07738095238095,13.16734800003043,2.509424603174608
traffic,arima,13,992,2012-04-11 08:00:00,66.80076058201058,53.27058447304418,64.07738095238095,13.530176108966401,2.7233796296296333
traffic,arima,14,992,2012-04-11 08:00:00,66.67824074074075,53.15263734537088,64.07738095238095,13.52560339536987,2.6008597883597986
traffic,arima,15,992,2012-04-11 08:00:00,67.06944444444444,53.0591918097875,64.07738095238095,14.010252634656943,2.992063492063494
traffic,arima,16,992,2012-04-11 08:00:00,66.92113095238095,52.985158060151385,64.07738095238095,13.935972892229564,2.84375
traffic,arima,17,992,2012-04-11 08:00:00,63.43402777777778,52.926503614532706,64.07738095238095,10.507524163245073,0.6433531746031704
traffic,arima,18,992,2012-04-11 08:00:00,64.74685846560847,52.880033673353935,64.07738095238095,11.866824792254533,0.6694775132275197
traffic,arima,19,992,2012-04-11 08:00:00,60.71180555555555,52.84321710454349,64.07738095238095,7.868588451012059,3.365575396825399
traffic,arima,20,992,2012-04-11 08:00:00,61.44328703703704,52.81404857743563,64.07738095238095,8.62923845960141,2.634093915343911
traffic,arima,21,992,2012-04-11 08:00:00,63.098214285714285,52.79093933610401,64.07738095238095,10.307274949610274,0.9791666666666643
traffic,arima,22,992,2012-04-11 08:00:00,66.76041666666667,52.77263066275386,64.07738095238095,13.98778600391281,2.6830357142857224
traffic,arima,23,992,2012-04-11 08:00:00,68.0011574074074,52.758125317682946,64.07738095238095,15.243032089724458,3.923776455026456
traffic,arima,24,992,2012-04-11 08:00:00,68.0486111111111,52.74663322147244,64.07738095238095,15.301977889638657,3.971230158730151
traffic,arima,25,992,2012-04-11 08:00:00,67.07986111111111,52.73752842081684,64.07738095238095,14.342332690294278,3.0024801587301653
traffic,arima,26,992,2012-04-11 08:00:00,64.27662037037037,52.73031499400072,64.07738095238095,11.546305376369645,0.1992394179894177
traffic,arima,27,992,2012-04-11 08:00:00,63.55092592592592,52.72460003895671,64.07738095238095,10.826325886969208,0.5264550264550323
traffic,arima,28,992,2012-04-11 08:00:00,64.20254629629629,52.72007227261379,64.07738095238095,11.4824740236825,0.1251653439153415
traffic,arima,29,992,2012-04-11 08:00:00,65.91650132275133,52.716485075882034,64.07738095238095,13.200016246869296,1.839120370370381
traffic,arima,30,992,2012-04-11 08:00:00,65.45486111111111,52.713643060765136,64.07738095238095,12.741218050345978,1.3774801587301653
traffic,arima,31,992,2012-04-11 08:00:00,66.87119708994709,52.71139142793631,64.07738095238095,14.159805662010776,2.7938161375661394
traffic,arima,32,992,2012-04-11 08:00:00,60.23743386243387,52.70960753510418,64.07738095238095,7.527826327329684,3.8399470899470813
traffic,arima,33,992,2012-04-11 08:00:00,22.22453703703704,52.70819421691314,64.07738095238095,30.4836571798761,41.85284391534391
traffic,arima,34,992,2012-04-11 08:00:00,19.660548941798943,52.70707449252547,64.07738095238095,33.04652555072653,44.416832010582006
traffic,arima,35,992,2012-04-11 08:00:00,24.01984126984127,52.70618737261695,64.07738095238095,28.686346102775683,40.057539682539684
traffic,arima,36,992,2012-04-11 08:00:00,64.6261574074074,52.70548453740076,64.07738095238095,11.920672870006648,0.5487764550264558
traffic,arima,37,992,2012-04-11 08:00:00,65.38541666666667,52.70492770473768,64.07738095238095,12.680488961928994,1.3080357142857224
traffic,arima,38,992,2012-04-11 08:00:00,67.06382275132275,52.70448654497857,64.07738095238095,14.359336206344175,2.9864417989417973
traffic,arima,39,992,2012-04-11 08:00:00,65.12037037037037,52.70413702896423,64.07738095238095,12.416233341406134,1.0429894179894177
traffic,arima,40,992,2012-04-11 08:00:00,64.69130291005291,52.703860119201366,64.07738095238095,11.987442790851546,0.6139219576719626
traffic,arima,41,992,2012-04-11 08:00:00,63.74074074074074,52.703640732925415,64.07738095238095,11.037100007815326,0.3366402116402085
traffic,arima,42,992,2012-04-11 08:00:00,61.98842592592592,52.70346692057016,64.07738095238095,9.28495900535576,2.0889550264550323
traffic,arima,43,992,2012-04-11 08:00:00,60.56117724867725,52.70332921489688,64.07738095238095,7.857848033780364,3.5162037037037024
traffic,arima,44,992,2012-04-11 08:00:00,58.04712301587301,52.703220115331284,64.07738095238095,5.343902900541728,6.030257936507937
traffic,arima,45,992,2012-04-11 08:00:00,60.14351851851851,52.703133679421065,64.07738095238095,7.440384839097447,3.933862433862437
traffic,arima,46,992,2012-04-11 08:00:00,63.80324074074074,52.703065199161436,64.07738095238095,11.100175541579304,0.2741402116402085
traffic,arima,47,992,2012-04-11 08:00:00,66.22073412698413,52.70301094455886,64.07738095238095,13.517723182425264,2.1433531746031775
traffic,arima,48,992,2012-04-11 08:00:00,65.49768518518518,52.70296796046509,64.07738095238095,12.794717224720088,1.4203042328042272
traffic,arima,49,992,2012-04-11 08:00:00,65.38310185185185,52.702933905615744,64.07738095238095,12.680167946236104,1.3057208994708986
traffic,arima,50,992,2012-04-11 08:00:00,62.25115740740741,52.70290692510592,64.07738095238095,9.54825048230149,1.8262235449735371
traffic,arima,51,992,2012-04-11 08:00:00,63.19907407407408,52.70288554935697,64.07738095238095,10.496188524717113,0.8783068783068657
traffic,arima,52,992,2012-04-11 08:00:00,59.78819444444445,52.702868614071235,64.07738095238095,7.085325830373215,4.289186507936499
traffic,arima,53,992,2012-04-11 08:00:00,46.66782407407408,52.7028551968149,64.07738095238095,6.035031122740818,17.409556878306866
traffic,arima,54,992,2012-04-11 08:00:00,55.93518518518518,52.702844566774736,64.07738095238095,3.232340618410447,8.142195767195766
traffic,arima,55,992,2012-04-11 08:00:00,59.04050925925926,52.702836144952045,64.07738095238095,6.337673114307215,5.0368716931216895
traffic,arima,56,992,2012-04-11 08:00:00,65.21527777777779,52.70282947262566,64.07738095238095,12.512448305152127,1.1378968253968367
traffic,arima,57,992,2012-04-11 08:00:00,65.2932208994709,52.70282418636626,64.07738095238095,12.590396713104639,1.2158399470899468
traffic,arima,58,992,2012-04-11 08:00:00,64.71593915343915,52.702819998241026,64.07738095238095,12.013119155198126,0.6385582010582027
traffic,arima,59,992,2012-04-11 08:00:00,11.38773148148148,52.7028166801305,64.07738095238095,41.31508519864902,52.68964947089947
traffic,arima,60,992,2012-04-11 08:00:00,4.702546296296297,52.70281405130333,64.07738095238095,48.00026775500703,59.37483465608465
traffic,arima,61,992,2012-04-11 08:00:00,65.14252645502646,52.70281196857212,64.07738095238095,12.439714486454335,1.0651455026455068
traffic,arima,62,992,2012-04-11 08:00:00,67.28720238095238,52.70281031849436,64.07738095238095,14.584392062458022,3.2098214285714306
traffic,arima,63,992,2012-04-11 08:00:00,66.46560846560847,52.70280901119333,64.07738095238095,13.762799454415138,2.3882275132275197
traffic,arima,64,992,2012-04-11 08:00:00,66.74537037037037,52.702807975462775,64.07738095238095,14.042562394907591,2.6679894179894177
traffic,arima,65,992,2012-04-11 08:00:00,65.76273148148148,52.70280715488835,64.07738095238095,13.059924326593134,1.685350529100532
traffic,arima,66,992,2012-04-11 08:00:00,62.94328703703704,52.70280650477488,64.07738095238095,10.240480532262161,1.134093915343911
traffic,arima,67,992,2012-04-11 08:00:00,64.31448412698413,52.70280598971187,64.07738095238095,11.611678137272257,0.23710317460317754
traffic,arima,68,992,2012-04-11 08:00:00,62.73131613756613,52.70280558164481,64.07738095238095,10.028510555921322,1.3460648148148167
traffic,arima,69,992,2012-04-11 08:00:00,64.90327380952381,52.70280525834702,64.07738095238095,12.20046855117679,0.8258928571428612
traffic,arima,70,992,2012-04-11 08:00:00,63.68353174603175,52.702805002209075,64.07738095238095,10.980726743822672,0.39384920634920206
traffic,arima,71,992,2012-04-11 08:00:00,66.44791666666667,52.70280479927961,64.07738095238095,13.74511186738706,2.3705357142857224
traffic,arima,72,992,2012-04-11 08:00:00,67.49421296296296,52.702804638505434,64.07738095238095,14.791408324457528,3.416832010582013
traffic,arima,1,1016,2012-04-12 08:00:00,67.07986111111111,65.17659796024694,68.0486111111111,1.903263150864177,0.9687499999999858
traffic,arima,2,1016,2012-04-12 08:00:00,64.27662037037037,62.66683383734271,68.0486111111111,1.609786533027659,3.7719907407407334
traffic,arima,3,1016,2012-04-12 08:00:00,63.55092592592592,60.652556936192,68.0486111111111,2.8983689897339175,4.497685185185183
traffic,arima,4,1016,2012-04-12 08:00:00,64.20254629629629,59.04852111223122,68.0486111111111,5.15402518406507,3.8460648148148096
traffic,arima,5,1016,2012-04-12 08:00:00,65.91650132275133,57.772136171726764,68.0486111111111,8.144365151024566,2.13210978835977
traffic,arima,6,1016,2012-04-12 08:00:00,65.45486111111111,56.75654820429568,68.0486111111111,8.698312906815431,2.593749999999986
traffic,arima,7,1016,2012-04-12 08:00:00,66.87119708994709,55.94847567344801,68.0486111111111,10.92272141649908,1.1774140211640116
traffic,arima,8,1016,2012-04-12 08:00:00,60.23743386243387,55.30551732115324,68.0486111111111,4.9319165412806285,7.811177248677232
traffic,arima,9,1016,2012-04-12 08:00:00,22.22453703703704,54.79393525465307,68.0486111111111,32.569398217616026,45.82407407407406
traffic,arima,10,1016,2012-04-12 08:00:00,19.660548941798943,54.386885236347595,68.0486111111111,34.72633629454865,48.38806216931216
traffic,arima,11,1016,2012-04-12 08:00:00,24.01984126984127,54.06300813402459,68.0486111111111,30.043166864183323,44.028769841269835
traffic,arima,12,1016,2012-04-12 08:00:00,64.6261574074074,53.805309146957995,68.0486111111111,10.82084826044941,3.4224537037036953
traffic,arima,13,1016,2012-04-12 08:00:00,65.38541666666667,53.60026603814159,68.0486111111111,11.78515062852508,2.6631944444444287
traffic,arima,14,1016,2012-04-12 08:00:00,67.06382275132275,53.437119582070316,68.0486111111111,13.62670316925243,0.9847883597883538
traffic,arima,15,1016,2012-04-12 08:00:00,65.12037037037037,53.30730899598304,68.0486111111111,11.813061374387324,2.9282407407407334
traffic,arima,16,1016,2012-04-12 08:00:00,64.69130291005291,53.20402272997332,68.0486111111111,11.487280180079594,3.3573082010581885
traffic,arima,17,1016,2012-04-12 08:00:00,63.74074074074074,53.12184104458243,68.0486111111111,10.618899696158309,4.30787037037036
traffic,arima,18,1016,2012-04-12 08:00:00,61.98842592592592,53.056451620851576,68.0486111111111,8.931974305074341,6.060185185185183
traffic,arima,19,1016,2012-04-12 08:00:00,60.56117724867725,53.00442328004163,68.0486111111111,7.556753968635618,7.4874338624338534
traffic,arima,20,1016,2012-04-12 08:00:00,58.04712301587301,52.96302593941697,68.0486111111111,5.08409707645604,10.001488095238088
traffic,arima,21,1016,2012-04-12 08:00:00,60.14351851851851,52.93008735663469,68.0486111111111,7.213431161883825,7.905092592592588
traffic,arima,22,1016,2012-04-12 08:00:00,63.80324074074074,52.903879145688414,68.0486111111111,10.899361595052326,4.24537037037036
traffic,arima,23,1016,2012-04-12 08:00:00,66.22073412698413,52.883026083322484,68.0486111111111,13.337708043661642,1.8278769841269735
traffic,arima,24,1016,2012-04-12 08:00:00,65.49768518518518,52.86643394695236,68.0486111111111,12.631251238232814,2.550925925925924
traffic,arima,25,1016,2012-04-12 08:00:00,65.38310185185185,52.853232097531226,68.0486111111111,12.529869754320622,2.6655092592592524
traffic,arima,26,1016,2012-04-12 08:00:00,62.25115740740741,52.84272779451379,68.0486111111111,9.40842961289362,5.797453703703688
traffic,arima,27,1016,2012-04-12 08:00:00,63.19907407407408,52.8343698456869,68.0486111111111,10.364704228387183,4.849537037037017
traffic,arima,28,1016,2012-04-12 08:00:00,59.78819444444445,52.8277196844647,68.0486111111111,6.960474759979753,8.26041666666665
traffic,arima,29,1016,2012-04-12 08:00:00,46.66782407407408,52.82242835698742,68.0486111111111,6.15460428291334,21.380787037037017
traffic,arima,30,1016,2012-04-12 08:00:00,55.93518518518518,52.818218211468206,68.0486111111111,3.116966973716977,12.113425925925917
traffic,arima,31,1016,2012-04-12 08:00:00,59.04050925925926,52.81486832897291,68.0486111111111,6.225640930286346,9.00810185185184
traffic,arima,32,1016,2012-04-12 08:00:00,65.21527777777779,52.81220293114259,68.0486111111111,12.403074846635192,2.8333333333333144
traffic,arima,33,1016,2012-04-12 08:00:00,65.2932208994709,52.810082156576954,68.0486111111111,12.483138742893942,2.7553902116402043
traffic,arima,34,1016,2012-04-12 08:00:00,64.71593915343915,52.808394721888185,68.0486111111111,11.907544431550967,3.3326719576719483
traffic,arima,35,1016,2012-04-12 08:00:00,11.38773148148148,52.80705208232856,68.0486111111111,41.41932060084708,56.66087962962962
traffic,arima,36,1016,2012-04-12 08:00:00,4.702546296296297,52.80598378558258,68.0486111111111,48.103437489286286,63.3460648148148
traffic,arima,37,1016,2012-04-12 08:00:00,65.14252645502646,52.80513377492315,68.0486111111111,12.337392680103306,2.9060846560846443
traffic,arima,38,1016,2012-04-12 08:00:00,67.28720238095238,52.80445744774731,68.0486111111111,14.482744933205069,0.7614087301587205
traffic,arima,39,1016,2012-04-12 08:00:00,66.46560846560847,52.80391931514428,68.0486111111111,13.661689150464191,1.5830026455026314
traffic,arima,40,1016,2012-04-12 08:00:00,66.74537037037037,52.80349113968601,68.0486111111111,13.941879230684357,1.3032407407407334
traffic,arima,41,1016,2012-04-12 08:00:00,65.76273148148148,52.80315045372492,68.0486111111111,12.959581027756563,2.285879629629619
traffic,arima,42,1016,2012-04-12 08:00:00,62.94328703703704,52.80287938044912,68.0486111111111,10.140407656587918,5.105324074074062
traffic,arima,43,1016,2012-04-12 08:00:00,64.31448412698413,52.80266369583267,68.0486111111111,11.511820431151456,3.7341269841269735
traffic,arima,44,1016,2012-04-12 08:00:00,62.73131613756613,52.802492082258304,68.0486111111111,9.928824055307828,5.317294973544968
traffic,arima,45,1016,2012-04-12 08:00:00,64.90327380952381,52.80235553464822,68.0486111111111,12.100918274875589,3.14533730158729
traffic,arima,46,1016,2012-04-12 08:00:00,63.68353174603175,52.80224688794072,68.0486111111111,10.881284858091028,4.365079365079353
traffic,arima,47,1016,2012-04-12 08:00:00,66.44791666666667,52.80216044111793,68.0486111111111,13.645756225548745,1.6006944444444287
traffic,arima,48,1016,2012-04-12 08:00:00,67.49421296296296,52.80209165805636,68.0486111111111,14.6921213049066,0.5543981481481381
traffic,arima,49,1016,2012-04-12 08:00:00,67.74718915343915,52.80203692950295,68.0486111111111,14.945152223936205,0.30142195767194835
traffic,arima,50,1016,2012-04-12 08:00:00,68.04629629629629,52.80199338368673,68.0486111111111,15.244302912609562,0.0023148148148095515
traffic,arima,51,1016,2012-04-12 08:00:00,67.50744047619047,52.801958735628396,68.0486111111111,14.705481740562071,0.5411706349206327
traffic,arima,52,1016,2012-04-12 08:00:00,66.95254629629629,52.80193116724067,68.0486111111111,14.150615129055623,1.0960648148148096
traffic,arima,53,1016,2012-04-12 08:00:00,66.19560185185185,52.80190923192772,68.0486111111111,13.393692619924124,1.8530092592592524
traffic,arima,54,1016,2012-04-12 08:00:00,66.95486111111111,52.80189177867806,68.0486111111111,14.152969332433052,1.0937499999999858
traffic,arima,55,1016,2012-04-12 08:00:00,67.46031746031746,52.801877891667445,68.0486111111111,14.65843956865001,0.5882936507936449
traffic,arima,56,1016,2012-04-12 08:00:00,67.39880952380953,52.80186684220287,68.0486111111111,14.596942681606663,0.6498015873015675
traffic,arima,57,1016,2012-04-12 08:00:00,67.82291666666667,52.80185805048586,68.0486111111111,15.02105861618081,0.22569444444442865
traffic,arima,58,1016,2012-04-12 08:00:00,68.32870370370371,52.80185105518873,68.0486111111111,15.526852648514982,0.28009259259260944
traffic,arima,59,1016,2012-04-12 08:00:00,67.99652777777779,52.80184548924728,68.0486111111111,15.194682288530508,0.052083333333314386
traffic,arima,60,1016,2012-04-12 08:00:00,65.89500661375662,52.801841060599926,68.0486111111111,13.093165553156695,2.153604497354479
traffic,arima,61,1016,2012-04-12 08:00:00,67.31712962962963,52.80183753686228,68.0486111111111,14.515292092767353,0.7314814814814667
traffic,arima,62,1016,2012-04-12 08:00:00,67.20122354497354,52.80183473313329,68.0486111111111,14.399388811840254,0.8473875661375558
traffic,arima,63,1016,2012-04-12 08:00:00,67.54861111111111,52.801832502292896,68.0486111111111,14.746778608818218,0.4999999999999858
traffic,arima,64,1016,2012-04-12 08:00:00,67.89930555555556,52.801830727282244,68.0486111111111,15.097474828273313,0.14930555555554292
traffic,arima,65,1016,2012-04-12 08:00:00,67.46875,52.80182931496119,68.0486111111111,14.66692068503881,0.5798611111111001
traffic,arima,66,1016,2012-04-12 08:00:00,67.37731481481482,52.80182819122104,68.0486111111111,14.575486623593783,0.6712962962962763
traffic,arima,67,1016,2012-04-12 08:00:00,66.96626984126983,52.801827297095784,68.0486111111111,14.164442544174051,1.0823412698412653
traffic,arima,68,1016,2012-04-12 08:00:00,65.17592592592592,52.80182658566798,68.0486111111111,12.374099340257942,2.8726851851851762
traffic,arima,69,1016,2012-04-12 08:00:00,64.27959656084656,52.8018260196069,68.0486111111111,11.477770541239657,3.7690145502645436
traffic,arima,70,1016,2012-04-12 08:00:00,64.46412037037037,52.80182556920962,68.0486111111111,11.662294801160748,3.5844907407407334
traffic,arima,71,1016,2012-04-12 08:00:00,67.28058862433862,52.80182521084244,68.0486111111111,14.478763413496182,0.7680224867724803
traffic,arima,72,1016,2012-04-12 08:00:00,67.74371693121692,52.80182492570076,68.0486111111111,14.941892005516166,0.3048941798941769
traffic,arima,1,1040,2012-04-13 08:00:00,65.38310185185185,63.008315009830156,65.49768518518518,2.3747868420216918,0.1145833333333286
traffic,arima,2,1040,2012-04-13 08:00:00,62.25115740740741,60.87751167360069,65.49768518518518,1.3736457338067254,3.2465277777777644
traffic,arima,3,1040,2012-04-13 08:00:00,63.19907407407408,59.17679928835092,65.49768518518518,4.022274785723162,2.298611111111093
traffic,arima,4,1040,2012-04-13 08:00:00,59.78819444444445,57.82884220738082,65.49768518518518,1.9593522370636265,5.709490740740726
traffic,arima,5,1040,2012-04-13 08:00:00,46.66782407407408,56.76125505755328,65.49768518518518,10.093430983479195,18.829861111111093
traffic,arima,6,1040,2012-04-13 08:00:00,55.93518518518518,55.91578691682243,65.49768518518518,0.01939826836275671,9.562499999999993
traffic,arima,7,1040,2012-04-13 08:00:00,59.04050925925926,55.24622976496505,65.49768518518518,3.7942794942942086,6.457175925925917
traffic,arima,8,1040,2012-04-13 08:00:00,65.21527777777779,54.71598340991358,65.49768518518518,10.49929436786421,0.28240740740739056
traffic,arima,9,1040,2012-04-13 08:00:00,65.2932208994709,54.29606231540514,65.49768518518518,10.997158584065758,0.20446428571428044
traffic,arima,10,1040,2012-04-13 08:00:00,64.71593915343915,53.96351175228117,65.49768518518518,10.75242740115798,0.7817460317460245
traffic,arima,11,1040,2012-04-13 08:00:00,11.38773148148148,53.70015304424792,65.49768518518518,42.31242156276644,54.109953703703695
traffic,arima,12,1040,2012-04-13 08:00:00,4.702546296296297,53.49158984580297,65.49768518518518,48.78904354950667,60.79513888888888
traffic,arima,13,1040,2012-04-13 08:00:00,65.14252645502646,53.32642117501944,65.49768518518518,11.816105280007015,0.35515873015872046
traffic,arima,14,1040,2012-04-13 08:00:00,67.28720238095238,53.19561818574918,65.49768518518518,14.091584195203197,1.7895171957672034
traffic,arima,15,1040,2012-04-13 08:00:00,66.46560846560847,53.092030611175446,65.49768518518518,13.373577854433023,0.9679232804232925
traffic,arima,16,1040,2012-04-13 08:00:00,66.74537037037037,53.009995898773745,65.49768518518518,13.735374471596622,1.2476851851851904
traffic,arima,17,1040,2012-04-13 08:00:00,65.76273148148148,52.945029670280384,65.49768518518518,12.817701811201097,0.2650462962963047
traffic,arima,18,1040,2012-04-13 08:00:00,62.94328703703704,52.893580585849094,65.49768518518518,10.049706451187944,2.554398148148138
traffic,arima,19,1040,2012-04-13 08:00:00,64.31448412698413,52.85283621219212,65.49768518518518,11.461647914792003,1.1832010582010497
traffic,arima,20,1040,2012-04-13 08:00:00,62.73131613756613,52.82056928260436,65.49768518518518,9.910746854961772,2.766369047619044
traffic,arima,21,1040,2012-04-13 08:00:00,64.90327380952381,52.79501594476717,65.49768518518518,12.108257864756638,0.594411375661366
traffic,arima,22,1040,2012-04-13 08:00:00,63.68353174603175,52.774779340821155,65.49768518518518,10.908752405210592,1.8141534391534293
traffic,arima,23,1040,2012-04-13 08:00:00,66.44791666666667,52.75875324897056,65.49768518518518,13.689163417696115,0.9502314814814952
traffic,arima,24,1040,2012-04-13 08:00:00,67.49421296296296,52.746061612533495,65.49768518518518,14.748151350429467,1.9965277777777857
traffic,arima,25,1040,2012-04-13 08:00:00,67.74718915343915,52.73601065082978,65.49768518518518,15.011178502609368,2.2495039682539755
traffic,arima,26,1040,2012-04-13 08:00:00,68.04629629629629,52.7280509340769,65.49768518518518,15.318245362219393,2.5486111111111143
traffic,arima,27,1040,2012-04-13 08:00:00,67.50744047619047,52.721747349141076,65.49768518518518,14.785693127049392,2.009755291005291
traffic,arima,28,1040,2012-04-13 08:00:00,66.95254629629629,52.71675531433924,65.49768518518518,14.235790981957052,1.4548611111111143
traffic,arima,29,1040,2012-04-13 08:00:00,66.19560185185185,52.71280194308836,65.49768518518518,13.48279990876349,0.6979166666666714
traffic,arima,30,1040,2012-04-13 08:00:00,66.95486111111111,52.70967112672435,65.49768518518518,14.245189984386762,1.457175925925938
traffic,arima,31,1040,2012-04-13 08:00:00,67.46031746031746,52.70719172105181,65.49768518518518,14.753125739265649,1.962632275132279
traffic,arima,32,1040,2012-04-13 08:00:00,67.39880952380953,52.70522819084935,65.49768518518518,14.693581332960186,1.9011243386243564
traffic,arima,33,1040,2012-04-13 08:00:00,67.82291666666667,52.70367320091824,65.49768518518518,15.119243465748433,2.325231481481495
traffic,arima,34,1040,2012-04-13 08:00:00,68.32870370370371,52.702441748668186,65.49768518518518,15.626261955035524,2.8310185185185333
traffic,arima,35,1040,2012-04-13 08:00:00,67.99652777777779,52.70146651750184,65.49768518518518,15.295061260275943,2.4988425925926094
traffic,arima,36,1040,2012-04-13 08:00:00,65.89500661375662,52.700694196993474,65.49768518518518,13.194312416763147,0.3973214285714448
traffic,arima,37,1040,2012-04-13 08:00:00,67.31712962962963,52.70008256870652,65.49768518518518,14.617047060923113,1.819444444444457
traffic,arima,38,1040,2012-04-13 08:00:00,67.20122354497354,52.69959819834817,65.49768518518518,14.501625346625374,1.703538359788368
traffic,arima,39,1040,2012-04-13 08:00:00,67.54861111111111,52.699214608103816,65.49768518518518,14.849396503007299,2.050925925925938
traffic,arima,40,1040,2012-04-13 08:00:00,67.89930555555556,52.69891082924322,65.49768518518518,15.20039472631234,2.401620370370381
traffic,arima,41,1040,2012-04-13 08:00:00,67.46875,52.69867025587749,65.49768518518518,14.770079744122512,1.9710648148148238
traffic,arima,42,1040,2012-04-13 08:00:00,67.37731481481482,52.69847973720814,65.49768518518518,14.678835077606685,1.8796296296296475
traffic,arima,43,1040,2012-04-13 08:00:00,66.96626984126983,52.69832885864658,65.49768518518518,14.267940982623252,1.4685846560846585
traffic,arima,44,1040,2012-04-13 08:00:00,65.17592592592592,52.698209372506895,65.49768518518518,12.477716553419029,0.3217592592592524
traffic,arima,45,1040,2012-04-13 08:00:00,64.27959656084656,52.69811474715105,65.49768518518518,11.581481813695504,1.2180886243386198
traffic,arima,46,1040,2012-04-13 08:00:00,64.46412037037037,52.69803980994082,65.49768518518518,11.766080560429543,1.0335648148148096
traffic,arima,47,1040,2012-04-13 08:00:00,67.28058862433862,52.69798046447865,65.49768518518518,14.582608159859973,1.7829034391534435
traffic,arima,48,1040,2012-04-13 08:00:00,67.74371693121692,52.69793346668048,65.49768518518518,15.045783464536441,2.246031746031747
traffic,arima,49,1040,2012-04-13 08:00:00,68.1468253968254,52.69789624743993,65.49768518518518,15.448929149385478,2.64914021164023
traffic,arima,50,1040,2012-04-13 08:00:00,68.27876984126983,52.69786677218958,65.49768518518518,15.580903069080257,2.7810846560846585
traffic,arima,51,1040,2012-04-13 08:00:00,67.73842592592592,52.697843429682564,65.49768518518518,15.04058249624336,2.2407407407407476
traffic,arima,52,1040,2012-04-13 08:00:00,68.02083333333333,52.697824943914775,65.49768518518518,15.323008389418554,2.5231481481481524
traffic,arima,53,1040,2012-04-13 08:00:00,68.5,52.697810304372815,65.49768518518518,15.802189695627185,3.0023148148148238
traffic,arima,54,1040,2012-04-13 08:00:00,68.67361111111111,52.69779871079493,65.49768518518518,15.975812400316187,3.175925925925938
traffic,arima,55,1040,2012-04-13 08:00:00,68.45965608465609,52.69778952942514,65.49768518518518,15.761866555230952,2.961970899470913
traffic,arima,56,1040,2012-04-13 08:00:00,68.35119047619047,52.69778225836939,65.49768518518518,15.653408217821081,2.853505291005291
traffic,arima,57,1040,2012-04-13 08:00:00,68.91683201058201,52.69777650015977,65.49768518518518,16.219055510422244,3.4191468253968367
traffic,arima,58,1040,2012-04-13 08:00:00,68.91468253968254,52.69777194002723,65.49768518518518,16.216910599655314,3.4169973544973686
traffic,arima,59,1040,2012-04-13 08:00:00,69.05092592592592,52.69776832869486,65.49768518518518,16.35315759723106,3.5532407407407476
traffic,arima,60,1040,2012-04-13 08:00:00,68.10416666666667,52.69776546875134,65.49768518518518,15.40640119791533,2.606481481481495
traffic,arima,61,1040,2012-04-13 08:00:00,66.28703703703704,52.69776320385958,65.49768518518518,13.589273833177458,0.7893518518518619
traffic,arima,62,1040,2012-04-13 08:00:00,67.18981481481482,52.69776141021063,65.49768518518518,14.492053404604192,1.6921296296296475
traffic,arima,63,1040,2012-04-13 08:00:00,67.5978835978836,52.69775998975576,65.49768518518518,14.900123608127835,2.1001984126984183
traffic,arima,64,1040,2012-04-13 08:00:00,66.94874338624338,52.697758864846634,65.49768518518518,14.250984521396745,1.4510582010582027
traffic,arima,65,1040,2012-04-13 08:00:00,66.1238425925926,52.69775797399079,65.49768518518518,13.426084618601806,0.626157407407419
traffic,arima,66,1040,2012-04-13 08:00:00,65.42708333333333,52.69775726849013,65.49768518518518,12.7293260648432,0.07060185185184764
traffic,arima,67,1040,2012-04-13 08:00:00,63.9717261904762,52.697756709778865,65.49768518518518,11.273969480697332,1.5259589947089793
traffic,arima,68,1040,2012-04-13 08:00:00,62.22602513227513,52.6977562673154,65.49768518518518,9.528268864959735,3.2716600529100432
traffic,arima,69,1040,2012-04-13 08:00:00,63.55092592592592,52.69775591691272,65.49768518518518,10.853170009013198,1.9467592592592595
traffic,arima,70,1040,2012-04-13 08:00:00,65.72916666666667,52.697755639416286,65.49768518518518,13.031411027250385,0.23148148148149517
traffic,arima,71,1040,2012-04-13 08:00:00,67.09722222222221,52.697755419656914,65.49768518518518,14.3994668025653,1.599537037037038
traffic,arima,72,1040,2012-04-13 08:00:00,67.65856481481481,52.69775524562159,65.49768518518518,14.960809569193216,2.1608796296296333
traffic,arima,1,1064,2012-04-14 08:00:00,67.74718915343915,64.69715101351504,67.49421296296296,3.050038139924112,0.2529761904761898
traffic,arima,2,1064,2012-04-14 08:00:00,68.04629629629629,62.166805605692396,67.49421296296296,5.879490690603895,0.5520833333333286
traffic,arima,3,1064,2012-04-14 08:00:00,67.50744047619047,60.149258301524995,67.49421296296296,7.3581821746654725,0.013227513227505483
traffic,arima,4,1064,2012-04-14 08:00:00,66.95254629629629,58.56235388329197,67.49421296296296,8.390192413004321,0.5416666666666714
traffic,arima,5,1064,2012-04-14 08:00:00,66.19560185185185,57.31615225468468,67.49421296296296,8.879449597167167,1.2986111111111143
traffic,arima,6,1064,2012-04-14 08:00:00,66.95486111111111,56.337688309513645,67.49421296296296,10.61717280159747,0.5393518518518476
traffic,arima,7,1064,2012-04-14 08:00:00,67.46031746031746,55.5694573461764,67.49421296296296,11.890860114141056,0.03389550264550678
traffic,arima,8,1064,2012-04-14 08:00:00,67.39880952380953,54.966290216905556,67.49421296296296,12.432519306903977,0.0954034391534293
traffic,arima,9,1064,2012-04-14 08:00:00,67.82291666666667,54.49272107864703,67.49421296296296,13.330195588019642,0.3287037037037095
traffic,arima,10,1064,2012-04-14 08:00:00,68.32870370370371,54.12090419770281,67.49421296296296,14.207799506000903,0.8344907407407476
traffic,arima,11,1064,2012-04-14 08:00:00,67.99652777777779,53.82897682912048,67.49421296296296,14.167550948657308,0.5023148148148238
traffic,arima,12,1064,2012-04-14 08:00:00,65.89500661375662,53.59977371099199,67.49421296296296,12.295232902764631,1.5992063492063409
traffic,arima,13,1064,2012-04-14 08:00:00,67.31712962962963,53.41981775272784,67.49421296296296,13.897311876901796,0.1770833333333286
traffic,arima,14,1064,2012-04-14 08:00:00,67.20122354497354,53.27852758539079,67.49421296296296,13.922695959582754,0.2929894179894177
traffic,arima,15,1064,2012-04-14 08:00:00,67.54861111111111,53.167595379651814,67.49421296296296,14.3810157314593,0.05439814814815236
traffic,arima,16,1064,2012-04-14 08:00:00,67.89930555555556,53.080498347338455,67.49421296296296,14.818807208217102,0.4050925925925952
traffic,arima,17,1064,2012-04-14 08:00:00,67.46875,53.012115202991325,67.49421296296296,14.456634797008675,0.02546296296296191
traffic,arima,18,1064,2012-04-14 08:00:00,67.37731481481482,52.958425033457466,67.49421296296296,14.418889781357358,0.11689814814813815
traffic,arima,19,1064,2012-04-14 08:00:00,66.96626984126983,52.91627086912215,67.49421296296296,14.049998972147684,0.5279431216931272
traffic,arima,20,1064,2012-04-14 08:00:00,65.17592592592592,52.88317405482194,67.49421296296296,12.292751871103981,2.318287037037038
traffic,arima,21,1064,2012-04-14 08:00:00,64.27959656084656,52.85718850549142,67.49421296296296,11.422408055355135,3.2146164021164054
traffic,arima,22,1064,2012-04-14 08:00:00,64.46412037037037,52.83678627680909,67.49421296296296,11.627334093561274,3.0300925925925952
traffic,arima,23,1064,2012-04-14 08:00:00,67.28058862433862,52.820767722422914,67.49421296296296,14.459820901915705,0.21362433862434216
traffic,arima,24,1064,2012-04-14 08:00:00,67.74371693121692,52.80819095502077,67.49421296296296,14.935525976196153,0.24950396825396126
traffic,arima,25,1064,2012-04-14 08:00:00,68.1468253968254,52.798316463573265,67.49421296296296,15.348508933252141,0.6526124338624442
traffic,arima,26,1064,2012-04-14 08:00:00,68.27876984126983,52.79056363025536,67.49421296296296,15.488206211014472,0.7845568783068728
traffic,arima,27,1064,2012-04-14 08:00:00,67.73842592592592,52.78447659025187,67.49421296296296,14.953949335674054,0.2442129629629619
traffic,arima,28,1064,2012-04-14 08:00:00,68.02083333333333,52.77969742701117,67.49421296296296,15.241135906322157,0.5266203703703667
traffic,arima,29,1064,2012-04-14 08:00:00,68.5,52.77594512683439,67.49421296296296,15.724054873165613,1.005787037037038
traffic,arima,30,1064,2012-04-14 08:00:00,68.67361111111111,52.772999055334495,67.49421296296296,15.90061205577662,1.1793981481481524
traffic,arima,31,1064,2012-04-14 08:00:00,68.45965608465609,52.7706859841852,67.49421296296296,15.68897010047089,0.9654431216931272
traffic,arima,32,1064,2012-04-14 08:00:00,68.35119047619047,52.76886990533513,67.49421296296296,15.582320570855337,0.8569775132275055
traffic,arima,33,1064,2012-04-14 08:00:00,68.91683201058201,52.76744403376579,67.49421296296296,16.14938797681622,1.422619047619051
traffic,arima,34,1064,2012-04-14 08:00:00,68.91468253968254,52.76632452855698,67.49421296296296,16.148358011125566,1.420469576719583
traffic,arima,35,1064,2012-04-14 08:00:00,69.05092592592592,52.76544556306001,67.49421296296296,16.28548036286591,1.556712962962962
traffic,arima,36,1064,2012-04-14 08:00:00,68.10416666666667,52.76475545430592,67.49421296296296,15.339411212360751,0.6099537037037095
traffic,arima,37,1064,2012-04-14 08:00:00,66.28703703703704,52.76421362405874,67.49421296296296,13.522823412978298,1.2071759259259238
traffic,arima,38,1064,2012-04-14 08:00:00,67.18981481481482,52.76378821282463,67.49421296296296,14.426026601990195,0.30439814814813815
traffic,arima,39,1064,2012-04-14 08:00:00,67.5978835978836,52.76345420652089,67.49421296296296,14.834429391362704,0.10367063492063266
traffic,arima,40,1064,2012-04-14 08:00:00,66.94874338624338,52.76319196565373,67.49421296296296,14.185551420589647,0.545469576719583
traffic,arima,41,1064,2012-04-14 08:00:00,66.1238425925926,52.76298607052049,67.49421296296296,13.360856522072105,1.3703703703703667
traffic,arima,42,1064,2012-04-14 08:00:00,65.42708333333333,52.76282441453471,67.49421296296296,12.664258918798616,2.0671296296296333
traffic,arima,43,1064,2012-04-14 08:00:00,63.9717261904762,52.76269749236164,67.49421296296296,11.209028698114558,3.522486772486765
traffic,arima,44,1064,2012-04-14 08:00:00,62.22602513227513,52.76259784100668,67.49421296296296,9.463427291268452,5.268187830687829
traffic,arima,45,1064,2012-04-14 08:00:00,63.55092592592592,52.76251960099311,67.49421296296296,10.788406324932808,3.943287037037045
traffic,arima,46,1064,2012-04-14 08:00:00,65.72916666666667,52.762458171826125,67.49421296296296,12.966708494840546,1.7650462962962905
traffic,arima,47,1064,2012-04-14 08:00:00,67.09722222222221,52.76240994148485,67.49421296296296,14.334812280737367,0.3969907407407476
traffic,arima,48,1064,2012-04-14 08:00:00,67.65856481481481,52.7623720740363,67.49421296296296,14.89619274077851,0.16435185185184764
traffic,arima,49,1064,2012-04-14 08:00:00,65.52546296296296,52.76234234288323,67.49421296296296,12.763120620079732,1.96875
traffic,arima,50,1064,2012-04-14 08:00:00,65.0324074074074,52.762318999840666,67.49421296296296,12.270088407566739,2.461805555555557
traffic,arima,51,1064,2012-04-14 08:00:00,64.8369708994709,52.76230067234309,67.49421296296296,12.074670227127811,2.6572420634920633
traffic,arima,52,1064,2012-04-14 08:00:00,65.12876984126984,52.76228628273785,67.49421296296296,12.366483558531996,2.3654431216931187
traffic,arima,53,1064,2012-04-14 08:00:00,64.29745370370371,52.76227498491947,67.49421296296296,11.535178718784238,3.1967592592592524
traffic,arima,54,1064,2012-04-14 08:00:00,63.87037037037037,52.762266114578836,67.49421296296296,11.108104255791531,3.6238425925925952
traffic,arima,55,1064,2012-04-14 08:00:00,63.8343253968254,52.76225915014196,67.49421296296296,11.072066246683441,3.659887566137563
traffic,arima,56,1064,2012-04-14 08:00:00,40.86276455026455,52.762253682101544,67.49421296296296,11.899489131836994,26.63144841269841
traffic,arima,57,1064,2012-04-14 08:00:00,19.571428571428573,52.76224938893808,67.49421296296296,33.190820817509504,47.92278439153439
traffic,arima,58,1064,2012-04-14 08:00:00,16.10300925925926,52.76224601821455,67.49421296296296,36.65923675895529,51.3912037037037
traffic,arima,59,1064,2012-04-14 08:00:00,14.59722222222222,52.76224337173316,67.49421296296296,38.16502114951094,52.89699074074074
traffic,arima,60,1064,2012-04-14 08:00:00,29.65277777777777,52.76224129388145,67.49421296296296,23.10946351610368,37.84143518518519
traffic,arima,61,1064,2012-04-14 08:00:00,42.79768518518518,52.762239662482195,67.49421296296296,9.964554477297014,24.69652777777778
traffic,arima,62,1064,2012-04-14 08:00:00,65.76504629629629,52.76223838160949,67.49421296296296,13.002807914686798,1.7291666666666714
traffic,arima,63,1064,2012-04-14 08:00:00,65.45486111111111,52.76223737594833,67.49421296296296,12.692623735162783,2.0393518518518476
traffic,arima,64,1064,2012-04-14 08:00:00,62.879629629629626,52.76223658636606,67.49421296296296,10.117393043263569,4.614583333333336
traffic,arima,65,1064,2012-04-14 08:00:00,61.93055555555555,52.762235966435426,67.49421296296296,9.168319589120124,5.563657407407412
traffic,arima,66,1064,2012-04-14 08:00:00,59.95717592592592,52.76223547970466,67.49421296296296,7.19494044622126,7.537037037037045
traffic,arima,67,1064,2012-04-14 08:00:00,58.96527777777778,52.76223509755408,67.49421296296296,6.203042680223696,8.528935185185183
traffic,arima,68,1064,2012-04-14 08:00:00,58.94642857142858,52.762234797513344,67.49421296296296,6.184193773915233,8.547784391534385
traffic,arima,69,1064,2012-04-14 08:00:00,61.31994047619048,52.76223456194012,67.49421296296296,8.557705914250363,6.17427248677248
traffic,arima,70,1064,2012-04-14 08:00:00,63.723379629629626,52.76223437698275,67.49421296296296,10.96114525264688,3.7708333333333357
traffic,arima,71,1064,2012-04-14 08:00:00,66.68468915343915,52.76223423176579,67.49421296296296,13.922454921673364,0.8095238095238102
traffic,arima,72,1064,2012-04-14 08:00:00,66.62946428571429,52.76223411775051,67.49421296296296,13.867230167963783,0.8647486772486701
traffic,arima,1,1088,2012-04-15 08:00:00,68.1468253968254,64.99682402181739,67.74371693121692,3.150001375008017,0.4031084656084829
traffic,arima,2,1088,2012-04-15 08:00:00,68.27876984126983,62.55423960416384,67.74371693121692,5.724530237105995,0.5350529100529116
traffic,arima,3,1088,2012-04-15 08:00:00,67.73842592592592,60.593183679919555,67.74371693121692,7.145242246006369,0.005291005290999351
traffic,arima,4,1088,2012-04-15 08:00:00,68.02083333333333,59.034568676984534,67.74371693121692,8.986264656348794,0.2771164021164054
traffic,arima,5,1088,2012-04-15 08:00:00,68.5,57.797124627333076,67.74371693121692,10.702875372666924,0.7562830687830768
traffic,arima,6,1088,2012-04-15 08:00:00,68.67361111111111,56.81478117731175,67.74371693121692,11.858829933799363,0.9298941798941911
traffic,arima,7,1088,2012-04-15 08:00:00,68.45965608465609,56.03495833809939,67.74371693121692,12.424697746556696,0.7159391534391659
traffic,arima,8,1088,2012-04-15 08:00:00,68.35119047619047,55.41590510253894,67.74371693121692,12.935285373651524,0.6074735449735442
traffic,arima,9,1088,2012-04-15 08:00:00,68.91683201058201,54.92447700142467,67.74371693121692,13.992355009157343,1.1731150793650897
traffic,arima,10,1088,2012-04-15 08:00:00,68.91468253968254,54.53436261180321,67.74371693121692,14.380319927879334,1.1709656084656217
traffic,arima,11,1088,2012-04-15 08:00:00,69.05092592592592,54.2246749150363,67.74371693121692,14.82625101088962,1.3072089947090006
traffic,arima,12,1088,2012-04-15 08:00:00,68.10416666666667,53.97883299772955,67.74371693121692,14.125333668937124,0.36044973544974823
traffic,arima,13,1088,2012-04-15 08:00:00,66.28703703703704,53.783674297739196,67.74371693121692,12.503362739297842,1.456679894179885
traffic,arima,14,1088,2012-04-15 08:00:00,67.18981481481482,53.62874987069637,67.74371693121692,13.561064944118456,0.5539021164020994
traffic,arima,15,1088,2012-04-15 08:00:00,67.5978835978836,53.50576494562908,67.74371693121692,14.092118652254513,0.1458333333333286
traffic,arima,16,1088,2012-04-15 08:00:00,66.94874338624338,53.408134816652556,67.74371693121692,13.540608569590823,0.7949735449735442
traffic,arima,17,1088,2012-04-15 08:00:00,66.1238425925926,53.330632292837066,67.74371693121692,12.793210299755529,1.619874338624328
traffic,arima,18,1088,2012-04-15 08:00:00,65.42708333333333,53.26910783045297,67.74371693121692,12.157975502880362,2.3166335978835946
traffic,arima,19,1088,2012-04-15 08:00:00,63.9717261904762,53.22026736326169,67.74371693121692,10.751458827214506,3.7719907407407263
traffic,arima,20,1088,2012-04-15 08:00:00,62.22602513227513,53.181495935718445,67.74371693121692,9.044529196556688,5.51769179894179
traffic,arima,21,1088,2012-04-15 08:00:00,63.55092592592592,53.150717696275024,67.74371693121692,10.400208229650893,4.1927910052910065
traffic,arima,22,1088,2012-04-15 08:00:00,65.72916666666667,53.12628475471827,67.74371693121692,12.602881911948401,2.0145502645502518
traffic,arima,23,1088,2012-04-15 08:00:00,67.09722222222221,53.10688895288193,67.74371693121692,13.990333269340283,0.6464947089947088
traffic,arima,24,1088,2012-04-15 08:00:00,67.65856481481481,53.091491824869294,67.74371693121692,14.567072989945515,0.08515211640211362
traffic,arima,25,1088,2012-04-15 08:00:00,65.52546296296296,53.07926899680383,67.74371693121692,12.446193966159129,2.2182539682539613
traffic,arima,26,1088,2012-04-15 08:00:00,65.0324074074074,53.069566049228456,67.74371693121692,11.962841358178949,2.7113095238095184
traffic,arima,27,1088,2012-04-15 08:00:00,64.8369708994709,53.061863478992976,67.74371693121692,11.775107420477923,2.9067460317460245
traffic,arima,28,1088,2012-04-15 08:00:00,65.12876984126984,53.05574888466258,67.74371693121692,12.073020956607266,2.61494708994708
traffic,arima,29,1088,2012-04-15 08:00:00,64.29745370370371,53.05089488623318,67.74371693121692,11.246558817470529,3.4462632275132137
traffic,arima,30,1088,2012-04-15 08:00:00,63.87037037037037,53.047041596958465,67.74371693121692,10.823328773411902,3.8733465608465565
traffic,arima,31,1088,2012-04-15 08:00:00,63.8343253968254,53.04398270881694,67.74371693121692,10.790342688008458,3.909391534391524
traffic,arima,32,1088,2012-04-15 08:00:00,40.86276455026455,53.041554446624495,67.74371693121692,12.178789896359945,26.880952380952372
traffic,arima,33,1088,2012-04-15 08:00:00,19.571428571428573,53.03962679938718,67.74371693121692,33.46819822795861,48.172288359788354
traffic,arima,34,1088,2012-04-15 08:00:00,16.10300925925926,53.03809655941429,67.74371693121692,36.93508730015503,51.640707671957664
traffic,arima,35,1088,2012-04-15 08:00:00,14.59722222222222,53.03688179650057,67.74371693121692,38.43965957427835,53.1464947089947
traffic,arima,36,1088,2012-04-15 08:00:00,29.65277777777777,53.03591747132107,67.74371693121692,23.3831396935433,38.09093915343915
traffic,arima,37,1088,2012-04-15 08:00:00,42.79768518518518,53.035151953176474,67.74371693121692,10.237466767991293,24.946031746031743
traffic,arima,38,1088,2012-04-15 08:00:00,65.76504629629629,53.03454425564648,67.74371693121692,12.73050204064981,1.9786706349206327
traffic,arima,39,1088,2012-04-15 08:00:00,65.45486111111111,53.034061842145796,67.74371693121692,12.420799268965318,2.288855820105809
traffic,arima,40,1088,2012-04-15 08:00:00,62.879629629629626,53.03367888389083,67.74371693121692,9.845950745738797,4.864087301587297
traffic,arima,41,1088,2012-04-15 08:00:00,61.93055555555555,53.03337487700702,67.74371693121692,8.89718067854853,5.813161375661373
traffic,arima,42,1088,2012-04-15 08:00:00,59.95717592592592,53.03313354473593,67.74371693121692,6.9240423811899845,7.7865410052910065
traffic,arima,43,1088,2012-04-15 08:00:00,58.96527777777778,53.03294196596528,67.74371693121692,5.9323358118125,8.778439153439145
traffic,arima,44,1088,2012-04-15 08:00:00,58.94642857142858,53.03278988342283,67.74371693121692,5.913638688005747,8.797288359788347
traffic,arima,45,1088,2012-04-15 08:00:00,61.31994047619048,53.03266915449425,67.74371693121692,8.287271321696231,6.423776455026442
traffic,arima,46,1088,2012-04-15 08:00:00,63.723379629629626,53.032573315261416,67.74371693121692,10.69080631436821,4.020337301587297
traffic,arima,47,1088,2012-04-15 08:00:00,66.68468915343915,53.03249723441934,67.74371693121692,13.652191919019813,1.0590277777777715
traffic,arima,48,1088,2012-04-15 08:00:00,66.62946428571429,53.032436838542196,67.74371693121692,13.597027447172096,1.1142526455026314
traffic,arima,49,1088,2012-04-15 08:00:00,67.10763888888889,53.03238889398906,67.74371693121692,14.075249994899828,0.6360780423280374
traffic,arima,50,1088,2012-04-15 08:00:00,66.30324074074075,53.03235083377229,67.74371693121692,13.270889906968456,1.4404761904761756
traffic,arima,51,1088,2012-04-15 08:00:00,65.6736111111111,53.032320620119116,67.74371693121692,12.641290490991985,2.070105820105823
traffic,arima,52,1088,2012-04-15 08:00:00,63.82175925925926,53.0322966353677,67.74371693121692,10.78946262389156,3.9219576719576636
traffic,arima,53,1088,2012-04-15 08:00:00,63.573082010582006,53.032277595356305,67.74371693121692,10.5408044152257,4.170634920634917
traffic,arima,54,1088,2012-04-15 08:00:00,63.08085317460317,53.03226248066833,67.74371693121692,10.048590693934841,4.662863756613753
traffic,arima,55,1088,2012-04-15 08:00:00,63.261243386243386,53.03225048205194,67.74371693121692,10.228992904191443,4.482473544973537
traffic,arima,56,1088,2012-04-15 08:00:00,63.39699074074074,53.032240957092164,67.74371693121692,10.364749783648577,4.346726190476183
traffic,arima,57,1088,2012-04-15 08:00:00,19.32060185185185,53.03223339581544,67.74371693121692,33.71163154396359,48.423115079365076
traffic,arima,58,1088,2012-04-15 08:00:00,14.481316137566138,53.03222739338529,67.74371693121692,38.55091125581915,53.262400793650784
traffic,arima,59,1088,2012-04-15 08:00:00,16.78885582010582,53.032222628427064,67.74371693121692,36.24336680832124,50.9548611111111
traffic,arima,60,1088,2012-04-15 08:00:00,49.04365079365079,53.03221884582131,67.74371693121692,3.988568052170521,18.700066137566132
traffic,arima,61,1088,2012-04-15 08:00:00,0.0,53.03221584304444,67.74371693121692,53.03221584304444,67.74371693121692
traffic,arima,62,1088,2012-04-15 08:00:00,0.0,53.032213459325526,67.74371693121692,53.032213459325526,67.74371693121692
traffic,arima,63,1088,2012-04-15 08:00:00,16.055555555555557,53.03221156703844,67.74371693121692,36.97665601148288,51.688161375661366
traffic,arima,64,1088,2012-04-15 08:00:00,64.13458994708995,53.0322100648687,67.74371693121692,11.10237988222125,3.6091269841269735
traffic,arima,65,1088,2012-04-15 08:00:00,63.31646825396825,53.03220887238901,67.74371693121692,10.28425938157924,4.42724867724867
traffic,arima,66,1088,2012-04-15 08:00:00,60.66435185185185,53.032207925753106,67.74371693121692,7.632143926098742,7.0793650793650755
traffic,arima,67,1088,2012-04-15 08:00:00,60.61111111111112,53.03220717427739,67.74371693121692,7.578903936833733,7.132605820105802
traffic,arima,68,1088,2012-04-15 08:00:00,59.66203703703704,53.032206577727266,67.74371693121692,6.6298304593097726,8.081679894179885
traffic,arima,69,1088,2012-04-15 08:00:00,59.85333994708995,53.03220610416301,67.74371693121692,6.82113384292694,7.8903769841269735
traffic,arima,70,1088,2012-04-15 08:00:00,64.12748015873017,53.03220572822961,67.74371693121692,11.095274430500552,3.616236772486758
traffic,arima,71,1088,2012-04-15 08:00:00,66.6111111111111,53.03220542979934,67.74371693121692,13.57890568131176,1.1326058201058231
traffic,arima,72,1088,2012-04-15 08:00:00,66.54745370370371,53.03220519289399,67.74371693121692,13.51524851080972,1.1962632275132137
traffic,arima,1,1112,2012-04-16 08:00:00,65.52546296296296,65.0753705578738,67.65856481481481,0.4500924050891655,2.1331018518518476
traffic,arima,2,1112,2012-04-16 08:00:00,65.0324074074074,62.784244719910895,67.65856481481481,2.24816268749651,2.6261574074074048
traffic,arima,3,1112,2012-04-16 08:00:00,64.8369708994709,60.93221995042726,67.65856481481481,3.9047509490436383,2.821593915343911
traffic,arima,4,1112,2012-04-16 08:00:00,65.12876984126984,59.447004884386395,67.65856481481481,5.681764956883448,2.5297949735449663
traffic,arima,5,1112,2012-04-16 08:00:00,64.29745370370371,58.25680733200927,67.65856481481481,6.040646371694443,3.3611111111111
traffic,arima,6,1112,2012-04-16 08:00:00,63.87037037037037,57.303088629200225,67.65856481481481,6.567281741170142,3.788194444444443
traffic,arima,7,1112,2012-04-16 08:00:00,63.8343253968254,56.538867649664404,67.65856481481481,7.295457747160995,3.8242394179894106
traffic,arima,8,1112,2012-04-16 08:00:00,40.86276455026455,55.92649275670789,67.65856481481481,15.063728206443336,26.79580026455026
traffic,arima,9,1112,2012-04-16 08:00:00,19.571428571428573,55.435793075543806,67.65856481481481,35.86436450411523,48.08713624338624
traffic,arima,10,1112,2012-04-16 08:00:00,16.10300925925926,55.04259247443921,67.65856481481481,38.93958321517995,51.55555555555555
traffic,arima,11,1112,2012-04-16 08:00:00,14.59722222222222,54.72751847178452,67.65856481481481,40.1302962495623,53.06134259259259
traffic,arima,12,1112,2012-04-16 08:00:00,29.65277777777777,54.475047781591606,67.65856481481481,24.822270003813834,38.00578703703704
traffic,arima,13,1112,2012-04-16 08:00:00,42.79768518518518,54.27274150157734,67.65856481481481,11.475056316392163,24.86087962962963
traffic,arima,14,1112,2012-04-16 08:00:00,65.76504629629629,54.11063226465197,67.65856481481481,11.654414031644322,1.893518518518519
traffic,arima,15,1112,2012-04-16 08:00:00,65.45486111111111,53.980733159717246,67.65856481481481,11.474127951393868,2.2037037037036953
traffic,arima,16,1112,2012-04-16 08:00:00,62.879629629629626,53.87664422695268,67.65856481481481,9.002985402676948,4.778935185185183
traffic,arima,17,1112,2012-04-16 08:00:00,61.93055555555555,53.793237140125456,67.65856481481481,8.137318415430094,5.7280092592592595
traffic,arima,18,1112,2012-04-16 08:00:00,59.95717592592592,53.72640254063218,67.65856481481481,6.2307733852937375,7.701388888888893
traffic,arima,19,1112,2012-04-16 08:00:00,58.96527777777778,53.67284757474924,67.65856481481481,5.2924302030285375,8.693287037037031
traffic,arima,20,1112,2012-04-16 08:00:00,58.94642857142858,53.629933659015954,67.65856481481481,5.316494912412622,8.712136243386233
traffic,arima,21,1112,2012-04-16 08:00:00,61.31994047619048,53.595546480661866,67.65856481481481,7.724393995528615,6.338624338624328
traffic,arima,22,1112,2012-04-16 08:00:00,63.723379629629626,53.5679918281686,67.65856481481481,10.155387801461025,3.9351851851851833
traffic,arima,23,1112,2012-04-16 08:00:00,66.68468915343915,53.54591211967358,67.65856481481481,13.138777033765571,0.9738756613756578
traffic,arima,24,1112,2012-04-16 08:00:00,66.62946428571429,53.52821951667871,67.65856481481481,13.101244769035581,1.0291005291005177
traffic,arima,25,1112,2012-04-16 08:00:00,67.10763888888889,53.51404232766352,67.65856481481481,13.593596561225368,0.5509259259259238
traffic,arima,26,1112,2012-04-16 08:00:00,66.30324074074075,53.50268206097858,67.65856481481481,12.800558679762169,1.355324074074062
traffic,arima,27,1112,2012-04-16 08:00:00,65.6736111111111,53.49357901107111,67.65856481481481,12.180032100039988,1.9849537037037095
traffic,arima,28,1112,2012-04-16 08:00:00,63.82175925925926,53.48628468252092,67.65856481481481,10.335474576738342,3.83680555555555
traffic,arima,29,1112,2012-04-16 08:00:00,63.573082010582006,53.48043969325477,67.65856481481481,10.092642317327233,4.085482804232804
traffic,arima,30,1112,2012-04-16 08:00:00,63.08085317460317,53.47575606825953,67.65856481481481,9.605097106343642,4.577711640211639
traffic,arima,31,1112,2012-04-16 08:00:00,63.261243386243386,53.47200305142796,67.65856481481481,9.789240334815425,4.3973214285714235
traffic,arima,32,1112,2012-04-16 08:00:00,63.39699074074074,53.4689957365058,67.65856481481481,9.927995004234937,4.261574074074069
traffic,arima,33,1112,2012-04-16 08:00:00,19.32060185185185,53.46658595700123,67.65856481481481,34.14598410514938,48.33796296296296
traffic,arima,34,1112,2012-04-16 08:00:00,14.481316137566138,53.464654986214676,67.65856481481481,38.983338848648536,53.17724867724867
traffic,arima,35,1112,2012-04-16 08:00:00,16.78885582010582,53.46310768772887,67.65856481481481,36.674251867623056,50.869708994708986
traffic,arima,36,1112,2012-04-16 08:00:00,49.04365079365079,53.46186782816143,67.65856481481481,4.41821703451064,18.61491402116402
traffic,arima,37,1112,2012-04-16 08:00:00,0.0,53.46087432124529,67.65856481481481,53.46087432124529,67.65856481481481
traffic,arima,38,1112,2012-04-16 08:00:00,0.0,53.46007821818787,67.65856481481481,53.46007821818787,67.65856481481481
traffic,arima,39,1112,2012-04-16 08:00:00,16.055555555555557,53.45944029602774,67.65856481481481,37.403884740472186,51.60300925925925
traffic,arima,40,1112,2012-04-16 08:00:00,64.13458994708995,53.45892912517043,67.65856481481481,10.675660821919521,3.52397486772486
traffic,arima,41,1112,2012-04-16 08:00:00,63.31646825396825,53.458519520893134,67.65856481481481,9.85794873307512,4.3420965608465565
traffic,arima,42,1112,2012-04-16 08:00:00,60.66435185185185,53.45819130252627,67.65856481481481,7.206160549325581,6.994212962962962
traffic,arima,43,1112,2012-04-16 08:00:00,60.61111111111112,53.4579282991781,67.65856481481481,7.153182811933021,7.047453703703688
traffic,arima,44,1112,2012-04-16 08:00:00,59.66203703703704,53.45771755301601,67.65856481481481,6.204319484021028,7.9965277777777715
traffic,arima,45,1112,2012-04-16 08:00:00,59.85333994708995,53.4575486808509,67.65856481481481,6.395791266239051,7.80522486772486
traffic,arima,46,1112,2012-04-16 08:00:00,64.12748015873017,53.457413362571,67.65856481481481,10.670066796159162,3.5310846560846443
traffic,arima,47,1112,2012-04-16 08:00:00,66.6111111111111,53.457304931220804,67.65856481481481,13.153806179890296,1.0474537037037095
traffic,arima,48,1112,2012-04-16 08:00:00,66.54745370370371,53.45721804452881,67.65856481481481,13.090235659174901,1.1111111111111
traffic,arima,49,1112,2012-04-16 08:00:00,67.10879629629629,53.45714842170081,67.65856481481481,13.651647874595483,0.549768518518519
traffic,arima,50,1112,2012-04-16 08:00:00,66.30224867724867,53.45709263251067,67.65856481481481,12.845156044737998,1.3563161375661394
traffic,arima,51,1112,2012-04-16 08:00:00,65.18981481481482,53.457047928297634,67.65856481481481,11.73276688651719,2.468749999999986
traffic,arima,52,1112,2012-04-16 08:00:00,64.10879629629629,53.457012106543296,67.65856481481481,10.651784189752995,3.549768518518519
traffic,arima,53,1112,2012-04-16 08:00:00,63.11921296296296,53.45698340235646,67.65856481481481,9.662229560606505,4.539351851851848
traffic,arima,54,1112,2012-04-16 08:00:00,63.07771164021164,53.45696040151918,67.65856481481481,9.620751238692456,4.58085317460317
traffic,arima,55,1112,2012-04-16 08:00:00,64.12037037037037,53.45694197081017,67.65856481481481,10.663428399560196,3.538194444444443
traffic,arima,56,1112,2012-04-16 08:00:00,63.58101851851851,53.45692720217237,67.65856481481481,10.124091316346139,4.077546296296298
traffic,arima,57,1112,2012-04-16 08:00:00,65.00859788359789,53.456915367974226,67.65856481481481,11.55168251562366,2.649966931216923
traffic,arima,58,1112,2012-04-16 08:00:00,24.975462962962965,53.45690588516019,67.65856481481481,28.481442922197225,42.683101851851845
traffic,arima,59,1112,2012-04-16 08:00:00,18.76226851851852,53.456898286524364,67.65856481481481,34.69462976800584,48.896296296296285
traffic,arima,60,1112,2012-04-16 08:00:00,64.51273148148148,53.45689219769185,67.65856481481481,11.05583928378963,3.1458333333333286
traffic,arima,61,1112,2012-04-16 08:00:00,67.22453703703704,53.4568873186738,67.65856481481481,13.767649718363238,0.43402777777777146
traffic,arima,62,1112,2012-04-16 08:00:00,66.51388888888889,53.45688340908734,67.65856481481481,13.057005479801546,1.1446759259259238
traffic,arima,63,1112,2012-04-16 08:00:00,66.00231481481482,53.45688027631223,67.65856481481481,12.54543453850259,1.6562499999999858
traffic,arima,64,1112,2012-04-16 08:00:00,64.5636574074074,53.45687776600072,67.65856481481481,11.106779641406682,3.0949074074074048
traffic,arima,65,1112,2012-04-16 08:00:00,62.942129629629626,53.456875754473046,67.65856481481481,9.48525387515658,4.716435185185183
traffic,arima,66,1112,2012-04-16 08:00:00,61.03935185185185,53.45687414262384,67.65856481481481,7.582477709228009,6.619212962962962
traffic,arima,67,1112,2012-04-16 08:00:00,60.64236111111112,53.456872851039385,67.65856481481481,7.185488260071736,7.016203703703688
traffic,arima,68,1112,2012-04-16 08:00:00,58.48032407407408,53.45687181608501,67.65856481481481,5.023452257989071,9.178240740740726
traffic,arima,69,1112,2012-04-16 08:00:00,61.30820105820106,53.45687098676986,67.65856481481481,7.8513300714311995,6.350363756613753
traffic,arima,70,1112,2012-04-16 08:00:00,63.93287037037037,53.45687032223464,67.65856481481481,10.476000048135724,3.725694444444443
traffic,arima,71,1112,2012-04-16 08:00:00,66.19791666666667,53.45686978973858,67.65856481481481,12.741046876928088,1.4606481481481381
traffic,arima,72,1112,2012-04-16 08:00:00,66.04662698412699,53.456869363046295,67.65856481481481,12.589757621080693,1.6119378306878218
traffic,arima,1,1136,2012-04-17 08:00:00,67.10763888888889,64.11020437499884,66.62946428571429,2.997434513890042,0.4781746031745939
traffic,arima,2,1136,2012-04-17 08:00:00,66.30324074074075,61.892616038012086,66.62946428571429,4.410624702728661,0.3262235449735442
traffic,arima,3,1136,2012-04-17 08:00:00,65.6736111111111,60.10907167821136,66.62946428571429,5.564539432899743,0.9558531746031917
traffic,arima,4,1136,2012-04-17 08:00:00,63.82175925925926,58.68767133164389,66.62946428571429,5.134087927615369,2.8077050264550323
traffic,arima,5,1136,2012-04-17 08:00:00,63.573082010582006,57.55598958297738,66.62946428571429,6.017092427604624,3.056382275132286
traffic,arima,6,1136,2012-04-17 08:00:00,63.08085317460317,56.65506892790583,66.62946428571429,6.42578424669734,3.5486111111111214
traffic,arima,7,1136,2012-04-17 08:00:00,63.261243386243386,55.937863013139975,66.62946428571429,7.3233803731034115,3.3682208994709057
traffic,arima,8,1136,2012-04-17 08:00:00,63.39699074074074,55.36690962783528,66.62946428571429,8.030081112905464,3.2324735449735513
traffic,arima,9,1136,2012-04-17 08:00:00,19.32060185185185,54.9123850362665,66.62946428571429,35.59178318441465,47.308862433862444
traffic,arima,10,1136,2012-04-17 08:00:00,14.481316137566138,54.5505470881166,66.62946428571429,40.06923095055046,52.14814814814815
traffic,arima,11,1136,2012-04-17 08:00:00,16.78885582010582,54.2624951257997,66.62946428571429,37.47363930569388,49.84060846560847
traffic,arima,12,1136,2012-04-17 08:00:00,49.04365079365079,54.03318271286646,66.62946428571429,4.989531919215672,17.5858134920635
traffic,arima,13,1136,2012-04-17 08:00:00,0.0,53.85063168179072,66.62946428571429,53.85063168179072,66.62946428571429
traffic,arima,14,1136,2012-04-17 08:00:00,0.0,53.705306452683054,66.62946428571429,53.705306452683054,66.62946428571429
traffic,arima,15,1136,2012-04-17 08:00:00,16.055555555555557,53.589615940880755,66.62946428571429,37.5340603853252,50.573908730158735
traffic,arima,16,1136,2012-04-17 08:00:00,64.13458994708995,53.497517035527146,66.62946428571429,10.637072911562804,2.494874338624342
traffic,arima,17,1136,2012-04-17 08:00:00,63.31646825396825,53.42419893678947,66.62946428571429,9.89226931717878,3.3129960317460387
traffic,arima,18,1136,2012-04-17 08:00:00,60.66435185185185,53.36583186302385,66.62946428571429,7.298519988827998,5.965112433862444
traffic,arima,19,1136,2012-04-17 08:00:00,60.61111111111112,53.31936700156924,66.62946428571429,7.291744109541881,6.01835317460317
traffic,arima,20,1136,2012-04-17 08:00:00,59.66203703703704,53.28237725357081,66.62946428571429,6.379659783466231,6.967427248677254
traffic,arima,21,1136,2012-04-17 08:00:00,59.85333994708995,53.25293045411518,66.62946428571429,6.600409492974769,6.776124338624342
traffic,arima,22,1136,2012-04-17 08:00:00,64.12748015873017,53.22948844531272,66.62946428571429,10.897991713417447,2.5019841269841265
traffic,arima,23,1136,2012-04-17 08:00:00,66.6111111111111,53.21082673039451,66.62946428571429,13.400284380716592,0.018353174603191746
traffic,arima,24,1136,2012-04-17 08:00:00,66.54745370370371,53.19597051194398,66.62946428571429,13.351483191759726,0.08201058201058231
traffic,arima,25,1136,2012-04-17 08:00:00,67.10879629629629,53.184143773210856,66.62946428571429,13.924652523085435,0.4793320105819987
traffic,arima,26,1136,2012-04-17 08:00:00,66.30224867724867,53.17472874276233,66.62946428571429,13.127519934486337,0.3272156084656217
traffic,arima,27,1136,2012-04-17 08:00:00,65.18981481481482,53.16723362510167,66.62946428571429,12.02258118971315,1.439649470899468
traffic,arima,28,1136,2012-04-17 08:00:00,64.10879629629629,53.16126691165829,66.62946428571429,10.947529384638003,2.5206679894180013
traffic,arima,29,1136,2012-04-17 08:00:00,63.11921296296296,53.15651693028009,66.62946428571429,9.96269603268287,3.51025132275133
traffic,arima,30,1136,2012-04-17 08:00:00,63.07771164021164,53.152735564992945,66.62946428571429,9.924976075218694,3.5517526455026527
traffic,arima,31,1136,2012-04-17 08:00:00,64.12037037037037,53.14972529562631,66.62946428571429,10.970645074744056,2.509093915343925
traffic,arima,32,1136,2012-04-17 08:00:00,63.58101851851851,53.1473288803182,66.62946428571429,10.433689638200313,3.04844576719578
traffic,arima,33,1136,2012-04-17 08:00:00,65.00859788359789,53.14542114196342,66.62946428571429,11.863176741634469,1.6208664021164054
traffic,arima,34,1136,2012-04-17 08:00:00,24.975462962962965,53.143902429569124,66.62946428571429,28.16843946660616,41.65400132275133
traffic,arima,35,1136,2012-04-17 08:00:00,18.76226851851852,53.14269341297059,66.62946428571429,34.38042489445206,47.86719576719577
traffic,arima,36,1136,2012-04-17 08:00:00,64.51273148148148,53.141730939008426,66.62946428571429,11.371000542473055,2.116732804232811
traffic,arima,37,1136,2012-04-17 08:00:00,67.22453703703704,53.14096473271402,66.62946428571429,14.08357230432302,0.5950727513227463
traffic,arima,38,1136,2012-04-17 08:00:00,66.51388888888889,53.14035477118916,66.62946428571429,13.373534117699727,0.11557539682540607
traffic,arima,39,1136,2012-04-17 08:00:00,66.00231481481482,53.13986919300412,66.62946428571429,12.862445621810707,0.627149470899468
traffic,arima,40,1136,2012-04-17 08:00:00,64.5636574074074,53.139482633911165,66.62946428571429,11.42417477349624,2.065806878306887
traffic,arima,41,1136,2012-04-17 08:00:00,62.942129629629626,53.13917490193936,66.62946428571429,9.802954727690263,3.6873346560846656
traffic,arima,42,1136,2012-04-17 08:00:00,61.03935185185185,53.138929922664026,66.62946428571429,7.9004219291878215,5.590112433862444
traffic,arima,43,1136,2012-04-17 08:00:00,60.64236111111112,53.13873489955676,66.62946428571429,7.503626211554362,5.98710317460317
traffic,arima,44,1136,2012-04-17 08:00:00,58.48032407407408,53.13857964555694,66.62946428571429,5.341744428517146,8.149140211640209
traffic,arima,45,1136,2012-04-17 08:00:00,61.30820105820106,53.13845605094912,66.62946428571429,8.16974500725194,5.321263227513235
traffic,arima,46,1136,2012-04-17 08:00:00,63.93287037037037,53.138357659750824,66.62946428571429,10.794512710619543,2.696593915343925
traffic,arima,47,1136,2012-04-17 08:00:00,66.19791666666667,53.13827933248337,66.62946428571429,13.0596373341833,0.4315476190476204
traffic,arima,48,1136,2012-04-17 08:00:00,66.04662698412699,53.13821697771046,66.62946428571429,12.908410006416531,0.5828373015873041
traffic,arima,49,1136,2012-04-17 08:00:00,66.32407407407408,53.13816733832137,66.62946428571429,13.18590673575271,0.3053902116402156
traffic,arima,50,1136,2012-04-17 08:00:00,65.47106481481482,53.13812782139534,66.62946428571429,12.332936993419487,1.158399470899468
traffic,arima,51,1136,2012-04-17 08:00:00,65.55555555555556,53.13809636275994,66.62946428571429,12.417459192795619,1.0739087301587347
traffic,arima,52,1136,2012-04-17 08:00:00,43.16286375661375,53.13807131916872,66.62946428571429,9.97520756255497,23.46660052910054
traffic,arima,53,1136,2012-04-17 08:00:00,59.21875,53.138051382466045,66.62946428571429,6.080698617533955,7.410714285714292
traffic,arima,54,1136,2012-04-17 08:00:00,5.479166666666667,53.13803551125531,66.62946428571429,47.658868844588646,61.15029761904763
traffic,arima,55,1136,2012-04-17 08:00:00,63.89930555555555,53.138022876501495,66.62946428571429,10.761282679054055,2.7301587301587418
traffic,arima,56,1136,2012-04-17 08:00:00,63.864583333333336,53.13801281822638,66.62946428571429,10.726570515106957,2.764880952380956
traffic,arima,57,1136,2012-04-17 08:00:00,63.683366402116405,53.138004811034484,66.62946428571429,10.545361591081921,2.9460978835978864
traffic,arima,58,1136,2012-04-17 08:00:00,26.887400793650794,53.13799843666898,66.62946428571429,26.250597643018185,39.742063492063494
traffic,arima,59,1136,2012-04-17 08:00:00,20.80324074074074,53.13799336216394,66.62946428571429,32.3347526214232,45.82622354497355
traffic,arima,60,1136,2012-04-17 08:00:00,65.60995370370371,53.137989322451844,66.62946428571429,12.471964381251865,1.0195105820105823
traffic,arima,61,1136,2012-04-17 08:00:00,67.25347222222221,53.137986106517744,66.62946428571429,14.11548611570447,0.6240079365079225
traffic,arima,62,1136,2012-04-17 08:00:00,67.13277116402116,53.13798354637685,66.62946428571429,13.994787617644313,0.5033068783068728
traffic,arima,63,1136,2012-04-17 08:00:00,65.70601851851852,53.13798150829983,66.62946428571429,12.568037010218688,0.9234457671957728
traffic,arima,64,1136,2012-04-17 08:00:00,64.32986111111111,53.13797988582743,66.62946428571429,11.191881225283687,2.2996031746031775
traffic,arima,65,1136,2012-04-17 08:00:00,62.70982142857142,53.13797859420956,66.62946428571429,9.571842834361867,3.9196428571428683
traffic,arima,66,1136,2012-04-17 08:00:00,61.36722883597884,53.137977565978375,66.62946428571429,8.229251270000468,5.262235449735449
traffic,arima,67,1136,2012-04-17 08:00:00,60.927083333333336,53.13797674742407,66.62946428571429,7.789106585909266,5.702380952380956
traffic,arima,68,1136,2012-04-17 08:00:00,59.813988095238095,53.137976095789334,66.62946428571429,6.676011999448761,6.815476190476197
traffic,arima,69,1136,2012-04-17 08:00:00,60.51157407407408,53.137975577035945,66.62946428571429,7.373598497038138,6.1178902116402085
traffic,arima,70,1136,2012-04-17 08:00:00,64.07523148148148,53.13797516406673,66.62946428571429,10.93725631741475,2.554232804232811
traffic,arima,71,1136,2012-04-17 08:00:00,66.24421296296296,53.137974835310196,66.62946428571429,13.106238127652766,0.3852513227513299
traffic,arima,72,1136,2012-04-17 08:00:00,66.84837962962963,53.13797457359368,66.62946428571429,13.710405056035952,0.2189153439153415
traffic,arima,1,1160,2012-04-18 08:00:00,67.10879629629629,63.83238721473177,66.54745370370371,3.2764090815645233,0.561342592592581
traffic,arima,2,1160,2012-04-18 08:00:00,66.30224867724867,61.460157646772856,66.54745370370371,4.842091030475814,0.2452050264550394
traffic,arima,3,1160,2012-04-18 08:00:00,65.18981481481482,59.57153088877786,66.54745370370371,5.618283926036966,1.3576388888888857
traffic,arima,4,1160,2012-04-18 08:00:00,64.10879629629629,58.08249890273525,66.54745370370371,6.0262973935610376,2.438657407407419
traffic,arima,5,1160,2012-04-18 08:00:00,63.11921296296296,56.909782989249734,66.54745370370371,6.2094299737132275,3.4282407407407476
traffic,arima,6,1160,2012-04-18 08:00:00,63.07771164021164,55.98629916296088,66.54745370370371,7.091412477250756,3.4697420634920704
traffic,arima,7,1160,2012-04-18 08:00:00,64.12037037037037,55.25908901541633,66.54745370370371,8.861281354954038,2.427083333333343
traffic,arima,8,1160,2012-04-18 08:00:00,63.58101851851851,54.68643815769164,66.54745370370371,8.894580360826872,2.9664351851851976
traffic,arima,9,1160,2012-04-18 08:00:00,65.00859788359789,54.235497049340836,66.54745370370371,10.77310083425705,1.5388558201058231
traffic,arima,10,1160,2012-04-18 08:00:00,24.975462962962965,53.88039781800812,66.54745370370371,28.904934855045155,41.571990740740745
traffic,arima,11,1160,2012-04-18 08:00:00,18.76226851851852,53.600770475335345,66.54745370370371,34.83850195681683,47.785185185185185
traffic,arima,12,1160,2012-04-18 08:00:00,64.51273148148148,53.38057441785988,66.54745370370371,11.132157063621598,2.0347222222222285
traffic,arima,13,1160,2012-04-18 08:00:00,67.22453703703704,53.20717827117755,66.54745370370371,14.017358765859491,0.6770833333333286
traffic,arima,14,1160,2012-04-18 08:00:00,66.51388888888889,53.07063530111305,66.54745370370371,13.443253587775835,0.03356481481482376
traffic,arima,15,1160,2012-04-18 08:00:00,66.00231481481482,52.96311282710914,66.54745370370371,13.039201987705681,0.5451388888888857
traffic,arima,16,1160,2012-04-18 08:00:00,64.5636574074074,52.878442906640444,66.54745370370371,11.68521450076696,1.9837962962963047
traffic,arima,17,1160,2012-04-18 08:00:00,62.942129629629626,52.81176851602036,66.54745370370371,10.130361113609268,3.6053240740740833
traffic,arima,18,1160,2012-04-18 08:00:00,61.03935185185185,52.75926493104056,66.54745370370371,8.280086920811286,5.508101851851862
traffic,arima,19,1160,2012-04-18 08:00:00,60.64236111111112,52.71792032466181,66.54745370370371,7.92444078644931,5.905092592592588
traffic,arima,20,1160,2012-04-18 08:00:00,58.48032407407408,52.68536299591424,66.54745370370371,5.794961078159844,8.067129629629626
traffic,arima,21,1160,2012-04-18 08:00:00,61.30820105820106,52.659725319128356,66.54745370370371,8.648475739072701,5.239252645502653
traffic,arima,22,1160,2012-04-18 08:00:00,63.93287037037037,52.63953660905102,66.54745370370371,11.293333761319346,2.614583333333343
traffic,arima,23,1160,2012-04-18 08:00:00,66.19791666666667,52.62363875613749,66.54745370370371,13.574277910529183,0.3495370370370381
traffic,arima,24,1160,2012-04-18 08:00:00,66.04662698412699,52.61111979250424,66.54745370370371,13.435507191622747,0.5008267195767218
traffic,arima,25,1160,2012-04-18 08:00:00,66.32407407407408,52.60126157760547,66.54745370370371,13.722812496468606,0.22337962962963331
traffic,arima,26,1160,2012-04-18 08:00:00,65.47106481481482,52.593498602663026,66.54745370370371,12.877566212151798,1.0763888888888857
traffic,arima,27,1160,2012-04-18 08:00:00,65.55555555555556,52.58738555069816,66.54745370370371,12.968170004857399,0.9918981481481524
traffic,arima,28,1160,2012-04-18 08:00:00,43.16286375661375,52.58257175127174,66.54745370370371,9.41970799465799,23.384589947089957
traffic,arima,29,1160,2012-04-18 08:00:00,59.21875,52.578781064549155,66.54745370370371,6.639968935450845,7.3287037037037095
traffic,arima,30,1160,2012-04-18 08:00:00,5.479166666666667,52.57579604075485,66.54745370370371,47.09662937408819,61.068287037037045
traffic,arima,31,1160,2012-04-18 08:00:00,63.89930555555555,52.57344544633632,66.54745370370371,11.325860109219228,2.6481481481481595
traffic,arima,32,1160,2012-04-18 08:00:00,63.864583333333336,52.57159444128538,66.54745370370371,11.292988892047958,2.682870370370374
traffic,arima,33,1160,2012-04-18 08:00:00,63.683366402116405,52.57013684414671,66.54745370370371,11.113229557969696,2.864087301587304
traffic,arima,34,1160,2012-04-18 08:00:00,26.887400793650794,52.568989041001835,66.54745370370371,25.68158824735104,39.66005291005291
traffic,arima,35,1160,2012-04-18 08:00:00,20.80324074074074,52.568085189022135,66.54745370370371,31.764844448281394,45.74421296296297
traffic,arima,36,1160,2012-04-18 08:00:00,65.60995370370371,52.56737343944657,66.54745370370371,13.04258026425714,0.9375
traffic,arima,37,1160,2012-04-18 08:00:00,67.25347222222221,52.566812963318064,66.54745370370371,14.68665925890415,0.7060185185185048
traffic,arima,38,1160,2012-04-18 08:00:00,67.13277116402116,52.56637160936239,66.54745370370371,14.566399554658773,0.5853174603174551
traffic,arima,39,1160,2012-04-18 08:00:00,65.70601851851852,52.56602405965549,66.54745370370371,13.139994458863029,0.8414351851851904
traffic,arima,40,1160,2012-04-18 08:00:00,64.32986111111111,52.56575037728058,66.54745370370371,11.764110733830535,2.2175925925925952
traffic,arima,41,1160,2012-04-18 08:00:00,62.70982142857142,52.56553486266252,66.54745370370371,10.144286565908907,3.837632275132286
traffic,arima,42,1160,2012-04-18 08:00:00,61.36722883597884,52.56536515297401,66.54745370370371,8.801863683004832,5.180224867724867
traffic,arima,43,1160,2012-04-18 08:00:00,60.927083333333336,52.56523151295166,66.54745370370371,8.361851820381673,5.620370370370374
traffic,arima,44,1160,2012-04-18 08:00:00,59.813988095238095,52.56512627644024,66.54745370370371,7.248861818797856,6.733465608465615
traffic,arima,45,1160,2012-04-18 08:00:00,60.51157407407408,52.56504340662967,66.54745370370371,7.946530667444414,6.035879629629626
traffic,arima,46,1160,2012-04-18 08:00:00,64.07523148148148,52.56497814975816,66.54745370370371,11.51025333172332,2.4722222222222285
traffic,arima,47,1160,2012-04-18 08:00:00,66.24421296296296,52.564926762416384,66.54745370370371,13.679286200546578,0.3032407407407476
traffic,arima,48,1160,2012-04-18 08:00:00,66.84837962962963,52.56488629680972,66.54745370370371,14.283493332819916,0.3009259259259238
traffic,arima,49,1160,2012-04-18 08:00:00,67.58482142857143,52.56485443166031,66.54745370370371,15.019966996911123,1.037367724867721
traffic,arima,50,1160,2012-04-18 08:00:00,38.54398148148148,52.56482933904883,66.54745370370371,14.020847857567347,28.00347222222223
traffic,arima,51,1160,2012-04-18 08:00:00,26.82572751322751,52.564809579557256,66.54745370370371,25.739082066329747,39.721726190476204
traffic,arima,52,1160,2012-04-18 08:00:00,63.76686507936508,52.564794019697835,66.54745370370371,11.202071059667247,2.780588624338627
traffic,arima,53,1160,2012-04-18 08:00:00,65.45601851851852,52.56478176689142,66.54745370370371,12.891236751627098,1.0914351851851904
traffic,arima,54,1160,2012-04-18 08:00:00,64.59738756613757,52.56477211826536,66.54745370370371,12.03261544787221,1.9500661375661394
traffic,arima,55,1160,2012-04-18 08:00:00,63.91054894179894,52.564764520333775,66.54745370370371,11.345784421465169,2.6369047619047663
traffic,arima,56,1160,2012-04-18 08:00:00,50.81679894179894,52.56475853724727,66.54745370370371,1.7479595954483287,15.730654761904766
traffic,arima,57,1160,2012-04-18 08:00:00,21.708664021164022,52.56475382579078,66.54745370370371,30.85608980462676,44.838789682539684
traffic,arima,58,1160,2012-04-18 08:00:00,15.894675925925926,52.56475011569528,66.54745370370371,36.67007418976936,50.652777777777786
traffic,arima,59,1160,2012-04-18 08:00:00,29.111111111111114,52.564747194134064,66.54745370370371,23.45363608302295,37.436342592592595
traffic,arima,60,1160,2012-04-18 08:00:00,54.03025793650793,52.56474489351404,66.54745370370371,1.4655130429938907,12.51719576719578
traffic,arima,61,1160,2012-04-18 08:00:00,63.87367724867725,52.564743081861955,66.54745370370371,11.308934166815291,2.673776455026463
traffic,arima,62,1160,2012-04-18 08:00:00,66.4675925925926,52.564741655253805,66.54745370370371,13.90285093733879,0.07986111111111427
traffic,arima,63,1160,2012-04-18 08:00:00,65.61656746031746,52.564740531853325,66.54745370370371,13.05182692846413,0.9308862433862544
traffic,arima,64,1160,2012-04-18 08:00:00,64.13541666666667,52.56473964721753,66.54745370370371,11.570677019449143,2.412037037037038
traffic,arima,65,1160,2012-04-18 08:00:00,63.46412037037037,52.56473895059998,66.54745370370371,10.899381419770386,3.083333333333343
traffic,arima,66,1160,2012-04-18 08:00:00,64.18055555555556,52.56473840203976,66.54745370370371,11.615817153515799,2.3668981481481524
traffic,arima,67,1160,2012-04-18 08:00:00,61.99950396825397,52.56473797006913,66.54745370370371,9.434765998184837,4.547949735449741
traffic,arima,68,1160,2012-04-18 08:00:00,61.33101851851851,52.56473762990844,66.54745370370371,8.76628088861007,5.2164351851851976
traffic,arima,69,1160,2012-04-18 08:00:00,61.2337962962963,52.564737362044646,66.54745370370371,8.669058934251652,5.313657407407412
traffic,arima,70,1160,2012-04-18 08:00:00,61.405423280423285,52.564737151111935,66.54745370370371,8.84068612931135,5.142030423280424
traffic,arima,71,1160,2012-04-18 08:00:00,64.86871693121692,52.56473698501033,66.54745370370371,12.303979946206596,1.6787367724867863
traffic,arima,72,1160,2012-04-18 08:00:00,66.20949074074075,52.56473685421154,66.54745370370371,13.644753886529209,0.3379629629629619
traffic,arima,1,1184,2012-04-19 08:00:00,66.32407407407408,63.39126559132959,66.04662698412699,2.932808482744484,0.27744708994708844
traffic,arima,2,1184,2012-04-19 08:00:00,65.47106481481482,61.04284747235636,66.04662698412699,4.428217342458467,0.575562169312164
traffic,arima,3,1184,2012-04-19 08:00:00,65.55555555555556,59.17723482850652,66.04662698412699,6.3783207270490365,0.4910714285714306
traffic,arima,4,1184,2012-04-19 08:00:00,43.16286375661375,57.71519765158978,66.04662698412699,14.55233389497603,22.883763227513235
traffic,arima,5,1184,2012-04-19 08:00:00,59.21875,56.57154630128585,66.04662698412699,2.6472036987141507,6.827876984126988
traffic,arima,6,1184,2012-04-19 08:00:00,5.479166666666667,55.67717233365694,66.04662698412699,50.19800566699028,60.56746031746032
traffic,arima,7,1184,2012-04-19 08:00:00,63.89930555555555,54.977765910719256,66.04662698412699,8.921539644836294,2.1473214285714377
traffic,arima,8,1184,2012-04-19 08:00:00,63.864583333333336,54.43082800666668,66.04662698412699,9.433755326666656,2.182043650793652
traffic,arima,9,1184,2012-04-19 08:00:00,63.683366402116405,54.0031212162614,66.04662698412699,9.680245185855007,2.3632605820105823
traffic,arima,10,1184,2012-04-19 08:00:00,26.887400793650794,53.66865348071484,66.04662698412699,26.781252687064043,39.15922619047619
traffic,arima,11,1184,2012-04-19 08:00:00,20.80324074074074,53.40709891280867,66.04662698412699,32.60385817206793,45.24338624338625
traffic,arima,12,1184,2012-04-19 08:00:00,65.60995370370371,53.20256261645637,66.04662698412699,12.40739108724734,0.43667328042327824
traffic,arima,13,1184,2012-04-19 08:00:00,67.25347222222221,53.042614744580824,66.04662698412699,14.21085747764139,1.2068452380952266
traffic,arima,14,1184,2012-04-19 08:00:00,67.13277116402116,52.91753512706079,66.04662698412699,14.215236036960377,1.0861441798941769
traffic,arima,15,1184,2012-04-19 08:00:00,65.70601851851852,52.81972256765979,66.04662698412699,12.886295950858731,0.3406084656084687
traffic,arima,16,1184,2012-04-19 08:00:00,64.32986111111111,52.74323291278028,66.04662698412699,11.586628198330835,1.7167658730158735
traffic,arima,17,1184,2012-04-19 08:00:00,62.70982142857142,52.68341782012331,66.04662698412699,10.026403608448113,3.3368055555555642
traffic,arima,18,1184,2012-04-19 08:00:00,61.36722883597884,52.63664227491792,66.04662698412699,8.730586561060925,4.679398148148145
traffic,arima,19,1184,2012-04-19 08:00:00,60.927083333333336,52.60006368693829,66.04662698412699,8.327019646395044,5.119543650793652
traffic,arima,20,1184,2012-04-19 08:00:00,59.813988095238095,52.57145914384408,66.04662698412699,7.242528951394014,6.232638888888893
traffic,arima,21,1184,2012-04-19 08:00:00,60.51157407407408,52.54909032288018,66.04662698412699,7.962483751193901,5.5350529100529045
traffic,arima,22,1184,2012-04-19 08:00:00,64.07523148148148,52.53159785150362,66.04662698412699,11.543633629977862,1.9713955026455068
traffic,arima,23,1184,2012-04-19 08:00:00,66.24421296296296,52.51791869714168,66.04662698412699,13.72629426582128,0.19758597883597417
traffic,arima,24,1184,2012-04-19 08:00:00,66.84837962962963,52.507221565785585,66.04662698412699,14.341158063844048,0.8017526455026456
traffic,arima,25,1184,2012-04-19 08:00:00,67.58482142857143,52.498856383536605,66.04662698412699,15.085965045034825,1.5381944444444429
traffic,arima,26,1184,2012-04-19 08:00:00,38.54398148148148,52.49231479105455,66.04662698412699,13.948333309573066,27.502645502645507
traffic,arima,27,1184,2012-04-19 08:00:00,26.82572751322751,52.48719925012218,66.04662698412699,25.661471736894672,39.22089947089948
traffic,arima,28,1184,2012-04-19 08:00:00,63.76686507936508,52.48319888490493,66.04662698412699,11.283666194460153,2.279761904761905
traffic,arima,29,1184,2012-04-19 08:00:00,65.45601851851852,52.480070589758235,66.04662698412699,12.975947928760284,0.5906084656084687
traffic,arima,30,1184,2012-04-19 08:00:00,64.59738756613757,52.477624255487896,66.04662698412699,12.119763310649674,1.4492394179894177
traffic,arima,31,1184,2012-04-19 08:00:00,63.91054894179894,52.47571121625037,66.04662698412699,11.434837725548576,2.1360780423280445
traffic,arima,32,1184,2012-04-19 08:00:00,50.81679894179894,52.47421521500118,66.04662698412699,1.6574162732022373,15.229828042328045
traffic,arima,33,1184,2012-04-19 08:00:00,21.708664021164022,52.473045338454135,66.04662698412699,30.764381317290113,44.33796296296296
traffic,arima,34,1184,2012-04-19 08:00:00,15.894675925925926,52.47213049220246,66.04662698412699,36.577454566276536,50.151951058201064
traffic,arima,35,1184,2012-04-19 08:00:00,29.111111111111114,52.47141508025038,66.04662698412699,23.360303969139267,36.93551587301587
traffic,arima,36,1184,2012-04-19 08:00:00,54.03025793650793,52.47085562639654,66.04662698412699,1.5594023101113876,12.016369047619058
traffic,arima,37,1184,2012-04-19 08:00:00,63.87367724867725,52.47041813214771,66.04662698412699,11.40325911652954,2.172949735449741
traffic,arima,38,1184,2012-04-19 08:00:00,66.4675925925926,52.470076010601055,66.04662698412699,13.99751658199154,0.4209656084656075
traffic,arima,39,1184,2012-04-19 08:00:00,65.61656746031746,52.469808470735096,66.04662698412699,13.14675898958236,0.4300595238095326
traffic,arima,40,1184,2012-04-19 08:00:00,64.13541666666667,52.469599253921444,66.04662698412699,11.665817412745227,1.9112103174603163
traffic,arima,41,1184,2012-04-19 08:00:00,63.46412037037037,52.46943564587387,66.04662698412699,10.994684724496494,2.582506613756621
traffic,arima,42,1184,2012-04-19 08:00:00,64.18055555555556,52.469307703990225,66.04662698412699,11.711247851565332,1.8660714285714306
traffic,arima,43,1184,2012-04-19 08:00:00,61.99950396825397,52.46920765313188,66.04662698412699,9.530296315122087,4.047123015873019
traffic,arima,44,1184,2012-04-19 08:00:00,61.33101851851851,52.46912941312189,66.04662698412699,8.861889105396621,4.715608465608476
traffic,arima,45,1184,2012-04-19 08:00:00,61.2337962962963,52.469068229247355,66.04662698412699,8.764728067048942,4.81283068783069
traffic,arima,46,1184,2012-04-19 08:00:00,61.405423280423285,52.46902038331146,66.04662698412699,8.936402897111826,4.641203703703702
traffic,arima,47,1184,2012-04-19 08:00:00,64.86871693121692,52.4689829676754,66.04662698412699,12.399733963541522,1.1779100529100646
traffic,arima,48,1184,2012-04-19 08:00:00,66.20949074074075,52.468953708558715,66.04662698412699,13.740537032182033,0.16286375661375985
traffic,arima,49,1184,2012-04-19 08:00:00,68.06018518518518,52.46893082785964,66.04662698412699,15.591254357325539,2.0135582010581885
traffic,arima,50,1184,2012-04-19 08:00:00,67.8425925925926,52.46891293509835,66.04662698412699,15.373679657494243,1.7959656084656075
traffic,arima,51,1184,2012-04-19 08:00:00,67.10185185185185,52.468898942916326,66.04662698412699,14.632952908935522,1.05522486772486
traffic,arima,52,1184,2012-04-19 08:00:00,66.34375,52.46888800099659,66.04662698412699,13.874861999003407,0.29712301587301226
traffic,arima,53,1184,2012-04-19 08:00:00,66.48693783068784,52.46887944438925,66.04662698412699,14.018058386298584,0.4403108465608483
traffic,arima,54,1184,2012-04-19 08:00:00,67.4021164021164,52.468872753101884,66.04662698412699,14.933243649014521,1.3554894179894177
traffic,arima,55,1184,2012-04-19 08:00:00,67.72453703703704,52.468867520499195,66.04662698412699,15.255669516537843,1.6779100529100504
traffic,arima,56,1184,2012-04-19 08:00:00,67.21064814814815,52.46886342859141,66.04662698412699,14.74178471955674,1.1640211640211646
traffic,arima,57,1184,2012-04-19 08:00:00,67.69791666666667,52.46886022870975,66.04662698412699,15.22905643795692,1.6512896825396837
traffic,arima,58,1184,2012-04-19 08:00:00,67.23842592592592,52.46885772639466,66.04662698412699,14.769568199531264,1.191798941798936
traffic,arima,59,1184,2012-04-19 08:00:00,66.34606481481482,52.46885576957829,66.04662698412699,13.877209045236533,0.299437830687836
traffic,arima,60,1184,2012-04-19 08:00:00,67.17873677248677,52.468854239343216,66.04662698412699,14.709882533143556,1.1321097883597844
traffic,arima,61,1184,2012-04-19 08:00:00,66.66650132275133,52.468853042695734,66.04662698412699,14.197648280055596,0.6198743386243422
traffic,arima,62,1184,2012-04-19 08:00:00,65.81481481481482,52.46885210691455,66.04662698412699,13.345962707900277,0.23181216931216397
traffic,arima,63,1184,2012-04-19 08:00:00,65.60565476190476,52.46885137513143,66.04662698412699,13.13680338677333,0.44097222222222854
traffic,arima,64,1184,2012-04-19 08:00:00,65.39599867724867,52.46885080287528,66.04662698412699,12.92714787437339,0.6506283068783176
traffic,arima,65,1184,2012-04-19 08:00:00,64.95436507936508,52.46885035536961,66.04662698412699,12.485514723995465,1.0922619047619122
traffic,arima,66,1184,2012-04-19 08:00:00,65.4675925925926,52.46885000541911,66.04662698412699,12.998742587173489,0.5790343915343925
traffic,arima,67,1184,2012-04-19 08:00:00,65.13310185185185,52.46884973175698,66.04662698412699,12.664252120094865,0.9135251322751401
traffic,arima,68,1184,2012-04-19 08:00:00,65.1550925925926,52.46884951775254,66.04662698412699,12.686243074840057,0.8915343915343925
traffic,arima,69,1184,2012-04-19 08:00:00,61.69791666666666,52.46884935040056,66.04662698412699,9.229067316266097,4.3487103174603305
traffic,arima,70,1184,2012-04-19 08:00:00,63.39831349206349,52.46884921953091,66.04662698412699,10.929464272532577,2.648313492063501
traffic,arima,71,1184,2012-04-19 08:00:00,66.14120370370371,52.46884911719054,66.04662698412699,13.672354586513173,0.09457671957672176
traffic,arima,72,1184,2012-04-19 08:00:00,66.04745370370371,52.46884903716011,66.04662698412699,13.578604666543598,0.0008267195767217572
traffic,arima,1,1208,2012-04-20 08:00:00,67.58482142857143,64.1437552612396,66.84837962962963,3.441066167331826,0.7364417989417973
traffic,arima,2,1208,2012-04-20 08:00:00,38.54398148148148,61.78708759463083,66.84837962962963,23.243106113149352,28.304398148148152
traffic,arima,3,1208,2012-04-20 08:00:00,26.82572751322751,59.90002336190486,66.84837962962963,33.07429584867735,40.02265211640213
traffic,arima,4,1208,2012-04-20 08:00:00,63.76686507936508,58.39882296810564,66.84837962962963,5.368042111259442,3.0815145502645507
traffic,arima,5,1208,2012-04-20 08:00:00,65.45601851851852,57.20521828157258,66.84837962962963,8.250800236945942,1.3923611111111143
traffic,arima,6,1208,2012-04-20 08:00:00,64.59738756613757,56.256223955026776,66.84837962962963,8.341163611110794,2.2509920634920633
traffic,arima,7,1208,2012-04-20 08:00:00,63.91054894179894,55.50171362597573,66.84837962962963,8.408835315823211,2.93783068783069
traffic,arima,8,1208,2012-04-20 08:00:00,50.81679894179894,54.901830510127276,66.84837962962963,4.085031568328333,16.03158068783069
traffic,arima,9,1208,2012-04-20 08:00:00,21.708664021164022,54.42488575480278,66.84837962962963,32.71622173363876,45.13971560846561
traffic,arima,10,1208,2012-04-20 08:00:00,15.894675925925926,54.04568471848569,66.84837962962963,38.151008792559765,50.95370370370371
traffic,arima,11,1208,2012-04-20 08:00:00,29.111111111111114,53.74419607789074,66.84837962962963,24.633084966779627,37.73726851851852
traffic,arima,12,1208,2012-04-20 08:00:00,54.03025793650793,53.50449367283024,66.84837962962963,0.5257642636776865,12.818121693121704
traffic,arima,13,1208,2012-04-20 08:00:00,63.87367724867725,53.31391520566695,66.84837962962963,10.559762043010295,2.9747023809523867
traffic,arima,14,1208,2012-04-20 08:00:00,66.4675925925926,53.16239335449012,66.84837962962963,13.305199238102475,0.3807870370370381
traffic,arima,15,1208,2012-04-20 08:00:00,65.61656746031746,53.04192396607604,66.84837962962963,12.574643494241414,1.2318121693121782
traffic,arima,16,1208,2012-04-20 08:00:00,64.13541666666667,52.94614323588997,66.84837962962963,11.189273430776701,2.712962962962962
traffic,arima,17,1208,2012-04-20 08:00:00,63.46412037037037,52.8699915396313,66.84837962962963,10.594128830739066,3.3842592592592666
traffic,arima,18,1208,2012-04-20 08:00:00,64.18055555555556,52.80944615819803,66.84837962962963,11.371109397357529,2.667824074074076
traffic,arima,19,1208,2012-04-20 08:00:00,61.99950396825397,52.76130877724661,66.84837962962963,9.238195191007357,4.848875661375665
traffic,arima,20,1208,2012-04-20 08:00:00,61.33101851851851,52.72303653599538,66.84837962962963,8.607981982523135,5.517361111111121
traffic,arima,21,1208,2012-04-20 08:00:00,61.2337962962963,52.69260770041185,66.84837962962963,8.54118859588445,5.614583333333336
traffic,arima,22,1208,2012-04-20 08:00:00,61.405423280423285,52.668414864959864,66.84837962962963,8.737008415463421,5.442956349206348
traffic,arima,23,1208,2012-04-20 08:00:00,64.86871693121692,52.649180041280864,66.84837962962963,12.219536889936059,1.9796626984127101
traffic,arima,24,1208,2012-04-20 08:00:00,66.20949074074075,52.633887148362355,66.84837962962963,13.575603592378393,0.6388888888888857
traffic,arima,25,1208,2012-04-20 08:00:00,68.06018518518518,52.621728337981764,66.84837962962963,15.438456847203412,1.211805555555543
traffic,arima,26,1208,2012-04-20 08:00:00,67.8425925925926,52.61206132006312,66.84837962962963,15.230531272529475,0.9942129629629619
traffic,arima,27,1208,2012-04-20 08:00:00,67.10185185185185,52.604375433655306,66.84837962962963,14.497476418196541,0.2534722222222143
traffic,arima,28,1208,2012-04-20 08:00:00,66.34375,52.598264671228776,66.84837962962963,13.745485328771224,0.5046296296296333
traffic,arima,29,1208,2012-04-20 08:00:00,66.48693783068784,52.59340623129717,66.84837962962963,13.893531599390663,0.3614417989417973
traffic,arima,30,1208,2012-04-20 08:00:00,67.4021164021164,52.58954346640445,66.84837962962963,14.812572935711955,0.5537367724867721
traffic,arima,31,1208,2012-04-20 08:00:00,67.72453703703704,52.58647232570362,66.84837962962963,15.13806471133342,0.8761574074074048
traffic,arima,32,1208,2012-04-20 08:00:00,67.21064814814815,52.58403057595539,66.84837962962963,14.626617572192764,0.36226851851851904
traffic,arima,33,1208,2012-04-20 08:00:00,67.69791666666667,52.582089231545034,66.84837962962963,15.115827435121638,0.8495370370370381
traffic,arima,34,1208,2012-04-20 08:00:00,67.23842592592592,52.58054574080755,66.84837962962963,14.657880185118373,0.3900462962962905
traffic,arima,35,1208,2012-04-20 08:00:00,66.34606481481482,52.57931856872826,66.84837962962963,13.766746246086562,0.5023148148148096
traffic,arima,36,1208,2012-04-20 08:00:00,67.17873677248677,52.57834288984945,66.84837962962963,14.60039388263732,0.3303571428571388
traffic,arima,37,1208,2012-04-20 08:00:00,66.66650132275133,52.57756716386072,66.84837962962963,14.08893415889061,0.18187830687830342
traffic,arima,38,1208,2012-04-20 08:00:00,65.81481481481482,52.57695041297817,66.84837962962963,13.237864401836653,1.0335648148148096
traffic,arima,39,1208,2012-04-20 08:00:00,65.60565476190476,52.57646005728988,66.84837962962963,13.02919470461488,1.2427248677248741
traffic,arima,40,1208,2012-04-20 08:00:00,65.39599867724867,52.5760701937196,66.84837962962963,12.819928483529068,1.4523809523809632
traffic,arima,41,1208,2012-04-20 08:00:00,64.95436507936508,52.575760227694836,66.84837962962963,12.37860485167024,1.8940145502645578
traffic,arima,42,1208,2012-04-20 08:00:00,65.4675925925926,52.57551378523691,66.84837962962963,12.892078807355688,1.380787037037038
traffic,arima,43,1208,2012-04-20 08:00:00,65.13310185185185,52.57531784800439,66.84837962962963,12.557784003847459,1.7152777777777857
traffic,arima,44,1208,2012-04-20 08:00:00,65.1550925925926,52.575162065598185,66.84837962962963,12.57993052699441,1.693287037037038
traffic,arima,45,1208,2012-04-20 08:00:00,61.69791666666666,52.575038208800926,66.84837962962963,9.122878457865731,5.150462962962976
traffic,arima,46,1208,2012-04-20 08:00:00,63.39831349206349,52.574939734867954,66.84837962962963,10.823373757195533,3.4500661375661466
traffic,arima,47,1208,2012-04-20 08:00:00,66.14120370370371,52.57486144190633,66.84837962962963,13.56634226179738,0.7071759259259238
traffic,arima,48,1208,2012-04-20 08:00:00,66.04745370370371,52.57479919408444,66.84837962962963,13.472654509619268,0.8009259259259238
traffic,arima,49,1208,2012-04-20 08:00:00,67.35995370370371,52.5747497031564,66.84837962962963,14.78520400054731,0.5115740740740762
traffic,arima,50,1208,2012-04-20 08:00:00,68.72569444444444,52.5747103547602,66.84837962962963,16.150984089684243,1.8773148148148096
traffic,arima,51,1208,2012-04-20 08:00:00,68.87301587301587,52.57467907031384,66.84837962962963,16.298336802702032,2.02463624338624
traffic,arima,52,1208,2012-04-20 08:00:00,68.27199074074075,52.57465419721409,66.84837962962963,15.69733654352666,1.4236111111111143
traffic,arima,53,1208,2012-04-20 08:00:00,67.8761574074074,52.57463442153756,66.84837962962963,15.301522985869845,1.0277777777777715
traffic,arima,54,1208,2012-04-20 08:00:00,67.83796296296296,52.574618698632655,66.84837962962963,15.263344264330307,0.9895833333333286
traffic,arima,55,1208,2012-04-20 08:00:00,67.51388888888889,52.57460619793574,66.84837962962963,14.939282690953142,0.6655092592592524
traffic,arima,56,1208,2012-04-20 08:00:00,67.37847222222221,52.57459625909655,66.84837962962963,14.803875963125662,0.530092592592581
traffic,arima,57,1208,2012-04-20 08:00:00,67.60499338624338,52.574588357095166,66.84837962962963,15.030405029148213,0.7566137566137456
traffic,arima,58,1208,2012-04-20 08:00:00,68.01157407407408,52.57458207450775,66.84837962962963,15.436991999566324,1.1631944444444429
traffic,arima,59,1208,2012-04-20 08:00:00,68.82060185185185,52.57457707945617,66.84837962962963,16.24602477239568,1.9722222222222143
traffic,arima,60,1208,2012-04-20 08:00:00,68.25578703703704,52.574573108076436,66.84837962962963,15.681213928960602,1.4074074074074048
traffic,arima,61,1208,2012-04-20 08:00:00,66.29117063492063,52.574569950580106,66.84837962962963,13.716600684340527,0.5572089947090006
traffic,arima,62,1208,2012-04-20 08:00:00,66.57986111111111,52.57456744017222,66.84837962962963,14.005293670938897,0.26851851851851904
traffic,arima,63,1208,2012-04-20 08:00:00,66.23148148148148,52.57456544424027,66.84837962962963,13.65691603724121,0.6168981481481524
traffic,arima,64,1208,2012-04-20 08:00:00,66.33085317460318,52.57456385734901,66.84837962962963,13.756289317254165,0.5175264550264558
traffic,arima,65,1208,2012-04-20 08:00:00,64.69212962962963,52.57456259567079,66.84837962962963,12.117567033958842,2.15625
traffic,arima,66,1208,2012-04-20 08:00:00,15.94378306878307,52.574561592557366,66.84837962962963,36.630778523774296,50.904596560846564
traffic,arima,67,1208,2012-04-20 08:00:00,61.26041666666666,52.57456079501919,66.84837962962963,8.685855871647469,5.587962962962976
traffic,arima,68,1208,2012-04-20 08:00:00,62.50115740740741,52.57456016092624,66.84837962962963,9.926597246481172,4.347222222222221
traffic,arima,69,1208,2012-04-20 08:00:00,61.94791666666666,52.574559656782526,66.84837962962963,9.373357009884131,4.900462962962976
traffic,arima,70,1208,2012-04-20 08:00:00,64.14814814814815,52.57455925595661,66.84837962962963,11.573588892191545,2.700231481481481
traffic,arima,71,1208,2012-04-20 08:00:00,66.20949074074075,52.57455893727483,66.84837962962963,13.634931803465918,0.6388888888888857
traffic,arima,72,1208,2012-04-20 08:00:00,66.98379629629629,52.5745586839028,66.84837962962963,14.40923761239349,0.1354166666666572
traffic,arima,1,1232,2012-04-21 08:00:00,68.06018518518518,63.65013816331786,66.20949074074075,4.410047021867314,1.8506944444444287
traffic,arima,2,1232,2012-04-21 08:00:00,67.8425925925926,61.410902128276085,66.20949074074075,6.43169046431651,1.6331018518518476
traffic,arima,3,1232,2012-04-21 08:00:00,67.10185185185185,59.61537324898059,66.20949074074075,7.486478602871259,0.8923611111111001
traffic,arima,4,1232,2012-04-21 08:00:00,66.34375,58.18382951340558,66.20949074074075,8.159920486594423,0.13425925925925242
traffic,arima,5,1232,2012-04-21 08:00:00,66.48693783068784,57.04293303303792,66.20949074074075,9.444004797649917,0.27744708994708844
traffic,arima,6,1232,2012-04-21 08:00:00,67.4021164021164,56.133698155885355,66.20949074074075,11.26841824623105,1.1926256613756578
traffic,arima,7,1232,2012-04-21 08:00:00,67.72453703703704,55.40908682690029,66.20949074074075,12.315450210136746,1.5150462962962905
traffic,arima,8,1232,2012-04-21 08:00:00,67.21064814814815,54.83161061754162,66.20949074074075,12.379037530606531,1.0011574074074048
traffic,arima,9,1232,2012-04-21 08:00:00,67.69791666666667,54.37139317949911,66.20949074074075,13.326523487167563,1.4884259259259238
traffic,arima,10,1232,2012-04-21 08:00:00,67.23842592592592,54.004624667280595,66.20949074074075,13.233801258645329,1.0289351851851762
traffic,arima,11,1232,2012-04-21 08:00:00,66.34606481481482,53.71232991608335,66.20949074074075,12.633734898731475,0.13657407407407618
traffic,arima,12,1232,2012-04-21 08:00:00,67.17873677248677,53.47938674148959,66.20949074074075,13.69935003099718,0.9692460317460245
traffic,arima,13,1232,2012-04-21 08:00:00,66.66650132275133,53.293743576952615,66.20949074074075,13.372757745798715,0.4570105820105823
traffic,arima,14,1232,2012-04-21 08:00:00,65.81481481481482,53.14579597299553,66.20949074074075,12.669018841819295,0.3946759259259238
traffic,arima,15,1232,2012-04-21 08:00:00,65.60565476190476,53.02788970065183,66.20949074074075,12.577765061252926,0.6038359788359884
traffic,arima,16,1232,2012-04-21 08:00:00,65.39599867724867,52.933924751668826,66.20949074074075,12.462073925579844,0.8134920634920775
traffic,arima,17,1232,2012-04-21 08:00:00,64.95436507936508,52.85903974799708,66.20949074074075,12.095325331367995,1.255125661375672
traffic,arima,18,1232,2012-04-21 08:00:00,65.4675925925926,52.79936043315031,66.20949074074075,12.668232159442283,0.7418981481481524
traffic,arima,19,1232,2012-04-21 08:00:00,65.13310185185185,52.751799233364686,66.20949074074075,12.381302618487162,1.0763888888889
traffic,arima,20,1232,2012-04-21 08:00:00,65.1550925925926,52.71389551863779,66.20949074074075,12.441197073954804,1.0543981481481524
traffic,arima,21,1232,2012-04-21 08:00:00,61.69791666666666,52.683688299379796,66.20949074074075,9.014228367286861,4.51157407407409
traffic,arima,22,1232,2012-04-21 08:00:00,63.39831349206349,52.65961477250056,66.20949074074075,10.738698719562926,2.811177248677261
traffic,arima,23,1232,2012-04-21 08:00:00,66.14120370370371,52.64042946810509,66.20949074074075,13.50077423559862,0.06828703703703809
traffic,arima,24,1232,2012-04-21 08:00:00,66.04745370370371,52.62513981376433,66.20949074074075,13.422313889939382,0.1620370370370381
traffic,arima,25,1232,2012-04-21 08:00:00,67.35995370370371,52.61295478270924,66.20949074074075,14.746998920994471,1.150462962962962
traffic,arima,26,1232,2012-04-21 08:00:00,68.72569444444444,52.60324396920721,66.20949074074075,16.12245047523723,2.5162037037036953
traffic,arima,27,1232,2012-04-21 08:00:00,68.87301587301587,52.59550497384112,66.20949074074075,16.27751089917475,2.663525132275126
traffic,arima,28,1232,2012-04-21 08:00:00,68.27199074074075,52.58933741133322,66.20949074074075,15.682653329407529,2.0625
traffic,arima,29,1232,2012-04-21 08:00:00,67.8761574074074,52.58442219618066,66.20949074074075,15.291735211226744,1.6666666666666572
traffic,arima,30,1232,2012-04-21 08:00:00,67.83796296296296,52.58050503442268,66.20949074074075,15.257457928540283,1.6284722222222143
traffic,arima,31,1232,2012-04-21 08:00:00,67.51388888888889,52.57738326746804,66.20949074074075,14.936505621420842,1.3043981481481381
traffic,arima,32,1232,2012-04-21 08:00:00,67.37847222222221,52.574895387334124,66.20949074074075,14.80357683488809,1.1689814814814667
traffic,arima,33,1232,2012-04-21 08:00:00,67.60499338624338,52.57291268085708,66.20949074074075,15.0320807053863,1.3955026455026314
traffic,arima,34,1232,2012-04-21 08:00:00,68.01157407407408,52.57133257057744,66.20949074074075,15.440241503496637,1.8020833333333286
traffic,arima,35,1232,2012-04-21 08:00:00,68.82060185185185,52.570073307784526,66.20949074074075,16.250528544067322,2.6111111111111
traffic,arima,36,1232,2012-04-21 08:00:00,68.25578703703704,52.56906974315866,66.20949074074075,15.686717293878381,2.0462962962962905
traffic,arima,37,1232,2012-04-21 08:00:00,66.29117063492063,52.568269956200794,66.20949074074075,13.722900678719839,0.08167989417988508
traffic,arima,38,1232,2012-04-21 08:00:00,66.57986111111111,52.56763256906948,66.20949074074075,14.012228542041633,0.3703703703703667
traffic,arima,39,1232,2012-04-21 08:00:00,66.23148148148148,52.567124605853564,66.20949074074075,13.664356875627917,0.021990740740733372
traffic,arima,40,1232,2012-04-21 08:00:00,66.33085317460318,52.56671978652784,66.20949074074075,13.764133388075336,0.12136243386242995
traffic,arima,41,1232,2012-04-21 08:00:00,64.69212962962963,52.56639716732758,66.20949074074075,12.125732462302054,1.5173611111111143
traffic,arima,42,1232,2012-04-21 08:00:00,15.94378306878307,52.566140057200265,66.20949074074075,36.622356988417195,50.26570767195768
traffic,arima,43,1232,2012-04-21 08:00:00,61.26041666666666,52.56593515427597,66.20949074074075,8.694481512390688,4.94907407407409
traffic,arima,44,1232,2012-04-21 08:00:00,62.50115740740741,52.56577185768076,66.20949074074075,9.935385549726654,3.7083333333333357
traffic,arima,45,1232,2012-04-21 08:00:00,61.94791666666666,52.56564171908904,66.20949074074075,9.38227494757762,4.26157407407409
traffic,arima,46,1232,2012-04-21 08:00:00,64.14814814814815,52.565538005640306,66.20949074074075,11.582610142507846,2.0613425925925952
traffic,arima,47,1232,2012-04-21 08:00:00,66.20949074074075,52.565455351607355,66.20949074074075,13.644035389133393,0.0
traffic,arima,48,1232,2012-04-21 08:00:00,66.98379629629629,52.56538948079459,66.20949074074075,14.418406815501697,0.7743055555555429
traffic,arima,49,1232,2012-04-21 08:00:00,65.64699074074075,52.56533698530443,66.20949074074075,13.08165375543632,0.5625
traffic,arima,50,1232,2012-04-21 08:00:00,64.16898148148148,52.565295149226,66.20949074074075,11.603686332255478,2.0405092592592666
traffic,arima,51,1232,2012-04-21 08:00:00,63.33564814814815,52.565261808124674,66.20949074074075,10.770386340023478,2.8738425925925952
traffic,arima,52,1232,2012-04-21 08:00:00,64.68667328042328,52.56523523706256,66.20949074074075,12.121438043360719,1.5228174603174693
traffic,arima,53,1232,2012-04-21 08:00:00,65.47222222222221,52.565214061357096,66.20949074074075,12.907008160865118,0.7372685185185333
traffic,arima,54,1232,2012-04-21 08:00:00,64.10879629629629,52.5651971854603,66.20949074074075,11.543599110835991,2.100694444444457
traffic,arima,55,1232,2012-04-21 08:00:00,65.2638888888889,52.56518373627943,66.20949074074075,12.69870515260947,0.9456018518518476
traffic,arima,56,1232,2012-04-21 08:00:00,66.05952380952381,52.56517301800662,66.20949074074075,13.494350791517192,0.14996693121693738
traffic,arima,57,1232,2012-04-21 08:00:00,65.43287037037037,52.56516447612044,66.20949074074075,12.86770589424993,0.7766203703703809
traffic,arima,58,1232,2012-04-21 08:00:00,53.32291666666666,52.56515766869719,66.20949074074075,0.7577589979694679,12.88657407407409
traffic,arima,59,1232,2012-04-21 08:00:00,60.2349537037037,52.565152243547494,66.20949074074075,7.669801460156208,5.974537037037045
traffic,arima,60,1232,2012-04-21 08:00:00,66.71180555555556,52.56514791999536,66.20949074074075,14.146657635560196,0.5023148148148096
traffic,arima,61,1232,2012-04-21 08:00:00,65.81994047619047,52.56514447435717,66.20949074074075,13.254796001833299,0.3895502645502802
traffic,arima,62,1232,2012-04-21 08:00:00,65.19824735449735,52.565141728369106,66.20949074074075,12.633105626128248,1.0112433862433932
traffic,arima,63,1232,2012-04-21 08:00:00,64.47718253968254,52.565139539964505,66.20949074074075,11.91204299971804,1.7323082010582027
traffic,arima,64,1232,2012-04-21 08:00:00,61.84259259259259,52.565137795923896,66.20949074074075,9.277454796668692,4.3668981481481595
traffic,arima,65,1232,2012-04-21 08:00:00,60.46395502645503,52.565136406017466,66.20949074074075,7.8988186204375666,5.745535714285715
traffic,arima,66,1232,2012-04-21 08:00:00,60.00578703703704,52.56513529833689,66.20949074074075,7.440651738700147,6.2037037037037095
traffic,arima,67,1232,2012-04-21 08:00:00,58.03670634920635,52.56513441557514,66.20949074074075,5.4715719336312105,8.1727843915344
traffic,arima,68,1232,2012-04-21 08:00:00,57.20486111111112,52.56513371206155,66.20949074074075,4.639727399049569,9.004629629629626
traffic,arima,69,1232,2012-04-21 08:00:00,57.95899470899471,52.565133151399124,66.20949074074075,5.393861557595585,8.250496031746039
traffic,arima,70,1232,2012-04-21 08:00:00,63.27662037037037,52.56513270458136,66.20949074074075,10.711487665789008,2.932870370370381
traffic,arima,71,1232,2012-04-21 08:00:00,66.32291666666667,52.565132348491666,66.20949074074075,13.757784318175005,0.11342592592592382
traffic,arima,72,1232,2012-04-21 08:00:00,66.22222222222221,52.565132064707356,66.20949074074075,13.657090157514858,0.012731481481466744
traffic,arima,1,1256,2012-04-22 08:00:00,67.35995370370371,63.79005192836601,66.04745370370371,3.569901775337698,1.3125
traffic,arima,2,1256,2012-04-22 08:00:00,68.72569444444444,61.76395215669097,66.04745370370371,6.961742287753474,2.6782407407407334
traffic,arima,3,1256,2012-04-22 08:00:00,68.87301587301587,60.1198171408462,66.04745370370371,8.753198732169672,2.825562169312164
traffic,arima,4,1256,2012-04-22 08:00:00,68.27199074074075,58.80122440883587,66.04745370370371,9.470766331904876,2.224537037037038
traffic,arima,5,1256,2012-04-22 08:00:00,67.8761574074074,57.74525691400879,66.04745370370371,10.130900493398613,1.8287037037036953
traffic,arima,6,1256,2012-04-22 08:00:00,67.83796296296296,56.89976152726944,66.04745370370371,10.938201435693522,1.7905092592592524
traffic,arima,7,1256,2012-04-22 08:00:00,67.51388888888889,56.22280305717869,66.04745370370371,11.291085831710198,1.4664351851851762
traffic,arima,8,1256,2012-04-22 08:00:00,67.37847222222221,55.68078772639454,66.04745370370371,11.697684495827673,1.3310185185185048
traffic,arima,9,1256,2012-04-22 08:00:00,67.60499338624338,55.246816475864684,66.04745370370371,12.358176910378695,1.5575396825396695
traffic,arima,10,1256,2012-04-22 08:00:00,68.01157407407408,54.89935206449631,66.04745370370371,13.112222009577764,1.9641203703703667
traffic,arima,11,1256,2012-04-22 08:00:00,68.82060185185185,54.6211504178564,66.04745370370371,14.19945143399545,2.773148148148138
traffic,arima,12,1256,2012-04-22 08:00:00,68.25578703703704,54.398404854262864,66.04745370370371,13.857382182774174,2.2083333333333286
traffic,arima,13,1256,2012-04-22 08:00:00,66.29117063492063,54.2200608843565,66.04745370370371,12.071109750564133,0.24371693121692317
traffic,arima,14,1256,2012-04-22 08:00:00,66.57986111111111,54.07726759550943,66.04745370370371,12.502593515601681,0.5324074074074048
traffic,arima,15,1256,2012-04-22 08:00:00,66.23148148148148,53.962938395871014,66.04745370370371,12.268543085610467,0.18402777777777146
traffic,arima,16,1256,2012-04-22 08:00:00,66.33085317460318,53.8713993186812,66.04745370370371,12.459453855921979,0.28339947089946804
traffic,arima,17,1256,2012-04-22 08:00:00,64.69212962962963,53.798107432800215,66.04745370370371,10.894022196829418,1.3553240740740762
traffic,arima,18,1256,2012-04-22 08:00:00,15.94378306878307,53.739425384642225,66.04745370370371,37.795642315859155,50.10367063492064
traffic,arima,19,1256,2012-04-22 08:00:00,61.26041666666666,53.69244088240676,66.04745370370371,7.5679757842599,4.787037037037052
traffic,arima,20,1256,2012-04-22 08:00:00,62.50115740740741,53.65482216391261,66.04745370370371,8.8463352434948,3.5462962962962976
traffic,arima,21,1256,2012-04-22 08:00:00,61.94791666666666,53.62470227514485,66.04745370370371,8.323214391521809,4.099537037037052
traffic,arima,22,1256,2012-04-22 08:00:00,64.14814814814815,53.60058641645275,66.04745370370371,10.547561731695403,1.8993055555555571
traffic,arima,23,1256,2012-04-22 08:00:00,66.20949074074075,53.58127775814589,66.04745370370371,12.62821298259486,0.1620370370370381
traffic,arima,24,1256,2012-04-22 08:00:00,66.98379629629629,53.565818043840416,66.04745370370371,13.417978252455875,0.936342592592581
traffic,arima,25,1256,2012-04-22 08:00:00,65.64699074074075,53.55344003379909,66.04745370370371,12.093550706941656,0.4004629629629619
traffic,arima,26,1256,2012-04-22 08:00:00,64.16898148148148,53.543529428107696,66.04745370370371,10.625452053373785,1.8784722222222285
traffic,arima,27,1256,2012-04-22 08:00:00,63.33564814814815,53.5355943799988,66.04745370370371,9.800053768149354,2.711805555555557
traffic,arima,28,1256,2012-04-22 08:00:00,64.68667328042328,53.52924108632017,66.04745370370371,11.157432194103109,1.3607804232804313
traffic,arima,29,1256,2012-04-22 08:00:00,65.47222222222221,53.52415424374367,66.04745370370371,11.94806797847854,0.5752314814814952
traffic,arima,30,1256,2012-04-22 08:00:00,64.10879629629629,53.52008140078899,66.04745370370371,10.588714895507302,1.938657407407419
traffic,arima,31,1256,2012-04-22 08:00:00,65.2638888888889,53.51682042907931,66.04745370370371,11.74706845980959,0.7835648148148096
traffic,arima,32,1256,2012-04-22 08:00:00,66.05952380952381,53.51420949204844,66.04745370370371,12.545314317475373,0.012070105820100707
traffic,arima,33,1256,2012-04-22 08:00:00,65.43287037037037,53.51211901326294,66.04745370370371,11.920751357107427,0.6145833333333428
traffic,arima,34,1256,2012-04-22 08:00:00,53.32291666666666,53.51044524576073,66.04745370370371,0.18752857909407084,12.724537037037052
traffic,arima,35,1256,2012-04-22 08:00:00,60.2349537037037,53.50910512326299,66.04745370370371,6.7258485804407115,5.812500000000007
traffic,arima,36,1256,2012-04-22 08:00:00,66.71180555555556,53.508032137733906,66.04745370370371,13.203773417821651,0.6643518518518476
traffic,arima,37,1256,2012-04-22 08:00:00,65.81994047619047,53.507173038698134,66.04745370370371,12.312767437492333,0.2275132275132421
traffic,arima,38,1256,2012-04-22 08:00:00,65.19824735449735,53.50648519050888,66.04745370370371,11.691762163988471,0.8492063492063551
traffic,arima,39,1256,2012-04-22 08:00:00,64.47718253968254,53.50593445641218,66.04745370370371,10.971248083270368,1.5702711640211646
traffic,arima,40,1256,2012-04-22 08:00:00,61.84259259259259,53.50549350439686,66.04745370370371,8.337099088195728,4.204861111111121
traffic,arima,41,1256,2012-04-22 08:00:00,60.46395502645503,53.5051404507527,66.04745370370371,6.958814575702334,5.583498677248677
traffic,arima,42,1256,2012-04-22 08:00:00,60.00578703703704,53.504857774018426,66.04745370370371,6.500929263018612,6.041666666666671
traffic,arima,43,1256,2012-04-22 08:00:00,58.03670634920635,53.504631445421005,66.04745370370371,4.532074903785343,8.010747354497362
traffic,arima,44,1256,2012-04-22 08:00:00,57.20486111111112,53.50445023265109,66.04745370370371,3.7004108784600334,8.842592592592588
traffic,arima,45,1256,2012-04-22 08:00:00,57.95899470899471,53.50430514242229,66.04745370370371,4.454689566572419,8.088458994709
traffic,arima,46,1256,2012-04-22 08:00:00,63.27662037037037,53.504188974149486,66.04745370370371,9.772431396220881,2.770833333333343
traffic,arima,47,1256,2012-04-22 08:00:00,66.32291666666667,53.50409596259579,66.04745370370371,12.81882070407088,0.2754629629629619
traffic,arima,48,1256,2012-04-22 08:00:00,66.22222222222221,53.50402149175352,66.04745370370371,12.718200730468695,0.17476851851850483
traffic,arima,49,1256,2012-04-22 08:00:00,66.00496031746032,53.50396186575945,66.04745370370371,12.500998451700866,0.04249338624339316
traffic,arima,50,1256,2012-04-22 08:00:00,65.33912037037037,53.50391412547534,66.04745370370371,11.835206244895026,0.7083333333333428
traffic,arima,51,1256,2012-04-22 08:00:00,64.50578703703704,53.503875901630806,66.04745370370371,11.001911135406232,1.5416666666666714
traffic,arima,52,1256,2012-04-22 08:00:00,64.72222222222221,53.503845297240446,66.04745370370371,11.218376924981769,1.3252314814814952
traffic,arima,53,1256,2012-04-22 08:00:00,64.57754629629629,53.5038207934596,66.04745370370371,11.073725502836687,1.469907407407419
traffic,arima,54,1256,2012-04-22 08:00:00,64.56828703703704,53.50380117420667,66.04745370370371,11.064485862830367,1.4791666666666714
traffic,arima,55,1256,2012-04-22 08:00:00,64.39203042328042,53.503785465810964,66.04745370370371,10.888244957469453,1.6554232804232925
traffic,arima,56,1256,2012-04-22 08:00:00,59.020833333333336,53.5037728886911,66.04745370370371,5.517060444642233,7.026620370370374
traffic,arima,57,1256,2012-04-22 08:00:00,67.36342592592592,53.50376281866569,66.04745370370371,13.859663107260232,1.3159722222222143
traffic,arima,58,1256,2012-04-22 08:00:00,57.74074074074074,53.503754755976225,66.04745370370371,4.236985984764516,8.306712962962969
traffic,arima,59,1256,2012-04-22 08:00:00,67.32060185185185,53.50374830048493,66.04745370370371,13.816853551366918,1.2731481481481381
traffic,arima,60,1256,2012-04-22 08:00:00,65.29712301587301,53.50374313181657,66.04745370370371,11.793379884056442,0.7503306878306972
traffic,arima,61,1256,2012-04-22 08:00:00,66.19791666666667,53.5037389934588,66.04745370370371,12.694177673207868,0.1504629629629619
traffic,arima,62,1256,2012-04-22 08:00:00,65.13657407407408,53.50373568003186,66.04745370370371,11.632838394042217,0.9108796296296333
traffic,arima,63,1256,2012-04-22 08:00:00,65.53703703703704,53.50373302709589,66.04745370370371,12.033304009941148,0.5104166666666714
traffic,arima,64,1256,2012-04-22 08:00:00,63.20023148148149,53.50373090299015,66.04745370370371,9.696500578491339,2.8472222222222214
traffic,arima,65,1256,2012-04-22 08:00:00,15.479166666666666,53.50372920229881,66.04745370370371,38.02456253563214,50.568287037037045
traffic,arima,66,1256,2012-04-22 08:00:00,0.0,53.503727840619405,66.04745370370371,53.503727840619405,66.04745370370371
traffic,arima,67,1256,2012-04-22 08:00:00,0.0,53.50372675037408,66.04745370370371,53.50372675037408,66.04745370370371
traffic,arima,68,1256,2012-04-22 08:00:00,0.0,53.50372587745578,66.04745370370371,53.50372587745578,66.04745370370371
traffic,arima,69,1256,2012-04-22 08:00:00,0.0,53.50372517854302,66.04745370370371,53.50372517854302,66.04745370370371
traffic,arima,70,1256,2012-04-22 08:00:00,0.0,53.50372461894994,66.04745370370371,53.50372461894994,66.04745370370371
traffic,arima,71,1256,2012-04-22 08:00:00,0.0,53.503724170904874,66.04745370370371,53.503724170904874,66.04745370370371
traffic,arima,72,1256,2012-04-22 08:00:00,0.0,53.50372381217209,66.04745370370371,53.50372381217209,66.04745370370371
traffic,arima,1,1280,2012-04-23 08:00:00,65.64699074074075,64.66743937031454,66.98379629629629,0.9795513704262078,1.336805555555543
traffic,arima,2,1280,2012-04-23 08:00:00,64.16898148148148,62.547813586352575,66.98379629629629,1.621167895128906,2.8148148148148096
traffic,arima,3,1280,2012-04-23 08:00:00,63.33564814814815,60.81971836161051,66.98379629629629,2.51592978653764,3.648148148148138
traffic,arima,4,1280,2012-04-23 08:00:00,64.68667328042328,59.42699318755183,66.98379629629629,5.259680092871449,2.2971230158730123
traffic,arima,5,1280,2012-04-23 08:00:00,65.47222222222221,58.30593917432518,66.98379629629629,7.166283047897032,1.5115740740740762
traffic,arima,6,1280,2012-04-23 08:00:00,64.10879629629629,57.403683196354635,66.98379629629629,6.705113099941656,2.875
traffic,arima,7,1280,2012-04-23 08:00:00,65.2638888888889,56.67753251215488,66.98379629629629,8.586356376734017,1.7199074074073906
traffic,arima,8,1280,2012-04-23 08:00:00,66.05952380952381,56.09311521797901,66.98379629629629,9.966408591544798,0.9242724867724803
traffic,arima,9,1280,2012-04-23 08:00:00,65.43287037037037,55.62276722560421,66.98379629629629,9.81010314476616,1.5509259259259238
traffic,arima,10,1280,2012-04-23 08:00:00,53.32291666666666,55.24422396185729,66.98379629629629,1.9213072951906298,13.660879629629633
traffic,arima,11,1280,2012-04-23 08:00:00,60.2349537037037,54.93956654953428,66.98379629629629,5.2953871541694255,6.748842592592588
traffic,arima,12,1280,2012-04-23 08:00:00,66.71180555555556,54.694373601322596,66.98379629629629,12.017431954232961,0.27199074074073337
traffic,arima,13,1280,2012-04-23 08:00:00,65.81994047619047,54.497038563934346,66.98379629629629,11.322901912256121,1.1638558201058231
traffic,arima,14,1280,2012-04-23 08:00:00,65.19824735449735,54.33822030564045,66.98379629629629,10.860027048856907,1.785548941798936
traffic,arima,15,1280,2012-04-23 08:00:00,64.47718253968254,54.21040094065928,66.98379629629629,10.266781599023268,2.5066137566137456
traffic,arima,16,1280,2012-04-23 08:00:00,61.84259259259259,54.107529959452854,66.98379629629629,7.735062633139734,5.141203703703702
traffic,arima,17,1280,2012-04-23 08:00:00,60.46395502645503,54.02473781934223,66.98379629629629,6.439217207112804,6.519841269841258
traffic,arima,18,1280,2012-04-23 08:00:00,60.00578703703704,53.95810543785125,66.98379629629629,6.047681599185786,6.978009259259252
traffic,arima,19,1280,2012-04-23 08:00:00,58.03670634920635,53.904478677421736,66.98379629629629,4.132227671784612,8.947089947089943
traffic,arima,20,1280,2012-04-23 08:00:00,57.20486111111112,53.86131903987293,66.98379629629629,3.34354207123819,9.77893518518517
traffic,arima,21,1280,2012-04-23 08:00:00,57.95899470899471,53.82658350301735,66.98379629629629,4.1324112059773555,9.024801587301582
traffic,arima,22,1280,2012-04-23 08:00:00,63.27662037037037,53.79862781133018,66.98379629629629,9.477992559040189,3.707175925925924
traffic,arima,23,1280,2012-04-23 08:00:00,66.32291666666667,53.77612864279974,66.98379629629629,12.546788023866931,0.6608796296296191
traffic,arima,24,1280,2012-04-23 08:00:00,66.22222222222221,53.758020967617696,66.98379629629629,12.464201254604518,0.7615740740740762
traffic,arima,25,1280,2012-04-23 08:00:00,66.00496031746032,53.743447633494036,66.98379629629629,12.26151268396628,0.9788359788359742
traffic,arima,26,1280,2012-04-23 08:00:00,65.33912037037037,53.731718791147095,66.98379629629629,11.607401579223271,1.6446759259259238
traffic,arima,27,1280,2012-04-23 08:00:00,64.50578703703704,53.72227923931688,66.98379629629629,10.783507797720155,2.4780092592592524
traffic,arima,28,1280,2012-04-23 08:00:00,64.72222222222221,53.714682143532016,66.98379629629629,11.007540078690198,2.261574074074076
traffic,arima,29,1280,2012-04-23 08:00:00,64.57754629629629,53.708567884571146,66.98379629629629,10.868978411725145,2.40625
traffic,arima,30,1280,2012-04-23 08:00:00,64.56828703703704,53.70364703538098,66.98379629629629,10.864640001656056,2.4155092592592524
traffic,arima,31,1280,2012-04-23 08:00:00,64.39203042328042,53.699686660639365,66.98379629629629,10.692343762641052,2.5917658730158735
traffic,arima,32,1280,2012-04-23 08:00:00,59.020833333333336,53.696499290433955,66.98379629629629,5.32433404289938,7.962962962962955
traffic,arima,33,1280,2012-04-23 08:00:00,67.36342592592592,53.69393404611009,66.98379629629629,13.669491879815837,0.3796296296296333
traffic,arima,34,1280,2012-04-23 08:00:00,57.74074074074074,53.69186949821729,66.98379629629629,4.048871242523454,9.24305555555555
traffic,arima,35,1280,2012-04-23 08:00:00,67.32060185185185,53.69020791847535,66.98379629629629,13.630393933376496,0.33680555555555713
traffic,arima,36,1280,2012-04-23 08:00:00,65.29712301587301,53.688870653668644,66.98379629629629,11.608252362204368,1.6866732804232782
traffic,arima,37,1280,2012-04-23 08:00:00,66.19791666666667,53.68779440248542,66.98379629629629,12.510122264181248,0.7858796296296191
traffic,arima,38,1280,2012-04-23 08:00:00,65.13657407407408,53.686928219061194,66.98379629629629,11.449645855012882,1.8472222222222143
traffic,arima,39,1280,2012-04-23 08:00:00,65.53703703703704,53.68623110138447,66.98379629629629,11.850805935652566,1.4467592592592524
traffic,arima,40,1280,2012-04-23 08:00:00,63.20023148148149,53.685670050408895,66.98379629629629,9.514561431072593,3.7835648148148024
traffic,arima,41,1280,2012-04-23 08:00:00,15.479166666666666,53.68521850799689,66.98379629629629,38.20605184133023,51.504629629629626
traffic,arima,42,1280,2012-04-23 08:00:00,0.0,53.68485509975287,66.98379629629629,53.68485509975287,66.98379629629629
traffic,arima,43,1280,2012-04-23 08:00:00,0.0,53.68456262323614,66.98379629629629,53.68456262323614,66.98379629629629
traffic,arima,44,1280,2012-04-23 08:00:00,0.0,53.68432723365914,66.98379629629629,53.68432723365914,66.98379629629629
traffic,arima,45,1280,2012-04-23 08:00:00,0.0,53.684137788524936,66.98379629629629,53.684137788524936,66.98379629629629
traffic,arima,46,1280,2012-04-23 08:00:00,0.0,53.683985320181485,66.98379629629629,53.683985320181485,66.98379629629629
traffic,arima,47,1280,2012-04-23 08:00:00,0.0,53.68386261132515,66.98379629629629,53.68386261132515,66.98379629629629
traffic,arima,48,1280,2012-04-23 08:00:00,0.0,53.683763853359515,66.98379629629629,53.683763853359515,66.98379629629629
traffic,arima,49,1280,2012-04-23 08:00:00,0.0,53.683684371437295,66.98379629629629,53.683684371437295,66.98379629629629
traffic,arima,50,1280,2012-04-23 08:00:00,0.0,53.68362040316982,66.98379629629629,53.68362040316982,66.98379629629629
traffic,arima,51,1280,2012-04-23 08:00:00,0.0,53.683568920529126,66.98379629629629,53.683568920529126,66.98379629629629
traffic,arima,52,1280,2012-04-23 08:00:00,0.0,53.683527486511956,66.98379629629629,53.683527486511956,66.98379629629629
traffic,arima,53,1280,2012-04-23 08:00:00,0.0,53.68349413978079,66.98379629629629,53.68349413978079,66.98379629629629
traffic,arima,54,1280,2012-04-23 08:00:00,49.3599537037037,53.683467301821175,66.98379629629629,4.323513598117472,17.623842592592588
traffic,arima,55,1280,2012-04-23 08:00:00,67.36276455026454,53.68344570222053,66.98379629629629,13.679318848044012,0.37896825396825307
traffic,arima,56,1280,2012-04-23 08:00:00,67.1875,53.68342831853135,66.98379629629629,13.504071681468652,0.2037037037037095
traffic,arima,57,1280,2012-04-23 08:00:00,60.68435846560846,53.683414327872235,66.98379629629629,7.0009441377362265,6.299437830687829
traffic,arima,58,1280,2012-04-23 08:00:00,22.541666666666668,53.683403067975654,66.98379629629629,31.141736401308986,44.44212962962962
traffic,arima,59,1280,2012-04-23 08:00:00,21.996858465608465,53.68339400583856,66.98379629629629,31.686535540230093,44.98693783068782
traffic,arima,60,1280,2012-04-23 08:00:00,67.99768518518518,53.683386712491924,66.98379629629629,14.314298472693253,1.0138888888888857
traffic,arima,61,1280,2012-04-23 08:00:00,66.39699074074075,53.68338084269493,66.98379629629629,12.713609898045817,0.5868055555555429
traffic,arima,62,1280,2012-04-23 08:00:00,66.17013888888889,53.68337611859247,66.98379629629629,12.486762770296416,0.8136574074074048
traffic,arima,63,1280,2012-04-23 08:00:00,63.270833333333336,53.68337231656251,66.98379629629629,9.587461016770824,3.712962962962955
traffic,arima,64,1280,2012-04-23 08:00:00,58.989914021164026,53.683369256630606,66.98379629629629,5.30654476453342,7.993882275132265
traffic,arima,65,1280,2012-04-23 08:00:00,57.826388888888886,53.68336679395058,66.98379629629629,4.143022094938303,9.157407407407405
traffic,arima,66,1280,2012-04-23 08:00:00,59.40492724867725,53.683364811948,66.98379629629629,5.7215624367292435,7.578869047619044
traffic,arima,67,1280,2012-04-23 08:00:00,58.25347222222222,53.68336321680199,66.98379629629629,4.570109005420228,8.730324074074069
traffic,arima,68,1280,2012-04-23 08:00:00,57.21643518518518,53.68336193300407,66.98379629629629,3.5330732521811115,9.767361111111107
traffic,arima,69,1280,2012-04-23 08:00:00,59.57407407407408,53.68336089978386,66.98379629629629,5.890713174290227,7.409722222222207
traffic,arima,70,1280,2012-04-23 08:00:00,60.254629629629626,53.68336006823242,66.98379629629629,6.571269561397209,6.729166666666664
traffic,arima,71,1280,2012-04-23 08:00:00,64.20651455026454,53.683359398987086,66.98379629629629,10.523155151277457,2.777281746031747
traffic,arima,72,1280,2012-04-23 08:00:00,66.51074735449735,53.6833588603682,66.98379629629629,12.827388494129153,0.4730489417989361
traffic,arima,1,1304,2012-04-24 08:00:00,66.00496031746032,63.942810928632795,66.22222222222221,2.062149388827521,0.217261904761898
traffic,arima,2,1304,2012-04-24 08:00:00,65.33912037037037,61.917061112886586,66.22222222222221,3.422059257483781,0.8831018518518476
traffic,arima,3,1304,2012-04-24 08:00:00,64.50578703703704,60.27283529283115,66.22222222222221,4.2329517442058915,1.7164351851851762
traffic,arima,4,1304,2012-04-24 08:00:00,64.72222222222221,58.95079713850336,66.22222222222221,5.771425083718853,1.5
traffic,arima,5,1304,2012-04-24 08:00:00,64.57754629629629,57.88891301186948,66.22222222222221,6.688633284426814,1.6446759259259238
traffic,arima,6,1304,2012-04-24 08:00:00,64.56828703703704,57.036086596993236,66.22222222222221,7.532200440043802,1.6539351851851762
traffic,arima,7,1304,2012-04-24 08:00:00,64.39203042328042,56.351168447801335,66.22222222222221,8.040861975479082,1.8301917989417973
traffic,arima,8,1304,2012-04-24 08:00:00,59.020833333333336,55.80110080407401,66.22222222222221,3.219732529259325,7.201388888888879
traffic,arima,9,1304,2012-04-24 08:00:00,67.36342592592592,55.35933361425986,66.22222222222221,12.004092311666064,1.1412037037037095
traffic,arima,10,1304,2012-04-24 08:00:00,57.74074074074074,55.004544073561775,66.22222222222221,2.736196667178966,8.481481481481474
traffic,arima,11,1304,2012-04-24 08:00:00,67.32060185185185,54.71960752586412,66.22222222222221,12.600994325987728,1.0983796296296333
traffic,arima,12,1304,2012-04-24 08:00:00,65.29712301587301,54.49077091462351,66.22222222222221,10.806352101249502,0.9250992063492021
traffic,arima,13,1304,2012-04-24 08:00:00,66.19791666666667,54.30698896363824,66.22222222222221,11.890927703028431,0.024305555555542924
traffic,arima,14,1304,2012-04-24 08:00:00,65.13657407407408,54.15939105382497,66.22222222222221,10.977183020249107,1.0856481481481381
traffic,arima,15,1304,2012-04-24 08:00:00,65.53703703703704,54.040853064297444,66.22222222222221,11.496183972739594,0.6851851851851762
traffic,arima,16,1304,2012-04-24 08:00:00,63.20023148148149,53.945653511817305,66.22222222222221,9.254577969664183,3.0219907407407263
traffic,arima,17,1304,2012-04-24 08:00:00,15.479166666666666,53.86919739147527,66.22222222222221,38.390030724808604,50.74305555555555
traffic,arima,18,1304,2012-04-24 08:00:00,0.0,53.80779438919777,66.22222222222221,53.80779438919777,66.22222222222221
traffic,arima,19,1304,2012-04-24 08:00:00,0.0,53.75848076104317,66.22222222222221,53.75848076104317,66.22222222222221
traffic,arima,20,1304,2012-04-24 08:00:00,0.0,53.71887628192046,66.22222222222221,53.71887628192046,66.22222222222221
traffic,arima,21,1304,2012-04-24 08:00:00,0.0,53.687069359062065,66.22222222222221,53.687069359062065,66.22222222222221
traffic,arima,22,1304,2012-04-24 08:00:00,0.0,53.661524765012864,66.22222222222221,53.661524765012864,66.22222222222221
traffic,arima,23,1304,2012-04-24 08:00:00,0.0,53.641009536675824,66.22222222222221,53.641009536675824,66.22222222222221
traffic,arima,24,1304,2012-04-24 08:00:00,0.0,53.62453346377718,66.22222222222221,53.62453346377718,66.22222222222221
traffic,arima,25,1304,2012-04-24 08:00:00,0.0,53.6113012943028,66.22222222222221,53.6113012943028,66.22222222222221
traffic,arima,26,1304,2012-04-24 08:00:00,0.0,53.60067435000145,66.22222222222221,53.60067435000145,66.22222222222221
traffic,arima,27,1304,2012-04-24 08:00:00,0.0,53.59213969924727,66.22222222222221,53.59213969924727,66.22222222222221
traffic,arima,28,1304,2012-04-24 08:00:00,0.0,53.58528539932528,66.22222222222221,53.58528539932528,66.22222222222221
traffic,arima,29,1304,2012-04-24 08:00:00,0.0,53.57978061315724,66.22222222222221,53.57978061315724,66.22222222222221
traffic,arima,30,1304,2012-04-24 08:00:00,49.3599537037037,53.57535964076024,66.22222222222221,4.215405937056538,16.862268518518512
traffic,arima,31,1304,2012-04-24 08:00:00,67.36276455026454,53.571809094683005,66.22222222222221,13.790955455581539,1.1405423280423292
traffic,arima,32,1304,2012-04-24 08:00:00,67.1875,53.56895760041555,66.22222222222221,13.618542399584449,0.9652777777777857
traffic,arima,33,1304,2012-04-24 08:00:00,60.68435846560846,53.56666752464116,66.22222222222221,7.1176909409673,5.537863756613753
traffic,arima,34,1304,2012-04-24 08:00:00,22.541666666666668,53.56482833207736,66.22222222222221,31.023161665410694,43.68055555555554
traffic,arima,35,1304,2012-04-24 08:00:00,21.996858465608465,53.56335125025999,66.22222222222221,31.566492784651526,44.225363756613746
traffic,arima,36,1304,2012-04-24 08:00:00,67.99768518518518,53.56216498475514,66.22222222222221,14.435520200430034,1.775462962962962
traffic,arima,37,1304,2012-04-24 08:00:00,66.39699074074075,53.561212277984644,66.22222222222221,12.835778462756103,0.17476851851853326
traffic,arima,38,1304,2012-04-24 08:00:00,66.17013888888889,53.56044714556965,66.22222222222221,12.609691743319239,0.052083333333328596
traffic,arima,39,1304,2012-04-24 08:00:00,63.270833333333336,53.5598326567987,66.22222222222221,9.711000676534638,2.9513888888888786
traffic,arima,40,1304,2012-04-24 08:00:00,58.989914021164026,53.55933915208994,66.22222222222221,5.430574869074086,7.2323082010581885
traffic,arima,41,1304,2012-04-24 08:00:00,57.826388888888886,53.55894281140956,66.22222222222221,4.2674460774793275,8.395833333333329
traffic,arima,42,1304,2012-04-24 08:00:00,59.40492724867725,53.55862450454816,66.22222222222221,5.846302744129083,6.817294973544968
traffic,arima,43,1304,2012-04-24 08:00:00,58.25347222222222,53.558368867761374,66.22222222222221,4.695103354460848,7.968749999999993
traffic,arima,44,1304,2012-04-24 08:00:00,57.21643518518518,53.55816356220661,66.22222222222221,3.6582716229785746,9.005787037037031
traffic,arima,45,1304,2012-04-24 08:00:00,59.57407407407408,53.55799867838318,66.22222222222221,6.016075395690905,6.648148148148131
traffic,arima,46,1304,2012-04-24 08:00:00,60.254629629629626,53.55786625782953,66.22222222222221,6.696763371800095,5.967592592592588
traffic,arima,47,1304,2012-04-24 08:00:00,64.20651455026454,53.557759908991514,66.22222222222221,10.64875464127303,2.0157076719576708
traffic,arima,48,1304,2012-04-24 08:00:00,66.51074735449735,53.557674498720715,66.22222222222221,12.95307285577664,0.2885251322751401
traffic,arima,49,1304,2012-04-24 08:00:00,61.03835978835979,53.557605904512315,66.22222222222221,7.480753883847477,5.183862433862423
traffic,arima,50,1304,2012-04-24 08:00:00,63.598379629629626,53.55755081552381,66.22222222222221,10.040828814105815,2.623842592592588
traffic,arima,51,1304,2012-04-24 08:00:00,59.15277777777778,53.55750657277029,66.22222222222221,5.595271205007485,7.069444444444436
traffic,arima,52,1304,2012-04-24 08:00:00,63.6698082010582,53.55747104078303,66.22222222222221,10.112337160275175,2.5524140211640116
traffic,arima,53,1304,2012-04-24 08:00:00,65.56597222222221,53.557442504536546,66.22222222222221,12.008529717685668,0.65625
traffic,arima,54,1304,2012-04-24 08:00:00,66.20188492063492,53.557419586669404,66.22222222222221,12.64446533396552,0.020337301587289858
traffic,arima,55,1304,2012-04-24 08:00:00,65.43518518518518,53.55740118100297,66.22222222222221,11.877784004182203,0.7870370370370381
traffic,arima,56,1304,2012-04-24 08:00:00,66.63425925925925,53.557386399149365,66.22222222222221,13.076872860109887,0.4120370370370381
traffic,arima,57,1304,2012-04-24 08:00:00,67.03935185185185,53.55737452763161,66.22222222222221,13.481977324220239,0.8171296296296333
traffic,arima,58,1304,2012-04-24 08:00:00,66.96064814814815,53.55736499344613,66.22222222222221,13.403283154702024,0.738425925925938
traffic,arima,59,1304,2012-04-24 08:00:00,67.52662037037037,53.557357336405595,66.22222222222221,13.969263033964772,1.3043981481481524
traffic,arima,60,1304,2012-04-24 08:00:00,66.52546296296296,53.55735118692698,66.22222222222221,12.968111776035983,0.3032407407407476
traffic,arima,61,1304,2012-04-24 08:00:00,66.40830026455026,53.557346248192864,66.22222222222221,12.850954016357399,0.1860780423280488
traffic,arima,62,1304,2012-04-24 08:00:00,66.05704365079366,53.55734228182496,66.22222222222221,12.4997013689687,0.1651785714285552
traffic,arima,63,1304,2012-04-24 08:00:00,65.4201388888889,53.55733909637824,66.22222222222221,11.862799792510657,0.8020833333333144
traffic,arima,64,1304,2012-04-24 08:00:00,64.91087962962963,53.557336538100486,66.22222222222221,11.353543091529147,1.311342592592581
traffic,arima,65,1304,2012-04-24 08:00:00,56.68369708994709,53.55733448351108,66.22222222222221,3.126362606436011,9.538525132275126
traffic,arima,66,1304,2012-04-24 08:00:00,62.49884259259259,53.55733283344098,66.22222222222221,8.941509759151607,3.723379629629626
traffic,arima,67,1304,2012-04-24 08:00:00,59.29976851851851,53.557331508246115,66.22222222222221,5.742437010272397,6.922453703703702
traffic,arima,68,1304,2012-04-24 08:00:00,60.64814814814815,53.557330443963195,66.22222222222221,7.090817704184957,5.574074074074062
traffic,arima,69,1304,2012-04-24 08:00:00,60.33419312169312,53.55732958922238,66.22222222222221,6.776863532470742,5.888029100529096
traffic,arima,70,1304,2012-04-24 08:00:00,64.65162037037037,53.55732890276782,66.22222222222221,11.094291467602545,1.5706018518518476
traffic,arima,71,1304,2012-04-24 08:00:00,66.23495370370371,53.55732835146636,66.22222222222221,12.67762535223735,0.012731481481495166
traffic,arima,72,1304,2012-04-24 08:00:00,67.28472222222221,53.55732790870828,66.22222222222221,13.727394313513933,1.0625
traffic,arima,1,1328,2012-04-25 08:00:00,0.0,8.803566905861501,0.0,8.803566905861501,0.0
traffic,arima,2,1328,2012-04-25 08:00:00,0.0,16.70713026534147,0.0,16.70713026534147,0.0
traffic,arima,3,1328,2012-04-25 08:00:00,0.0,23.219845300695894,0.0,23.219845300695894,0.0
traffic,arima,4,1328,2012-04-25 08:00:00,0.0,28.54348690698077,0.0,28.54348690698077,0.0
traffic,arima,5,1328,2012-04-25 08:00:00,0.0,32.89169932232805,0.0,32.89169932232805,0.0
traffic,arima,6,1328,2012-04-25 08:00:00,49.3599537037037,36.44292675604912,0.0,12.917026947654584,49.3599537037037
traffic,arima,7,1328,2012-04-25 08:00:00,67.36276455026454,39.34322611908131,0.0,28.019538431183236,67.36276455026454
traffic,arima,8,1328,2012-04-25 08:00:00,67.1875,41.71190850427485,0.0,25.475591495725148,67.1875
traffic,arima,9,1328,2012-04-25 08:00:00,60.68435846560846,43.64641770746328,0.0,17.037940758145183,60.68435846560846
traffic,arima,10,1328,2012-04-25 08:00:00,22.541666666666668,45.22633650620274,0.0,22.684669839536074,22.541666666666668
traffic,arima,11,1328,2012-04-25 08:00:00,21.996858465608465,46.51666037987676,0.0,24.519801914268296,21.996858465608465
traffic,arima,12,1328,2012-04-25 08:00:00,67.99768518518518,47.57047131001829,0.0,20.427213875166885,67.99768518518518
traffic,arima,13,1328,2012-04-25 08:00:00,66.39699074074075,48.431121491833046,0.0,17.9658692489077,66.39699074074075
traffic,arima,14,1328,2012-04-25 08:00:00,66.17013888888889,49.134016778141884,0.0,17.036122110747,66.17013888888889
traffic,arima,15,1328,2012-04-25 08:00:00,63.270833333333336,49.708073222856015,0.0,13.56276011047732,63.270833333333336
traffic,arima,16,1328,2012-04-25 08:00:00,58.989914021164026,50.17690664390279,0.0,8.813007377261236,58.989914021164026
traffic,arima,17,1328,2012-04-25 08:00:00,57.826388888888886,50.559804142422955,0.0,7.266584746465931,57.826388888888886
traffic,arima,18,1328,2012-04-25 08:00:00,59.40492724867725,50.872517545076,0.0,8.532409703601246,59.40492724867725
traffic,arima,19,1328,2012-04-25 08:00:00,58.25347222222222,51.12791141047544,0.0,7.12556081174678,58.25347222222222
traffic,arima,20,1328,2012-04-25 08:00:00,57.21643518518518,51.33649225776339,0.0,5.879942927421794,57.21643518518518
traffic,arima,21,1328,2012-04-25 08:00:00,59.57407407407408,51.506840788991084,0.0,8.067233285082999,59.57407407407408
traffic,arima,22,1328,2012-04-25 08:00:00,60.254629629629626,51.645964886283544,0.0,8.608664743346083,60.254629629629626
traffic,arima,23,1328,2012-04-25 08:00:00,64.20651455026454,51.75958790556025,0.0,12.446926644704291,64.20651455026454
traffic,arima,24,1328,2012-04-25 08:00:00,66.51074735449735,51.85238412678147,0.0,14.658363227715881,66.51074735449735
traffic,arima,25,1328,2012-04-25 08:00:00,61.03835978835979,51.928171046789004,0.0,9.110188741570788,61.03835978835979
traffic,arima,26,1328,2012-04-25 08:00:00,63.598379629629626,51.99006642537921,0.0,11.608313204250415,63.598379629629626
traffic,arima,27,1328,2012-04-25 08:00:00,59.15277777777778,52.040616545247445,0.0,7.112161232530333,59.15277777777778
traffic,arima,28,1328,2012-04-25 08:00:00,63.6698082010582,52.08190096222486,0.0,11.587907238833346,63.6698082010582
traffic,arima,29,1328,2012-04-25 08:00:00,65.56597222222221,52.11561805507464,0.0,13.450354167147573,65.56597222222221
traffic,arima,30,1328,2012-04-25 08:00:00,66.20188492063492,52.14315489423753,0.0,14.058730026397392,66.20188492063492
traffic,arima,31,1328,2012-04-25 08:00:00,65.43518518518518,52.16564430382161,0.0,13.269540881363568,65.43518518518518
traffic,arima,32,1328,2012-04-25 08:00:00,66.63425925925925,52.18401146428067,0.0,14.45024779497858,66.63425925925925
traffic,arima,33,1328,2012-04-25 08:00:00,67.03935185185185,52.199011972945335,0.0,14.840339878906512,67.03935185185185
traffic,arima,34,1328,2012-04-25 08:00:00,66.96064814814815,52.21126292815967,0.0,14.749385219988483,66.96064814814815
traffic,arima,35,1328,2012-04-25 08:00:00,67.52662037037037,52.22126831577811,0.0,15.305352054592255,67.52662037037037
traffic,arima,36,1328,2012-04-25 08:00:00,66.52546296296296,52.22943974238475,0.0,14.296023220578213,66.52546296296296
traffic,arima,37,1328,2012-04-25 08:00:00,66.40830026455026,52.236113368168596,0.0,14.172186896381668,66.40830026455026
traffic,arima,38,1328,2012-04-25 08:00:00,66.05704365079366,52.24156373604763,0.0,13.815479914746028,66.05704365079366
traffic,arima,39,1328,2012-04-25 08:00:00,65.4201388888889,52.246015065951205,0.0,13.174123822937695,65.4201388888889
traffic,arima,40,1328,2012-04-25 08:00:00,64.91087962962963,52.249650478890324,0.0,12.66122915073931,64.91087962962963
traffic,arima,41,1328,2012-04-25 08:00:00,56.68369708994709,52.252619530280406,0.0,4.431077559666683,56.68369708994709
traffic,arima,42,1328,2012-04-25 08:00:00,62.49884259259259,52.255044362425906,0.0,10.243798230166682,62.49884259259259
traffic,arima,43,1328,2012-04-25 08:00:00,59.29976851851851,52.25702472927086,0.0,7.042743789247652,59.29976851851851
traffic,arima,44,1328,2012-04-25 08:00:00,60.64814814814815,52.258642100125925,0.0,8.389506048022227,60.64814814814815
traffic,arima,45,1328,2012-04-25 08:00:00,60.33419312169312,52.259963011193236,0.0,8.074230110499883,60.33419312169312
traffic,arima,46,1328,2012-04-25 08:00:00,64.65162037037037,52.26104180276554,0.0,12.390578567604827,64.65162037037037
traffic,arima,47,1328,2012-04-25 08:00:00,66.23495370370371,52.26192285470407,0.0,13.973030848999642,66.23495370370371
traffic,arima,48,1328,2012-04-25 08:00:00,67.28472222222221,52.2626424121592,0.0,15.022079810063012,67.28472222222221
traffic,arima,49,1328,2012-04-25 08:00:00,66.22089947089947,52.263230076641385,0.0,13.957669394258083,66.22089947089947
traffic,arima,50,1328,2012-04-25 08:00:00,65.75694444444444,52.263710023782735,0.0,13.493234420661707,65.75694444444444
traffic,arima,51,1328,2012-04-25 08:00:00,65.36458333333333,52.2641019978861,0.0,13.100481335447228,65.36458333333333
traffic,arima,52,1328,2012-04-25 08:00:00,65.52314814814815,52.26442212417601,0.0,13.258726023972145,65.52314814814815
traffic,arima,53,1328,2012-04-25 08:00:00,64.12136243386243,52.264683572166085,0.0,11.856678861696345,64.12136243386243
traffic,arima,54,1328,2012-04-25 08:00:00,65.03472222222221,52.26489709743306,0.0,12.769825124789158,65.03472222222221
traffic,arima,55,1328,2012-04-25 08:00:00,64.96180555555556,52.265071484084956,0.0,12.696734071470601,64.96180555555556
traffic,arima,56,1328,2012-04-25 08:00:00,63.08217592592592,52.265213906126114,0.0,10.816962019799803,63.08217592592592
traffic,arima,57,1328,2012-04-25 08:00:00,63.22800925925926,52.26533022258489,0.0,10.962679036674366,63.22800925925926
traffic,arima,58,1328,2012-04-25 08:00:00,33.48528439153439,52.265425218545296,0.0,18.780140827010904,33.48528439153439
traffic,arima,59,1328,2012-04-25 08:00:00,42.676917989418,52.26550280199813,0.0,9.58858481258013,42.676917989418
traffic,arima,60,1328,2012-04-25 08:00:00,67.16435185185185,52.26556616460985,0.0,14.898785687241997,67.16435185185185
traffic,arima,61,1328,2012-04-25 08:00:00,65.28356481481482,52.2656179130229,0.0,13.017946901791923,65.28356481481482
traffic,arima,62,1328,2012-04-25 08:00:00,65.36772486772487,52.2656601760891,0.0,13.102064691635775,65.36772486772487
traffic,arima,63,1328,2012-04-25 08:00:00,65.13773148148148,52.26569469244737,0.0,12.872036789034112,65.13773148148148
traffic,arima,64,1328,2012-04-25 08:00:00,64.19444444444444,52.26572288204871,0.0,11.92872156239573,64.19444444444444
traffic,arima,65,1328,2012-04-25 08:00:00,64.54761904761905,52.265745904570906,0.0,12.281873143048145,64.54761904761905
traffic,arima,66,1328,2012-04-25 08:00:00,63.677083333333336,52.26576470712585,0.0,11.411318626207489,63.677083333333336
traffic,arima,67,1328,2012-04-25 08:00:00,63.06597222222222,52.26578006322234,0.0,10.800192158999884,63.06597222222222
traffic,arima,68,1328,2012-04-25 08:00:00,63.26041666666666,52.26579260458708,0.0,10.99462406207958,63.26041666666666
traffic,arima,69,1328,2012-04-25 08:00:00,62.163657407407406,52.26580284715292,0.0,9.897854560254487,62.163657407407406
traffic,arima,70,1328,2012-04-25 08:00:00,62.6712962962963,52.265811212283616,0.0,10.405485084012682,62.6712962962963
traffic,arima,71,1328,2012-04-25 08:00:00,66.09143518518518,52.26581804410804,0.0,13.825617141077139,66.09143518518518
traffic,arima,72,1328,2012-04-25 08:00:00,66.86458333333333,52.26582362367717,0.0,14.598759709656157,66.86458333333333
traffic,arima,1,1352,2012-04-26 08:00:00,61.03835978835979,64.14239089080772,66.51074735449735,3.1040311024479266,5.472387566137563
traffic,arima,2,1352,2012-04-26 08:00:00,63.598379629629626,61.827170504876285,66.51074735449735,1.7712091247533408,2.912367724867728
traffic,arima,3,1352,2012-04-26 08:00:00,59.15277777777778,59.9957611426254,66.51074735449735,0.842983364847619,7.357969576719576
traffic,arima,4,1352,2012-04-26 08:00:00,63.6698082010582,58.58834944133261,66.51074735449735,5.081458759725592,2.8409391534391517
traffic,arima,5,1352,2012-04-26 08:00:00,65.56597222222221,57.51165204080033,66.51074735449735,8.054320181421886,0.9447751322751401
traffic,arima,6,1352,2012-04-26 08:00:00,66.20188492063492,56.68855079567491,66.51074735449735,9.513334124960018,0.30886243386242995
traffic,arima,7,1352,2012-04-26 08:00:00,65.43518518518518,56.05938829979452,66.51074735449735,9.375796885390656,1.0755621693121782
traffic,arima,8,1352,2012-04-26 08:00:00,66.63425925925925,55.5784776519781,66.51074735449735,11.055781607281155,0.123511904761898
traffic,arima,9,1352,2012-04-26 08:00:00,67.03935185185185,55.21088681324189,66.51074735449735,11.828465038609956,0.5286044973544932
traffic,arima,10,1352,2012-04-26 08:00:00,66.96064814814815,54.92991370184955,66.51074735449735,12.030734446298602,0.44990079365079794
traffic,arima,11,1352,2012-04-26 08:00:00,67.52662037037037,54.71514805740872,66.51074735449735,12.811472312961648,1.0158730158730123
traffic,arima,12,1352,2012-04-26 08:00:00,66.52546296296296,54.550988998746185,66.51074735449735,11.974473964216777,0.014715608465607488
traffic,arima,13,1352,2012-04-26 08:00:00,66.40830026455026,54.425511776543686,66.51074735449735,11.982788488006577,0.10244708994709129
traffic,arima,14,1352,2012-04-26 08:00:00,66.05704365079366,54.32960154524076,66.51074735449735,11.727442105552896,0.4537037037036953
traffic,arima,15,1352,2012-04-26 08:00:00,65.4201388888889,54.256291247908216,66.51074735449735,11.163847640980684,1.0906084656084545
traffic,arima,16,1352,2012-04-26 08:00:00,64.91087962962963,54.20025551926975,66.51074735449735,10.71062411035988,1.599867724867721
traffic,arima,17,1352,2012-04-26 08:00:00,56.68369708994709,54.157423843525805,66.51074735449735,2.526273246421283,9.827050264550266
traffic,arima,18,1352,2012-04-26 08:00:00,62.49884259259259,54.12468486624096,66.51074735449735,8.374157726351626,4.011904761904766
traffic,arima,19,1352,2012-04-26 08:00:00,59.29976851851851,54.09966038108971,66.51074735449735,5.200108137428799,7.2109788359788425
traffic,arima,20,1352,2012-04-26 08:00:00,60.64814814814815,54.08053257353371,66.51074735449735,6.567615574614443,5.862599206349202
traffic,arima,21,1352,2012-04-26 08:00:00,60.33419312169312,54.065911972163164,66.51074735449735,6.268281149529955,6.176554232804236
traffic,arima,22,1352,2012-04-26 08:00:00,64.65162037037037,54.05473651549827,66.51074735449735,10.596883854872097,1.8591269841269877
traffic,arima,23,1352,2012-04-26 08:00:00,66.23495370370371,54.046194402318136,66.51074735449735,12.188759301385574,0.27579365079364493
traffic,arima,24,1352,2012-04-26 08:00:00,67.28472222222221,54.03966512125427,66.51074735449735,13.245057100967948,0.7739748677248599
traffic,arima,25,1352,2012-04-26 08:00:00,66.22089947089947,54.03467437595365,66.51074735449735,12.186225094945819,0.2898478835978864
traffic,arima,26,1352,2012-04-26 08:00:00,65.75694444444444,54.03085963151059,66.51074735449735,11.726084812933856,0.7538029100529116
traffic,arima,27,1352,2012-04-26 08:00:00,65.36458333333333,54.02794377941049,66.51074735449735,11.336639553922836,1.1461640211640258
traffic,arima,28,1352,2012-04-26 08:00:00,65.52314814814815,54.025715007969424,66.51074735449735,11.497433140178728,0.9875992063492021
traffic,arima,29,1352,2012-04-26 08:00:00,64.12136243386243,54.02401141602923,66.51074735449735,10.097351017833198,2.3893849206349245
traffic,arima,30,1352,2012-04-26 08:00:00,65.03472222222221,54.02270925222491,66.51074735449735,11.012012969997308,1.47602513227514
traffic,arima,31,1352,2012-04-26 08:00:00,64.96180555555556,54.02171392550769,66.51074735449735,10.940091630047867,1.5489417989417973
traffic,arima,32,1352,2012-04-26 08:00:00,63.08217592592592,54.020953133915484,66.51074735449735,9.061222792010433,3.4285714285714377
traffic,arima,33,1352,2012-04-26 08:00:00,63.22800925925926,54.02037161245449,66.51074735449735,9.20763764680477,3.282738095238095
traffic,arima,34,1352,2012-04-26 08:00:00,33.48528439153439,54.01992711857066,66.51074735449735,20.53464272703627,33.02546296296296
traffic,arima,35,1352,2012-04-26 08:00:00,42.676917989418,54.019587363589956,66.51074735449735,11.342669374171955,23.833829365079353
traffic,arima,36,1352,2012-04-26 08:00:00,67.16435185185185,54.01932766722267,66.51074735449735,13.145024184629179,0.6536044973544932
traffic,arima,37,1352,2012-04-26 08:00:00,65.28356481481482,54.01912916475173,66.51074735449735,11.264435650063092,1.2271825396825307
traffic,arima,38,1352,2012-04-26 08:00:00,65.36772486772487,54.018977436672586,66.51074735449735,11.348747431052288,1.1430224867724803
traffic,arima,39,1352,2012-04-26 08:00:00,65.13773148148148,54.01886146123968,66.51074735449735,11.1188700202418,1.3730158730158735
traffic,arima,40,1352,2012-04-26 08:00:00,64.19444444444444,54.01877281383101,66.51074735449735,10.17567163061343,2.3163029100529116
traffic,arima,41,1352,2012-04-26 08:00:00,64.54761904761905,54.01870505497152,66.51074735449735,10.528913992647531,1.9631283068783034
traffic,arima,42,1352,2012-04-26 08:00:00,63.677083333333336,54.018653262560335,66.51074735449735,9.658430070773,2.8336640211640187
traffic,arima,43,1352,2012-04-26 08:00:00,63.06597222222222,54.01861367432233,66.51074735449735,9.04735854789989,3.444775132275133
traffic,arima,44,1352,2012-04-26 08:00:00,63.26041666666666,54.018583414511056,66.51074735449735,9.241833252155601,3.2503306878306972
traffic,arima,45,1352,2012-04-26 08:00:00,62.163657407407406,54.01856028501036,66.51074735449735,8.145097122397047,4.347089947089948
traffic,arima,46,1352,2012-04-26 08:00:00,62.6712962962963,54.018542605660095,66.51074735449735,8.652753690636203,3.839451058201057
traffic,arima,47,1352,2012-04-26 08:00:00,66.09143518518518,54.01852909220687,66.51074735449735,12.072906092978307,0.4193121693121782
traffic,arima,48,1352,2012-04-26 08:00:00,66.86458333333333,54.018518763014036,66.51074735449735,12.846064570319292,0.3538359788359742
traffic,arima,49,1352,2012-04-26 08:00:00,67.60300925925925,54.01851086775419,66.51074735449735,13.584498391505065,1.092261904761898
traffic,arima,50,1352,2012-04-26 08:00:00,67.91650132275133,54.01850483290432,66.51074735449735,13.89799648984701,1.4057539682539755
traffic,arima,51,1352,2012-04-26 08:00:00,68.01306216931216,54.01850022008427,66.51074735449735,13.994561949227894,1.5023148148148096
traffic,arima,52,1352,2012-04-26 08:00:00,66.57754629629629,54.01849669421216,66.51074735449735,12.55904960208413,0.06679894179893608
traffic,arima,53,1352,2012-04-26 08:00:00,56.36574074074074,54.018493999163574,66.51074735449735,2.347246741577166,10.145006613756614
traffic,arima,54,1352,2012-04-26 08:00:00,65.97867063492063,54.018491939166324,66.51074735449735,11.960178695754308,0.5320767195767218
traffic,arima,55,1352,2012-04-26 08:00:00,66.15165343915343,54.01849036457925,66.51074735449735,12.133163074574185,0.35909391534391943
traffic,arima,56,1352,2012-04-26 08:00:00,66.85532407407408,54.018489161022075,66.51074735449735,12.836834913052002,0.34457671957672176
traffic,arima,57,1352,2012-04-26 08:00:00,66.65277777777779,54.018488241066684,66.51074735449735,12.634289536711101,0.14203042328043125
traffic,arima,58,1352,2012-04-26 08:00:00,66.7948082010582,54.018487537886195,66.51074735449735,12.776320663172008,0.2840608465608483
traffic,arima,59,1352,2012-04-26 08:00:00,66.19560185185185,54.01848700040057,66.51074735449735,12.177114851451279,0.3151455026455068
traffic,arima,60,1352,2012-04-26 08:00:00,66.73578042328042,54.01848658956608,66.51074735449735,12.717293833714336,0.22503306878306262
traffic,arima,61,1352,2012-04-26 08:00:00,67.96875,54.01848627553912,66.51074735449735,13.950263724460882,1.4580026455026456
traffic,arima,62,1352,2012-04-26 08:00:00,67.46180555555556,54.01848603550832,66.51074735449735,13.44331952004724,0.9510582010582027
traffic,arima,63,1352,2012-04-26 08:00:00,67.19510582010582,54.018485852037486,66.51074735449735,13.176619968068337,0.6843584656084687
traffic,arima,64,1352,2012-04-26 08:00:00,66.06547619047619,54.018485711799045,66.51074735449735,12.046990478677145,0.4452711640211646
traffic,arima,65,1352,2012-04-26 08:00:00,65.2800925925926,54.01848560460588,66.51074735449735,11.261606987986717,1.2306547619047592
traffic,arima,66,1352,2012-04-26 08:00:00,65.29050925925925,54.01848552267131,66.51074735449735,11.27202373658794,1.220238095238102
traffic,arima,67,1352,2012-04-26 08:00:00,66.13310185185186,54.01848546004351,66.51074735449735,12.114616391808354,0.37764550264549257
traffic,arima,68,1352,2012-04-26 08:00:00,64.52248677248677,54.018485412173085,66.51074735449735,10.504001360313687,1.9882605820105823
traffic,arima,69,1352,2012-04-26 08:00:00,63.25925925925926,54.01848537558268,66.51074735449735,9.240773883676582,3.251488095238095
traffic,arima,70,1352,2012-04-26 08:00:00,65.52480158730158,54.018485347614295,66.51074735449735,11.506316239687287,0.9859457671957728
traffic,arima,71,1352,2012-04-26 08:00:00,66.0,54.01848532623628,66.51074735449735,11.98151467376372,0.5107473544973544
traffic,arima,72,1352,2012-04-26 08:00:00,67.18055555555556,54.0184853098957,66.51074735449735,13.162070245659855,0.6698082010582027
traffic,arima,1,1376,2012-04-27 08:00:00,66.22089947089947,64.78535020221146,67.28472222222221,1.435549268688007,1.0638227513227463
traffic,arima,2,1376,2012-04-27 08:00:00,65.75694444444444,62.45667743301453,67.28472222222221,3.3002670114299164,1.5277777777777715
traffic,arima,3,1376,2012-04-27 08:00:00,65.36458333333333,60.65312768383006,67.28472222222221,4.711455649503272,1.9201388888888857
traffic,arima,4,1376,2012-04-27 08:00:00,65.52314814814815,59.29764772353272,67.28472222222221,6.225500424615433,1.761574074074062
traffic,arima,5,1376,2012-04-27 08:00:00,64.12136243386243,58.28454245913453,67.28472222222221,5.836819974727902,3.1633597883597844
traffic,arima,6,1376,2012-04-27 08:00:00,65.03472222222221,57.52812051480452,67.28472222222221,7.506601707417694,2.25
traffic,arima,7,1376,2012-04-27 08:00:00,64.96180555555556,56.963458776453464,67.28472222222221,7.998346779102093,2.322916666666657
traffic,arima,8,1376,2012-04-27 08:00:00,63.08217592592592,56.541959835640164,67.28472222222221,6.540216090285753,4.202546296296298
traffic,arima,9,1376,2012-04-27 08:00:00,63.22800925925926,56.227328792639014,67.28472222222221,7.000680466620246,4.056712962962955
traffic,arima,10,1376,2012-04-27 08:00:00,33.48528439153439,55.992470403863834,67.28472222222221,22.50718601232944,33.79943783068782
traffic,arima,11,1376,2012-04-27 08:00:00,42.676917989418,55.81715887563843,67.28472222222221,13.140240886220425,24.607804232804213
traffic,arima,12,1376,2012-04-27 08:00:00,67.16435185185185,55.686296483896804,67.28472222222221,11.478055367955044,0.12037037037036669
traffic,arima,13,1376,2012-04-27 08:00:00,65.28356481481482,55.58861343023388,67.28472222222221,9.694951384580946,2.0011574074073906
traffic,arima,14,1376,2012-04-27 08:00:00,65.36772486772487,55.51569730185032,67.28472222222221,9.852027565874558,1.9169973544973402
traffic,arima,15,1376,2012-04-27 08:00:00,65.13773148148148,55.46126860027533,67.28472222222221,9.676462881206149,2.1469907407407334
traffic,arima,16,1376,2012-04-27 08:00:00,64.19444444444444,55.42063995445123,67.28472222222221,8.77380448999321,3.0902777777777715
traffic,arima,17,1376,2012-04-27 08:00:00,64.54761904761905,55.3903124468364,67.28472222222221,9.157306600782654,2.7371031746031633
traffic,arima,18,1376,2012-04-27 08:00:00,63.677083333333336,55.367674288476195,67.28472222222221,8.30940904485714,3.6076388888888786
traffic,arima,19,1376,2012-04-27 08:00:00,63.06597222222222,55.35077589311679,67.28472222222221,7.7151963291054315,4.218749999999993
traffic,arima,20,1376,2012-04-27 08:00:00,63.26041666666666,55.33816197986557,67.28472222222221,7.9222546868010895,4.024305555555557
traffic,arima,21,1376,2012-04-27 08:00:00,62.163657407407406,55.32874624516856,67.28472222222221,6.834911162238846,5.121064814814808
traffic,arima,22,1376,2012-04-27 08:00:00,62.6712962962963,55.32171781092149,67.28472222222221,7.349578485374806,4.613425925925917
traffic,arima,23,1376,2012-04-27 08:00:00,66.09143518518518,55.31647139207528,67.28472222222221,10.774963793109897,1.193287037037038
traffic,arima,24,1376,2012-04-27 08:00:00,66.86458333333333,55.31255516980694,67.28472222222221,11.552028163526387,0.42013888888888573
traffic,arima,25,1376,2012-04-27 08:00:00,67.60300925925925,55.309631881120964,67.28472222222221,12.293377378138288,0.3182870370370381
traffic,arima,26,1376,2012-04-27 08:00:00,67.91650132275133,55.30744977393807,67.28472222222221,12.609051548813262,0.6317791005291156
traffic,arima,27,1376,2012-04-27 08:00:00,68.01306216931216,55.30582092633896,67.28472222222221,12.707241242973204,0.7283399470899496
traffic,arima,28,1376,2012-04-27 08:00:00,66.57754629629629,55.304605062827804,67.28472222222221,11.272941233468487,0.7071759259259238
traffic,arima,29,1376,2012-04-27 08:00:00,56.36574074074074,55.30369747388052,67.28472222222221,1.062043266860222,10.918981481481474
traffic,arima,30,1376,2012-04-27 08:00:00,65.97867063492063,55.30301999841582,67.28472222222221,10.675650636504812,1.3060515873015817
traffic,arima,31,1376,2012-04-27 08:00:00,66.15165343915343,55.30251429260413,67.28472222222221,10.849139146549305,1.1330687830687793
traffic,arima,32,1376,2012-04-27 08:00:00,66.85532407407408,55.30213680532775,67.28472222222221,11.553187268746328,0.42939814814813815
traffic,arima,33,1376,2012-04-27 08:00:00,66.65277777777779,55.30185502758162,67.28472222222221,11.350922750196169,0.6319444444444287
traffic,arima,34,1376,2012-04-27 08:00:00,66.7948082010582,55.3016446928149,67.28472222222221,11.493163508243306,0.4899140211640116
traffic,arima,35,1376,2012-04-27 08:00:00,66.19560185185185,55.301487687108455,67.28472222222221,10.894114164743392,1.0891203703703667
traffic,arima,36,1376,2012-04-27 08:00:00,66.73578042328042,55.301370489213696,67.28472222222221,11.434409934066721,0.5489417989417973
traffic,arima,37,1376,2012-04-27 08:00:00,67.96875,55.30128300610975,67.28472222222221,12.667466993890251,0.6840277777777857
traffic,arima,38,1376,2012-04-27 08:00:00,67.46180555555556,55.30121770379786,67.28472222222221,12.160587851757697,0.1770833333333428
traffic,arima,39,1376,2012-04-27 08:00:00,67.19510582010582,55.30116895847739,67.28472222222221,11.893936861628433,0.08961640211639121
traffic,arima,40,1376,2012-04-27 08:00:00,66.06547619047619,55.301132572227054,67.28472222222221,10.764343618249136,1.2192460317460245
traffic,arima,41,1376,2012-04-27 08:00:00,65.2800925925926,55.301105411482176,67.28472222222221,9.97898718111042,2.004629629629619
traffic,arima,42,1376,2012-04-27 08:00:00,65.29050925925925,55.30108513717373,67.28472222222221,9.989424122085524,1.994212962962962
traffic,arima,43,1376,2012-04-27 08:00:00,66.13310185185186,55.30107000328897,67.28472222222221,10.832031848562892,1.1516203703703525
traffic,arima,44,1376,2012-04-27 08:00:00,64.52248677248677,55.30105870650573,67.28472222222221,9.221428065981044,2.762235449735442
traffic,arima,45,1376,2012-04-27 08:00:00,63.25925925925926,55.30105027395099,67.28472222222221,7.958208985308268,4.025462962962955
traffic,arima,46,1376,2012-04-27 08:00:00,65.52480158730158,55.30104397941759,67.28472222222221,10.22375760788399,1.7599206349206327
traffic,arima,47,1376,2012-04-27 08:00:00,66.0,55.301039280823645,67.28472222222221,10.698960719176355,1.2847222222222143
traffic,arima,48,1376,2012-04-27 08:00:00,67.18055555555556,55.3010357735287,67.28472222222221,11.879519782026854,0.10416666666665719
traffic,arima,49,1376,2012-04-27 08:00:00,67.9386574074074,55.301033155486394,67.28472222222221,12.637624251921011,0.6539351851851904
traffic,arima,50,1376,2012-04-27 08:00:00,68.64814814814815,55.30103120123228,67.28472222222221,13.347116946915875,1.363425925925938
traffic,arima,51,1376,2012-04-27 08:00:00,67.32638888888889,55.30102974246703,67.28472222222221,12.025359146421856,0.041666666666671404
traffic,arima,52,1376,2012-04-27 08:00:00,63.6712962962963,55.30102865356256,67.28472222222221,8.370267642733737,3.6134259259259167
traffic,arima,53,1376,2012-04-27 08:00:00,67.02430555555556,55.30102784074299,67.28472222222221,11.723277714812568,0.2604166666666572
traffic,arima,54,1376,2012-04-27 08:00:00,66.85367063492063,55.301027234008714,67.28472222222221,11.552643400911919,0.43105158730158166
traffic,arima,55,1376,2012-04-27 08:00:00,67.01058201058201,55.301026781108106,67.28472222222221,11.709555229473906,0.2741402116402014
traffic,arima,56,1376,2012-04-27 08:00:00,56.15393518518518,55.301026443037614,67.28472222222221,0.8529087421475694,11.130787037037031
traffic,arima,57,1376,2012-04-27 08:00:00,39.59077380952381,55.30102619068277,67.28472222222221,15.71025238115896,27.693948412698404
traffic,arima,58,1376,2012-04-27 08:00:00,0.0,55.301026002310905,67.28472222222221,55.301026002310905,67.28472222222221
traffic,arima,59,1376,2012-04-27 08:00:00,0.0,55.30102586169956,67.28472222222221,55.30102586169956,67.28472222222221
traffic,arima,60,1376,2012-04-27 08:00:00,40.01736111111111,55.30102575673933,67.28472222222221,15.283664645628221,27.267361111111107
traffic,arima,61,1376,2012-04-27 08:00:00,66.56597222222221,55.301025678391106,67.28472222222221,11.264946543831108,0.71875
traffic,arima,62,1376,2012-04-27 08:00:00,66.77893518518518,55.301025619907584,67.28472222222221,11.477909565277592,0.5057870370370381
traffic,arima,63,1376,2012-04-27 08:00:00,66.54166666666667,55.301025576252194,67.28472222222221,11.240641090414478,0.7430555555555429
traffic,arima,64,1376,2012-04-27 08:00:00,66.20601851851852,55.301025543665354,67.28472222222221,10.904992974853165,1.0787037037036953
traffic,arima,65,1376,2012-04-27 08:00:00,64.9555224867725,55.3010255193407,67.28472222222221,9.654496967431797,2.32919973544972
traffic,arima,66,1376,2012-04-27 08:00:00,62.973379629629626,55.30102550118341,67.28472222222221,7.672354128446216,4.311342592592588
traffic,arima,67,1376,2012-04-27 08:00:00,64.5568783068783,55.301025487629786,67.28472222222221,9.255852819248517,2.727843915343911
traffic,arima,68,1376,2012-04-27 08:00:00,61.004629629629626,55.3010254775126,67.28472222222221,5.703604152117023,6.280092592592588
traffic,arima,69,1376,2012-04-27 08:00:00,62.57109788359788,55.301025469960564,67.28472222222221,7.270072413637315,4.713624338624335
traffic,arima,70,1376,2012-04-27 08:00:00,64.63425925925925,55.3010254643233,67.28472222222221,9.33323379493595,2.650462962962962
traffic,arima,71,1376,2012-04-27 08:00:00,66.44444444444444,55.301025460115326,67.28472222222221,11.143418984329116,0.8402777777777715
traffic,arima,72,1376,2012-04-27 08:00:00,67.45138888888889,55.30102545697426,67.28472222222221,12.150363431914627,0.1666666666666714
traffic,arima,1,1400,2012-04-28 08:00:00,67.60300925925925,64.40722747630221,66.86458333333333,3.1957817829570416,0.7384259259259238
traffic,arima,2,1400,2012-04-28 08:00:00,67.91650132275133,62.14230766233251,66.86458333333333,5.774193660418817,1.0519179894180013
traffic,arima,3,1400,2012-04-28 08:00:00,68.01306216931216,60.39067340203515,66.86458333333333,7.622388767277016,1.1484788359788354
traffic,arima,4,1400,2012-04-28 08:00:00,66.57754629629629,59.0746234819659,66.86458333333333,7.50292281433039,0.2870370370370381
traffic,arima,5,1400,2012-04-28 08:00:00,56.36574074074074,58.09113181546941,66.86458333333333,1.7253910747286696,10.498842592592588
traffic,arima,6,1400,2012-04-28 08:00:00,65.97867063492063,57.35690924714904,66.86458333333333,8.621761387771592,0.8859126984126959
traffic,arima,7,1400,2012-04-28 08:00:00,66.15165343915343,56.8088835712262,66.86458333333333,9.342769867927238,0.7129298941798936
traffic,arima,8,1400,2012-04-28 08:00:00,66.85532407407408,56.39985077439664,66.86458333333333,10.455473299677436,0.009259259259252417
traffic,arima,9,1400,2012-04-28 08:00:00,66.65277777777779,56.09456095441647,66.86458333333333,10.558216823361313,0.21180555555554292
traffic,arima,10,1400,2012-04-28 08:00:00,66.7948082010582,55.866702085801656,66.86458333333333,10.928106115256547,0.06977513227512588
traffic,arima,11,1400,2012-04-28 08:00:00,66.19560185185185,55.69663532470502,66.86458333333333,10.498966527146827,0.668981481481481
traffic,arima,12,1400,2012-04-28 08:00:00,66.73578042328042,55.56970279837983,66.86458333333333,11.166077624900588,0.12880291005291156
traffic,arima,13,1400,2012-04-28 08:00:00,67.96875,55.474964320455065,66.86458333333333,12.493785679544935,1.1041666666666714
traffic,arima,14,1400,2012-04-28 08:00:00,67.46180555555556,55.40425447606983,66.86458333333333,12.057551079485727,0.5972222222222285
traffic,arima,15,1400,2012-04-28 08:00:00,67.19510582010582,55.35147885415937,66.86458333333333,11.843626965946456,0.3305224867724945
traffic,arima,16,1400,2012-04-28 08:00:00,66.06547619047619,55.3120887764117,66.86458333333333,10.753387414064491,0.7991071428571388
traffic,arima,17,1400,2012-04-28 08:00:00,65.2800925925926,55.282689251237336,66.86458333333333,9.997403341355259,1.5844907407407334
traffic,arima,18,1400,2012-04-28 08:00:00,65.29050925925925,55.260746362827405,66.86458333333333,10.029762896431848,1.5740740740740762
traffic,arima,19,1400,2012-04-28 08:00:00,66.13310185185186,55.24436887547293,66.86458333333333,10.888732976378932,0.7314814814814667
traffic,arima,20,1400,2012-04-28 08:00:00,64.52248677248677,55.23214522984182,66.86458333333333,9.290341542644953,2.3420965608465565
traffic,arima,21,1400,2012-04-28 08:00:00,63.25925925925926,55.22302188208518,66.86458333333333,8.036237377174082,3.605324074074069
traffic,arima,22,1400,2012-04-28 08:00:00,65.52480158730158,55.216212499941705,66.86458333333333,10.308589087359877,1.339781746031747
traffic,arima,23,1400,2012-04-28 08:00:00,66.0,55.21113018954286,66.86458333333333,10.788869810457143,0.8645833333333286
traffic,arima,24,1400,2012-04-28 08:00:00,67.18055555555556,55.207336911614554,66.86458333333333,11.973218643941003,0.31597222222222854
traffic,arima,25,1400,2012-04-28 08:00:00,67.9386574074074,55.204505727308174,66.86458333333333,12.734151680099231,1.0740740740740762
traffic,arima,26,1400,2012-04-28 08:00:00,68.64814814814815,55.20239261966667,66.86458333333333,13.445755528481484,1.7835648148148238
traffic,arima,27,1400,2012-04-28 08:00:00,67.32638888888889,55.200815462045895,66.86458333333333,12.12557342684299,0.46180555555555713
traffic,arima,28,1400,2012-04-28 08:00:00,63.6712962962963,55.19963832080051,66.86458333333333,8.471657975495788,3.193287037037031
traffic,arima,29,1400,2012-04-28 08:00:00,67.02430555555556,55.19875973929836,66.86458333333333,11.825545816257197,0.15972222222222854
traffic,arima,30,1400,2012-04-28 08:00:00,66.85367063492063,55.198103993474355,66.86458333333333,11.655566641446278,0.010912698412695931
traffic,arima,31,1400,2012-04-28 08:00:00,67.01058201058201,55.19761456524869,66.86458333333333,11.81296744533332,0.14599867724868432
traffic,arima,32,1400,2012-04-28 08:00:00,56.15393518518518,55.197249271289806,66.86458333333333,0.9566859138953774,10.710648148148145
traffic,arima,33,1400,2012-04-28 08:00:00,39.59077380952381,55.19697662727501,66.86458333333333,15.606202817751203,27.27380952380952
traffic,arima,34,1400,2012-04-28 08:00:00,0.0,55.19677313428807,66.86458333333333,55.19677313428807,66.86458333333333
traffic,arima,35,1400,2012-04-28 08:00:00,0.0,55.196621253471015,66.86458333333333,55.196621253471015,66.86458333333333
traffic,arima,36,1400,2012-04-28 08:00:00,40.01736111111111,55.19650789436741,66.86458333333333,15.1791467832563,26.84722222222222
traffic,arima,37,1400,2012-04-28 08:00:00,66.56597222222221,55.196423286668946,66.86458333333333,11.369548935553269,0.29861111111111427
traffic,arima,38,1400,2012-04-28 08:00:00,66.77893518518518,55.19636013812233,66.86458333333333,11.582575047062846,0.08564814814815236
traffic,arima,39,1400,2012-04-28 08:00:00,66.54166666666667,55.19631300601719,66.86458333333333,11.34535366064948,0.3229166666666572
traffic,arima,40,1400,2012-04-28 08:00:00,66.20601851851852,55.1962778280843,66.86458333333333,11.00974069043422,0.6585648148148096
traffic,arima,41,1400,2012-04-28 08:00:00,64.9555224867725,55.19625157237264,66.86458333333333,9.759270914399856,1.909060846560834
traffic,arima,42,1400,2012-04-28 08:00:00,62.973379629629626,55.19623197592856,66.86458333333333,7.777147653701064,3.8912037037037024
traffic,arima,43,1400,2012-04-28 08:00:00,64.5568783068783,55.19621734975405,66.86458333333333,9.360660957124253,2.307705026455025
traffic,arima,44,1400,2012-04-28 08:00:00,61.004629629629626,55.19620643323369,66.86458333333333,5.808423196395935,5.859953703703702
traffic,arima,45,1400,2012-04-28 08:00:00,62.57109788359788,55.19619828548346,66.86458333333333,7.374899598114418,4.293485449735449
traffic,arima,46,1400,2012-04-28 08:00:00,64.63425925925925,55.196192204256874,66.86458333333333,9.438067055002378,2.230324074074076
traffic,arima,47,1400,2012-04-28 08:00:00,66.44444444444444,55.19618766541906,66.86458333333333,11.248256779025382,0.42013888888888573
traffic,arima,48,1400,2012-04-28 08:00:00,67.45138888888889,55.196184277772126,66.86458333333333,12.25520461111676,0.5868055555555571
traffic,arima,49,1400,2012-04-28 08:00:00,67.26967592592592,55.19618174933813,66.86458333333333,12.073494176587793,0.4050925925925952
traffic,arima,50,1400,2012-04-28 08:00:00,66.18055555555556,55.19617986219388,66.86458333333333,10.984375693361677,0.6840277777777715
traffic,arima,51,1400,2012-04-28 08:00:00,67.09887566137566,55.19617845368828,66.86458333333333,11.902697207687375,0.23429232804232925
traffic,arima,52,1400,2012-04-28 08:00:00,64.05935846560847,55.19617740242364,66.86458333333333,8.863181063184825,2.80522486772486
traffic,arima,53,1400,2012-04-28 08:00:00,63.142195767195766,55.19617661779252,66.86458333333333,7.946019149403249,3.722387566137563
traffic,arima,54,1400,2012-04-28 08:00:00,65.20138888888889,55.196176032168324,66.86458333333333,10.005212856720561,1.6631944444444429
traffic,arima,55,1400,2012-04-28 08:00:00,65.26752645502646,55.196175595076696,66.86458333333333,10.07135085994976,1.5970568783068728
traffic,arima,56,1400,2012-04-28 08:00:00,66.07638888888889,55.19617526884514,66.86458333333333,10.880213620043747,0.7881944444444429
traffic,arima,57,1400,2012-04-28 08:00:00,66.6261574074074,55.196175025356084,66.86458333333333,11.429982382051321,0.23842592592592382
traffic,arima,58,1400,2012-04-28 08:00:00,66.78819444444444,55.196174843623446,66.86458333333333,11.592019600820997,0.07638888888888573
traffic,arima,59,1400,2012-04-28 08:00:00,64.12037037037037,55.19617470798388,66.86458333333333,8.924195662386488,2.744212962962962
traffic,arima,60,1400,2012-04-28 08:00:00,67.52910052910053,55.19617460674673,66.86458333333333,12.332925922353802,0.6645171957672034
traffic,arima,61,1400,2012-04-28 08:00:00,65.84308862433862,55.196174531186486,66.86458333333333,10.646914093152134,1.0214947089947088
traffic,arima,62,1400,2012-04-28 08:00:00,65.01388888888889,55.19617447479068,66.86458333333333,9.817714414098205,1.8506944444444429
traffic,arima,63,1400,2012-04-28 08:00:00,65.70949074074075,55.196174432698605,66.86458333333333,10.513316308042143,1.155092592592581
traffic,arima,64,1400,2012-04-28 08:00:00,62.79348544973545,55.19617440128239,66.86458333333333,7.597311048453058,4.071097883597879
traffic,arima,65,1400,2012-04-28 08:00:00,60.47371031746032,55.19617437783432,66.86458333333333,5.277535939626006,6.390873015873005
traffic,arima,66,1400,2012-04-28 08:00:00,57.13194444444445,55.1961743603334,66.86458333333333,1.9357700841110486,9.732638888888879
traffic,arima,67,1400,2012-04-28 08:00:00,56.57060185185185,55.19617434727127,66.86458333333333,1.3744275045805807,10.293981481481481
traffic,arima,68,1400,2012-04-28 08:00:00,55.81597222222222,55.196174337522095,66.86458333333333,0.6197978847001266,11.048611111111107
traffic,arima,69,1400,2012-04-28 08:00:00,59.6332671957672,55.19617433024562,66.86458333333333,4.437092865521585,7.231316137566125
traffic,arima,70,1400,2012-04-28 08:00:00,63.04282407407408,55.19617432481468,66.86458333333333,7.846649749259406,3.8217592592592453
traffic,arima,71,1400,2012-04-28 08:00:00,64.95486111111111,55.1961743207612,66.86458333333333,9.758686790349913,1.9097222222222143
traffic,arima,72,1400,2012-04-28 08:00:00,66.1765873015873,55.1961743177358,66.86458333333333,10.980412983851501,0.6879960317460245
traffic,arima,1,1424,2012-04-29 08:00:00,67.9386574074074,64.95272305481521,67.18055555555556,2.9859343525921958,0.7581018518518476
traffic,arima,2,1424,2012-04-29 08:00:00,68.64814814814815,62.815243795371984,67.18055555555556,5.832904352776168,1.4675925925925952
traffic,arima,3,1424,2012-04-29 08:00:00,67.32638888888889,61.1266537202669,67.18055555555556,6.199735168621984,0.1458333333333286
traffic,arima,4,1424,2012-04-29 08:00:00,63.6712962962963,59.83337086362917,67.18055555555556,3.8379254326671273,3.5092592592592595
traffic,arima,5,1424,2012-04-29 08:00:00,67.02430555555556,58.84840316898955,67.18055555555556,8.175902386566008,0.15625
traffic,arima,6,1424,2012-04-29 08:00:00,66.85367063492063,58.09903034214706,67.18055555555556,8.754640292773573,0.32688492063492447
traffic,arima,7,1424,2012-04-29 08:00:00,67.01058201058201,57.52901089688691,67.18055555555556,9.481571113695104,0.16997354497354422
traffic,arima,8,1424,2012-04-29 08:00:00,56.15393518518518,57.09543441864906,67.18055555555556,0.9414992334638796,11.026620370370374
traffic,arima,9,1424,2012-04-29 08:00:00,39.59077380952381,56.76564339303973,67.18055555555556,17.17486958351592,27.589781746031747
traffic,arima,10,1424,2012-04-29 08:00:00,0.0,56.51479495063858,67.18055555555556,56.51479495063858,67.18055555555556
traffic,arima,11,1424,2012-04-29 08:00:00,0.0,56.323992528882584,67.18055555555556,56.323992528882584,67.18055555555556
traffic,arima,12,1424,2012-04-29 08:00:00,40.01736111111111,56.17886281543656,67.18055555555556,16.161501704325453,27.16319444444445
traffic,arima,13,1424,2012-04-29 08:00:00,66.56597222222221,56.068473055388615,67.18055555555556,10.497499166833599,0.6145833333333428
traffic,arima,14,1424,2012-04-29 08:00:00,66.77893518518518,55.98450748544643,67.18055555555556,10.794427699738748,0.4016203703703809
traffic,arima,15,1424,2012-04-29 08:00:00,66.54166666666667,55.920640900985404,67.18055555555556,10.621025765681267,0.6388888888888857
traffic,arima,16,1424,2012-04-29 08:00:00,66.20601851851852,55.87206217266483,67.18055555555556,10.333956345853686,0.9745370370370381
traffic,arima,17,1424,2012-04-29 08:00:00,64.9555224867725,55.83511181959467,67.18055555555556,9.120410667177822,2.2250330687830626
traffic,arima,18,1424,2012-04-29 08:00:00,62.973379629629626,55.807006337232146,67.18055555555556,7.1663732923974806,4.207175925925931
traffic,arima,19,1424,2012-04-29 08:00:00,64.5568783068783,55.78562851339026,67.18055555555556,8.771249793488046,2.6236772486772537
traffic,arima,20,1424,2012-04-29 08:00:00,61.004629629629626,55.76936793667002,67.18055555555556,5.235261692959604,6.175925925925931
traffic,arima,21,1424,2012-04-29 08:00:00,62.57109788359788,55.75699968266858,67.18055555555556,6.814098200929301,4.609457671957678
traffic,arima,22,1424,2012-04-29 08:00:00,64.63425925925925,55.74759203928199,67.18055555555556,8.886667219977262,2.5462962962963047
traffic,arima,23,1424,2012-04-29 08:00:00,66.44444444444444,55.7404363199639,67.18055555555556,10.704008124480545,0.7361111111111143
traffic,arima,24,1424,2012-04-29 08:00:00,67.45138888888889,55.73499347770732,67.18055555555556,11.716395411181566,0.2708333333333286
traffic,arima,25,1424,2012-04-29 08:00:00,67.26967592592592,55.73085349813112,67.18055555555556,11.538822427794805,0.08912037037036669
traffic,arima,26,1424,2012-04-29 08:00:00,66.18055555555556,55.7277045127144,67.18055555555556,10.452851042841154,1.0
traffic,arima,27,1424,2012-04-29 08:00:00,67.09887566137566,55.72530930545019,67.18055555555556,11.373566355925469,0.08167989417989929
traffic,arima,28,1424,2012-04-29 08:00:00,64.05935846560847,55.72348744314237,67.18055555555556,8.335871022466101,3.1211970899470884
traffic,arima,29,1424,2012-04-29 08:00:00,63.142195767195766,55.72210168320492,67.18055555555556,7.420094083990847,4.0383597883597915
traffic,arima,30,1424,2012-04-29 08:00:00,65.20138888888889,55.721047635049906,67.18055555555556,9.48034125383898,1.9791666666666714
traffic,arima,31,1424,2012-04-29 08:00:00,65.26752645502646,55.7202458962472,67.18055555555556,9.547280558779256,1.9130291005291014
traffic,arima,32,1424,2012-04-29 08:00:00,66.07638888888889,55.719636071065395,67.18055555555556,10.35675281782349,1.1041666666666714
traffic,arima,33,1424,2012-04-29 08:00:00,66.6261574074074,55.71917222080505,67.18055555555556,10.906985186602355,0.5543981481481524
traffic,arima,34,1424,2012-04-29 08:00:00,66.78819444444444,55.71881940319364,67.18055555555556,11.069375041250801,0.39236111111111427
traffic,arima,35,1424,2012-04-29 08:00:00,64.12037037037037,55.718551040151596,67.18055555555556,8.401819330218771,3.0601851851851904
traffic,arima,36,1424,2012-04-29 08:00:00,67.52910052910053,55.71834691564078,67.18055555555556,11.810753613459752,0.3485449735449748
traffic,arima,37,1424,2012-04-29 08:00:00,65.84308862433862,55.718191652771495,67.18055555555556,10.124896971567125,1.3374669312169374
traffic,arima,38,1424,2012-04-29 08:00:00,65.01388888888889,55.71807355544708,67.18055555555556,9.295815333441809,2.1666666666666714
traffic,arima,39,1424,2012-04-29 08:00:00,65.70949074074075,55.71798372728596,67.18055555555556,9.991507013454786,1.4710648148148096
traffic,arima,40,1424,2012-04-29 08:00:00,62.79348544973545,55.717915401449055,67.18055555555556,7.075570048286394,4.387070105820108
traffic,arima,41,1424,2012-04-29 08:00:00,60.47371031746032,55.71786343088735,67.18055555555556,4.755846886572975,6.706845238095234
traffic,arima,42,1424,2012-04-29 08:00:00,57.13194444444445,55.717823900609986,67.18055555555556,1.4141205438344642,10.048611111111107
traffic,arima,43,1424,2012-04-29 08:00:00,56.57060185185185,55.71779383276433,67.18055555555556,0.8528080190875187,10.60995370370371
traffic,arima,44,1424,2012-04-29 08:00:00,55.81597222222222,55.71777096231153,67.18055555555556,0.09820125991068807,11.364583333333336
traffic,arima,45,1424,2012-04-29 08:00:00,59.6332671957672,55.71775356639906,67.18055555555556,3.9155136293681423,7.547288359788354
traffic,arima,46,1424,2012-04-29 08:00:00,63.04282407407408,55.71774033457662,67.18055555555556,7.325083739497465,4.137731481481474
traffic,arima,47,1424,2012-04-29 08:00:00,64.95486111111111,55.717730270078675,67.18055555555556,9.237130841032439,2.225694444444443
traffic,arima,48,1424,2012-04-29 08:00:00,66.1765873015873,55.71772261473723,67.18055555555556,10.458864686850077,1.003968253968253
traffic,arima,49,1424,2012-04-29 08:00:00,65.89814814814815,55.71771679186827,67.18055555555556,10.180431356279882,1.2824074074074048
traffic,arima,50,1424,2012-04-29 08:00:00,65.47784391534391,55.717712362829644,67.18055555555556,9.760131552514267,1.7027116402116462
traffic,arima,51,1424,2012-04-29 08:00:00,64.52314814814815,55.71770899397775,67.18055555555556,8.8054391541704,2.6574074074074048
traffic,arima,52,1424,2012-04-29 08:00:00,64.47106481481482,55.717706431533834,67.18055555555556,8.75335838328099,2.7094907407407334
traffic,arima,53,1424,2012-04-29 08:00:00,64.64814814814815,55.7177044824666,67.18055555555556,8.930443665681551,2.5324074074074048
traffic,arima,54,1424,2012-04-29 08:00:00,64.50082671957672,55.71770299995101,67.18055555555556,8.783123719625713,2.6797288359788354
traffic,arima,55,1424,2012-04-29 08:00:00,64.13624338624338,55.717701872307764,67.18055555555556,8.418541513935615,3.044312169312178
traffic,arima,56,1424,2012-04-29 08:00:00,65.19444444444444,55.71770101459046,67.18055555555556,9.476743429853983,1.9861111111111143
traffic,arima,57,1424,2012-04-29 08:00:00,65.49421296296296,55.71770036218645,67.18055555555556,9.776512600776513,1.6863425925925952
traffic,arima,58,1424,2012-04-29 08:00:00,45.53935185185185,55.71769986594953,67.18055555555556,10.17834801409768,21.64120370370371
traffic,arima,59,1424,2012-04-29 08:00:00,18.34490740740741,55.71769948849771,67.18055555555556,37.372792081090296,48.83564814814815
traffic,arima,60,1424,2012-04-29 08:00:00,53.23726851851851,55.71769920139719,67.18055555555556,2.4804306828786764,13.943287037037045
traffic,arima,61,1424,2012-04-29 08:00:00,65.23263888888889,55.717698983020426,67.18055555555556,9.51493990586846,1.9479166666666714
traffic,arima,62,1424,2012-04-29 08:00:00,65.29861111111111,55.71769881691689,67.18055555555556,9.580912294194228,1.8819444444444429
traffic,arima,63,1424,2012-04-29 08:00:00,65.53125,55.71769869057385,67.18055555555556,9.813551309426153,1.6493055555555571
traffic,arima,64,1424,2012-04-29 08:00:00,63.06332671957672,55.71769859447376,67.18055555555556,7.345628125102962,4.117228835978835
traffic,arima,65,1424,2012-04-29 08:00:00,62.53819444444445,55.71769852137732,67.18055555555556,6.820495923067128,4.642361111111107
traffic,arima,66,1424,2012-04-29 08:00:00,57.96759259259259,55.717698465778106,67.18055555555556,2.249894126814482,9.212962962962969
traffic,arima,67,1424,2012-04-29 08:00:00,59.58680555555555,55.71769842348777,67.18055555555556,3.869107132067782,7.593750000000007
traffic,arima,68,1424,2012-04-29 08:00:00,54.30092592592592,55.717698391320546,67.18055555555556,1.4167724653946294,12.87962962962964
traffic,arima,69,1424,2012-04-29 08:00:00,59.75810185185185,55.71769836685325,67.18055555555556,4.040403484998599,7.4224537037037095
traffic,arima,70,1424,2012-04-29 08:00:00,63.36342592592592,55.71769834824273,67.18055555555556,7.645727577683189,3.8171296296296404
traffic,arima,71,1424,2012-04-29 08:00:00,65.27347883597884,55.71769833408704,67.18055555555556,9.555780501891796,1.9070767195767218
traffic,arima,72,1424,2012-04-29 08:00:00,66.18353174603175,55.71769832331982,67.18055555555556,10.465833422711924,0.9970238095238102
traffic,arima,1,1448,2012-04-30 08:00:00,67.26967592592592,65.15849921111906,67.45138888888889,2.1111767148068594,0.1817129629629619
traffic,arima,2,1448,2012-04-30 08:00:00,66.18055555555556,62.931522241773955,67.45138888888889,3.2490333137816023,1.2708333333333286
traffic,arima,3,1448,2012-04-30 08:00:00,67.09887566137566,61.17565022003406,67.45138888888889,5.9232254413416,0.3525132275132279
traffic,arima,4,1448,2012-04-30 08:00:00,64.05935846560847,59.84338808275652,67.45138888888889,4.21597038285195,3.392030423280417
traffic,arima,5,1448,2012-04-30 08:00:00,63.142195767195766,58.840772742113955,67.45138888888889,4.30142302508181,4.30919312169312
traffic,arima,6,1448,2012-04-30 08:00:00,65.20138888888889,58.08758906860942,67.45138888888889,7.113799820279468,2.25
traffic,arima,7,1448,2012-04-30 08:00:00,65.26752645502646,57.52200656638077,67.45138888888889,7.745519888645688,2.18386243386243
traffic,arima,8,1448,2012-04-30 08:00:00,66.07638888888889,57.097334994984735,67.45138888888889,8.979053893904151,1.375
traffic,arima,9,1448,2012-04-30 08:00:00,66.6261574074074,56.778473513455566,67.45138888888889,9.847683893951839,0.825231481481481
traffic,arima,10,1448,2012-04-30 08:00:00,66.78819444444444,56.53905976525099,67.45138888888889,10.249134679193453,0.6631944444444429
traffic,arima,11,1448,2012-04-30 08:00:00,64.12037037037037,56.35929867017848,67.45138888888889,7.761071700191884,3.331018518518519
traffic,arima,12,1448,2012-04-30 08:00:00,67.52910052910053,56.22432712048057,67.45138888888889,11.304773408619965,0.07771164021164623
traffic,arima,13,1448,2012-04-30 08:00:00,65.84308862433862,56.1229852901574,67.45138888888889,9.720103334181218,1.608300264550266
traffic,arima,14,1448,2012-04-30 08:00:00,65.01388888888889,56.046893947258496,67.45138888888889,8.96699494163039,2.4375
traffic,arima,15,1448,2012-04-30 08:00:00,65.70949074074075,55.98976164135082,67.45138888888889,9.71972909938993,1.7418981481481381
traffic,arima,16,1448,2012-04-30 08:00:00,62.79348544973545,55.94686450939902,67.45138888888889,6.846620940336429,4.657903439153436
traffic,arima,17,1448,2012-04-30 08:00:00,60.47371031746032,55.91465569338407,67.45138888888889,4.5590546240762535,6.977678571428562
traffic,arima,18,1448,2012-04-30 08:00:00,57.13194444444445,55.89047207592857,67.45138888888889,1.241472368515879,10.319444444444436
traffic,arima,19,1448,2012-04-30 08:00:00,56.57060185185185,55.87231408611115,67.45138888888889,0.6982877657406945,10.880787037037038
traffic,arima,20,1448,2012-04-30 08:00:00,55.81597222222222,55.858680369202766,67.45138888888889,0.04270814698054437,11.635416666666664
traffic,arima,21,1448,2012-04-30 08:00:00,59.6332671957672,55.84844365034748,67.45138888888889,3.7848235454197265,7.818121693121682
traffic,arima,22,1448,2012-04-30 08:00:00,63.04282407407408,55.840757528241056,67.45138888888889,7.202066545833027,4.4085648148148024
traffic,arima,23,1448,2012-04-30 08:00:00,64.95486111111111,55.83498649224115,67.45138888888889,9.119874618869964,2.4965277777777715
traffic,arima,24,1448,2012-04-30 08:00:00,66.1765873015873,55.83065337652284,67.45138888888889,10.345933925064465,1.2748015873015817
traffic,arima,25,1448,2012-04-30 08:00:00,65.89814814814815,55.8273999066383,67.45138888888889,10.070748241509854,1.5532407407407334
traffic,arima,26,1448,2012-04-30 08:00:00,65.47784391534391,55.824957076356874,67.45138888888889,9.652886838987037,1.9735449735449748
traffic,arima,27,1448,2012-04-30 08:00:00,64.52314814814815,55.82312290545761,67.45138888888889,8.700025242690543,2.9282407407407334
traffic,arima,28,1448,2012-04-30 08:00:00,64.47106481481482,55.82174573942472,67.45138888888889,8.649319075390103,2.980324074074062
traffic,arima,29,1448,2012-04-30 08:00:00,64.64814814814815,55.8207117102168,67.45138888888889,8.827436437931354,2.8032407407407334
traffic,arima,30,1448,2012-04-30 08:00:00,64.50082671957672,55.819935321330284,67.45138888888889,8.680891398246438,2.950562169312164
traffic,arima,31,1448,2012-04-30 08:00:00,64.13624338624338,55.81935237870304,67.45138888888889,8.316891007540342,3.315145502645507
traffic,arima,32,1448,2012-04-30 08:00:00,65.19444444444444,55.818914682965044,67.45138888888889,9.375529761479399,2.256944444444443
traffic,arima,33,1448,2012-04-30 08:00:00,65.49421296296296,55.818586044176065,67.45138888888889,9.675626918786897,1.9571759259259238
traffic,arima,34,1448,2012-04-30 08:00:00,45.53935185185185,55.818339289537526,67.45138888888889,10.278987437685679,21.912037037037038
traffic,arima,35,1448,2012-04-30 08:00:00,18.34490740740741,55.818154016667485,67.45138888888889,37.47324660926007,49.10648148148148
traffic,arima,36,1448,2012-04-30 08:00:00,53.23726851851851,55.81801490667313,67.45138888888889,2.5807463881546155,14.214120370370374
traffic,arima,37,1448,2012-04-30 08:00:00,65.23263888888889,55.817910457540755,67.45138888888889,9.41472843134813,2.21875
traffic,arima,38,1448,2012-04-30 08:00:00,65.29861111111111,55.81783203311622,67.45138888888889,9.480779077994896,2.1527777777777715
traffic,arima,39,1448,2012-04-30 08:00:00,65.53125,55.81777314904295,67.45138888888889,9.71347685095705,1.9201388888888857
traffic,arima,40,1448,2012-04-30 08:00:00,63.06332671957672,55.81772893661672,67.45138888888889,7.2455977829600045,4.388062169312164
traffic,arima,41,1448,2012-04-30 08:00:00,62.53819444444445,55.81769574022718,67.45138888888889,6.72049870421727,4.913194444444436
traffic,arima,42,1448,2012-04-30 08:00:00,57.96759259259259,55.81767081510156,67.45138888888889,2.1499217774910306,9.483796296296298
traffic,arima,43,1448,2012-04-30 08:00:00,59.58680555555555,55.8176521003589,67.45138888888889,3.7691534551966512,7.864583333333336
traffic,arima,44,1448,2012-04-30 08:00:00,54.30092592592592,55.81763804861055,67.45138888888889,1.5167121226846305,13.150462962962969
traffic,arima,45,1448,2012-04-30 08:00:00,59.75810185185185,55.817627498017615,67.45138888888889,3.940474353834233,7.693287037037038
traffic,arima,46,1448,2012-04-30 08:00:00,63.36342592592592,55.81761957622678,67.45138888888889,7.545806349699134,4.087962962962969
traffic,arima,47,1448,2012-04-30 08:00:00,65.27347883597884,55.81761362824164,67.45138888888889,9.455865207737197,2.1779100529100504
traffic,arima,48,1448,2012-04-30 08:00:00,66.18353174603175,55.817609162265704,67.45138888888889,10.365922583766043,1.2678571428571388
traffic,arima,49,1448,2012-04-30 08:00:00,24.22619047619048,55.81760580903926,67.45138888888889,31.591415332848776,43.225198412698404
traffic,arima,50,1448,2012-04-30 08:00:00,64.88310185185185,55.81760329130792,67.45138888888889,9.06549856054393,2.568287037037038
traffic,arima,51,1448,2012-04-30 08:00:00,64.32754629629629,55.81760140089842,67.45138888888889,8.509944895397872,3.1238425925925952
traffic,arima,52,1448,2012-04-30 08:00:00,63.61689814814815,55.81759998150629,67.45138888888889,7.7992981666418615,3.8344907407407334
traffic,arima,53,1448,2012-04-30 08:00:00,65.2511574074074,55.8175989157721,67.45138888888889,9.433558491635303,2.200231481481481
traffic,arima,54,1448,2012-04-30 08:00:00,60.5162037037037,55.817598115577894,67.45138888888889,4.698605588125808,6.935185185185183
traffic,arima,55,1448,2012-04-30 08:00:00,55.00611772486772,55.817597514761324,67.45138888888889,0.8114797898936033,12.445271164021165
traffic,arima,56,1448,2012-04-30 08:00:00,65.95601851851852,55.81759706364514,67.45138888888889,10.13842145487338,1.4953703703703667
traffic,arima,57,1448,2012-04-30 08:00:00,53.84490740740741,55.81759672492976,67.45138888888889,1.9726893175223452,13.606481481481474
traffic,arima,58,1448,2012-04-30 08:00:00,23.319444444444443,55.81759647060923,67.45138888888889,32.49815202616479,44.13194444444444
traffic,arima,59,1448,2012-04-30 08:00:00,25.16203703703704,55.8175962796556,67.45138888888889,30.655559242618555,42.28935185185185
traffic,arima,60,1448,2012-04-30 08:00:00,67.38773148148148,55.81759613628027,67.45138888888889,11.570135345201209,0.06365740740740478
traffic,arima,61,1448,2012-04-30 08:00:00,65.77083333333333,55.817596028628564,67.45138888888889,9.953237304704764,1.6805555555555571
traffic,arima,62,1448,2012-04-30 08:00:00,65.3113425925926,55.81759594779952,67.45138888888889,9.493746644793077,2.1400462962962905
traffic,arima,63,1448,2012-04-30 08:00:00,65.27199074074075,55.81759588710997,67.45138888888889,9.454394853630781,2.179398148148138
traffic,arima,64,1448,2012-04-30 08:00:00,63.53287037037037,55.817595841541916,67.45138888888889,7.715274528828452,3.9185185185185176
traffic,arima,65,1448,2012-04-30 08:00:00,61.91342592592593,55.81759580732768,67.45138888888889,6.095830118598251,5.537962962962958
traffic,arima,66,1448,2012-04-30 08:00:00,59.68518518518519,55.8175957816383,67.45138888888889,3.867589403546887,7.766203703703695
traffic,arima,67,1448,2012-04-30 08:00:00,57.87291666666667,55.81759576234974,67.45138888888889,2.055320904316929,9.578472222222217
traffic,arima,68,1448,2012-04-30 08:00:00,57.44907407407408,55.817595747867145,67.45138888888889,1.6314783262069383,10.002314814814802
traffic,arima,69,1448,2012-04-30 08:00:00,60.26322751322751,55.81759573699305,67.45138888888889,4.445631776234464,7.188161375661373
traffic,arima,70,1448,2012-04-30 08:00:00,63.30588624338625,55.817595728828366,67.45138888888889,7.488290514557882,4.1455026455026385
traffic,arima,71,1448,2012-04-30 08:00:00,65.56712962962963,55.81759572269801,67.45138888888889,9.749533906931624,1.8842592592592524
traffic,arima,72,1448,2012-04-30 08:00:00,66.1886574074074,55.8175957180951,67.45138888888889,10.371061689312306,1.262731481481481
traffic,arima,1,1472,2012-05-01 08:00:00,65.89814814814815,64.15420838182155,66.1765873015873,1.743939766326605,0.2784391534391517
traffic,arima,2,1472,2012-05-01 08:00:00,65.47784391534391,62.14836651946271,66.1765873015873,3.3294773958811987,0.6987433862433932
traffic,arima,3,1472,2012-05-01 08:00:00,64.52314814814815,60.562857572100604,66.1765873015873,3.960290576047548,1.6534391534391517
traffic,arima,4,1472,2012-05-01 08:00:00,64.47106481481482,59.360464631222165,66.1765873015873,5.110600183592659,1.7055224867724803
traffic,arima,5,1472,2012-05-01 08:00:00,64.64814814814815,58.45665028471255,66.1765873015873,6.1914978634356,1.5284391534391517
traffic,arima,6,1472,2012-05-01 08:00:00,64.50082671957672,57.7785950690696,66.1765873015873,6.722231650507119,1.6757605820105823
traffic,arima,7,1472,2012-05-01 08:00:00,64.13624338624338,57.270127710437286,66.1765873015873,6.866115675806093,2.040343915343925
traffic,arima,8,1472,2012-05-01 08:00:00,65.19444444444444,56.88886933860176,66.1765873015873,8.305575105842685,0.9821428571428612
traffic,arima,9,1472,2012-05-01 08:00:00,65.49421296296296,56.60300075180345,66.1765873015873,8.891212211159512,0.6823743386243422
traffic,arima,10,1472,2012-05-01 08:00:00,45.53935185185185,56.38865670674546,66.1765873015873,10.84930485489361,20.637235449735456
traffic,arima,11,1472,2012-05-01 08:00:00,18.34490740740741,56.22794187691589,66.1765873015873,37.88303446950849,47.8316798941799
traffic,arima,12,1472,2012-05-01 08:00:00,53.23726851851851,56.10743817699375,66.1765873015873,2.870169658475241,12.939318783068792
traffic,arima,13,1472,2012-05-01 08:00:00,65.23263888888889,56.01708471704375,66.1765873015873,9.215554171845135,0.9439484126984183
traffic,arima,14,1472,2012-05-01 08:00:00,65.29861111111111,55.94933785420079,66.1765873015873,9.349273256910323,0.8779761904761898
traffic,arima,15,1472,2012-05-01 08:00:00,65.53125,55.898541377609504,66.1765873015873,9.632708622390496,0.6453373015873041
traffic,arima,16,1472,2012-05-01 08:00:00,63.06332671957672,55.86045427033487,66.1765873015873,7.202872449241852,3.1132605820105823
traffic,arima,17,1472,2012-05-01 08:00:00,62.53819444444445,55.83189662544076,66.1765873015873,6.706297819003687,3.638392857142854
traffic,arima,18,1472,2012-05-01 08:00:00,57.96759259259259,55.810484154391325,66.1765873015873,2.157108438201263,8.208994708994716
traffic,arima,19,1472,2012-05-01 08:00:00,59.58680555555555,55.79442912190737,66.1765873015873,3.7923764336481796,6.589781746031754
traffic,arima,20,1472,2012-05-01 08:00:00,54.30092592592592,55.782391087274874,66.1765873015873,1.4814651613489573,11.875661375661387
traffic,arima,21,1472,2012-05-01 08:00:00,59.75810185185185,55.77336499044461,66.1765873015873,3.984736861407235,6.418485449735456
traffic,arima,22,1472,2012-05-01 08:00:00,63.36342592592592,55.76659723918982,66.1765873015873,7.596828686736096,2.8131613756613874
traffic,arima,23,1472,2012-05-01 08:00:00,65.27347883597884,55.76152279140713,66.1765873015873,9.511956044571704,0.9031084656084687
traffic,arima,24,1472,2012-05-01 08:00:00,66.18353174603175,55.75771797953834,66.1765873015873,10.425813766493405,0.0069444444444428655
traffic,arima,25,1472,2012-05-01 08:00:00,24.22619047619048,55.75486513840629,66.1765873015873,31.528674662215806,41.95039682539682
traffic,arima,26,1472,2012-05-01 08:00:00,64.88310185185185,55.75272608322948,66.1765873015873,9.130375768622365,1.2934854497354564
traffic,arima,27,1472,2012-05-01 08:00:00,64.32754629629629,55.751122223484884,66.1765873015873,8.576424072811406,1.8490410052910136
traffic,arima,28,1472,2012-05-01 08:00:00,63.61689814814815,55.749919652317836,66.1765873015873,7.866978495830317,2.5596891534391517
traffic,arima,29,1472,2012-05-01 08:00:00,65.2511574074074,55.74901796660831,66.1765873015873,9.502139440799098,0.9254298941798993
traffic,arima,30,1472,2012-05-01 08:00:00,60.5162037037037,55.7483418842765,66.1765873015873,4.767861819427203,5.660383597883602
traffic,arima,31,1472,2012-05-01 08:00:00,55.00611772486772,55.74783495895368,66.1765873015873,0.7417172340859608,11.170469576719583
traffic,arima,32,1472,2012-05-01 08:00:00,65.95601851851852,55.74745486725357,66.1765873015873,10.208563651264946,0.22056878306878502
traffic,arima,33,1472,2012-05-01 08:00:00,53.84490740740741,55.74716987517685,66.1765873015873,1.9022624677694395,12.331679894179892
traffic,arima,34,1472,2012-05-01 08:00:00,23.319444444444443,55.74695618862761,66.1765873015873,32.427511744183164,42.85714285714286
traffic,arima,35,1472,2012-05-01 08:00:00,25.16203703703704,55.746795966835286,66.1765873015873,30.584758929798245,41.014550264550266
traffic,arima,36,1472,2012-05-01 08:00:00,67.38773148148148,55.746675832822056,66.1765873015873,11.641055648659425,1.2111441798941769
traffic,arima,37,1472,2012-05-01 08:00:00,65.77083333333333,55.74658575655386,66.1765873015873,10.024247576779466,0.40575396825397547
traffic,arima,38,1472,2012-05-01 08:00:00,65.3113425925926,55.74651821752913,66.1765873015873,9.564824375063466,0.8652447089947088
traffic,arima,39,1472,2012-05-01 08:00:00,65.27199074074075,55.74646757688922,66.1765873015873,9.525523163851524,0.9045965608465565
traffic,arima,40,1472,2012-05-01 08:00:00,63.53287037037037,55.74642960662802,66.1765873015873,7.786440763742348,2.643716931216936
traffic,arima,41,1472,2012-05-01 08:00:00,61.91342592592593,55.746401136594095,66.1765873015873,6.167024789331833,4.263161375661376
traffic,arima,42,1472,2012-05-01 08:00:00,59.68518518518519,55.7463797898136,66.1765873015873,3.9388053953715882,6.491402116402114
traffic,arima,43,1472,2012-05-01 08:00:00,57.87291666666667,55.74636378403578,66.1765873015873,2.1265528826308895,8.303670634920636
traffic,arima,44,1472,2012-05-01 08:00:00,57.44907407407408,55.7463517829322,66.1765873015873,1.7027222911418818,8.72751322751322
traffic,arima,45,1472,2012-05-01 08:00:00,60.26322751322751,55.746342784526206,66.1765873015873,4.5168847287013065,5.9133597883597915
traffic,arima,46,1472,2012-05-01 08:00:00,63.30588624338625,55.746336037537496,66.1765873015873,7.559550205848751,2.870701058201057
traffic,arima,47,1472,2012-05-01 08:00:00,65.56712962962963,55.746330978657426,66.1765873015873,9.820798650972208,0.6094576719576708
traffic,arima,48,1472,2012-05-01 08:00:00,66.1886574074074,55.746327185518204,66.1765873015873,10.4423302218892,0.012070105820100707
traffic,arima,49,1472,2012-05-01 08:00:00,66.79761904761905,55.7463243414292,66.1765873015873,11.05129470618985,0.6210317460317469
traffic,arima,50,1472,2012-05-01 08:00:00,66.56382275132275,55.746322208936355,66.1765873015873,10.81750054238639,0.3872354497354422
traffic,arima,51,1472,2012-05-01 08:00:00,27.396064814814817,55.746320609997035,66.1765873015873,28.350255795182218,38.78052248677248
traffic,arima,52,1472,2012-05-01 08:00:00,0.0,55.746319411115195,66.1765873015873,55.746319411115195,66.1765873015873
traffic,arima,53,1472,2012-05-01 08:00:00,0.0,55.746318512195735,66.1765873015873,55.746318512195735,66.1765873015873
traffic,arima,54,1472,2012-05-01 08:00:00,0.0,55.74631783818753,66.1765873015873,55.74631783818753,66.1765873015873
traffic,arima,55,1472,2012-05-01 08:00:00,0.0,55.746317332817384,66.1765873015873,55.746317332817384,66.1765873015873
traffic,arima,56,1472,2012-05-01 08:00:00,0.0,55.74631695389176,66.1765873015873,55.74631695389176,66.1765873015873
traffic,arima,57,1472,2012-05-01 08:00:00,14.006944444444445,55.746316669774,66.1765873015873,41.739372225329554,52.16964285714286
traffic,arima,58,1472,2012-05-01 08:00:00,18.89351851851852,55.74631645674301,66.1765873015873,36.85279793822449,47.283068783068785
traffic,arima,59,1472,2012-05-01 08:00:00,21.83333333333333,55.746316297012754,66.1765873015873,33.912982963679426,44.343253968253975
traffic,arima,60,1472,2012-05-01 08:00:00,62.72387566137567,55.746316177247294,66.1765873015873,6.977559484128378,3.452711640211632
traffic,arima,61,1472,2012-05-01 08:00:00,66.08333333333333,55.74631608744737,66.1765873015873,10.33701724588596,0.09325396825397547
traffic,arima,62,1472,2012-05-01 08:00:00,65.66087962962963,55.74631602011554,66.1765873015873,9.91456360951409,0.5157076719576708
traffic,arima,63,1472,2012-05-01 08:00:00,65.30787037037037,55.74631596963027,66.1765873015873,9.5615544007401,0.8687169312169374
traffic,arima,64,1472,2012-05-01 08:00:00,62.67824074074074,55.74631593177649,66.1765873015873,6.931924808964247,3.4983465608465636
traffic,arima,65,1472,2012-05-01 08:00:00,56.53058862433863,55.7463159033938,66.1765873015873,0.784272720944827,9.645998677248677
traffic,arima,66,1472,2012-05-01 08:00:00,61.42592592592592,55.746315882112505,66.1765873015873,5.679610043813412,4.750661375661387
traffic,arima,67,1472,2012-05-01 08:00:00,60.84606481481482,55.74631586615583,66.1765873015873,5.099748948658984,5.330522486772487
traffic,arima,68,1472,2012-05-01 08:00:00,61.39814814814815,55.74631585419155,66.1765873015873,5.651832293956602,4.778439153439152
traffic,arima,69,1472,2012-05-01 08:00:00,60.94411375661375,55.74631584522075,66.1765873015873,5.197797911393003,5.232473544973551
traffic,arima,70,1472,2012-05-01 08:00:00,64.60995370370371,55.74631583849446,66.1765873015873,8.863637865209249,1.5666335978835946
traffic,arima,71,1472,2012-05-01 08:00:00,66.33564814814815,55.7463158334511,66.1765873015873,10.589332314697053,0.1590608465608483
traffic,arima,72,1472,2012-05-01 08:00:00,67.03306878306879,55.7463158296696,66.1765873015873,11.286752953399187,0.856481481481481
traffic,arima,1,1496,2012-05-02 08:00:00,24.22619047619048,64.0035140116289,66.18353174603175,39.77732353543841,41.957341269841265
traffic,arima,2,1496,2012-05-02 08:00:00,64.88310185185185,61.89717024687238,66.18353174603175,2.98593160497947,1.3004298941798993
traffic,arima,3,1496,2012-05-02 08:00:00,64.32754629629629,60.250274481560595,66.18353174603175,4.077271814735695,1.8559854497354564
traffic,arima,4,1496,2012-05-02 08:00:00,63.61689814814815,59.013608093796456,66.18353174603175,4.603290054351696,2.5666335978835946
traffic,arima,5,1496,2012-05-02 08:00:00,65.2511574074074,58.09326404075475,66.18353174603175,7.157893366652658,0.9323743386243422
traffic,arima,6,1496,2012-05-02 08:00:00,60.5162037037037,57.409730479099274,66.18353174603175,3.1064732246044287,5.6673280423280445
traffic,arima,7,1496,2012-05-02 08:00:00,55.00611772486772,56.902313121648696,66.18353174603175,1.8961953967809748,11.177414021164026
traffic,arima,8,1496,2012-05-02 08:00:00,65.95601851851852,56.52567542392759,66.18353174603175,9.430343094590931,0.2275132275132279
traffic,arima,9,1496,2012-05-02 08:00:00,53.84490740740741,56.246117745183604,66.18353174603175,2.4012103377761917,12.338624338624335
traffic,arima,10,1496,2012-05-02 08:00:00,23.319444444444443,56.03861847635673,66.18353174603175,32.71917403191229,42.864087301587304
traffic,arima,11,1496,2012-05-02 08:00:00,25.16203703703704,55.88460414274211,66.18353174603175,30.72256710570507,41.02149470899471
traffic,arima,12,1496,2012-05-02 08:00:00,67.38773148148148,55.770288521953134,66.18353174603175,11.617442959528347,1.204199735449734
traffic,arima,13,1496,2012-05-02 08:00:00,65.77083333333333,55.68543888535015,66.18353174603175,10.085394447983177,0.41269841269841834
traffic,arima,14,1496,2012-05-02 08:00:00,65.3113425925926,55.62246008450451,66.18353174603175,9.688882508088085,0.8721891534391517
traffic,arima,15,1496,2012-05-02 08:00:00,65.27199074074075,55.57571469465994,66.18353174603175,9.696276046080804,0.9115410052909994
traffic,arima,16,1496,2012-05-02 08:00:00,63.53287037037037,55.541018393039316,66.18353174603175,7.991851977331052,2.650661375661379
traffic,arima,17,1496,2012-05-02 08:00:00,61.91342592592593,55.515265407559596,66.18353174603175,6.398160518366332,4.270105820105819
traffic,arima,18,1496,2012-05-02 08:00:00,59.68518518518519,55.496150509714276,66.18353174603175,4.189034675470914,6.4983465608465565
traffic,arima,19,1496,2012-05-02 08:00:00,57.87291666666667,55.48196266652535,66.18353174603175,2.3909540001413205,8.310615079365078
traffic,arima,20,1496,2012-05-02 08:00:00,57.44907407407408,55.47143188074861,66.18353174603175,1.9776421933254724,8.734457671957664
traffic,arima,21,1496,2012-05-02 08:00:00,60.26322751322751,55.46361550953569,66.18353174603175,4.79961200369182,5.920304232804234
traffic,arima,22,1496,2012-05-02 08:00:00,63.30588624338625,55.457813885589154,66.18353174603175,7.8480723577970934,2.8776455026454997
traffic,arima,23,1496,2012-05-02 08:00:00,65.56712962962963,55.45350768780246,66.18353174603175,10.113621941827176,0.6164021164021136
traffic,arima,24,1496,2012-05-02 08:00:00,66.1886574074074,55.450311455239124,66.18353174603175,10.738345952168281,0.005125661375657842
traffic,arima,25,1496,2012-05-02 08:00:00,66.79761904761905,55.44793908334518,66.18353174603175,11.349679964273868,0.6140873015873041
traffic,arima,26,1496,2012-05-02 08:00:00,66.56382275132275,55.44617821385536,66.18353174603175,11.117644537467385,0.38029100529099935
traffic,arima,27,1496,2012-05-02 08:00:00,27.396064814814817,55.44487122595515,66.18353174603175,28.04880641114033,38.787466931216926
traffic,arima,28,1496,2012-05-02 08:00:00,0.0,55.44390112715953,66.18353174603175,55.44390112715953,66.18353174603175
traffic,arima,29,1496,2012-05-02 08:00:00,0.0,55.4431810809578,66.18353174603175,55.4431810809578,66.18353174603175
traffic,arima,30,1496,2012-05-02 08:00:00,0.0,55.44264663381183,66.18353174603175,55.44264663381183,66.18353174603175
traffic,arima,31,1496,2012-05-02 08:00:00,0.0,55.44224994572273,66.18353174603175,55.44224994572273,66.18353174603175
traffic,arima,32,1496,2012-05-02 08:00:00,0.0,55.44195550792617,66.18353174603175,55.44195550792617,66.18353174603175
traffic,arima,33,1496,2012-05-02 08:00:00,14.006944444444445,55.44173696439429,66.18353174603175,41.434792519949845,52.176587301587304
traffic,arima,34,1496,2012-05-02 08:00:00,18.89351851851852,55.44157475262705,66.18353174603175,36.54805623410853,47.29001322751323
traffic,arima,35,1496,2012-05-02 08:00:00,21.83333333333333,55.441454352552945,66.18353174603175,33.60812101921962,44.35019841269842
traffic,arima,36,1496,2012-05-02 08:00:00,62.72387566137567,55.44136498679305,66.18353174603175,7.282510674582625,3.459656084656075
traffic,arima,37,1496,2012-05-02 08:00:00,66.08333333333333,55.44129865594482,66.18353174603175,10.642034677388509,0.10019841269841834
traffic,arima,38,1496,2012-05-02 08:00:00,65.66087962962963,55.44124942253113,66.18353174603175,10.219630207098504,0.5226521164021136
traffic,arima,39,1496,2012-05-02 08:00:00,65.30787037037037,55.44121287951852,66.18353174603175,9.86665749085185,0.8756613756613802
traffic,arima,40,1496,2012-05-02 08:00:00,62.67824074074074,55.44118575583013,66.18353174603175,7.237054984910607,3.5052910052910065
traffic,arima,41,1496,2012-05-02 08:00:00,56.53058862433863,55.441165623541664,66.18353174603175,1.0894230007969625,9.65294312169312
traffic,arima,42,1496,2012-05-02 08:00:00,61.42592592592592,55.44115068055038,66.18353174603175,5.984775245375538,4.75760582010583
traffic,arima,43,1496,2012-05-02 08:00:00,60.84606481481482,55.44113958926343,66.18353174603175,5.404925225551388,5.33746693121693
traffic,arima,44,1496,2012-05-02 08:00:00,61.39814814814815,55.44113135686578,66.18353174603175,5.957016791282371,4.785383597883595
traffic,arima,45,1496,2012-05-02 08:00:00,60.94411375661375,55.44112524645035,66.18353174603175,5.502988510163405,5.239417989417994
traffic,arima,46,1496,2012-05-02 08:00:00,64.60995370370371,55.44112071105514,66.18353174603175,9.168832992648568,1.5735780423280374
traffic,arima,47,1496,2012-05-02 08:00:00,66.33564814814815,55.441117344703066,66.18353174603175,10.894530803445086,0.15211640211640542
traffic,arima,48,1496,2012-05-02 08:00:00,67.03306878306879,55.44111484606166,66.18353174603175,11.591953937007126,0.8495370370370381
traffic,arima,49,1496,2012-05-02 08:00:00,22.396990740740744,55.44111299146987,66.18353174603175,33.04412225072913,43.786541005291
traffic,arima,50,1496,2012-05-02 08:00:00,11.145833333333334,55.441111614917524,66.18353174603175,44.29527828158419,55.03769841269841
traffic,arima,51,1496,2012-05-02 08:00:00,65.60416666666667,55.441110593185215,66.18353174603175,10.163056073481457,0.5793650793650755
traffic,arima,52,1496,2012-05-02 08:00:00,64.89004629629629,55.44110983481455,66.18353174603175,9.448936461481743,1.2934854497354564
traffic,arima,53,1496,2012-05-02 08:00:00,64.5203373015873,55.44110927192145,66.18353174603175,9.079228029665856,1.6631944444444429
traffic,arima,54,1496,2012-05-02 08:00:00,64.51157407407408,55.441108854119626,66.18353174603175,9.07046521995445,1.6719576719576708
traffic,arima,55,1496,2012-05-02 08:00:00,63.69791666666666,55.441108544010376,66.18353174603175,8.256808122656281,2.4856150793650897
traffic,arima,56,1496,2012-05-02 08:00:00,64.04398148148148,55.44110831383487,66.18353174603175,8.602873167646614,2.139550264550266
traffic,arima,57,1496,2012-05-02 08:00:00,23.99537037037037,55.44110814298937,66.18353174603175,31.445737772619,42.18816137566138
traffic,arima,58,1496,2012-05-02 08:00:00,18.09953703703704,55.441108016181005,66.18353174603175,37.34157097914397,48.08399470899471
traffic,arima,59,1496,2012-05-02 08:00:00,23.96180555555556,55.44110792205875,66.18353174603175,31.479302366503187,42.22172619047619
traffic,arima,60,1496,2012-05-02 08:00:00,67.9675925925926,55.44110785219744,66.18353174603175,12.526484740395155,1.7840608465608483
traffic,arima,61,1496,2012-05-02 08:00:00,66.98379629629629,55.44110780034358,66.18353174603175,11.54268849595271,0.8002645502645436
traffic,arima,62,1496,2012-05-02 08:00:00,65.55092592592592,55.44110776185556,66.18353174603175,10.109818164070361,0.6326058201058231
traffic,arima,63,1496,2012-05-02 08:00:00,65.29993386243386,55.44110773328822,66.18353174603175,9.85882612914564,0.8835978835978864
traffic,arima,64,1496,2012-05-02 08:00:00,64.70138888888889,55.44110771208439,66.18353174603175,9.260281176804497,1.4821428571428612
traffic,arima,65,1496,2012-05-02 08:00:00,59.5212962962963,55.44110769634606,66.18353174603175,4.08018859995024,6.662235449735448
traffic,arima,66,1496,2012-05-02 08:00:00,64.78819444444444,55.44110768466444,66.18353174603175,9.347086759780005,1.395337301587304
traffic,arima,67,1496,2012-05-02 08:00:00,63.795138888888886,55.44110767599387,66.18353174603175,8.354031212895016,2.388392857142861
traffic,arima,68,1496,2012-05-02 08:00:00,62.24950396825397,55.44110766955823,66.18353174603175,6.80839629869574,3.9340277777777786
traffic,arima,69,1496,2012-05-02 08:00:00,62.56875,55.441107664781434,66.18353174603175,7.127642335218567,3.6147817460317455
traffic,arima,70,1496,2012-05-02 08:00:00,63.50347222222223,55.44110766123591,66.18353174603175,8.062364560986317,2.6800595238095184
traffic,arima,71,1496,2012-05-02 08:00:00,65.45667989417989,55.441107658604274,66.18353174603175,10.015572235575611,0.7268518518518619
traffic,arima,72,1496,2012-05-02 08:00:00,66.38657407407408,55.44110765665098,66.18353174603175,10.945466417423098,0.20304232804232925
traffic,arima,1,1520,2012-05-03 08:00:00,66.79761904761905,63.860060361978796,66.1886574074074,2.937558685640255,0.6089616402116462
traffic,arima,2,1520,2012-05-03 08:00:00,66.56382275132275,61.69621674259294,66.1886574074074,4.867606008729808,0.3751653439153415
traffic,arima,3,1520,2012-05-03 08:00:00,27.396064814814817,60.03063045952265,66.1886574074074,32.634565644707834,38.792592592592584
traffic,arima,4,1520,2012-05-03 08:00:00,0.0,58.7926859732848,66.1886574074074,58.7926859732848,66.1886574074074
traffic,arima,5,1520,2012-05-03 08:00:00,0.0,57.87939258826537,66.1886574074074,57.87939258826537,66.1886574074074
traffic,arima,6,1520,2012-05-03 08:00:00,0.0,57.20669824780007,66.1886574074074,57.20669824780007,66.1886574074074
traffic,arima,7,1520,2012-05-03 08:00:00,0.0,56.7113943795899,66.1886574074074,56.7113943795899,66.1886574074074
traffic,arima,8,1520,2012-05-03 08:00:00,0.0,56.34673109573852,66.1886574074074,56.34673109573852,66.1886574074074
traffic,arima,9,1520,2012-05-03 08:00:00,14.006944444444445,56.07825539193445,66.1886574074074,42.071310947490005,52.18171296296296
traffic,arima,10,1520,2012-05-03 08:00:00,18.89351851851852,55.88059651377165,66.1886574074074,36.98707799525313,47.295138888888886
traffic,arima,11,1520,2012-05-03 08:00:00,21.83333333333333,55.73507496474486,66.1886574074074,33.90174163141153,44.355324074074076
traffic,arima,12,1520,2012-05-03 08:00:00,62.72387566137567,55.627938277294206,66.1886574074074,7.095937384081466,3.4647817460317327
traffic,arima,13,1520,2012-05-03 08:00:00,66.08333333333333,55.54906151006786,66.1886574074074,10.53427182326547,0.10532407407407618
traffic,arima,14,1520,2012-05-03 08:00:00,65.66087962962963,55.49099041880297,66.1886574074074,10.16988921082666,0.5277777777777715
traffic,arima,15,1520,2012-05-03 08:00:00,65.30787037037037,55.44823699782814,66.1886574074074,9.859633372542227,0.8807870370370381
traffic,arima,16,1520,2012-05-03 08:00:00,62.67824074074074,55.41676083706578,66.1886574074074,7.26147990367496,3.5104166666666643
traffic,arima,17,1520,2012-05-03 08:00:00,56.53058862433863,55.39358728337912,66.1886574074074,1.1370013409595074,9.658068783068778
traffic,arima,18,1520,2012-05-03 08:00:00,61.42592592592592,55.37652632113177,66.1886574074074,6.0493996047941465,4.762731481481488
traffic,arima,19,1520,2012-05-03 08:00:00,60.84606481481482,55.363965604862706,66.1886574074074,5.482099209952111,5.342592592592588
traffic,arima,20,1520,2012-05-03 08:00:00,61.39814814814815,55.354718084652276,66.1886574074074,6.043430063495876,4.790509259259252
traffic,arima,21,1520,2012-05-03 08:00:00,60.94411375661375,55.347909824023624,66.1886574074074,5.596203932590129,5.244543650793652
traffic,arima,22,1520,2012-05-03 08:00:00,64.60995370370371,55.34289740861572,66.1886574074074,9.26705629508799,1.5787037037036953
traffic,arima,23,1520,2012-05-03 08:00:00,66.33564814814815,55.33920714033844,66.1886574074074,10.996441007809715,0.14699074074074758
traffic,arima,24,1520,2012-05-03 08:00:00,67.03306878306879,55.33649027055609,66.1886574074074,11.696578512512694,0.8444113756613802
traffic,arima,25,1520,2012-05-03 08:00:00,22.396990740740744,55.33449004161347,66.1886574074074,32.93749930087273,43.79166666666666
traffic,arima,26,1520,2012-05-03 08:00:00,11.145833333333334,55.33301742196535,66.1886574074074,44.187184088632016,55.04282407407407
traffic,arima,27,1520,2012-05-03 08:00:00,65.60416666666667,55.331933241758854,66.1886574074074,10.272233424907817,0.5844907407407334
traffic,arima,28,1520,2012-05-03 08:00:00,64.89004629629629,55.33113504059289,66.1886574074074,9.5589112557034,1.2986111111111143
traffic,arima,29,1520,2012-05-03 08:00:00,64.5203373015873,55.33054738450257,66.1886574074074,9.189789917084731,1.6683201058201007
traffic,arima,30,1520,2012-05-03 08:00:00,64.51157407407408,55.330114737075824,66.1886574074074,9.181459336998252,1.6770833333333286
traffic,arima,31,1520,2012-05-03 08:00:00,63.69791666666666,55.32979621098725,66.1886574074074,8.36812045567941,2.4907407407407476
traffic,arima,32,1520,2012-05-03 08:00:00,64.04398148148148,55.32956170394334,66.1886574074074,8.71441977753814,2.144675925925924
traffic,arima,33,1520,2012-05-03 08:00:00,23.99537037037037,55.32938905386658,66.1886574074074,31.334018683496208,42.19328703703704
traffic,arima,34,1520,2012-05-03 08:00:00,18.09953703703704,55.32926194446931,66.1886574074074,37.22972490743227,48.08912037037037
traffic,arima,35,1520,2012-05-03 08:00:00,23.96180555555556,55.329168363283735,66.1886574074074,31.367362807728174,42.22685185185185
traffic,arima,36,1520,2012-05-03 08:00:00,67.9675925925926,55.32909946642416,66.1886574074074,12.638493126168434,1.7789351851851904
traffic,arima,37,1520,2012-05-03 08:00:00,66.98379629629629,55.32904874279601,66.1886574074074,11.654747553500279,0.7951388888888857
traffic,arima,38,1520,2012-05-03 08:00:00,65.55092592592592,55.32901139876511,66.1886574074074,10.221914527160813,0.637731481481481
traffic,arima,39,1520,2012-05-03 08:00:00,65.29993386243386,55.32898390513552,66.1886574074074,9.970949957298338,0.8887235449735442
traffic,arima,40,1520,2012-05-03 08:00:00,64.70138888888889,55.32896366362303,66.1886574074074,9.372425225265857,1.487268518518519
traffic,arima,41,1520,2012-05-03 08:00:00,59.5212962962963,55.32894876130441,66.1886574074074,4.192347534991889,6.667361111111106
traffic,arima,42,1520,2012-05-03 08:00:00,64.78819444444444,55.32893778983673,66.1886574074074,9.459256654607714,1.400462962962962
traffic,arima,43,1520,2012-05-03 08:00:00,63.795138888888886,55.32892971236193,66.1886574074074,8.466209176526952,2.393518518518519
traffic,arima,44,1520,2012-05-03 08:00:00,62.24950396825397,55.32892376551863,66.1886574074074,6.920580202735337,3.9391534391534364
traffic,arima,45,1520,2012-05-03 08:00:00,62.56875,55.328919387300665,66.1886574074074,7.239830612699336,3.6199074074074034
traffic,arima,46,1520,2012-05-03 08:00:00,63.50347222222223,55.32891616394475,66.1886574074074,8.174556058277481,2.6851851851851762
traffic,arima,47,1520,2012-05-03 08:00:00,65.45667989417989,55.32891379082777,66.1886574074074,10.127766103352116,0.7319775132275197
traffic,arima,48,1520,2012-05-03 08:00:00,66.38657407407408,55.32891204367842,66.1886574074074,11.057662030395655,0.1979166666666714
traffic,arima,49,1520,2012-05-03 08:00:00,67.50214947089947,55.328910757382445,66.1886574074074,12.173238713517023,1.3134920634920633
traffic,arima,50,1520,2012-05-03 08:00:00,67.31597222222221,55.32890981037848,66.1886574074074,11.987062411843738,1.1273148148148096
traffic,arima,51,1520,2012-05-03 08:00:00,67.64236111111111,55.32890911316997,66.1886574074074,12.313451997941144,1.4537037037037095
traffic,arima,52,1520,2012-05-03 08:00:00,67.15046296296296,55.32890859986725,66.1886574074074,11.821554363095714,0.9618055555555571
traffic,arima,53,1520,2012-05-03 08:00:00,66.09606481481482,55.328908221960674,66.1886574074074,10.76715659285415,0.09259259259258101
traffic,arima,54,1520,2012-05-03 08:00:00,65.76669973544973,55.3289079437362,66.1886574074074,10.437791791713536,0.42195767195767075
traffic,arima,55,1520,2012-05-03 08:00:00,66.17361111111111,55.328907738900234,66.1886574074074,10.84470337221088,0.015046296296290507
traffic,arima,56,1520,2012-05-03 08:00:00,66.18981481481482,55.328907588094765,66.1886574074074,10.860907226720059,0.0011574074074189866
traffic,arima,57,1520,2012-05-03 08:00:00,66.31712962962963,55.32890747706792,66.1886574074074,10.988222152561711,0.12847222222222854
traffic,arima,58,1520,2012-05-03 08:00:00,67.04629629629629,55.32890739532713,66.1886574074074,11.717388900969162,0.8576388888888857
traffic,arima,59,1520,2012-05-03 08:00:00,66.60648148148148,55.32890733514746,66.1886574074074,11.277574146334018,0.4178240740740762
traffic,arima,60,1520,2012-05-03 08:00:00,68.39169973544973,55.328907290841656,66.1886574074074,13.062792444608078,2.2030423280423292
traffic,arima,61,1520,2012-05-03 08:00:00,67.48148148148148,55.32890725822259,66.1886574074074,12.152574223258888,1.2928240740740762
traffic,arima,62,1520,2012-05-03 08:00:00,66.17129629629629,55.328907234207605,66.1886574074074,10.842389062088685,0.01736111111111427
traffic,arima,63,1520,2012-05-03 08:00:00,66.11689814814815,55.328907216527156,66.1886574074074,10.787990931620996,0.07175925925925242
traffic,arima,64,1520,2012-05-03 08:00:00,66.50462962962963,55.328907203510354,66.1886574074074,11.175722426119279,0.31597222222222854
traffic,arima,65,1520,2012-05-03 08:00:00,65.82175925925925,55.32890719392706,66.1886574074074,10.492852065332194,0.36689814814815236
traffic,arima,66,1520,2012-05-03 08:00:00,65.7364417989418,55.32890718687159,66.1886574074074,10.407534612070208,0.4522156084656075
traffic,arima,67,1520,2012-05-03 08:00:00,65.60300925925925,55.32890718167717,66.1886574074074,10.274102077582086,0.5856481481481524
traffic,arima,68,1520,2012-05-03 08:00:00,63.73809523809524,55.328907177852905,66.1886574074074,8.409188060242336,2.450562169312164
traffic,arima,69,1520,2012-05-03 08:00:00,62.24685846560846,55.328907175037386,66.1886574074074,6.917951290571075,3.941798941798943
traffic,arima,70,1520,2012-05-03 08:00:00,64.7013888888889,55.32890717296453,66.1886574074074,9.372481715924373,1.4872685185185048
traffic,arima,71,1520,2012-05-03 08:00:00,66.59143518518518,55.32890717143844,66.1886574074074,11.262528013746739,0.40277777777777146
traffic,arima,72,1520,2012-05-03 08:00:00,66.00595238095238,55.32890717031489,66.1886574074074,10.677045210637488,0.18270502645502518
traffic,arima,1,1544,2012-05-04 08:00:00,22.396990740740744,64.50220842591548,67.03306878306879,42.105217685174736,44.63607804232804
traffic,arima,2,1544,2012-05-04 08:00:00,11.145833333333334,62.10633595799657,67.03306878306879,50.960502624663235,55.88723544973545
traffic,arima,3,1544,2012-05-04 08:00:00,65.60416666666667,60.23983929468143,67.03306878306879,5.36432737198524,1.4289021164021136
traffic,arima,4,1544,2012-05-04 08:00:00,64.89004629629629,58.839137120057345,67.03306878306879,6.050909176238946,2.1430224867724945
traffic,arima,5,1544,2012-05-04 08:00:00,64.5203373015873,57.79661181026564,67.03306878306879,6.723725491321666,2.512731481481481
traffic,arima,6,1544,2012-05-04 08:00:00,64.51157407407408,57.02211931746214,67.03306878306879,7.489454756611934,2.521494708994709
traffic,arima,7,1544,2012-05-04 08:00:00,63.69791666666666,56.44699304717067,67.03306878306879,7.250923619495985,3.335152116402128
traffic,arima,8,1544,2012-05-04 08:00:00,64.04398148148148,56.0199545052509,67.03306878306879,8.02402697623058,2.989087301587304
traffic,arima,9,1544,2012-05-04 08:00:00,23.99537037037037,55.70287999779832,67.03306878306879,31.70750962742795,43.03769841269842
traffic,arima,10,1544,2012-05-04 08:00:00,18.09953703703704,55.46745456118765,67.03306878306879,37.36791752415061,48.93353174603175
traffic,arima,11,1544,2012-05-04 08:00:00,23.96180555555556,55.292653147140115,67.03306878306879,31.330847591584554,43.07126322751323
traffic,arima,12,1544,2012-05-04 08:00:00,67.9675925925926,55.16286459605578,67.03306878306879,12.804727996536812,0.9345238095238102
traffic,arima,13,1544,2012-05-04 08:00:00,66.98379629629629,55.06649771554926,67.03306878306879,11.91729858074703,0.04927248677249452
traffic,arima,14,1544,2012-05-04 08:00:00,65.55092592592592,54.994946138360596,67.03306878306879,10.555979787565327,1.4821428571428612
traffic,arima,15,1544,2012-05-04 08:00:00,65.29993386243386,54.941819709910924,67.03306878306879,10.358114152522937,1.7331349206349245
traffic,arima,16,1544,2012-05-04 08:00:00,64.70138888888889,54.90237379538751,67.03306878306879,9.799015093501374,2.3316798941798993
traffic,arima,17,1544,2012-05-04 08:00:00,59.5212962962963,54.87308554436555,67.03306878306879,4.648210751930748,7.511772486772486
traffic,arima,18,1544,2012-05-04 08:00:00,64.78819444444444,54.85133927080953,67.03306878306879,9.93685517363491,2.244874338624342
traffic,arima,19,1544,2012-05-04 08:00:00,63.795138888888886,54.83519285041677,67.03306878306879,8.959946038472118,3.2379298941798993
traffic,arima,20,1544,2012-05-04 08:00:00,62.24950396825397,54.82320427265757,67.03306878306879,7.4262996955963985,4.783564814814817
traffic,arima,21,1544,2012-05-04 08:00:00,62.56875,54.81430285716161,67.03306878306879,7.754447142838394,4.464318783068784
traffic,arima,22,1544,2012-05-04 08:00:00,63.50347222222223,54.807693632996475,67.03306878306879,8.695778589225753,3.5295965608465565
traffic,arima,23,1544,2012-05-04 08:00:00,65.45667989417989,54.802786341107364,67.03306878306879,10.653893553072521,1.5763888888889
traffic,arima,24,1544,2012-05-04 08:00:00,66.38657407407408,54.79914271924142,67.03306878306879,11.587431354832653,0.6464947089947088
traffic,arima,25,1544,2012-05-04 08:00:00,67.50214947089947,54.79643736145918,67.03306878306879,12.705712109440285,0.469080687830683
traffic,arima,26,1544,2012-05-04 08:00:00,67.31597222222221,54.79442865665961,67.03306878306879,12.521543565562602,0.2829034391534293
traffic,arima,27,1544,2012-05-04 08:00:00,67.64236111111111,54.79293721068588,67.03306878306879,12.849423900425236,0.6092923280423292
traffic,arima,28,1544,2012-05-04 08:00:00,67.15046296296296,54.791829824925145,67.03306878306879,12.358633138037817,0.11739417989417689
traffic,arima,29,1544,2012-05-04 08:00:00,66.09606481481482,54.79100760055721,67.03306878306879,11.305057214257616,0.9370039682539613
traffic,arima,30,1544,2012-05-04 08:00:00,65.76669973544973,54.79039710606178,67.03306878306879,10.976302629387952,1.266369047619051
traffic,arima,31,1544,2012-05-04 08:00:00,66.17361111111111,54.78994381916897,67.03306878306879,11.383667291942146,0.8594576719576708
traffic,arima,32,1544,2012-05-04 08:00:00,66.18981481481482,54.78960725756401,67.03306878306879,11.400207557250816,0.8432539682539613
traffic,arima,33,1544,2012-05-04 08:00:00,66.31712962962963,54.78935736347766,67.03306878306879,11.52777226615197,0.7159391534391517
traffic,arima,34,1544,2012-05-04 08:00:00,67.04629629629629,54.78917181927574,67.03306878306879,12.257124477020554,0.013227513227505483
traffic,arima,35,1544,2012-05-04 08:00:00,66.60648148148148,54.7890340543075,67.03306878306879,11.817447427173981,0.42658730158730407
traffic,arima,36,1544,2012-05-04 08:00:00,68.39169973544973,54.788931765007824,67.03306878306879,13.60276797044191,1.358630952380949
traffic,arima,37,1544,2012-05-04 08:00:00,67.48148148148148,54.78885581608582,67.03306878306879,12.69262566539566,0.44841269841269593
traffic,arima,38,1544,2012-05-04 08:00:00,66.17129629629629,54.788799424666855,67.03306878306879,11.382496871629435,0.8617724867724945
traffic,arima,39,1544,2012-05-04 08:00:00,66.11689814814815,54.78875755452506,67.03306878306879,11.32814059362309,0.9161706349206327
traffic,arima,40,1544,2012-05-04 08:00:00,66.50462962962963,54.78872646630622,67.03306878306879,11.71590316332341,0.5284391534391517
traffic,arima,41,1544,2012-05-04 08:00:00,65.82175925925925,54.788703383572106,67.03306878306879,11.033055875687147,1.2113095238095326
traffic,arima,42,1544,2012-05-04 08:00:00,65.7364417989418,54.78868624484128,67.03306878306879,10.947755554100517,1.2966269841269877
traffic,arima,43,1544,2012-05-04 08:00:00,65.60300925925925,54.788673519481584,67.03306878306879,10.814335739777668,1.4300595238095326
traffic,arima,44,1544,2012-05-04 08:00:00,63.73809523809524,54.788664071011866,67.03306878306879,8.949431167083375,3.294973544973544
traffic,arima,45,1544,2012-05-04 08:00:00,62.24685846560846,54.788657055604666,67.03306878306879,7.458201410003795,4.786210317460323
traffic,arima,46,1544,2012-05-04 08:00:00,64.7013888888889,54.78865184672538,67.03306878306879,9.91273704216352,2.331679894179885
traffic,arima,47,1544,2012-05-04 08:00:00,66.59143518518518,54.78864797917747,67.03306878306879,11.802787206007707,0.4416335978836088
traffic,arima,48,1544,2012-05-04 08:00:00,66.00595238095238,54.78864510755653,67.03306878306879,11.217307273395846,1.0271164021164054
traffic,arima,49,1544,2012-05-04 08:00:00,67.47569444444444,54.78864297540278,67.03306878306879,12.687051469041663,0.44262566137565784
traffic,arima,50,1544,2012-05-04 08:00:00,67.90046296296296,54.78864139229702,67.03306878306879,13.111821570665938,0.8673941798941769
traffic,arima,51,1544,2012-05-04 08:00:00,62.0598544973545,54.78864021685467,67.03306878306879,7.271214280499834,4.973214285714285
traffic,arima,52,1544,2012-05-04 08:00:00,62.36921296296296,54.78863934409886,67.03306878306879,7.580573618864101,4.663855820105823
traffic,arima,53,1544,2012-05-04 08:00:00,67.11078042328042,54.78863869608521,67.03306878306879,12.32214172719521,0.07771164021163202
traffic,arima,54,1544,2012-05-04 08:00:00,67.39120370370371,54.78863821494067,67.03306878306879,12.602565488763041,0.35813492063492447
traffic,arima,55,1544,2012-05-04 08:00:00,66.73495370370371,54.788637857695,67.03306878306879,11.946315846008709,0.29811507936507553
traffic,arima,56,1544,2012-05-04 08:00:00,67.26620370370371,54.78863759244317,67.03306878306879,12.477566111260536,0.23313492063492447
traffic,arima,57,1544,2012-05-04 08:00:00,64.34970238095238,54.78863739549598,67.03306878306879,9.561064985456397,2.6833664021164054
traffic,arima,58,1544,2012-05-04 08:00:00,68.27364417989418,54.78863724926439,67.03306878306879,13.485006930629787,1.2405753968253919
traffic,arima,59,1544,2012-05-04 08:00:00,67.79976851851852,54.7886371406887,67.03306878306879,13.01113137782982,0.766699735449734
traffic,arima,60,1544,2012-05-04 08:00:00,68.54513888888889,54.78863706007218,67.03306878306879,13.756501828816702,1.5120701058201007
traffic,arima,61,1544,2012-05-04 08:00:00,66.65476190476191,54.78863700021512,67.03306878306879,11.866124904546794,0.3783068783068728
traffic,arima,62,1544,2012-05-04 08:00:00,66.0636574074074,54.788636955771764,67.03306878306879,11.27502045163564,0.9694113756613802
traffic,arima,63,1544,2012-05-04 08:00:00,66.45998677248677,54.78863692277296,67.03306878306879,11.671349849713813,0.5730820105820129
traffic,arima,64,1544,2012-05-04 08:00:00,66.17708333333333,54.788636898271626,67.03306878306879,11.388446435061702,0.8559854497354564
traffic,arima,65,1544,2012-05-04 08:00:00,64.88958333333333,54.7886368800796,67.03306878306879,10.100946453253734,2.1434854497354507
traffic,arima,66,1544,2012-05-04 08:00:00,63.8912037037037,54.78863686657218,67.03306878306879,9.10256683713152,3.1418650793650826
traffic,arima,67,1544,2012-05-04 08:00:00,62.129629629629626,54.788636856543036,67.03306878306879,7.34099277308659,4.903439153439159
traffic,arima,68,1544,2012-05-04 08:00:00,61.360945767195766,54.788636849096484,67.03306878306879,6.5723089180992815,5.672123015873019
traffic,arima,69,1544,2012-05-04 08:00:00,60.52513227513228,54.78863684356748,67.03306878306879,5.736495431564798,6.507936507936506
traffic,arima,70,1544,2012-05-04 08:00:00,63.46180555555557,54.78863683946225,67.03306878306879,8.673168716093322,3.5712632275132137
traffic,arima,71,1544,2012-05-04 08:00:00,65.81018518518518,54.78863683641414,67.03306878306879,11.021548348771034,1.2228835978836088
traffic,arima,72,1544,2012-05-04 08:00:00,66.56001984126983,54.78863683415096,67.03306878306879,11.771383007118878,0.4730489417989503
traffic,arima,1,1568,2012-05-05 08:00:00,67.50214947089947,63.84498483573766,66.38657407407408,3.6571646351618057,1.1155753968253919
traffic,arima,2,1568,2012-05-05 08:00:00,67.31597222222221,61.40965132863966,66.38657407407408,5.906320893582553,0.9293981481481381
traffic,arima,3,1568,2012-05-05 08:00:00,67.64236111111111,59.53246220106492,66.38657407407408,8.109898910046198,1.255787037037038
traffic,arima,4,1568,2012-05-05 08:00:00,67.15046296296296,58.14881004527145,66.38657407407408,9.001652917691509,0.7638888888888857
traffic,arima,5,1568,2012-05-05 08:00:00,66.09606481481482,57.13985683767886,66.38657407407408,8.95620797713596,0.2905092592592524
traffic,arima,6,1568,2012-05-05 08:00:00,65.76669973544973,56.40610185444466,66.38657407407408,9.360597881005077,0.6198743386243422
traffic,arima,7,1568,2012-05-05 08:00:00,66.17361111111111,55.87284211382998,66.38657407407408,10.300768997281132,0.2129629629629619
traffic,arima,8,1568,2012-05-05 08:00:00,66.18981481481482,55.48535882582957,66.38657407407408,10.704455988985252,0.19675925925925242
traffic,arima,9,1568,2012-05-05 08:00:00,66.31712962962963,55.20381329559283,66.38657407407408,11.113316334036803,0.06944444444444287
traffic,arima,10,1568,2012-05-05 08:00:00,67.04629629629629,54.9992443839471,66.38657407407408,12.04705191234919,0.6597222222222143
traffic,arima,11,1568,2012-05-05 08:00:00,66.60648148148148,54.850606519112475,66.38657407407408,11.755874962369006,0.21990740740740478
traffic,arima,12,1568,2012-05-05 08:00:00,68.39169973544973,54.74260770519924,66.38657407407408,13.649092030250493,2.005125661375658
traffic,arima,13,1568,2012-05-05 08:00:00,67.48148148148148,54.66413684032206,66.38657407407408,12.817344641159423,1.0949074074074048
traffic,arima,14,1568,2012-05-05 08:00:00,66.17129629629629,54.60712069222165,66.38657407407408,11.564175604074642,0.21527777777778567
traffic,arima,15,1568,2012-05-05 08:00:00,66.11689814814815,54.565693327887665,66.38657407407408,11.551204820260487,0.2696759259259238
traffic,arima,16,1568,2012-05-05 08:00:00,66.50462962962963,54.535592618384456,66.38657407407408,11.969037011245177,0.11805555555555713
traffic,arima,17,1568,2012-05-05 08:00:00,65.82175925925925,54.51372174326271,66.38657407407408,11.308037515996546,0.5648148148148238
traffic,arima,18,1568,2012-05-05 08:00:00,65.7364417989418,54.49783058367202,66.38657407407408,11.238611215269778,0.6501322751322789
traffic,arima,19,1568,2012-05-05 08:00:00,65.60300925925925,54.48628422570875,66.38657407407408,11.116725033550502,0.7835648148148238
traffic,arima,20,1568,2012-05-05 08:00:00,63.73809523809524,54.47789475724652,66.38657407407408,9.260200480848724,2.6484788359788354
traffic,arima,21,1568,2012-05-05 08:00:00,62.24685846560846,54.47179905318966,66.38657407407408,7.775059412418798,4.139715608465615
traffic,arima,22,1568,2012-05-05 08:00:00,64.7013888888889,54.467369975457736,66.38657407407408,10.234018913431164,1.6851851851851762
traffic,arima,23,1568,2012-05-05 08:00:00,66.59143518518518,54.46415185178039,66.38657407407408,12.127283333404783,0.20486111111110006
traffic,arima,24,1568,2012-05-05 08:00:00,66.00595238095238,54.461813595233664,66.38657407407408,11.544138785718715,0.3806216931216966
traffic,arima,25,1568,2012-05-05 08:00:00,67.47569444444444,54.460114641362864,66.38657407407408,13.015579803081579,1.0891203703703667
traffic,arima,26,1568,2012-05-05 08:00:00,67.90046296296296,54.458880198436084,66.38657407407408,13.441582764526878,1.5138888888888857
traffic,arima,27,1568,2012-05-05 08:00:00,62.0598544973545,54.45798326452536,66.38657407407408,7.60187123282914,4.326719576719576
traffic,arima,28,1568,2012-05-05 08:00:00,62.36921296296296,54.45733156129732,66.38657407407408,7.911881401665639,4.017361111111114
traffic,arima,29,1568,2012-05-05 08:00:00,67.11078042328042,54.4568580402359,66.38657407407408,12.653922383044517,0.7242063492063409
traffic,arima,30,1568,2012-05-05 08:00:00,67.39120370370371,54.45651398455847,66.38657407407408,12.93468971914524,1.0046296296296333
traffic,arima,31,1568,2012-05-05 08:00:00,66.73495370370371,54.45626399713696,66.38657407407408,12.278689706566752,0.3483796296296333
traffic,arima,32,1568,2012-05-05 08:00:00,67.26620370370371,54.45608235877138,66.38657407407408,12.810121344932327,0.8796296296296333
traffic,arima,33,1568,2012-05-05 08:00:00,64.34970238095238,54.45595038214773,66.38657407407408,9.893751998804646,2.0368716931216966
traffic,arima,34,1568,2012-05-05 08:00:00,68.27364417989418,54.45585448925013,66.38657407407408,13.817789690644048,1.8870701058201007
traffic,arima,35,1568,2012-05-05 08:00:00,67.79976851851852,54.45578481442775,66.38657407407408,13.343983704090768,1.4131944444444429
traffic,arima,36,1568,2012-05-05 08:00:00,68.54513888888889,54.45573418939718,66.38657407407408,14.089404699491709,2.1585648148148096
traffic,arima,37,1568,2012-05-05 08:00:00,66.65476190476191,54.4556974057552,66.38657407407408,12.19906449900671,0.268187830687836
traffic,arima,38,1568,2012-05-05 08:00:00,66.0636574074074,54.45567067912805,66.38657407407408,11.607986728279357,0.3229166666666714
traffic,arima,39,1568,2012-05-05 08:00:00,66.45998677248677,54.45565125982749,66.38657407407408,12.004335512659281,0.07341269841269593
traffic,arima,40,1568,2012-05-05 08:00:00,66.17708333333333,54.45563714995751,66.38657407407408,11.721446183375818,0.20949074074074758
traffic,arima,41,1568,2012-05-05 08:00:00,64.88958333333333,54.45562689786681,66.38657407407408,10.433956435466527,1.496990740740742
traffic,arima,42,1568,2012-05-05 08:00:00,63.8912037037037,54.455619448800014,66.38657407407408,9.435584254903688,2.495370370370374
traffic,arima,43,1568,2012-05-05 08:00:00,62.129629629629626,54.45561403638243,66.38657407407408,7.674015593247198,4.25694444444445
traffic,arima,44,1568,2012-05-05 08:00:00,61.360945767195766,54.45561010377382,66.38657407407408,6.905335663421944,5.0256283068783105
traffic,arima,45,1568,2012-05-05 08:00:00,60.52513227513228,54.455607246379664,66.38657407407408,6.069525028752615,5.861441798941797
traffic,arima,46,1568,2012-05-05 08:00:00,63.46180555555557,54.45560517022558,66.38657407407408,9.00620038532999,2.924768518518505
traffic,arima,47,1568,2012-05-05 08:00:00,65.81018518518518,54.45560366171274,66.38657407407408,11.354581523472433,0.5763888888888999
traffic,arima,48,1568,2012-05-05 08:00:00,66.56001984126983,54.45560256564237,66.38657407407408,12.104417275627462,0.17344576719575855
traffic,arima,49,1568,2012-05-05 08:00:00,67.39351851851852,54.45560176924858,66.38657407407408,12.937916749269938,1.0069444444444429
traffic,arima,50,1568,2012-05-05 08:00:00,66.04745370370371,54.4556011905968,66.38657407407408,11.591852513106907,0.3391203703703667
traffic,arima,51,1568,2012-05-05 08:00:00,65.31481481481482,54.45560077015419,66.38657407407408,10.859214044660632,1.0717592592592524
traffic,arima,52,1568,2012-05-05 08:00:00,64.3249007936508,54.45560046466478,66.38657407407408,9.869300328986014,2.0616732804232782
traffic,arima,53,1568,2012-05-05 08:00:00,63.99404761904762,54.455600242699234,66.38657407407408,9.538447376348387,2.392526455026456
traffic,arima,54,1568,2012-05-05 08:00:00,63.64550264550265,54.45560008142128,66.38657407407408,9.189902564081372,2.7410714285714235
traffic,arima,55,1568,2012-05-05 08:00:00,62.8151455026455,54.455599964238324,66.38657407407408,8.359545538407176,3.5714285714285765
traffic,arima,56,1568,2012-05-05 08:00:00,63.18402777777778,54.455599879094365,66.38657407407408,8.728427898683414,3.2025462962962976
traffic,arima,57,1568,2012-05-05 08:00:00,65.20949074074075,54.45559981722961,66.38657407407408,10.753890923511136,1.1770833333333286
traffic,arima,58,1568,2012-05-05 08:00:00,32.7337962962963,54.45559977227929,66.38657407407408,21.721803475982995,33.65277777777778
traffic,arima,59,1568,2012-05-05 08:00:00,23.07919973544973,54.45559973961885,66.38657407407408,31.376400004169117,43.30737433862434
traffic,arima,60,1568,2012-05-05 08:00:00,66.43981481481482,54.45559971588809,66.38657407407408,11.984215098926732,0.05324074074074758
traffic,arima,61,1568,2012-05-05 08:00:00,67.46263227513226,54.45559969864556,66.38657407407408,13.007032576486708,1.0760582010581885
traffic,arima,62,1568,2012-05-05 08:00:00,67.01504629629629,54.45559968611731,66.38657407407408,12.55944661017898,0.6284722222222143
traffic,arima,63,1568,2012-05-05 08:00:00,65.7895171957672,54.455599677014405,66.38657407407408,11.333917518752799,0.5970568783068728
traffic,arima,64,1568,2012-05-05 08:00:00,63.12533068783068,54.45559967040033,66.38657407407408,8.669731017430351,3.261243386243393
traffic,arima,65,1568,2012-05-05 08:00:00,61.708333333333336,54.455599665594605,66.38657407407408,7.252733667738731,4.6782407407407405
traffic,arima,66,1568,2012-05-05 08:00:00,59.24652777777778,54.45559966210281,66.38657407407408,4.790928115674966,7.140046296296298
traffic,arima,67,1568,2012-05-05 08:00:00,57.39236111111112,54.45559965956571,66.38657407407408,2.936761451545408,8.994212962962955
traffic,arima,68,1568,2012-05-05 08:00:00,55.48611111111112,54.45559965772228,66.38657407407408,1.03051145338884,10.900462962962955
traffic,arima,69,1568,2012-05-05 08:00:00,58.76157407407408,54.455599656382866,66.38657407407408,4.305974417691218,7.624999999999993
traffic,arima,70,1568,2012-05-05 08:00:00,62.65426587301587,54.45559965540966,66.38657407407408,8.198666217606217,3.7323082010582027
traffic,arima,71,1568,2012-05-05 08:00:00,66.35416666666667,54.45559965470253,66.38657407407408,11.89856701196414,0.032407407407404776
traffic,arima,72,1568,2012-05-05 08:00:00,67.75231481481482,54.455599654188745,66.38657407407408,13.296715160626079,1.3657407407407476
traffic,arima,1,1592,2012-05-06 08:00:00,67.47569444444444,63.37197371237736,66.00595238095238,4.103720732067082,1.4697420634920633
traffic,arima,2,1592,2012-05-06 08:00:00,67.90046296296296,61.09826055424862,66.00595238095238,6.802202408714344,1.8945105820105823
traffic,arima,3,1592,2012-05-06 08:00:00,62.0598544973545,59.45809210255339,66.00595238095238,2.6017623948011135,3.9460978835978793
traffic,arima,4,1592,2012-05-06 08:00:00,62.36921296296296,58.33156147129873,66.00595238095238,4.037651491664235,3.6367394179894177
traffic,arima,5,1592,2012-05-06 08:00:00,67.11078042328042,57.56971178895236,66.00595238095238,9.541068634328056,1.1048280423280374
traffic,arima,6,1592,2012-05-06 08:00:00,67.39120370370371,57.05711271058044,66.00595238095238,10.334090993123269,1.38525132275133
traffic,arima,7,1592,2012-05-06 08:00:00,66.73495370370371,56.712806182289604,66.00595238095238,10.022147521414105,0.7290013227513299
traffic,arima,8,1592,2012-05-06 08:00:00,67.26620370370371,56.48167213794417,66.00595238095238,10.784531565759536,1.26025132275133
traffic,arima,9,1592,2012-05-06 08:00:00,64.34970238095238,56.3265410128407,66.00595238095238,8.02316136811168,1.65625
traffic,arima,10,1592,2012-05-06 08:00:00,68.27364417989418,56.22242780378884,66.00595238095238,12.051216376105337,2.2676917989417973
traffic,arima,11,1592,2012-05-06 08:00:00,67.79976851851852,56.15255579026874,66.00595238095238,11.647212728249777,1.7938161375661394
traffic,arima,12,1592,2012-05-06 08:00:00,68.54513888888889,56.10566392591451,66.00595238095238,12.439474962974373,2.539186507936506
traffic,arima,13,1592,2012-05-06 08:00:00,66.65476190476191,56.07419436596741,66.00595238095238,10.580567538794504,0.6488095238095326
traffic,arima,14,1592,2012-05-06 08:00:00,66.0636574074074,56.05307487338814,66.00595238095238,10.010582534019264,0.05770502645502518
traffic,arima,15,1592,2012-05-06 08:00:00,66.45998677248677,56.038901404073926,66.00595238095238,10.421085368412847,0.4540343915343925
traffic,arima,16,1592,2012-05-06 08:00:00,66.17708333333333,56.02938947035813,66.00595238095238,10.147693862975196,0.171130952380949
traffic,arima,17,1592,2012-05-06 08:00:00,64.88958333333333,56.023005932344425,66.00595238095238,8.86657740098891,1.1163690476190453
traffic,arima,18,1592,2012-05-06 08:00:00,63.8912037037037,56.018721886812095,66.00595238095238,7.872481816891607,2.114748677248677
traffic,arima,19,1592,2012-05-06 08:00:00,62.129629629629626,56.015846828181914,66.00595238095238,6.113782801447712,3.8763227513227534
traffic,arima,20,1592,2012-05-06 08:00:00,61.360945767195766,56.01391735239679,66.00595238095238,5.347028414798977,4.645006613756614
traffic,arima,21,1592,2012-05-06 08:00:00,60.52513227513228,56.012622465132644,66.00595238095238,4.512509809999635,5.480820105820101
traffic,arima,22,1592,2012-05-06 08:00:00,63.46180555555557,56.011753455508604,66.00595238095238,7.4500521000469675,2.5441468253968083
traffic,arima,23,1592,2012-05-06 08:00:00,65.81018518518518,56.01117025591468,66.00595238095238,9.799014929270498,0.19576719576720336
traffic,arima,24,1592,2012-05-06 08:00:00,66.56001984126983,56.010778865811574,66.00595238095238,10.549240975458261,0.5540674603174551
traffic,arima,25,1592,2012-05-06 08:00:00,67.39351851851852,56.010516200654735,66.00595238095238,11.383002317863784,1.3875661375661394
traffic,arima,26,1592,2012-05-06 08:00:00,66.04745370370371,56.01033992388108,66.00595238095238,10.037113779822633,0.041501322751329894
traffic,arima,27,1592,2012-05-06 08:00:00,65.31481481481482,56.01022162307062,66.00595238095238,9.304593191744203,0.6911375661375558
traffic,arima,28,1592,2012-05-06 08:00:00,64.3249007936508,56.01014223041177,66.00595238095238,8.314758563239025,1.6810515873015817
traffic,arima,29,1592,2012-05-06 08:00:00,63.99404761904762,56.010088949337415,66.00595238095238,7.983958669710205,2.011904761904759
traffic,arima,30,1592,2012-05-06 08:00:00,63.64550264550265,56.0100531919648,66.00595238095238,7.635449453537852,2.360449735449727
traffic,arima,31,1592,2012-05-06 08:00:00,62.8151455026455,56.01002919489433,66.00595238095238,6.80511630775117,3.19080687830688
traffic,arima,32,1592,2012-05-06 08:00:00,63.18402777777778,56.01001309026054,66.00595238095238,7.174014687517236,2.821924603174601
traffic,arima,33,1592,2012-05-06 08:00:00,65.20949074074075,56.01000228230672,66.00595238095238,9.199488458434026,0.796461640211632
traffic,arima,34,1592,2012-05-06 08:00:00,32.7337962962963,56.00999502899893,66.00595238095238,23.276198732702632,33.27215608465608
traffic,arima,35,1592,2012-05-06 08:00:00,23.07919973544973,56.00999016124368,66.00595238095238,32.930790425793944,42.926752645502646
traffic,arima,36,1592,2012-05-06 08:00:00,66.43981481481482,56.0099868944526,66.00595238095238,10.429827920362222,0.43386243386244416
traffic,arima,37,1592,2012-05-06 08:00:00,67.46263227513226,56.009984702081915,66.00595238095238,11.45264757305035,1.456679894179885
traffic,arima,38,1592,2012-05-06 08:00:00,67.01504629629629,56.009983230763694,66.00595238095238,11.005063065532596,1.009093915343911
traffic,arima,39,1592,2012-05-06 08:00:00,65.7895171957672,56.00998224334978,66.00595238095238,9.779534952417421,0.21643518518517624
traffic,arima,40,1592,2012-05-06 08:00:00,63.12533068783068,56.009981580688084,66.00595238095238,7.115349107142599,2.8806216931216966
traffic,arima,41,1592,2012-05-06 08:00:00,61.708333333333336,56.00998113597031,66.00595238095238,5.698352197363029,4.297619047619044
traffic,arima,42,1592,2012-05-06 08:00:00,59.24652777777778,56.0099808375165,66.00595238095238,3.2365469402612774,6.759424603174601
traffic,arima,43,1592,2012-05-06 08:00:00,57.39236111111112,56.009980637221666,66.00595238095238,1.3823804738894552,8.613591269841258
traffic,arima,44,1592,2012-05-06 08:00:00,55.48611111111112,56.00998050280214,66.00595238095238,0.5238693916910151,10.519841269841258
traffic,arima,45,1592,2012-05-06 08:00:00,58.76157407407408,56.00998041259207,66.00595238095238,2.751593661482012,7.244378306878296
traffic,arima,46,1592,2012-05-06 08:00:00,62.65426587301587,56.00998035205134,66.00595238095238,6.64428552096453,3.351686507936506
traffic,arima,47,1592,2012-05-06 08:00:00,66.35416666666667,56.009980311421955,66.00595238095238,10.344186355244716,0.3482142857142918
traffic,arima,48,1592,2012-05-06 08:00:00,67.75231481481482,56.00998028415524,66.00595238095238,11.742334530659583,1.7463624338624442
traffic,arima,49,1592,2012-05-06 08:00:00,67.67129629629629,56.00998026585631,66.00595238095238,11.661316030439977,1.665343915343911
traffic,arima,50,1592,2012-05-06 08:00:00,66.25347222222221,56.009980253575755,66.00595238095238,10.24349196864646,0.24751984126983473
traffic,arima,51,1592,2012-05-06 08:00:00,65.30324074074075,56.00998024533417,66.00595238095238,9.293260495406578,0.702711640211632
traffic,arima,52,1592,2012-05-06 08:00:00,63.826388888888886,56.00998023980318,66.00595238095238,7.816408649085709,2.179563492063494
traffic,arima,53,1592,2012-05-06 08:00:00,64.10069444444444,56.00998023609127,66.00595238095238,8.09071420835317,1.9052579365079367
traffic,arima,54,1592,2012-05-06 08:00:00,65.71643518518518,56.00998023360019,66.00595238095238,9.706454951584988,0.28951719576720336
traffic,arima,55,1592,2012-05-06 08:00:00,65.75810185185185,56.0099802319284,66.00595238095238,9.748121619923445,0.24785052910053196
traffic,arima,56,1592,2012-05-06 08:00:00,66.0963955026455,56.00998023080645,66.00595238095238,10.086415271839059,0.09044312169312718
traffic,arima,57,1592,2012-05-06 08:00:00,66.59027777777779,56.0099802300535,66.00595238095238,10.580297547724285,0.5843253968254061
traffic,arima,58,1592,2012-05-06 08:00:00,29.07754629629629,56.00998022954819,66.00595238095238,26.9324339332519,36.92840608465609
traffic,arima,59,1592,2012-05-06 08:00:00,24.387400793650794,56.00998022920907,66.00595238095238,31.622579435558276,41.61855158730158
traffic,arima,60,1592,2012-05-06 08:00:00,66.06597222222221,56.00998022898148,66.00595238095238,10.055991993240731,0.06001984126983473
traffic,arima,61,1592,2012-05-06 08:00:00,66.9867724867725,56.00998022882875,66.00595238095238,10.976792257943742,0.9808201058201149
traffic,arima,62,1592,2012-05-06 08:00:00,67.02893518518518,56.00998022872625,66.00595238095238,11.018954956458927,1.0229828042327966
traffic,arima,63,1592,2012-05-06 08:00:00,66.56481481481482,56.00998022865746,66.00595238095238,10.554834586157362,0.5588624338624442
traffic,arima,64,1592,2012-05-06 08:00:00,63.36392195767196,56.0099802286113,66.00595238095238,7.353941729060665,2.642030423280417
traffic,arima,65,1592,2012-05-06 08:00:00,62.17824074074074,56.00998022858031,66.00595238095238,6.16826051216043,3.827711640211639
traffic,arima,66,1592,2012-05-06 08:00:00,61.16666666666666,56.00998022855952,66.00595238095238,5.156686438107137,4.839285714285722
traffic,arima,67,1592,2012-05-06 08:00:00,57.49537037037037,56.009980228545565,66.00595238095238,1.4853901418248014,8.510582010582013
traffic,arima,68,1592,2012-05-06 08:00:00,60.82242063492063,56.0099802285362,66.00595238095238,4.812440406384432,5.183531746031747
traffic,arima,69,1592,2012-05-06 08:00:00,61.61871693121693,56.00998022852992,66.00595238095238,5.608736702687011,4.387235449735449
traffic,arima,70,1592,2012-05-06 08:00:00,63.58564814814815,56.0099802285257,66.00595238095238,7.575667919622454,2.4203042328042272
traffic,arima,71,1592,2012-05-06 08:00:00,65.4675925925926,56.00998022852287,66.00595238095238,9.457612364069725,0.5383597883597844
traffic,arima,72,1592,2012-05-06 08:00:00,67.8136574074074,56.00998022852097,66.00595238095238,11.803677178886431,1.8077050264550252
traffic,arima,1,1616,2012-05-07 08:00:00,67.39351851851852,64.3223608262517,66.56001984126983,3.071157692266823,0.8334986772486843
traffic,arima,2,1616,2012-05-07 08:00:00,66.04745370370371,62.200903863100635,66.56001984126983,3.8465498406030747,0.5125661375661252
traffic,arima,3,1616,2012-05-07 08:00:00,65.31481481481482,60.60019323173342,66.56001984126983,4.714621583081403,1.245205026455011
traffic,arima,4,1616,2012-05-07 08:00:00,64.3249007936508,59.45270682813317,66.56001984126983,4.872193965517631,2.235119047619037
traffic,arima,5,1616,2012-05-07 08:00:00,63.99404761904762,58.64124791303517,66.56001984126983,5.352799706012448,2.5659722222222143
traffic,arima,6,1616,2012-05-07 08:00:00,63.64550264550265,58.06957665287239,66.56001984126983,5.5759259926302605,2.914517195767182
traffic,arima,7,1616,2012-05-07 08:00:00,62.8151455026455,57.667261008476174,66.56001984126983,5.147884494169325,3.744874338624335
traffic,arima,8,1616,2012-05-07 08:00:00,63.18402777777778,57.384214105342295,66.56001984126983,5.799813672435484,3.375992063492056
traffic,arima,9,1616,2012-05-07 08:00:00,65.20949074074075,57.18509470002826,66.56001984126983,8.024396040712489,1.3505291005290871
traffic,arima,10,1616,2012-05-07 08:00:00,32.7337962962963,57.04502037127877,66.56001984126983,24.31122407498247,33.82622354497354
traffic,arima,11,1616,2012-05-07 08:00:00,23.07919973544973,56.9464830756299,66.56001984126983,33.867283340180165,43.4808201058201
traffic,arima,12,1616,2012-05-07 08:00:00,66.43981481481482,56.877165730779645,66.56001984126983,9.56264908403518,0.12020502645501097
traffic,arima,13,1616,2012-05-07 08:00:00,67.46263227513226,56.828403566693346,66.56001984126983,10.634228708438918,0.90261243386243
traffic,arima,14,1616,2012-05-07 08:00:00,67.01504629629629,56.7941012098895,66.56001984126983,10.220945086406793,0.4550264550264558
traffic,arima,15,1616,2012-05-07 08:00:00,65.7895171957672,56.76997078714223,66.56001984126983,9.019546408624976,0.7705026455026314
traffic,arima,16,1616,2012-05-07 08:00:00,63.12533068783068,56.75299593907296,66.56001984126983,6.372334748757723,3.4346891534391517
traffic,arima,17,1616,2012-05-07 08:00:00,61.708333333333336,56.74105476966014,66.56001984126983,4.967278563673197,4.851686507936499
traffic,arima,18,1616,2012-05-07 08:00:00,59.24652777777778,56.7326546045316,66.56001984126983,2.513873173246182,7.313492063492056
traffic,arima,19,1616,2012-05-07 08:00:00,57.39236111111112,56.72674540320222,66.56001984126983,0.6656157079088985,9.167658730158713
traffic,arima,20,1616,2012-05-07 08:00:00,55.48611111111112,56.72258850154444,66.56001984126983,1.236477390433322,11.073908730158713
traffic,arima,21,1616,2012-05-07 08:00:00,58.76157407407408,56.71966427702933,66.56001984126983,2.0419097970447524,7.798445767195751
traffic,arima,22,1616,2012-05-07 08:00:00,62.65426587301587,56.71760719468321,66.56001984126983,5.9366586783326625,3.9057539682539613
traffic,arima,23,1616,2012-05-07 08:00:00,66.35416666666667,56.716160114352405,66.56001984126983,9.638006552314266,0.20585317460316332
traffic,arima,24,1616,2012-05-07 08:00:00,67.75231481481482,56.71514214757642,66.56001984126983,11.037172667238401,1.192294973544989
traffic,arima,25,1616,2012-05-07 08:00:00,67.67129629629629,56.71442604610303,66.56001984126983,10.956870250193262,1.1112764550264558
traffic,arima,26,1616,2012-05-07 08:00:00,66.25347222222221,56.71392229555606,66.56001984126983,9.539549926666155,0.3065476190476204
traffic,arima,27,1616,2012-05-07 08:00:00,65.30324074074075,56.7135679259269,66.56001984126983,8.589672814813845,1.2567791005290871
traffic,arima,28,1616,2012-05-07 08:00:00,63.826388888888886,56.7133186401746,66.56001984126983,7.113070248714287,2.733630952380949
traffic,arima,29,1616,2012-05-07 08:00:00,64.10069444444444,56.71314327699111,66.56001984126983,7.387551167453331,2.459325396825392
traffic,arima,30,1616,2012-05-07 08:00:00,65.71643518518518,56.71301991556417,66.56001984126983,9.003415269621009,0.8435846560846585
traffic,arima,31,1616,2012-05-07 08:00:00,65.75810185185185,56.71293313542391,66.56001984126983,9.045168716427938,0.8019179894179871
traffic,arima,32,1616,2012-05-07 08:00:00,66.0963955026455,56.71287208884777,66.56001984126983,9.38352341379774,0.46362433862432795
traffic,arima,33,1616,2012-05-07 08:00:00,66.59027777777779,56.71282914486948,66.56001984126983,9.877448632908305,0.030257936507950944
traffic,arima,34,1616,2012-05-07 08:00:00,29.07754629629629,56.7127989353903,66.56001984126983,27.635252639094013,37.482473544973544
traffic,arima,35,1616,2012-05-07 08:00:00,24.387400793650794,56.71277768415396,66.56001984126983,32.325376890503165,42.17261904761904
traffic,arima,36,1616,2012-05-07 08:00:00,66.06597222222221,56.71276273470569,66.56001984126983,9.353209487516523,0.4940476190476204
traffic,arima,37,1616,2012-05-07 08:00:00,66.9867724867725,56.712752218329136,66.56001984126983,10.274020268443358,0.4267526455026598
traffic,arima,38,1616,2012-05-07 08:00:00,67.02893518518518,56.71274482045239,66.56001984126983,10.316190364732783,0.4689153439153415
traffic,arima,39,1616,2012-05-07 08:00:00,66.56481481481482,56.71273961632337,66.56001984126983,9.852075198491455,0.004794973544989034
traffic,arima,40,1616,2012-05-07 08:00:00,63.36392195767196,56.712735955413656,66.56001984126983,6.6511860022583065,3.196097883597872
traffic,arima,41,1616,2012-05-07 08:00:00,62.17824074074074,56.712733380100886,66.56001984126983,5.4655073606398545,4.381779100529094
traffic,arima,42,1616,2012-05-07 08:00:00,61.16666666666666,56.71273156846487,66.56001984126983,4.453935098201789,5.3933531746031775
traffic,arima,43,1616,2012-05-07 08:00:00,57.49537037037037,56.712730294046835,66.56001984126983,0.7826400763235313,9.064649470899468
traffic,arima,44,1616,2012-05-07 08:00:00,60.82242063492063,56.712729397541516,66.56001984126983,4.109691237379117,5.737599206349202
traffic,arima,45,1616,2012-05-07 08:00:00,61.61871693121693,56.71272876688362,66.56001984126983,4.9059881643333085,4.9413029100529045
traffic,arima,46,1616,2012-05-07 08:00:00,63.58564814814815,56.71272832323943,66.56001984126983,6.87291982490872,2.9743716931216824
traffic,arima,47,1616,2012-05-07 08:00:00,65.4675925925926,56.71272801115237,66.56001984126983,8.754864581440224,1.0924272486772395
traffic,arima,48,1616,2012-05-07 08:00:00,67.8136574074074,56.712727791610824,66.56001984126983,11.10092961579658,1.25363756613757
traffic,arima,49,1616,2012-05-07 08:00:00,66.02777777777779,56.71272763717157,66.56001984126983,9.315050140606218,0.5322420634920491
traffic,arima,50,1616,2012-05-07 08:00:00,65.4988425925926,56.71272752852934,66.56001984126983,8.786115064063253,1.0611772486772395
traffic,arima,51,1616,2012-05-07 08:00:00,64.02662037037037,56.712727452103614,66.56001984126983,7.3138929182667525,2.533399470899468
traffic,arima,52,1616,2012-05-07 08:00:00,63.33796296296296,56.712727398340974,66.56001984126983,6.625235564621988,3.222056878306873
traffic,arima,53,1616,2012-05-07 08:00:00,65.54398148148148,56.71272736052097,66.56001984126983,8.831254120960509,1.0160383597883538
traffic,arima,54,1616,2012-05-07 08:00:00,64.85648148148148,56.712727333916014,66.56001984126983,8.143754147565467,1.7035383597883538
traffic,arima,55,1616,2012-05-07 08:00:00,65.0949074074074,56.71272731520043,66.56001984126983,8.382180092206973,1.46511243386243
traffic,arima,56,1616,2012-05-07 08:00:00,66.51620370370371,56.712727302034715,66.56001984126983,9.803476401668995,0.043816137566125235
traffic,arima,57,1616,2012-05-07 08:00:00,62.28240740740741,56.71272729277313,66.56001984126983,5.569680114634281,4.277612433862423
traffic,arima,58,1616,2012-05-07 08:00:00,20.908564814814813,56.71272728625795,66.56001984126983,35.804162471443135,45.651455026455025
traffic,arima,59,1616,2012-05-07 08:00:00,23.00115740740741,56.712727281674766,66.56001984126983,33.711569874267354,43.55886243386243
traffic,arima,60,1616,2012-05-07 08:00:00,60.22222222222222,56.712727278450664,66.56001984126983,3.509494943771557,6.337797619047613
traffic,arima,61,1616,2012-05-07 08:00:00,66.35648148148148,56.71272727618263,66.56001984126983,9.643754205298848,0.20353835978835377
traffic,arima,62,1616,2012-05-07 08:00:00,67.03125,56.71272727458716,66.56001984126983,10.31852272541284,0.47123015873016527
traffic,arima,63,1616,2012-05-07 08:00:00,66.50644841269842,56.7127272734648,66.56001984126983,9.793721139233618,0.05357142857141639
traffic,arima,64,1616,2012-05-07 08:00:00,63.85532407407408,56.71272727267527,66.56001984126983,7.142596801398817,2.7046957671957514
traffic,arima,65,1616,2012-05-07 08:00:00,61.56134259259259,56.71272727211986,66.56001984126983,4.848615320472732,4.998677248677247
traffic,arima,66,1616,2012-05-07 08:00:00,60.21246693121693,56.71272727172914,66.56001984126983,3.499739659487787,6.3475529100529045
traffic,arima,67,1616,2012-05-07 08:00:00,58.973379629629626,56.7127272714543,66.56001984126983,2.260652358175328,7.5866402116402085
traffic,arima,68,1616,2012-05-07 08:00:00,57.99189814814815,56.71272727126095,66.56001984126983,1.2791708768871999,8.568121693121682
traffic,arima,69,1616,2012-05-07 08:00:00,58.72470238095238,56.71272727112494,66.56001984126983,2.011975109827439,7.835317460317455
traffic,arima,70,1616,2012-05-07 08:00:00,63.93981481481482,56.71272727102926,66.56001984126983,7.227087543785558,2.620205026455018
traffic,arima,71,1616,2012-05-07 08:00:00,66.10300925925925,56.71272727096195,66.56001984126983,9.390281988297303,0.4570105820105823
traffic,arima,72,1616,2012-05-07 08:00:00,55.880853174603175,56.712727270914606,66.56001984126983,0.8318740963114308,10.67916666666666
traffic,arima,1,1640,2012-05-08 08:00:00,67.67129629629629,65.35193243619024,67.75231481481482,2.3193638601060513,0.08101851851853326
traffic,arima,2,1640,2012-05-08 08:00:00,66.25347222222221,63.0222047046547,67.75231481481482,3.2312675175675167,1.4988425925926094
traffic,arima,3,1640,2012-05-08 08:00:00,65.30324074074075,61.2751489305065,67.75231481481482,4.028091810234251,2.449074074074076
traffic,arima,4,1640,2012-05-08 08:00:00,63.826388888888886,60.037510840917555,67.75231481481482,3.7888780479713304,3.925925925925938
traffic,arima,5,1640,2012-05-08 08:00:00,64.10069444444444,59.173974461907555,67.75231481481482,4.926719982536888,3.651620370370381
traffic,arima,6,1640,2012-05-08 08:00:00,65.71643518518518,58.57401376736749,67.75231481481482,7.142421417817687,2.0358796296296475
traffic,arima,7,1640,2012-05-08 08:00:00,65.75810185185185,58.15767884188577,67.75231481481482,7.600423009966079,1.9942129629629761
traffic,arima,8,1640,2012-05-08 08:00:00,66.0963955026455,57.86886726100427,67.75231481481482,8.227528241641238,1.655919312169317
traffic,arima,9,1640,2012-05-08 08:00:00,66.59027777777779,57.66853808412168,67.75231481481482,8.921739693656107,1.162037037037038
traffic,arima,10,1640,2012-05-08 08:00:00,29.07754629629629,57.5295870378317,67.75231481481482,28.452040741535413,38.67476851851853
traffic,arima,11,1640,2012-05-08 08:00:00,24.387400793650794,57.43320945570824,67.75231481481482,33.04580866205744,43.364914021164026
traffic,arima,12,1640,2012-05-08 08:00:00,66.06597222222221,57.36636132576697,67.75231481481482,8.699610896455248,1.6863425925926094
traffic,arima,13,1640,2012-05-08 08:00:00,66.9867724867725,57.31999504907969,67.75231481481482,9.666777437692808,0.7655423280423292
traffic,arima,14,1640,2012-05-08 08:00:00,67.02893518518518,57.28783511839053,67.75231481481482,9.741100066794644,0.7233796296296475
traffic,arima,15,1640,2012-05-08 08:00:00,66.56481481481482,57.26552879658281,67.75231481481482,9.299286018232017,1.1875
traffic,arima,16,1640,2012-05-08 08:00:00,63.36392195767196,57.25005699752543,67.75231481481482,6.113864960146536,4.388392857142861
traffic,arima,17,1640,2012-05-08 08:00:00,62.17824074074074,57.239325664626136,67.75231481481482,4.938915076114604,5.574074074074083
traffic,arima,18,1640,2012-05-08 08:00:00,61.16666666666666,57.231882347579926,67.75231481481482,3.934784319086731,6.585648148148167
traffic,arima,19,1640,2012-05-08 08:00:00,57.49537037037037,57.226719618108035,67.75231481481482,0.2686507522623316,10.256944444444457
traffic,arima,20,1640,2012-05-08 08:00:00,60.82242063492063,57.22313871789488,67.75231481481482,3.599281917025756,6.929894179894191
traffic,arima,21,1640,2012-05-08 08:00:00,61.61871693121693,57.22065498396963,67.75231481481482,4.3980619472472995,6.1335978835978935
traffic,arima,22,1640,2012-05-08 08:00:00,63.58564814814815,57.21893225118061,67.75231481481482,6.366715896967541,4.166666666666671
traffic,arima,23,1640,2012-05-08 08:00:00,65.4675925925926,57.217737353356746,67.75231481481482,8.249855239235849,2.2847222222222285
traffic,arima,24,1640,2012-05-08 08:00:00,67.8136574074074,57.21690856503938,67.75231481481482,10.596748842368022,0.06134259259258101
traffic,arima,25,1640,2012-05-08 08:00:00,66.02777777777779,57.21633371247769,67.75231481481482,8.811444065300094,1.724537037037038
traffic,arima,26,1640,2012-05-08 08:00:00,65.4988425925926,57.21593499128345,67.75231481481482,8.282907601309148,2.2534722222222285
traffic,arima,27,1640,2012-05-08 08:00:00,64.02662037037037,57.21565843586501,67.75231481481482,6.810961934505357,3.725694444444457
traffic,arima,28,1640,2012-05-08 08:00:00,63.33796296296296,57.215466615363425,67.75231481481482,6.122496347599537,4.414351851851862
traffic,arima,29,1640,2012-05-08 08:00:00,65.54398148148148,57.21533356750982,67.75231481481482,8.328647913971658,2.208333333333343
traffic,arima,30,1640,2012-05-08 08:00:00,64.85648148148148,57.215241284718346,67.75231481481482,7.641240196763135,2.895833333333343
traffic,arima,31,1640,2012-05-08 08:00:00,65.0949074074074,57.21517727681914,67.75231481481482,7.879730130588264,2.657407407407419
traffic,arima,32,1640,2012-05-08 08:00:00,66.51620370370371,57.21513288055528,67.75231481481482,9.301070823148429,1.2361111111111143
traffic,arima,33,1640,2012-05-08 08:00:00,62.28240740740741,57.21510208703964,67.75231481481482,5.0673053203677725,5.469907407407412
traffic,arima,34,1640,2012-05-08 08:00:00,20.908564814814813,57.21508072847198,67.75231481481482,36.306515913657165,46.843750000000014
traffic,arima,35,1640,2012-05-08 08:00:00,23.00115740740741,57.215065914041,67.75231481481482,34.21390850663359,44.75115740740742
traffic,arima,36,1640,2012-05-08 08:00:00,60.22222222222222,57.21505563866256,67.75231481481482,3.007166583559659,7.530092592592602
traffic,arima,37,1640,2012-05-08 08:00:00,66.35648148148148,57.21504851159828,67.75231481481482,9.141432969883198,1.3958333333333428
traffic,arima,38,1640,2012-05-08 08:00:00,67.03125,57.21504356822363,67.75231481481482,9.816206431776372,0.7210648148148238
traffic,arima,39,1640,2012-05-08 08:00:00,66.50644841269842,57.21504013946924,67.75231481481482,9.29140827322918,1.2458664021164054
traffic,arima,40,1640,2012-05-08 08:00:00,63.85532407407408,57.21503776126457,67.75231481481482,6.640286312809515,3.8969907407407405
traffic,arima,41,1640,2012-05-08 08:00:00,61.56134259259259,57.21503611172751,67.75231481481482,4.346306480865081,6.190972222222236
traffic,arima,42,1640,2012-05-08 08:00:00,60.21246693121693,57.21503496759868,67.75231481481482,2.997431963618247,7.5398478835978935
traffic,arima,43,1640,2012-05-08 08:00:00,58.973379629629626,57.21503417402404,67.75231481481482,1.7583454556055855,8.778935185185198
traffic,arima,44,1640,2012-05-08 08:00:00,57.99189814814815,57.2150336235959,67.75231481481482,0.7768645245522521,9.760416666666671
traffic,arima,45,1640,2012-05-08 08:00:00,58.72470238095238,57.21503324181563,67.75231481481482,1.5096691391367472,9.027612433862444
traffic,arima,46,1640,2012-05-08 08:00:00,63.93981481481482,57.215032977010544,67.75231481481482,6.724781837804272,3.812500000000007
traffic,arima,47,1640,2012-05-08 08:00:00,66.10300925925925,57.21503279334014,67.75231481481482,8.88797646591911,1.6493055555555713
traffic,arima,48,1640,2012-05-08 08:00:00,55.880853174603175,57.215032665945245,67.75231481481482,1.33417949134207,11.871461640211649
traffic,arima,49,1640,2012-05-08 08:00:00,61.80205026455027,57.21503257758338,67.75231481481482,4.587017686966888,5.950264550264556
traffic,arima,50,1640,2012-05-08 08:00:00,50.71164021164021,57.215032516295054,67.75231481481482,6.503392304654845,17.040674603174615
traffic,arima,51,1640,2012-05-08 08:00:00,45.44758597883598,57.21503247378511,67.75231481481482,11.767446494949127,22.304728835978842
traffic,arima,52,1640,2012-05-08 08:00:00,64.17245370370371,57.21503244429995,67.75231481481482,6.957421259403759,3.5798611111111143
traffic,arima,53,1640,2012-05-08 08:00:00,63.07291666666666,57.21503242384887,67.75231481481482,5.857884242817789,4.679398148148167
traffic,arima,54,1640,2012-05-08 08:00:00,62.29282407407408,57.21503240966388,67.75231481481482,5.077791664410206,5.4594907407407405
traffic,arima,55,1640,2012-05-08 08:00:00,62.55902777777778,57.21503239982508,67.75231481481482,5.343995377952702,5.193287037037045
traffic,arima,56,1640,2012-05-08 08:00:00,57.329695767195766,57.21503239300083,67.75231481481482,0.114663374194933,10.422619047619058
traffic,arima,57,1640,2012-05-08 08:00:00,25.378472222222225,57.21503238826749,67.75231481481482,31.836560166045263,42.373842592592595
traffic,arima,58,1640,2012-05-08 08:00:00,17.99537037037037,57.21503238498442,67.75231481481482,39.219662014614045,49.75694444444446
traffic,arima,59,1640,2012-05-08 08:00:00,16.162037037037038,57.21503238270726,67.75231481481482,41.05299534567022,51.590277777777786
traffic,arima,60,1640,2012-05-08 08:00:00,67.42013888888889,57.215032381127806,67.75231481481482,10.20510650776108,0.33217592592593803
traffic,arima,61,1640,2012-05-08 08:00:00,66.75,57.21503238003229,67.75231481481482,9.53496761996771,1.0023148148148238
traffic,arima,62,1640,2012-05-08 08:00:00,66.04282407407408,57.21503237927244,67.75231481481482,8.82779169480164,1.7094907407407476
traffic,arima,63,1640,2012-05-08 08:00:00,65.20254629629629,57.21503237874539,67.75231481481482,7.987513917550899,2.5497685185185333
traffic,arima,64,1640,2012-05-08 08:00:00,63.927083333333336,57.21503237837983,67.75231481481482,6.712050954953504,3.825231481481488
traffic,arima,65,1640,2012-05-08 08:00:00,58.27430555555555,57.21503237812628,67.75231481481482,1.0592731774292687,9.478009259259274
traffic,arima,66,1640,2012-05-08 08:00:00,61.77347883597884,57.215032377950415,67.75231481481482,4.558446458028428,5.978835978835981
traffic,arima,67,1640,2012-05-08 08:00:00,60.864583333333336,57.21503237782843,67.75231481481482,3.649550955504907,6.887731481481488
traffic,arima,68,1640,2012-05-08 08:00:00,59.20717592592592,57.215032377743825,67.75231481481482,1.9921435481820922,8.545138888888907
traffic,arima,69,1640,2012-05-08 08:00:00,57.52893518518518,57.21503237768514,67.75231481481482,0.3139028075000425,10.22337962962964
traffic,arima,70,1640,2012-05-08 08:00:00,62.70039682539683,57.215032377644434,67.75231481481482,5.485364447752396,5.051917989417994
traffic,arima,71,1640,2012-05-08 08:00:00,65.92592592592592,57.215032377616204,67.75231481481482,8.71089354830972,1.8263888888889
traffic,arima,72,1640,2012-05-08 08:00:00,66.37268518518519,57.21503237759662,67.75231481481482,9.157652807588569,1.3796296296296333
traffic,arima,1,1664,2012-05-09 08:00:00,66.02777777777779,65.48613646998102,67.8136574074074,0.5416413077967661,1.785879629629619
traffic,arima,2,1664,2012-05-09 08:00:00,65.4988425925926,63.11948591601704,67.8136574074074,2.3793566765755543,2.3148148148148096
traffic,arima,3,1664,2012-05-09 08:00:00,64.02662037037037,61.45223473883608,67.8136574074074,2.574385631534284,3.787037037037038
traffic,arima,4,1664,2012-05-09 08:00:00,63.33796296296296,60.39171099050351,67.8136574074074,2.94625197245945,4.475694444444443
traffic,arima,5,1664,2012-05-09 08:00:00,65.54398148148148,59.74250492543989,67.8136574074074,5.801476556041592,2.269675925925924
traffic,arima,6,1664,2012-05-09 08:00:00,64.85648148148148,59.35134827104928,67.8136574074074,5.505133210432199,2.957175925925924
traffic,arima,7,1664,2012-05-09 08:00:00,65.0949074074074,59.11727391101481,67.8136574074074,5.977633496392592,2.71875
traffic,arima,8,1664,2012-05-09 08:00:00,66.51620370370371,58.97761750842139,67.8136574074074,7.5385861952823205,1.2974537037036953
traffic,arima,9,1664,2012-05-09 08:00:00,62.28240740740741,58.894403341309,67.8136574074074,3.3880040660984108,5.531249999999993
traffic,arima,10,1664,2012-05-09 08:00:00,20.908564814814813,58.84484899818871,67.8136574074074,37.9362841833739,46.905092592592595
traffic,arima,11,1664,2012-05-09 08:00:00,23.00115740740741,58.81534677408302,67.8136574074074,35.814189366675606,44.8125
traffic,arima,12,1664,2012-05-09 08:00:00,60.22222222222222,58.79778459129399,67.8136574074074,1.4244376309282316,7.591435185185183
traffic,arima,13,1664,2012-05-09 08:00:00,66.35648148148148,58.7873306415089,67.8136574074074,7.569150839972579,1.4571759259259238
traffic,arima,14,1664,2012-05-09 08:00:00,67.03125,58.78110803027625,67.8136574074074,8.25014196972375,0.7824074074074048
traffic,arima,15,1664,2012-05-09 08:00:00,66.50644841269842,58.77740411833905,67.8136574074074,7.729044294359369,1.3072089947089864
traffic,arima,16,1664,2012-05-09 08:00:00,63.85532407407408,58.77519943234053,67.8136574074074,5.080124641733555,3.9583333333333215
traffic,arima,17,1664,2012-05-09 08:00:00,61.56134259259259,58.77388713575824,67.8136574074074,2.7874554568343513,6.252314814814817
traffic,arima,18,1664,2012-05-09 08:00:00,60.21246693121693,58.773106017335685,67.8136574074074,1.439360913881245,7.6011904761904745
traffic,arima,19,1664,2012-05-09 08:00:00,58.973379629629626,58.77264107231665,67.8136574074074,0.20073855731297385,8.840277777777779
traffic,arima,20,1664,2012-05-09 08:00:00,57.99189814814815,58.77236432319858,67.8136574074074,0.780466175050428,9.821759259259252
traffic,arima,21,1664,2012-05-09 08:00:00,58.72470238095238,58.7721995938961,67.8136574074074,0.04749721294371767,9.088955026455025
traffic,arima,22,1664,2012-05-09 08:00:00,63.93981481481482,58.77210154212127,67.8136574074074,5.167713272693547,3.873842592592588
traffic,arima,23,1664,2012-05-09 08:00:00,66.10300925925925,58.7720431787927,67.8136574074074,7.330966080466553,1.7106481481481524
traffic,arima,24,1664,2012-05-09 08:00:00,55.880853174603175,58.77200843920633,67.8136574074074,2.8911552646031566,11.93280423280423
traffic,arima,25,1664,2012-05-09 08:00:00,61.80205026455027,58.77198776117293,67.8136574074074,3.030062503377337,6.011607142857137
traffic,arima,26,1664,2012-05-09 08:00:00,50.71164021164021,58.77197545299342,67.8136574074074,8.060335241353215,17.102017195767196
traffic,arima,27,1664,2012-05-09 08:00:00,45.44758597883598,58.77196812679951,67.8136574074074,13.324382147963526,22.366071428571423
traffic,arima,28,1664,2012-05-09 08:00:00,64.17245370370371,58.77196376603134,67.8136574074074,5.4004899376723685,3.6412037037036953
traffic,arima,29,1664,2012-05-09 08:00:00,63.07291666666666,58.77196117037265,67.8136574074074,4.300955496294009,4.740740740740748
traffic,arima,30,1664,2012-05-09 08:00:00,62.29282407407408,58.771959625359514,67.8136574074074,3.520864448714569,5.5208333333333215
traffic,arima,31,1664,2012-05-09 08:00:00,62.55902777777778,58.77195870572182,67.8136574074074,3.7870690720559566,5.254629629629626
traffic,arima,32,1664,2012-05-09 08:00:00,57.329695767195766,58.77195815832616,67.8136574074074,1.4422623911303916,10.48396164021164
traffic,arima,33,1664,2012-05-09 08:00:00,25.378472222222225,58.77195783250001,67.8136574074074,33.39348561027778,42.435185185185176
traffic,arima,34,1664,2012-05-09 08:00:00,17.99537037037037,58.771957638558604,67.8136574074074,40.77658726818824,49.81828703703704
traffic,arima,35,1664,2012-05-09 08:00:00,16.162037037037038,58.77195752311892,67.8136574074074,42.60992048608188,51.65162037037037
traffic,arima,36,1664,2012-05-09 08:00:00,67.42013888888889,58.77195745440579,67.8136574074074,8.648181434483092,0.39351851851851904
traffic,arima,37,1664,2012-05-09 08:00:00,66.75,58.7719574135057,67.8136574074074,7.978042586494297,1.0636574074074048
traffic,arima,38,1664,2012-05-09 08:00:00,66.04282407407408,58.771957389160754,67.8136574074074,7.270866684913322,1.7708333333333286
traffic,arima,39,1664,2012-05-09 08:00:00,65.20254629629629,58.77195737466992,67.8136574074074,6.430588921626374,2.6111111111111143
traffic,arima,40,1664,2012-05-09 08:00:00,63.927083333333336,58.77195736604454,67.8136574074074,5.155125967288797,3.886574074074069
traffic,arima,41,1664,2012-05-09 08:00:00,58.27430555555555,58.77195736091046,67.8136574074074,0.4976518053549128,9.539351851851855
traffic,arima,42,1664,2012-05-09 08:00:00,61.77347883597884,58.771957357854504,67.8136574074074,3.0015214781243387,6.040178571428562
traffic,arima,43,1664,2012-05-09 08:00:00,60.864583333333336,58.77195735603551,67.8136574074074,2.0926259772978284,6.949074074074069
traffic,arima,44,1664,2012-05-09 08:00:00,59.20717592592592,58.77195735495279,67.8136574074074,0.43521857097312733,8.606481481481488
traffic,arima,45,1664,2012-05-09 08:00:00,57.52893518518518,58.77195735430832,67.8136574074074,1.2430221691231367,10.284722222222221
traffic,arima,46,1664,2012-05-09 08:00:00,62.70039682539683,58.77195735392471,67.8136574074074,3.9284394714721174,5.113260582010575
traffic,arima,47,1664,2012-05-09 08:00:00,65.92592592592592,58.77195735369638,67.8136574074074,7.1539685722295445,1.887731481481481
traffic,arima,48,1664,2012-05-09 08:00:00,66.37268518518519,58.77195735356047,67.8136574074074,7.600727831624724,1.4409722222222143
traffic,arima,49,1664,2012-05-09 08:00:00,66.37847222222223,58.77195735347957,67.8136574074074,7.606514868742657,1.4351851851851762
traffic,arima,50,1664,2012-05-09 08:00:00,66.35879629629629,58.77195735343142,67.8136574074074,7.586838942864873,1.4548611111111143
traffic,arima,51,1664,2012-05-09 08:00:00,65.88194444444444,58.771957353402755,67.8136574074074,7.109987091041688,1.931712962962962
traffic,arima,52,1664,2012-05-09 08:00:00,65.39434523809524,58.771957353385694,67.8136574074074,6.622387884709546,2.419312169312164
traffic,arima,53,1664,2012-05-09 08:00:00,63.74652777777778,58.77195735337554,67.8136574074074,4.974570424402238,4.067129629629626
traffic,arima,54,1664,2012-05-09 08:00:00,63.27314814814815,58.771957353369494,67.8136574074074,4.501190794778658,4.540509259259252
traffic,arima,55,1664,2012-05-09 08:00:00,60.44675925925926,58.7719573533659,67.8136574074074,1.6748019058933608,7.366898148148145
traffic,arima,56,1664,2012-05-09 08:00:00,30.46577380952381,58.77195735336375,67.8136574074074,28.306183543839943,37.347883597883595
traffic,arima,57,1664,2012-05-09 08:00:00,21.72453703703704,58.77195735336248,67.8136574074074,37.04742031632544,46.08912037037037
traffic,arima,58,1664,2012-05-09 08:00:00,19.78009259259259,58.77195735336172,67.8136574074074,38.99186476076913,48.03356481481481
traffic,arima,59,1664,2012-05-09 08:00:00,19.68287037037037,58.771957353361266,67.8136574074074,39.08908698299089,48.13078703703704
traffic,arima,60,1664,2012-05-09 08:00:00,65.87847222222221,58.771957353361,67.8136574074074,7.106514868861211,1.9351851851851904
traffic,arima,61,1664,2012-05-09 08:00:00,66.27314814814815,58.77195735336084,67.8136574074074,7.501190794787313,1.5405092592592524
traffic,arima,62,1664,2012-05-09 08:00:00,65.62268518518518,58.77195735336075,67.8136574074074,6.850727831824429,2.1909722222222285
traffic,arima,63,1664,2012-05-09 08:00:00,64.08912037037037,58.77195735336069,67.8136574074074,5.317163017009676,3.724537037037038
traffic,arima,64,1664,2012-05-09 08:00:00,62.79943783068783,58.771957353360655,67.8136574074074,4.027480477327174,5.014219576719576
traffic,arima,65,1664,2012-05-09 08:00:00,64.1550925925926,58.771957353360634,67.8136574074074,5.383135239231962,3.6585648148148096
traffic,arima,66,1664,2012-05-09 08:00:00,64.15972222222221,58.77195735336062,67.8136574074074,5.387764868861595,3.6539351851851904
traffic,arima,67,1664,2012-05-09 08:00:00,62.9837962962963,58.77195735336061,67.8136574074074,4.211838942935685,4.829861111111107
traffic,arima,68,1664,2012-05-09 08:00:00,59.25892857142858,58.77195735336061,67.8136574074074,0.4869712180679642,8.554728835978828
traffic,arima,69,1664,2012-05-09 08:00:00,60.58498677248678,58.77195735336061,67.8136574074074,1.8130294191261669,7.228670634920626
traffic,arima,70,1664,2012-05-09 08:00:00,63.27827380952382,58.771957353360605,67.8136574074074,4.506316456163212,4.5353835978835875
traffic,arima,71,1664,2012-05-09 08:00:00,64.92245370370371,58.771957353360605,67.8136574074074,6.150496350343104,2.8912037037036953
traffic,arima,72,1664,2012-05-09 08:00:00,66.57175925925925,58.771957353360605,67.8136574074074,7.799801905898647,1.2418981481481524
traffic,arima,1,1688,2012-05-10 08:00:00,61.80205026455027,55.36308607820459,55.880853174603175,6.438964186345679,5.921197089947093
traffic,arima,2,1688,2012-05-10 08:00:00,50.71164021164021,56.54159181863835,55.880853174603175,5.829951606998144,5.169212962962966
traffic,arima,3,1688,2012-05-10 08:00:00,45.44758597883598,57.61316822016566,55.880853174603175,12.16558224132968,10.433267195767193
traffic,arima,4,1688,2012-05-10 08:00:00,64.17245370370371,58.327204650596336,55.880853174603175,5.8452490531073735,8.291600529100535
traffic,arima,5,1688,2012-05-10 08:00:00,63.07291666666666,58.75781146530706,55.880853174603175,4.3151052013596,7.1920634920634825
traffic,arima,6,1688,2012-05-10 08:00:00,62.29282407407408,59.0067903293743,55.880853174603175,3.286033744699786,6.411970899470909
traffic,arima,7,1688,2012-05-10 08:00:00,62.55902777777778,59.147949910294514,55.880853174603175,3.4110778674832645,6.678174603174604
traffic,arima,8,1688,2012-05-10 08:00:00,57.329695767195766,59.227216276670774,55.880853174603175,1.897520509475008,1.448842592592591
traffic,arima,9,1688,2012-05-10 08:00:00,25.378472222222225,59.27151443202997,55.880853174603175,33.893042209807746,30.50238095238095
traffic,arima,10,1688,2012-05-10 08:00:00,17.99537037037037,59.29621070779048,55.880853174603175,41.30084033742011,37.88548280423281
traffic,arima,11,1688,2012-05-10 08:00:00,16.162037037037038,59.30996201426453,55.880853174603175,43.14792497722749,39.71881613756614
traffic,arima,12,1688,2012-05-10 08:00:00,67.42013888888889,59.31761419185122,55.880853174603175,8.102524697037666,11.539285714285711
traffic,arima,13,1688,2012-05-10 08:00:00,66.75,59.321871036484055,55.880853174603175,7.428128963515945,10.869146825396825
traffic,arima,14,1688,2012-05-10 08:00:00,66.04282407407408,59.32423870019406,55.880853174603175,6.718585373880018,10.161970899470901
traffic,arima,15,1688,2012-05-10 08:00:00,65.20254629629629,59.32555548936936,55.880853174603175,5.876990806926933,9.321693121693116
traffic,arima,16,1688,2012-05-10 08:00:00,63.927083333333336,59.326287797935784,55.880853174603175,4.600795535397552,8.046230158730161
traffic,arima,17,1688,2012-05-10 08:00:00,58.27430555555555,59.32669504935843,55.880853174603175,1.0523894938028775,2.3934523809523753
traffic,arima,18,1688,2012-05-10 08:00:00,61.77347883597884,59.326921527515985,55.880853174603175,2.4465573084628573,5.892625661375668
traffic,arima,19,1688,2012-05-10 08:00:00,60.864583333333336,59.32704747444886,55.880853174603175,1.5375358588844747,4.983730158730161
traffic,arima,20,1688,2012-05-10 08:00:00,59.20717592592592,59.32711751468839,55.880853174603175,0.1199415887624724,3.326322751322742
traffic,arima,21,1688,2012-05-10 08:00:00,57.52893518518518,59.32715646464819,55.880853174603175,1.7982212794630072,1.6480820105820086
traffic,arima,22,1688,2012-05-10 08:00:00,62.70039682539683,59.32717812502864,55.880853174603175,3.3732187003681915,6.819543650793655
traffic,arima,23,1688,2012-05-10 08:00:00,65.92592592592592,59.32719017053279,55.880853174603175,6.598735755393136,10.04507275132275
traffic,arima,24,1688,2012-05-10 08:00:00,66.37268518518519,59.327196869128976,55.880853174603175,7.045488316056215,10.491832010582016
traffic,arima,25,1688,2012-05-10 08:00:00,66.37847222222223,59.32720059426874,55.880853174603175,7.05127162795349,10.497619047619054
traffic,arima,26,1688,2012-05-10 08:00:00,66.35879629629629,59.3272026658469,55.880853174603175,7.031593630449393,10.477943121693116
traffic,arima,27,1688,2012-05-10 08:00:00,65.88194444444444,59.327203817867016,55.880853174603175,6.554740626577427,10.001091269841268
traffic,arima,28,1688,2012-05-10 08:00:00,65.39434523809524,59.32720445851402,55.880853174603175,6.067140779581223,9.513492063492066
traffic,arima,29,1688,2012-05-10 08:00:00,63.74652777777778,59.327204814782604,55.880853174603175,4.4193229629951745,7.865674603174604
traffic,arima,30,1688,2012-05-10 08:00:00,63.27314814814815,59.32720501290623,55.880853174603175,3.945943135241926,7.392294973544978
traffic,arima,31,1688,2012-05-10 08:00:00,60.44675925925926,59.32720512308425,55.880853174603175,1.1195541361750116,4.565906084656085
traffic,arima,32,1688,2012-05-10 08:00:00,30.46577380952381,59.32720518435507,55.880853174603175,28.861431374831263,25.415079365079364
traffic,arima,33,1688,2012-05-10 08:00:00,21.72453703703704,59.32720521842824,55.880853174603175,37.602668181391195,34.15631613756614
traffic,arima,34,1688,2012-05-10 08:00:00,19.78009259259259,59.327205237376575,55.880853174603175,39.54711264478398,36.10076058201058
traffic,arima,35,1688,2012-05-10 08:00:00,19.68287037037037,59.32720524791389,55.880853174603175,39.644334877543514,36.19798280423281
traffic,arima,36,1688,2012-05-10 08:00:00,65.87847222222221,59.32720525377377,55.880853174603175,6.551266968448445,9.99761904761904
traffic,arima,37,1688,2012-05-10 08:00:00,66.27314814814815,59.32720525703249,55.880853174603175,6.9459428911156635,10.392294973544978
traffic,arima,38,1688,2012-05-10 08:00:00,65.62268518518518,59.32720525884469,55.880853174603175,6.295479926340484,9.741832010582002
traffic,arima,39,1688,2012-05-10 08:00:00,64.08912037037037,59.32720525985247,55.880853174603175,4.761915110517897,8.208267195767192
traffic,arima,40,1688,2012-05-10 08:00:00,62.79943783068783,59.3272052604129,55.880853174603175,3.472232570274926,6.918584656084654
traffic,arima,41,1688,2012-05-10 08:00:00,64.1550925925926,59.32720526072456,55.880853174603175,4.827887331868034,8.27423941798942
traffic,arima,42,1688,2012-05-10 08:00:00,64.15972222222221,59.327205260897884,55.880853174603175,4.83251696132433,8.27886904761904
traffic,arima,43,1688,2012-05-10 08:00:00,62.9837962962963,59.32720526099426,55.880853174603175,3.6565910353020357,7.102943121693123
traffic,arima,44,1688,2012-05-10 08:00:00,59.25892857142858,59.327205261047865,55.880853174603175,0.06827668961928879,3.378075396825402
traffic,arima,45,1688,2012-05-10 08:00:00,60.58498677248678,59.32720526107767,55.880853174603175,1.2577815114091067,4.7041335978836045
traffic,arima,46,1688,2012-05-10 08:00:00,63.27827380952382,59.32720526109424,55.880853174603175,3.951068548429575,7.397420634920643
traffic,arima,47,1688,2012-05-10 08:00:00,64.92245370370371,59.327205261103465,55.880853174603175,5.595248442600244,9.041600529100535
traffic,arima,48,1688,2012-05-10 08:00:00,66.57175925925925,59.32720526110859,55.880853174603175,7.244553998150664,10.690906084656078
traffic,arima,49,1688,2012-05-10 08:00:00,67.46031746031746,59.32720526111144,55.880853174603175,8.133112199206018,11.57946428571428
traffic,arima,50,1688,2012-05-10 08:00:00,67.67939814814815,59.32720526111302,55.880853174603175,8.35219288703513,11.798544973544978
traffic,arima,51,1688,2012-05-10 08:00:00,67.66104497354497,59.32720526111391,55.880853174603175,8.333839712431065,11.7801917989418
traffic,arima,52,1688,2012-05-10 08:00:00,66.83333333333333,59.3272052611144,55.880853174603175,7.506128072218928,10.952480158730154
traffic,arima,53,1688,2012-05-10 08:00:00,66.22453703703704,59.32720526111467,55.880853174603175,6.897331775922368,10.343683862433863
traffic,arima,54,1688,2012-05-10 08:00:00,66.01620370370371,59.32720526111482,55.880853174603175,6.68899844258889,10.135350529100535
traffic,arima,55,1688,2012-05-10 08:00:00,66.55208333333333,59.327205261114905,55.880853174603175,7.224878072218424,10.671230158730154
traffic,arima,56,1688,2012-05-10 08:00:00,65.90873015873017,59.327205261114955,55.880853174603175,6.5815248976152105,10.02787698412699
traffic,arima,57,1688,2012-05-10 08:00:00,66.87847222222221,59.327205261114976,55.880853174603175,7.551266961107238,10.99761904761904
traffic,arima,58,1688,2012-05-10 08:00:00,66.71412037037037,59.32720526111499,55.880853174603175,7.386915109255376,10.833267195767192
traffic,arima,59,1688,2012-05-10 08:00:00,66.32539682539682,59.327205261115004,55.880853174603175,6.998191564281818,10.444543650793648
traffic,arima,60,1688,2012-05-10 08:00:00,67.63078703703704,59.327205261115004,55.880853174603175,8.303581775922034,11.749933862433863
traffic,arima,61,1688,2012-05-10 08:00:00,66.4988425925926,59.32720526111501,55.880853174603175,7.171637331477584,10.61798941798942
traffic,arima,62,1688,2012-05-10 08:00:00,65.98958333333333,59.32720526111501,55.880853174603175,6.662378072218317,10.108730158730154
traffic,arima,63,1688,2012-05-10 08:00:00,66.52083333333333,59.32720526111501,55.880853174603175,7.193628072218317,10.639980158730154
traffic,arima,64,1688,2012-05-10 08:00:00,66.48098544973546,59.32720526111501,55.880853174603175,7.153780188620445,10.600132275132282
traffic,arima,65,1688,2012-05-10 08:00:00,66.1574074074074,59.32720526111501,55.880853174603175,6.830202146292393,10.27655423280423
traffic,arima,66,1688,2012-05-10 08:00:00,65.64583333333333,59.32720526111501,55.880853174603175,6.318628072218317,9.764980158730154
traffic,arima,67,1688,2012-05-10 08:00:00,66.38574735449735,59.32720526111501,55.880853174603175,7.058542093382343,10.50489417989418
traffic,arima,68,1688,2012-05-10 08:00:00,64.11226851851852,59.32720526111501,55.880853174603175,4.7850632574035075,8.231415343915344
traffic,arima,69,1688,2012-05-10 08:00:00,62.1875,59.32720526111501,55.880853174603175,2.8602947388849884,6.306646825396825
traffic,arima,70,1688,2012-05-10 08:00:00,63.33234126984127,59.32720526111501,55.880853174603175,4.005136008726261,7.451488095238098
traffic,arima,71,1688,2012-05-10 08:00:00,66.1574074074074,59.32720526111501,55.880853174603175,6.830202146292393,10.27655423280423
traffic,arima,72,1688,2012-05-10 08:00:00,67.27926587301587,59.32720526111501,55.880853174603175,7.952060611900862,11.398412698412699
traffic,arima,1,1712,2012-05-11 08:00:00,66.37847222222223,64.1769449686232,66.37268518518519,2.201527253599025,0.00578703703703809
traffic,arima,2,1712,2012-05-11 08:00:00,66.35879629629629,62.27717529870896,66.37268518518519,4.081620997587329,0.013888888888899942
traffic,arima,3,1712,2012-05-11 08:00:00,65.88194444444444,61.0250234311131,66.37268518518519,4.856921013331345,0.4907407407407476
traffic,arima,4,1712,2012-05-11 08:00:00,65.39434523809524,60.26833840819725,66.37268518518519,5.126006829897989,0.9783399470899496
traffic,arima,5,1712,2012-05-11 08:00:00,63.74652777777778,59.826853110805004,66.37268518518519,3.9196746669727744,2.626157407407412
traffic,arima,6,1712,2012-05-11 08:00:00,63.27314814814815,59.57323069813427,66.37268518518519,3.699917450013885,3.099537037037038
traffic,arima,7,1712,2012-05-11 08:00:00,60.44675925925926,59.4285601826263,66.37268518518519,1.0181990766329605,5.925925925925931
traffic,arima,8,1712,2012-05-11 08:00:00,30.46577380952381,59.3463093463723,66.37268518518519,28.88053553684849,35.90691137566138
traffic,arima,9,1712,2012-05-11 08:00:00,21.72453703703704,59.299618750217476,66.37268518518519,37.57508171318044,44.64814814814815
traffic,arima,10,1712,2012-05-11 08:00:00,19.78009259259259,59.273133576836166,66.37268518518519,39.49304098424358,46.592592592592595
traffic,arima,11,1712,2012-05-11 08:00:00,19.68287037037037,59.25811504476216,66.37268518518519,39.57524467439178,46.689814814814824
traffic,arima,12,1712,2012-05-11 08:00:00,65.87847222222221,59.24960009631294,66.37268518518519,6.628872125909275,0.4942129629629761
traffic,arima,13,1712,2012-05-11 08:00:00,66.27314814814815,59.2447728053,66.37268518518519,7.02837534284815,0.09953703703703809
traffic,arima,14,1712,2012-05-11 08:00:00,65.62268518518518,59.242036217832315,66.37268518518519,6.380648967352862,0.7500000000000142
traffic,arima,15,1712,2012-05-11 08:00:00,64.08912037037037,59.240484874855504,66.37268518518519,4.848635495514863,2.2835648148148238
traffic,arima,16,1712,2012-05-11 08:00:00,62.79943783068783,59.23960544168925,66.37268518518519,3.5598323889985792,3.5732473544973615
traffic,arima,17,1712,2012-05-11 08:00:00,64.1550925925926,59.23910690604198,66.37268518518519,4.915985686550613,2.2175925925925952
traffic,arima,18,1712,2012-05-11 08:00:00,64.15972222222221,59.23882429519838,66.37268518518519,4.920897927023837,2.212962962962976
traffic,arima,19,1712,2012-05-11 08:00:00,62.9837962962963,59.23866408835608,66.37268518518519,3.745132207940216,3.388888888888893
traffic,arima,20,1712,2012-05-11 08:00:00,59.25892857142858,59.23857327010645,66.37268518518519,0.020355301322126707,7.113756613756614
traffic,arima,21,1712,2012-05-11 08:00:00,60.58498677248678,59.238521786956255,66.37268518518519,1.346464985530524,5.787698412698411
traffic,arima,22,1712,2012-05-11 08:00:00,63.27827380952382,59.23849260213349,66.37268518518519,4.039781207390327,3.094411375661373
traffic,arima,23,1712,2012-05-11 08:00:00,64.92245370370371,59.23847605781091,66.37268518518519,5.683977645892803,1.450231481481481
traffic,arima,24,1712,2012-05-11 08:00:00,66.57175925925925,59.23846667914835,66.37268518518519,7.3332925801109,0.19907407407406197
traffic,arima,25,1712,2012-05-11 08:00:00,67.46031746031746,59.23846136256255,66.37268518518519,8.221856097754902,1.0876322751322647
traffic,arima,26,1712,2012-05-11 08:00:00,67.67939814814815,59.23845834869098,66.37268518518519,8.440939799457169,1.306712962962962
traffic,arima,27,1712,2012-05-11 08:00:00,67.66104497354497,59.2384566401844,66.37268518518519,8.422588333360572,1.2883597883597844
traffic,arima,28,1712,2012-05-11 08:00:00,66.83333333333333,59.23845567166446,66.37268518518519,7.594877661668868,0.46064814814813815
traffic,arima,29,1712,2012-05-11 08:00:00,66.22453703703704,59.23845512262889,66.37268518518519,6.986081914408146,0.14814814814815236
traffic,arima,30,1712,2012-05-11 08:00:00,66.01620370370371,59.238454811391044,66.37268518518519,6.777748892312665,0.35648148148148096
traffic,arima,31,1712,2012-05-11 08:00:00,66.55208333333333,59.23845463495623,66.37268518518519,7.3136286983771015,0.17939814814813815
traffic,arima,32,1712,2012-05-11 08:00:00,65.90873015873017,59.23845453493867,66.37268518518519,6.670275623791497,0.4639550264550252
traffic,arima,33,1712,2012-05-11 08:00:00,66.87847222222221,59.23845447824062,66.37268518518519,7.640017743981595,0.5057870370370239
traffic,arima,34,1712,2012-05-11 08:00:00,66.71412037037037,59.238454446099574,66.37268518518519,7.475665924270793,0.34143518518517624
traffic,arima,35,1712,2012-05-11 08:00:00,66.32539682539682,59.23845442787942,66.37268518518519,7.086942397517404,0.047288359788367984
traffic,arima,36,1712,2012-05-11 08:00:00,67.63078703703704,59.23845441755076,66.37268518518519,8.392332619486275,1.2581018518518476
traffic,arima,37,1712,2012-05-11 08:00:00,66.4988425925926,59.23845441169564,66.37268518518519,7.260388180896953,0.12615740740740478
traffic,arima,38,1712,2012-05-11 08:00:00,65.98958333333333,59.238454408376484,66.37268518518519,6.751128924956845,0.38310185185186185
traffic,arima,39,1712,2012-05-11 08:00:00,66.52083333333333,59.23845440649492,66.37268518518519,7.282378926838412,0.14814814814813815
traffic,arima,40,1712,2012-05-11 08:00:00,66.48098544973546,59.23845440542829,66.37268518518519,7.242531044307164,0.10830026455026598
traffic,arima,41,1712,2012-05-11 08:00:00,66.1574074074074,59.23845440482365,66.37268518518519,6.918953002583756,0.21527777777778567
traffic,arima,42,1712,2012-05-11 08:00:00,65.64583333333333,59.23845440448088,66.37268518518519,6.407378928852445,0.7268518518518619
traffic,arima,43,1712,2012-05-11 08:00:00,66.38574735449735,59.23845440428658,66.37268518518519,7.147292950210776,0.013062169312163974
traffic,arima,44,1712,2012-05-11 08:00:00,64.11226851851852,59.23845440417643,66.37268518518519,4.873814114342089,2.2604166666666714
traffic,arima,45,1712,2012-05-11 08:00:00,62.1875,59.23845440411399,66.37268518518519,2.9490455958860124,4.1851851851851904
traffic,arima,46,1712,2012-05-11 08:00:00,63.33234126984127,59.23845440407859,66.37268518518519,4.093886865762684,3.040343915343918
traffic,arima,47,1712,2012-05-11 08:00:00,66.1574074074074,59.23845440405852,66.37268518518519,6.918953003348882,0.21527777777778567
traffic,arima,48,1712,2012-05-11 08:00:00,67.27926587301587,59.23845440404715,66.37268518518519,8.040811468968727,0.906580687830683
traffic,arima,49,1712,2012-05-11 08:00:00,67.46941137566138,59.2384544040407,66.37268518518519,8.230956971620678,1.0967261904761898
traffic,arima,50,1712,2012-05-11 08:00:00,68.77314814814815,59.23845440403704,66.37268518518519,9.53469374411111,2.400462962962962
traffic,arima,51,1712,2012-05-11 08:00:00,56.77430555555555,59.238454404034975,66.37268518518519,2.464148848479425,9.59837962962964
traffic,arima,52,1712,2012-05-11 08:00:00,37.1193783068783,59.238454404033796,66.37268518518519,22.119076097155492,29.253306878306887
traffic,arima,53,1712,2012-05-11 08:00:00,67.29166666666667,59.238454404033135,66.37268518518519,8.053212262633537,0.918981481481481
traffic,arima,54,1712,2012-05-11 08:00:00,67.02893518518518,59.23845440403276,66.37268518518519,7.790480781152418,0.6562499999999858
traffic,arima,55,1712,2012-05-11 08:00:00,65.60995370370371,59.23845440403254,66.37268518518519,6.3714992996711715,0.762731481481481
traffic,arima,56,1712,2012-05-11 08:00:00,67.08449074074075,59.23845440403242,66.37268518518519,7.84603633670833,0.7118055555555571
traffic,arima,57,1712,2012-05-11 08:00:00,68.15112433862434,59.23845440403235,66.37268518518519,8.912669934591989,1.7784391534391517
traffic,arima,58,1712,2012-05-11 08:00:00,67.70949074074075,59.23845440403231,66.37268518518519,8.471036336708437,1.3368055555555571
traffic,arima,59,1712,2012-05-11 08:00:00,67.63657407407408,59.23845440403229,66.37268518518519,8.398119670041787,1.2638888888888857
traffic,arima,60,1712,2012-05-11 08:00:00,67.60499338624338,59.238454404032275,66.37268518518519,8.366538982211104,1.2323082010581885
traffic,arima,61,1712,2012-05-11 08:00:00,68.10416666666667,59.23845440403227,66.37268518518519,8.865712262634403,1.731481481481481
traffic,arima,62,1712,2012-05-11 08:00:00,67.09606481481482,59.23845440403227,66.37268518518519,7.857610410782556,0.7233796296296333
traffic,arima,63,1712,2012-05-11 08:00:00,66.48792989417989,59.23845440403226,66.37268518518519,7.249475490147624,0.11524470899469463
traffic,arima,64,1712,2012-05-11 08:00:00,66.26851851851852,59.23845440403226,66.37268518518519,7.030064114486258,0.1041666666666714
traffic,arima,65,1712,2012-05-11 08:00:00,64.77281746031746,59.23845440403226,66.37268518518519,5.534363056285194,1.5998677248677353
traffic,arima,66,1712,2012-05-11 08:00:00,63.68039021164021,59.23845440403226,66.37268518518519,4.441935807607948,2.692294973544982
traffic,arima,67,1712,2012-05-11 08:00:00,60.68402777777778,59.23845440403226,66.37268518518519,1.4455733737455176,5.688657407407412
traffic,arima,68,1712,2012-05-11 08:00:00,62.58564814814815,59.23845440403226,66.37268518518519,3.3471937441158914,3.787037037037038
traffic,arima,69,1712,2012-05-11 08:00:00,62.9118716931217,59.23845440403226,66.37268518518519,3.6734172890894357,3.460813492063494
traffic,arima,70,1712,2012-05-11 08:00:00,65.33449074074075,59.23845440403226,66.37268518518519,6.096036336708487,1.0381944444444429
traffic,arima,71,1712,2012-05-11 08:00:00,66.60300925925925,59.23845440403226,66.37268518518519,7.3645548552269915,0.23032407407406197
traffic,arima,72,1712,2012-05-11 08:00:00,67.74652777777779,59.23845440403226,66.37268518518519,8.508073373745525,1.3738425925925952
traffic,arima,1,1736,2012-05-12 08:00:00,67.46031746031746,64.4159619741293,66.57175925925925,3.0443554861881523,0.8885582010582027
traffic,arima,2,1736,2012-05-12 08:00:00,67.67939814814815,62.34499861680835,66.57175925925925,5.334399531339805,1.1076388888889
traffic,arima,3,1736,2012-05-12 08:00:00,67.66104497354497,60.9484702534968,66.57175925925925,6.712574720048174,1.0892857142857224
traffic,arima,4,1736,2012-05-12 08:00:00,66.83333333333333,60.10458883969979,66.57175925925925,6.728744493633542,0.2615740740740762
traffic,arima,5,1736,2012-05-12 08:00:00,66.22453703703704,59.61765967262644,66.57175925925925,6.6068773644106,0.3472222222222143
traffic,arima,6,1736,2012-05-12 08:00:00,66.01620370370371,59.342731091886435,66.57175925925925,6.6734726118172745,0.5555555555555429
traffic,arima,7,1736,2012-05-12 08:00:00,66.55208333333333,59.18915980152554,66.57175925925925,7.3629235318077875,0.01967592592592382
traffic,arima,8,1736,2012-05-12 08:00:00,65.90873015873017,59.103842569719895,66.57175925925925,6.804887589010271,0.6630291005290871
traffic,arima,9,1736,2012-05-12 08:00:00,66.87847222222221,59.056576321784895,66.57175925925925,7.821895900437319,0.3067129629629619
traffic,arima,10,1736,2012-05-12 08:00:00,66.71412037037037,59.03042824679404,66.57175925925925,7.6836921235763285,0.14236111111111427
traffic,arima,11,1736,2012-05-12 08:00:00,66.32539682539682,59.015973707062,66.57175925925925,7.30942311833482,0.24636243386242995
traffic,arima,12,1736,2012-05-12 08:00:00,67.63078703703704,59.007986393535965,66.57175925925925,8.622800643501073,1.0590277777777857
traffic,arima,13,1736,2012-05-12 08:00:00,66.4988425925926,59.003573637271096,66.57175925925925,7.4952689553214995,0.07291666666665719
traffic,arima,14,1736,2012-05-12 08:00:00,65.98958333333333,59.00113597334887,66.57175925925925,6.988447359984455,0.5821759259259238
traffic,arima,15,1736,2012-05-12 08:00:00,66.52083333333333,58.99978944910614,66.57175925925925,7.52104388422719,0.05092592592592382
traffic,arima,16,1736,2012-05-12 08:00:00,66.48098544973546,58.999045672880385,66.57175925925925,7.4819397768550715,0.09077380952379599
traffic,arima,17,1736,2012-05-12 08:00:00,66.1574074074074,58.998634841080175,66.57175925925925,7.1587725663272295,0.41435185185184764
traffic,arima,18,1736,2012-05-12 08:00:00,65.64583333333333,58.99840791599324,66.57175925925925,6.647425417340088,0.9259259259259238
traffic,arima,19,1736,2012-05-12 08:00:00,66.38574735449735,58.998282573233496,66.57175925925925,7.3874647812638585,0.186011904761898
traffic,arima,20,1736,2012-05-12 08:00:00,64.11226851851852,58.99821333992227,66.57175925925925,5.114055178596246,2.4594907407407334
traffic,arima,21,1736,2012-05-12 08:00:00,62.1875,58.99817509881223,66.57175925925925,3.189324901187767,4.384259259259252
traffic,arima,22,1736,2012-05-12 08:00:00,63.33234126984127,58.99815397629677,66.57175925925925,4.3341872935445025,3.23941798941798
traffic,arima,23,1736,2012-05-12 08:00:00,66.1574074074074,58.99814230925754,66.57175925925925,7.1592650981498664,0.41435185185184764
traffic,arima,24,1736,2012-05-12 08:00:00,67.27926587301587,58.99813586495954,66.57175925925925,8.28113000805633,0.707506613756621
traffic,arima,25,1736,2012-05-12 08:00:00,67.46941137566138,58.99813230544692,66.57175925925925,8.471279070214457,0.8976521164021278
traffic,arima,26,1736,2012-05-12 08:00:00,68.77314814814815,58.998130339347654,66.57175925925925,9.775017808800499,2.2013888888889
traffic,arima,27,1736,2012-05-12 08:00:00,56.77430555555555,58.99812925337138,66.57175925925925,2.2238236978158312,9.797453703703702
traffic,arima,28,1736,2012-05-12 08:00:00,37.1193783068783,58.998128653531644,66.57175925925925,21.87875034665334,29.45238095238095
traffic,arima,29,1736,2012-05-12 08:00:00,67.29166666666667,58.998128322209766,66.57175925925925,8.293538344456906,0.719907407407419
traffic,arima,30,1736,2012-05-12 08:00:00,67.02893518518518,58.9981281392039,66.57175925925925,8.030807045981277,0.4571759259259238
traffic,arima,31,1736,2012-05-12 08:00:00,65.60995370370371,58.99812803812049,66.57175925925925,6.611825665583218,0.9618055555555429
traffic,arima,32,1736,2012-05-12 08:00:00,67.08449074074075,58.998127982287,66.57175925925925,8.086362758453745,0.5127314814814952
traffic,arima,33,1736,2012-05-12 08:00:00,68.15112433862434,58.99812795144733,66.57175925925925,9.152996387177012,1.5793650793650897
traffic,arima,34,1736,2012-05-12 08:00:00,67.70949074074075,58.99812793441302,66.57175925925925,8.711362806327728,1.1377314814814952
traffic,arima,35,1736,2012-05-12 08:00:00,67.63657407407408,58.99812792500411,66.57175925925925,8.638446149069964,1.0648148148148238
traffic,arima,36,1736,2012-05-12 08:00:00,67.60499338624338,58.99812791980709,66.57175925925925,8.60686546643629,1.0332341269841265
traffic,arima,37,1736,2012-05-12 08:00:00,68.10416666666667,58.99812791693651,66.57175925925925,9.10603874973016,1.532407407407419
traffic,arima,38,1736,2012-05-12 08:00:00,67.09606481481482,58.99812791535095,66.57175925925925,8.097936899463875,0.5243055555555713
traffic,arima,39,1736,2012-05-12 08:00:00,66.48792989417989,58.99812791447516,66.57175925925925,7.489801979704723,0.08382936507936734
traffic,arima,40,1736,2012-05-12 08:00:00,66.26851851851852,58.99812791399142,66.57175925925925,7.270390604527101,0.30324074074073337
traffic,arima,41,1736,2012-05-12 08:00:00,64.77281746031746,58.998127913724225,66.57175925925925,5.77468954659323,1.7989417989417973
traffic,arima,42,1736,2012-05-12 08:00:00,63.68039021164021,58.99812791357664,66.57175925925925,4.68226229806357,2.891369047619044
traffic,arima,43,1736,2012-05-12 08:00:00,60.68402777777778,58.99812791349512,66.57175925925925,1.6858998642826606,5.887731481481474
traffic,arima,44,1736,2012-05-12 08:00:00,62.58564814814815,58.99812791345009,66.57175925925925,3.5875202346980615,3.9861111111111
traffic,arima,45,1736,2012-05-12 08:00:00,62.9118716931217,58.99812791342522,66.57175925925925,3.9137437796964747,3.659887566137556
traffic,arima,46,1736,2012-05-12 08:00:00,65.33449074074075,58.99812791341149,66.57175925925925,6.3363628273292605,1.2372685185185048
traffic,arima,47,1736,2012-05-12 08:00:00,66.60300925925925,58.9981279134039,66.57175925925925,7.604881345855354,0.03125
traffic,arima,48,1736,2012-05-12 08:00:00,67.74652777777779,58.998127913399706,66.57175925925925,8.74839986437808,1.1747685185185333
traffic,arima,49,1736,2012-05-12 08:00:00,27.93287037037037,58.99812791339739,66.57175925925925,31.06525754302702,38.638888888888886
traffic,arima,50,1736,2012-05-12 08:00:00,61.03505291005291,58.99812791339611,66.57175925925925,2.0369249966568006,5.536706349206341
traffic,arima,51,1736,2012-05-12 08:00:00,64.880291005291,58.99812791339541,66.57175925925925,5.882163091895592,1.691468253968253
traffic,arima,52,1736,2012-05-12 08:00:00,63.68766534391534,58.99812791339502,66.57175925925925,4.689537430520325,2.884093915343911
traffic,arima,53,1736,2012-05-12 08:00:00,64.6875,58.9981279133948,66.57175925925925,5.6893720866052035,1.8842592592592524
traffic,arima,54,1736,2012-05-12 08:00:00,64.68287037037037,58.99812791339468,66.57175925925925,5.684742456975684,1.8888888888888857
traffic,arima,55,1736,2012-05-12 08:00:00,64.34358465608466,58.99812791339461,66.57175925925925,5.345456742690047,2.228174603174594
traffic,arima,56,1736,2012-05-12 08:00:00,58.94560185185185,58.998127913394576,66.57175925925925,0.05252606154272854,7.626157407407405
traffic,arima,57,1736,2012-05-12 08:00:00,38.08449074074074,58.998127913394555,66.57175925925925,20.913637172653814,28.487268518518512
traffic,arima,58,1736,2012-05-12 08:00:00,42.31828703703704,58.99812791339455,66.57175925925925,16.67984087635751,24.253472222222214
traffic,arima,59,1736,2012-05-12 08:00:00,23.1942791005291,58.99812791339454,66.57175925925925,35.80384881286544,43.37748015873015
traffic,arima,60,1736,2012-05-12 08:00:00,66.50462962962963,58.99812791339454,66.57175925925925,7.506501716235093,0.0671296296296191
traffic,arima,61,1736,2012-05-12 08:00:00,67.36921296296296,58.99812791339453,66.57175925925925,8.371085049568428,0.7974537037037095
traffic,arima,62,1736,2012-05-12 08:00:00,66.93402777777779,58.99812791339453,66.57175925925925,7.935899864383252,0.36226851851853326
traffic,arima,63,1736,2012-05-12 08:00:00,65.29348544973546,58.99812791339453,66.57175925925925,6.295357536340923,1.278273809523796
traffic,arima,64,1736,2012-05-12 08:00:00,64.08564814814815,58.99812791339453,66.57175925925925,5.087520234753619,2.4861111111111
traffic,arima,65,1736,2012-05-12 08:00:00,61.65046296296296,58.99812791339453,66.57175925925925,2.6523350495684284,4.9212962962962905
traffic,arima,66,1736,2012-05-12 08:00:00,61.13541666666666,58.99812791339453,66.57175925925925,2.1372887532721236,5.436342592592595
traffic,arima,67,1736,2012-05-12 08:00:00,57.47222222222222,58.99812791339453,66.57175925925925,1.5259056911723121,9.099537037037031
traffic,arima,68,1736,2012-05-12 08:00:00,58.13839285714285,58.99812791339453,66.57175925925925,0.8597350562516866,8.433366402116405
traffic,arima,69,1736,2012-05-12 08:00:00,58.59907407407408,58.99812791339453,66.57175925925925,0.3990538393204517,7.9726851851851706
traffic,arima,70,1736,2012-05-12 08:00:00,63.06828703703704,58.99812791339453,66.57175925925925,4.0701591236425045,3.5034722222222143
traffic,arima,71,1736,2012-05-12 08:00:00,66.83449074074075,58.99812791339453,66.57175925925925,7.836362827346214,0.26273148148149517
traffic,arima,72,1736,2012-05-12 08:00:00,67.58217592592592,58.99812791339453,66.57175925925925,8.58404801253139,1.0104166666666714
traffic,arima,1,1760,2012-05-13 08:00:00,67.46941137566138,64.93536416097312,67.27926587301587,2.5340472146882576,0.19014550264550678
traffic,arima,2,1760,2012-05-13 08:00:00,68.77314814814815,62.80612762595065,67.27926587301587,5.967020522197501,1.493882275132279
traffic,arima,3,1760,2012-05-13 08:00:00,56.77430555555555,61.374630039223604,67.27926587301587,4.600324483668054,10.504960317460323
traffic,arima,4,1760,2012-05-13 08:00:00,37.1193783068783,60.49495619046483,67.27926587301587,23.37557788358653,30.15988756613757
traffic,arima,5,1760,2012-05-13 08:00:00,67.29166666666667,59.97278042538731,67.27926587301587,7.318886241279358,0.012400793650797937
traffic,arima,6,1760,2012-05-13 08:00:00,67.02893518518518,59.66729098041147,67.27926587301587,7.361644204773704,0.25033068783069723
traffic,arima,7,1760,2012-05-13 08:00:00,65.60995370370371,59.48969686238322,67.27926587301587,6.12025684132049,1.669312169312164
traffic,arima,8,1760,2012-05-13 08:00:00,67.08449074074075,59.386741740700984,67.27926587301587,7.697749000039764,0.19477513227512588
traffic,arima,9,1760,2012-05-13 08:00:00,68.15112433862434,59.327130493531676,67.27926587301587,8.823993845092666,0.8718584656084687
traffic,arima,10,1760,2012-05-13 08:00:00,67.70949074074075,59.29263454113433,67.27926587301587,8.416856199606414,0.4302248677248741
traffic,arima,11,1760,2012-05-13 08:00:00,67.63657407407408,59.272677286069936,67.27926587301587,8.36389678800414,0.3573082010582027
traffic,arima,12,1760,2012-05-13 08:00:00,67.60499338624338,59.261132508433874,67.27926587301587,8.343860877809504,0.3257275132275055
traffic,arima,13,1760,2012-05-13 08:00:00,68.10416666666667,59.25445446963573,67.27926587301587,8.84971219703094,0.8249007936507979
traffic,arima,14,1760,2012-05-13 08:00:00,67.09606481481482,59.250591665007114,67.27926587301587,7.8454731498077095,0.1832010582010497
traffic,arima,15,1760,2012-05-13 08:00:00,66.48792989417989,59.248357309488,67.27926587301587,7.239572584691885,0.7913359788359884
traffic,arima,16,1760,2012-05-13 08:00:00,66.26851851851852,59.24706490070015,67.27926587301587,7.021453617818366,1.0107473544973544
traffic,arima,17,1760,2012-05-13 08:00:00,64.77281746031746,59.246317339633386,67.27926587301587,5.526500120684069,2.5064484126984183
traffic,arima,18,1760,2012-05-13 08:00:00,63.68039021164021,59.24588493228398,67.27926587301587,4.43450527935623,3.598875661375665
traffic,arima,19,1760,2012-05-13 08:00:00,60.68402777777778,59.24563481754306,67.27926587301587,1.4383929602347152,6.595238095238095
traffic,arima,20,1760,2012-05-13 08:00:00,62.58564814814815,59.24549014522712,67.27926587301587,3.3401580029210294,4.693617724867721
traffic,arima,21,1760,2012-05-13 08:00:00,62.9118716931217,59.245406463324635,67.27926587301587,3.666465229797062,4.367394179894177
traffic,arima,22,1760,2012-05-13 08:00:00,65.33449074074075,59.24535805972706,67.27926587301587,6.089132681013687,1.9447751322751259
traffic,arima,23,1760,2012-05-13 08:00:00,66.60300925925925,59.2453300619384,67.27926587301587,7.357679197320856,0.676256613756621
traffic,arima,24,1760,2012-05-13 08:00:00,67.74652777777779,59.245313867353616,67.27926587301587,8.50121391042417,0.4672619047619122
traffic,arima,25,1760,2012-05-13 08:00:00,27.93287037037037,59.24530450002184,67.27926587301587,31.312434129651468,39.34639550264551
traffic,arima,26,1760,2012-05-13 08:00:00,61.03505291005291,59.24529908173506,67.27926587301587,1.7897538283178491,6.244212962962962
traffic,arima,27,1760,2012-05-13 08:00:00,64.880291005291,59.24529594766955,67.27926587301587,5.6349950576214525,2.398974867724874
traffic,arima,28,1760,2012-05-13 08:00:00,63.68766534391534,59.245294134851754,67.27926587301587,4.442371209063587,3.591600529100532
traffic,arima,29,1760,2012-05-13 08:00:00,64.6875,59.24529308627496,67.27926587301587,5.4422069137250375,2.5917658730158735
traffic,arima,30,1760,2012-05-13 08:00:00,64.68287037037037,59.245292479753296,67.27926587301587,5.437577890617071,2.596395502645507
traffic,arima,31,1760,2012-05-13 08:00:00,64.34358465608466,59.24529212892678,67.27926587301587,5.098292527157881,2.935681216931215
traffic,arima,32,1760,2012-05-13 08:00:00,58.94560185185185,59.245291926000405,67.27926587301587,0.29969007414855753,8.333664021164026
traffic,arima,33,1760,2012-05-13 08:00:00,38.08449074074074,59.24529180862298,67.27926587301587,21.16080106788224,29.194775132275133
traffic,arima,34,1760,2012-05-13 08:00:00,42.31828703703704,59.245291740729094,67.27926587301587,16.927004703692056,24.960978835978835
traffic,arima,35,1760,2012-05-13 08:00:00,23.1942791005291,59.24529170145767,67.27926587301587,36.051012600928566,44.08498677248677
traffic,arima,36,1760,2012-05-13 08:00:00,66.50462962962963,59.245291678742134,67.27926587301587,7.259337950887499,0.7746362433862402
traffic,arima,37,1760,2012-05-13 08:00:00,67.36921296296296,59.245291665602934,67.27926587301587,8.123921297360027,0.08994708994708844
traffic,arima,38,1760,2012-05-13 08:00:00,66.93402777777779,59.24529165800291,67.27926587301587,7.688736119774873,0.3452380952380878
traffic,arima,39,1760,2012-05-13 08:00:00,65.29348544973546,59.24529165360688,67.27926587301587,6.048193796128579,1.985780423280417
traffic,arima,40,1760,2012-05-13 08:00:00,64.08564814814815,59.24529165106411,67.27926587301587,4.840356497084045,3.193617724867721
traffic,arima,41,1760,2012-05-13 08:00:00,61.65046296296296,59.24529164959331,67.27926587301587,2.4051713133696495,5.628802910052912
traffic,arima,42,1760,2012-05-13 08:00:00,61.13541666666666,59.245291648742565,67.27926587301587,1.8901250179240918,6.143849206349216
traffic,arima,43,1760,2012-05-13 08:00:00,57.47222222222222,59.24529164825047,67.27926587301587,1.7730694260282505,9.807043650793652
traffic,arima,44,1760,2012-05-13 08:00:00,58.13839285714285,59.245291647965836,67.27926587301587,1.1068987908229886,9.140873015873026
traffic,arima,45,1760,2012-05-13 08:00:00,58.59907407407408,59.245291647801196,67.27926587301587,0.6462175737271139,8.680191798941792
traffic,arima,46,1760,2012-05-13 08:00:00,63.06828703703704,59.24529164770596,67.27926587301587,3.8229953893310764,4.210978835978835
traffic,arima,47,1760,2012-05-13 08:00:00,66.83449074074075,59.24529164765088,67.27926587301587,7.589199093089867,0.4447751322751259
traffic,arima,48,1760,2012-05-13 08:00:00,67.58217592592592,59.24529164761902,67.27926587301587,8.336884278306904,0.30291005291005035
traffic,arima,49,1760,2012-05-13 08:00:00,67.10879629629629,59.24529164760059,67.27926587301587,7.863504648695702,0.17046957671958296
traffic,arima,50,1760,2012-05-13 08:00:00,66.20254629629629,59.24529164758992,67.27926587301587,6.957254648706368,1.076719576719583
traffic,arima,51,1760,2012-05-13 08:00:00,65.15046296296296,59.24529164758376,67.27926587301587,5.905171315379199,2.1288029100529116
traffic,arima,52,1760,2012-05-13 08:00:00,64.10300925925925,59.245291647580196,67.27926587301587,4.857717611679057,3.176256613756621
traffic,arima,53,1760,2012-05-13 08:00:00,61.71759259259259,59.24529164757813,67.27926587301587,2.47230094501446,5.561673280423285
traffic,arima,54,1760,2012-05-13 08:00:00,63.91435185185185,59.245291647576934,67.27926587301587,4.669060204274913,3.364914021164026
traffic,arima,55,1760,2012-05-13 08:00:00,63.91435185185185,59.245291647576245,67.27926587301587,4.669060204275603,3.364914021164026
traffic,arima,56,1760,2012-05-13 08:00:00,64.52893518518518,59.24529164757585,67.27926587301587,5.283643537609329,2.7503306878306972
traffic,arima,57,1760,2012-05-13 08:00:00,59.15343915343916,59.24529164757562,67.27926587301587,0.0918524941364609,8.125826719576715
traffic,arima,58,1760,2012-05-13 08:00:00,20.50330687830688,59.245291647575485,67.27926587301587,38.741984769268605,46.77595899470899
traffic,arima,59,1760,2012-05-13 08:00:00,18.033234126984127,59.24529164757541,67.27926587301587,41.21205752059128,49.24603174603175
traffic,arima,60,1760,2012-05-13 08:00:00,49.72222222222222,59.245291647575364,67.27926587301587,9.523069425353142,17.557043650793652
traffic,arima,61,1760,2012-05-13 08:00:00,67.72453703703704,59.245291647575336,67.27926587301587,8.479245389461703,0.4452711640211646
traffic,arima,62,1760,2012-05-13 08:00:00,66.98032407407408,59.24529164757532,67.27926587301587,7.735032426498755,0.2989417989417973
traffic,arima,63,1760,2012-05-13 08:00:00,65.2078373015873,59.245291647575314,67.27926587301587,5.96254565401199,2.0714285714285694
traffic,arima,64,1760,2012-05-13 08:00:00,64.03935185185185,59.24529164757531,67.27926587301587,4.794060204276541,3.239914021164026
traffic,arima,65,1760,2012-05-13 08:00:00,15.87285052910053,59.24529164757531,67.27926587301587,43.372441118474775,51.40641534391534
traffic,arima,66,1760,2012-05-13 08:00:00,60.770833333333336,59.2452916475753,67.27926587301587,1.5255416857580357,6.508432539682538
traffic,arima,67,1760,2012-05-13 08:00:00,57.98511904761904,59.2452916475753,67.27926587301587,1.2601725999562632,9.294146825396837
traffic,arima,68,1760,2012-05-13 08:00:00,58.68171296296296,59.2452916475753,67.27926587301587,0.5635786846123381,8.597552910052912
traffic,arima,69,1760,2012-05-13 08:00:00,60.5395171957672,59.2452916475753,67.27926587301587,1.2942255481919034,6.73974867724867
traffic,arima,70,1760,2012-05-13 08:00:00,63.39186507936508,59.2452916475753,67.27926587301587,4.146573431789783,3.887400793650791
traffic,arima,71,1760,2012-05-13 08:00:00,65.91782407407408,59.2452916475753,67.27926587301587,6.672532426498776,1.3614417989417973
traffic,arima,72,1760,2012-05-13 08:00:00,67.51818783068784,59.2452916475753,67.27926587301587,8.272896183112536,0.23892195767196256
traffic,arima,1,1784,2012-05-14 08:00:00,27.93287037037037,65.41816204849987,67.74652777777779,37.4852916781295,39.81365740740742
traffic,arima,2,1784,2012-05-14 08:00:00,61.03505291005291,63.3086625192828,67.74652777777779,2.2736096092298865,6.711474867724874
traffic,arima,3,1784,2012-05-14 08:00:00,64.880291005291,61.860971253598066,67.74652777777779,3.019319751692933,2.8662367724867863
traffic,arima,4,1784,2012-05-14 08:00:00,63.68766534391534,60.93794519031221,67.74652777777779,2.7497201536031284,4.058862433862444
traffic,arima,5,1784,2012-05-14 08:00:00,64.6875,60.36358765948788,67.74652777777779,4.323912340512123,3.0590277777777857
traffic,arima,6,1784,2012-05-14 08:00:00,64.68287037037037,60.00924839806689,67.74652777777779,4.673621972303479,3.063657407407419
traffic,arima,7,1784,2012-05-14 08:00:00,64.34358465608466,59.7913223005909,67.74652777777779,4.55226235549376,3.402943121693127
traffic,arima,8,1784,2012-05-14 08:00:00,58.94560185185185,59.657444343857904,67.74652777777779,0.7118424920060562,8.800925925925938
traffic,arima,9,1784,2012-05-14 08:00:00,38.08449074074074,59.57523332166312,67.74652777777779,21.49074258092238,29.662037037037045
traffic,arima,10,1784,2012-05-14 08:00:00,42.31828703703704,59.52475723450513,67.74652777777779,17.206470197468093,25.428240740740748
traffic,arima,11,1784,2012-05-14 08:00:00,23.1942791005291,59.4937675298748,67.74652777777779,36.2994884293457,44.552248677248684
traffic,arima,12,1784,2012-05-14 08:00:00,66.50462962962963,59.47474183774502,67.74652777777779,7.029887791884612,1.2418981481481524
traffic,arima,13,1784,2012-05-14 08:00:00,67.36921296296296,59.46306136816617,67.74652777777779,7.906151594796789,0.37731481481482376
traffic,arima,14,1784,2012-05-14 08:00:00,66.93402777777779,59.4558903805173,67.74652777777779,7.4781373972604825,0.8125
traffic,arima,15,1784,2012-05-14 08:00:00,65.29348544973546,59.451487902256794,67.74652777777779,5.8419975474786625,2.4530423280423292
traffic,arima,16,1784,2012-05-14 08:00:00,64.08564814814815,59.44878509354612,67.74652777777779,4.636863054602031,3.6608796296296333
traffic,arima,17,1784,2012-05-14 08:00:00,61.65046296296296,59.44712576133905,67.74652777777779,2.20333720162391,6.096064814814824
traffic,arima,18,1784,2012-05-14 08:00:00,61.13541666666666,59.446107049496604,67.74652777777779,1.6893096171700535,6.6111111111111285
traffic,arima,19,1784,2012-05-14 08:00:00,57.47222222222222,59.44548163296136,67.74652777777779,1.9732594107391392,10.274305555555564
traffic,arima,20,1784,2012-05-14 08:00:00,58.13839285714285,59.44509767174313,67.74652777777779,1.3067048146002804,9.608134920634939
traffic,arima,21,1784,2012-05-14 08:00:00,58.59907407407408,59.44486194689664,67.74652777777779,0.8457878728225552,9.147453703703704
traffic,arima,22,1784,2012-05-14 08:00:00,63.06828703703704,59.44471722862676,67.74652777777779,3.6235698084102808,4.678240740740748
traffic,arima,23,1784,2012-05-14 08:00:00,66.83449074074075,59.444628381914406,67.74652777777779,7.389862358826342,0.9120370370370381
traffic,arima,24,1784,2012-05-14 08:00:00,67.58217592592592,59.44457383635978,67.74652777777779,8.137602089566144,0.16435185185186185
traffic,arima,25,1784,2012-05-14 08:00:00,67.10879629629629,59.44454034927342,67.74652777777779,7.664255947022873,0.6377314814814952
traffic,arima,26,1784,2012-05-14 08:00:00,66.20254629629629,59.444519790587,67.74652777777779,6.758026505709289,1.5439814814814952
traffic,arima,27,1784,2012-05-14 08:00:00,65.15046296296296,59.44450716901753,67.74652777777779,5.705955793945435,2.5960648148148238
traffic,arima,28,1784,2012-05-14 08:00:00,64.10300925925925,59.44449942027265,67.74652777777779,4.658509838986603,3.6435185185185333
traffic,arima,29,1784,2012-05-14 08:00:00,61.71759259259259,59.44449466309508,67.74652777777779,2.27309792949751,6.0289351851851976
traffic,arima,30,1784,2012-05-14 08:00:00,63.91435185185185,59.44449174252681,67.74652777777779,4.46986010932504,3.832175925925938
traffic,arima,31,1784,2012-05-14 08:00:00,63.91435185185185,59.444489949505865,67.74652777777779,4.469861902345983,3.832175925925938
traffic,arima,32,1784,2012-05-14 08:00:00,64.52893518518518,59.444488848718684,67.74652777777779,5.084446336466492,3.2175925925926094
traffic,arima,33,1784,2012-05-14 08:00:00,59.15343915343916,59.44448817291374,67.74652777777779,0.2910490194745847,8.593088624338627
traffic,arima,34,1784,2012-05-14 08:00:00,20.50330687830688,59.44448775801764,67.74652777777779,38.94118087971076,47.243220899470906
traffic,arima,35,1784,2012-05-14 08:00:00,18.033234126984127,59.44448750330097,67.74652777777779,41.41125337631684,49.71329365079366
traffic,arima,36,1784,2012-05-14 08:00:00,49.72222222222222,59.444487346923076,67.74652777777779,9.722265124700854,18.024305555555564
traffic,arima,37,1784,2012-05-14 08:00:00,67.72453703703704,59.444487250918186,67.74652777777779,8.280049786118852,0.021990740740747583
traffic,arima,38,1784,2012-05-14 08:00:00,66.98032407407408,59.44448719197801,67.74652777777779,7.5358368820960635,0.7662037037037095
traffic,arima,39,1784,2012-05-14 08:00:00,65.2078373015873,59.44448715579295,67.74652777777779,5.763350145794355,2.5386904761904816
traffic,arima,40,1784,2012-05-14 08:00:00,64.03935185185185,59.444487133577894,67.74652777777779,4.5948647182739535,3.707175925925938
traffic,arima,41,1784,2012-05-14 08:00:00,15.87285052910053,59.44448711993944,67.74652777777779,43.57163659083891,51.873677248677254
traffic,arima,42,1784,2012-05-14 08:00:00,60.770833333333336,59.44448711156639,67.74652777777779,1.326346221766947,6.97569444444445
traffic,arima,43,1784,2012-05-14 08:00:00,57.98511904761904,59.44448710642594,67.74652777777779,1.459368058806902,9.761408730158749
traffic,arima,44,1784,2012-05-14 08:00:00,58.68171296296296,59.44448710327007,67.74652777777779,0.7627741403071084,9.064814814814824
traffic,arima,45,1784,2012-05-14 08:00:00,60.5395171957672,59.444487101332584,67.74652777777779,1.0950300944346196,7.207010582010582
traffic,arima,46,1784,2012-05-14 08:00:00,63.39186507936508,59.444487100143114,67.74652777777779,3.9473779792219688,4.354662698412703
traffic,arima,47,1784,2012-05-14 08:00:00,65.91782407407408,59.44448709941286,67.74652777777779,6.4733369746612155,1.8287037037037095
traffic,arima,48,1784,2012-05-14 08:00:00,67.51818783068784,59.44448709896454,67.74652777777779,8.0737007317233,0.22833994708994965
traffic,arima,49,1784,2012-05-14 08:00:00,66.81944444444444,59.444487098689294,67.74652777777779,7.374957345755149,0.9270833333333428
traffic,arima,50,1784,2012-05-14 08:00:00,64.76289682539682,59.44448709852032,67.74652777777779,5.318409726876503,2.983630952380963
traffic,arima,51,1784,2012-05-14 08:00:00,64.47800925925925,59.44448709841658,67.74652777777779,5.033522160842672,3.2685185185185333
traffic,arima,52,1784,2012-05-14 08:00:00,64.77662037037037,59.444487098352894,67.74652777777779,5.332133272017472,2.969907407407419
traffic,arima,53,1784,2012-05-14 08:00:00,65.45171957671958,59.44448709831379,67.74652777777779,6.00723247840579,2.2948082010582027
traffic,arima,54,1784,2012-05-14 08:00:00,65.58151455026454,59.444487098289784,67.74652777777779,6.13702745197476,2.165013227513242
traffic,arima,55,1784,2012-05-14 08:00:00,66.07291666666667,59.44448709827505,67.74652777777779,6.628429568391624,1.6736111111111143
traffic,arima,56,1784,2012-05-14 08:00:00,66.59375,59.444487098266,67.74652777777779,7.149262901733998,1.1527777777777857
traffic,arima,57,1784,2012-05-14 08:00:00,66.51736111111111,59.444487098260446,67.74652777777779,7.072874012850669,1.2291666666666714
traffic,arima,58,1784,2012-05-14 08:00:00,32.176752645502646,59.444487098257035,67.74652777777779,27.26773445275439,35.56977513227514
traffic,arima,59,1784,2012-05-14 08:00:00,18.957175925925927,59.444487098254946,67.74652777777779,40.487311172329015,48.78935185185186
traffic,arima,60,1784,2012-05-14 08:00:00,47.90343915343916,59.44448709825366,67.74652777777779,11.541047944814501,19.843088624338627
traffic,arima,61,1784,2012-05-14 08:00:00,66.99305555555556,59.44448709825287,67.74652777777779,7.548568457302686,0.7534722222222285
traffic,arima,62,1784,2012-05-14 08:00:00,67.49305555555556,59.44448709825238,67.74652777777779,8.048568457303176,0.25347222222222854
traffic,arima,63,1784,2012-05-14 08:00:00,66.73859126984127,59.44448709825209,67.74652777777779,7.294104171589176,1.0079365079365203
traffic,arima,64,1784,2012-05-14 08:00:00,65.41782407407408,59.444487098251905,67.74652777777779,5.973336975822171,2.3287037037037095
traffic,arima,65,1784,2012-05-14 08:00:00,62.79976851851851,59.44448709825179,67.74652777777779,3.3552814202667207,4.946759259259274
traffic,arima,66,1784,2012-05-14 08:00:00,62.01851851851851,59.44448709825172,67.74652777777779,2.5740314202667918,5.728009259259274
traffic,arima,67,1784,2012-05-14 08:00:00,59.25115740740741,59.44448709825168,67.74652777777779,0.19332969084426566,8.495370370370374
traffic,arima,68,1784,2012-05-14 08:00:00,56.70717592592592,59.444487098251656,67.74652777777779,2.7373111723257395,11.039351851851869
traffic,arima,69,1784,2012-05-14 08:00:00,56.49421296296296,59.44448709825164,67.74652777777779,2.95027413528868,11.252314814814824
traffic,arima,70,1784,2012-05-14 08:00:00,63.38310185185185,59.44448709825163,67.74652777777779,3.93861475360022,4.363425925925938
traffic,arima,71,1784,2012-05-14 08:00:00,66.11160714285714,59.44448709825162,67.74652777777779,6.667120044605518,1.6349206349206469
traffic,arima,72,1784,2012-05-14 08:00:00,67.50165343915343,59.44448709825162,67.74652777777779,8.057166340901809,0.24487433862435637
traffic,arima,1,1808,2012-05-15 08:00:00,67.10879629629629,65.07779078820433,67.58217592592592,2.0310055080919653,0.4733796296296333
traffic,arima,2,1808,2012-05-15 08:00:00,66.20254629629629,62.95193193088013,67.58217592592592,3.250614365416162,1.3796296296296333
traffic,arima,3,1808,2012-05-15 08:00:00,65.15046296296296,61.529965683773916,67.58217592592592,3.6204972791890455,2.431712962962962
traffic,arima,4,1808,2012-05-15 08:00:00,64.10300925925925,60.633756233641265,67.58217592592592,3.469253025617988,3.4791666666666714
traffic,arima,5,1808,2012-05-15 08:00:00,61.71759259259259,60.07891927392251,67.58217592592592,1.6386733186700795,5.864583333333336
traffic,arima,6,1808,2012-05-15 08:00:00,63.91435185185185,59.737359042744906,67.58217592592592,4.176992809106942,3.667824074074076
traffic,arima,7,1808,2012-05-15 08:00:00,63.91435185185185,59.52747397895815,67.58217592592592,4.386877872893699,3.667824074074076
traffic,arima,8,1808,2012-05-15 08:00:00,64.52893518518518,59.3985773126691,67.58217592592592,5.130357872516079,3.0532407407407476
traffic,arima,9,1808,2012-05-15 08:00:00,59.15343915343916,59.31943299367586,67.58217592592592,0.16599384023670183,8.428736772486765
traffic,arima,10,1808,2012-05-15 08:00:00,20.50330687830688,59.270840266657494,67.58217592592592,38.767533388350614,47.078869047619044
traffic,arima,11,1808,2012-05-15 08:00:00,18.033234126984127,59.241006078864956,67.58217592592592,41.20777195188083,49.5489417989418
traffic,arima,12,1808,2012-05-15 08:00:00,49.72222222222222,59.22268907689594,67.58217592592592,9.500466854673718,17.859953703703702
traffic,arima,13,1808,2012-05-15 08:00:00,67.72453703703704,59.211443191114675,67.58217592592592,8.513093845922363,0.14236111111111427
traffic,arima,14,1808,2012-05-15 08:00:00,66.98032407407408,59.20453868442859,67.58217592592592,7.775785389645485,0.6018518518518476
traffic,arima,15,1808,2012-05-15 08:00:00,65.2078373015873,59.2002996050698,67.58217592592592,6.0075376965175025,2.3743386243386198
traffic,arima,16,1808,2012-05-15 08:00:00,64.03935185185185,59.1976969871895,67.58217592592592,4.841654864662345,3.542824074074076
traffic,arima,17,1808,2012-05-15 08:00:00,15.87285052910053,59.196099088423125,67.58217592592592,43.32324855932259,51.70932539682539
traffic,arima,18,1808,2012-05-15 08:00:00,60.770833333333336,59.19511804527104,67.58217592592592,1.5757152880622982,6.811342592592588
traffic,arima,19,1808,2012-05-15 08:00:00,57.98511904761904,59.19451572572225,67.58217592592592,1.2093966781032108,9.597056878306887
traffic,arima,20,1808,2012-05-15 08:00:00,58.68171296296296,59.19414592665907,67.58217592592592,0.5124329636961065,8.900462962962962
traffic,arima,21,1808,2012-05-15 08:00:00,60.5395171957672,59.1939188854691,67.58217592592592,1.3455983102981008,7.0426587301587205
traffic,arima,22,1808,2012-05-15 08:00:00,63.39186507936508,59.19377949165482,67.58217592592592,4.19808558771026,4.190310846560841
traffic,arima,23,1808,2012-05-15 08:00:00,65.91782407407408,59.193693909670934,67.58217592592592,6.724130164403142,1.6643518518518476
traffic,arima,24,1808,2012-05-15 08:00:00,67.51818783068784,59.193641365904895,67.58217592592592,8.32454646478294,0.0639880952380878
traffic,arima,25,1808,2012-05-15 08:00:00,66.81944444444444,59.193609106225644,67.58217592592592,7.625835338218799,0.762731481481481
traffic,arima,26,1808,2012-05-15 08:00:00,64.76289682539682,59.193589300129055,67.58217592592592,5.569307525267767,2.8192791005291014
traffic,arima,27,1808,2012-05-15 08:00:00,64.47800925925925,59.19357714001242,67.58217592592592,5.28443211924683,3.1041666666666714
traffic,arima,28,1808,2012-05-15 08:00:00,64.77662037037037,59.193569674208355,67.58217592592592,5.583050696162012,2.805555555555557
traffic,arima,29,1808,2012-05-15 08:00:00,65.45171957671958,59.19356509051627,67.58217592592592,6.25815448620331,2.130456349206341
traffic,arima,30,1808,2012-05-15 08:00:00,65.58151455026454,59.19356227632065,67.58217592592592,6.387952273943895,2.0006613756613802
traffic,arima,31,1808,2012-05-15 08:00:00,66.07291666666667,59.193560548521994,67.58217592592592,6.879356118144678,1.5092592592592524
traffic,arima,32,1808,2012-05-15 08:00:00,66.59375,59.19355948772574,67.58217592592592,7.400190512274257,0.9884259259259238
traffic,arima,33,1808,2012-05-15 08:00:00,66.51736111111111,59.19355883644111,67.58217592592592,7.323802274670001,1.0648148148148096
traffic,arima,34,1808,2012-05-15 08:00:00,32.176752645502646,59.193558436579536,67.58217592592592,27.01680579107689,35.40542328042328
traffic,arima,35,1808,2012-05-15 08:00:00,18.957175925925927,59.193558191081216,67.58217592592592,40.236382265155285,48.625
traffic,arima,36,1808,2012-05-15 08:00:00,47.90343915343916,59.1935580403555,67.58217592592592,11.29011888691634,19.678736772486765
traffic,arima,37,1808,2012-05-15 08:00:00,66.99305555555556,59.193557947816196,67.58217592592592,7.799497607739362,0.5891203703703667
traffic,arima,38,1808,2012-05-15 08:00:00,67.49305555555556,59.19355789100093,67.58217592592592,8.299497664554629,0.08912037037036669
traffic,arima,39,1808,2012-05-15 08:00:00,66.73859126984127,59.19355785611872,67.58217592592592,7.5450334137225425,0.8435846560846585
traffic,arima,40,1808,2012-05-15 08:00:00,65.41782407407408,59.19355783470251,67.58217592592592,6.224266239371566,2.1643518518518476
traffic,arima,41,1808,2012-05-15 08:00:00,62.79976851851851,59.193557821553846,67.58217592592592,3.6062106969646663,4.782407407407412
traffic,arima,42,1808,2012-05-15 08:00:00,62.01851851851851,59.193557813481114,67.58217592592592,2.824960705037398,5.563657407407412
traffic,arima,43,1808,2012-05-15 08:00:00,59.25115740740741,59.193557808524794,67.58217592592592,0.0575995988826179,8.331018518518512
traffic,arima,44,1808,2012-05-15 08:00:00,56.70717592592592,59.193557805481824,67.58217592592592,2.486381879555907,10.875000000000007
traffic,arima,45,1808,2012-05-15 08:00:00,56.49421296296296,59.193557803613565,67.58217592592592,2.6993448406506033,11.087962962962962
traffic,arima,46,1808,2012-05-15 08:00:00,63.38310185185185,59.19355780246653,67.58217592592592,4.189544049385319,4.199074074074076
traffic,arima,47,1808,2012-05-15 08:00:00,66.11160714285714,59.193557801762296,67.58217592592592,6.918049341094843,1.470568783068785
traffic,arima,48,1808,2012-05-15 08:00:00,67.50165343915343,59.19355780132993,67.58217592592592,8.308095637823499,0.08052248677249452
traffic,arima,49,1808,2012-05-15 08:00:00,55.2470238095238,59.19355780106447,67.58217592592592,3.9465339915406688,12.33515211640212
traffic,arima,50,1808,2012-05-15 08:00:00,59.39136904761904,59.193557800901495,67.58217592592592,0.19781124671754213,8.190806878306887
traffic,arima,51,1808,2012-05-15 08:00:00,64.14930555555556,59.193557800801436,67.58217592592592,4.955747754754121,3.4328703703703667
traffic,arima,52,1808,2012-05-15 08:00:00,63.93105158730159,59.19355780074,67.58217592592592,4.737493786561586,3.651124338624335
traffic,arima,53,1808,2012-05-15 08:00:00,63.71626984126984,59.19355780070228,67.58217592592592,4.522712040567562,3.865906084656082
traffic,arima,54,1808,2012-05-15 08:00:00,64.375,59.19355780067912,67.58217592592592,5.181442199320877,3.207175925925924
traffic,arima,55,1808,2012-05-15 08:00:00,64.02314814814815,59.193557800664905,67.58217592592592,4.829590347483247,3.5590277777777715
traffic,arima,56,1808,2012-05-15 08:00:00,64.91319444444444,59.19355780065618,67.58217592592592,5.719636643788263,2.668981481481481
traffic,arima,57,1808,2012-05-15 08:00:00,31.646990740740744,59.19355780065082,67.58217592592592,27.54656705991008,35.935185185185176
traffic,arima,58,1808,2012-05-15 08:00:00,16.011574074074073,59.193557800647525,67.58217592592592,43.18198372657345,51.57060185185185
traffic,arima,59,1808,2012-05-15 08:00:00,15.438822751322752,59.19355780064551,67.58217592592592,43.754735049322754,52.14335317460317
traffic,arima,60,1808,2012-05-15 08:00:00,46.192129629629626,59.19355780064427,67.58217592592592,13.001428171014645,21.390046296296298
traffic,arima,61,1808,2012-05-15 08:00:00,67.46329365079366,59.193557800643504,67.58217592592592,8.269735850150155,0.11888227513226468
traffic,arima,62,1808,2012-05-15 08:00:00,66.6550925925926,59.19355780064304,67.58217592592592,7.461534791949553,0.9270833333333286
traffic,arima,63,1808,2012-05-15 08:00:00,64.71296296296296,59.19355780064275,67.58217592592592,5.519405162320211,2.869212962962962
traffic,arima,64,1808,2012-05-15 08:00:00,64.31547619047619,59.19355780064257,67.58217592592592,5.121918389833617,3.266699735449734
traffic,arima,65,1808,2012-05-15 08:00:00,62.85830026455026,59.193557800642466,67.58217592592592,3.6647424639077926,4.723875661375665
traffic,arima,66,1808,2012-05-15 08:00:00,61.88707010582011,59.1935578006424,67.58217592592592,2.6935123051777055,5.695105820105816
traffic,arima,67,1808,2012-05-15 08:00:00,60.66435185185185,59.19355780064236,67.58217592592592,1.470794051209488,6.917824074074076
traffic,arima,68,1808,2012-05-15 08:00:00,55.83796296296296,59.19355780064234,67.58217592592592,3.3555948376793765,11.744212962962962
traffic,arima,69,1808,2012-05-15 08:00:00,57.936673280423285,59.19355780064232,67.58217592592592,1.2568845202190317,9.645502645502638
traffic,arima,70,1808,2012-05-15 08:00:00,63.12268518518518,59.19355780064231,67.58217592592592,3.9291273845428734,4.4594907407407405
traffic,arima,71,1808,2012-05-15 08:00:00,65.98611111111111,59.1935578006423,67.58217592592592,6.792553310468811,1.5960648148148096
traffic,arima,72,1808,2012-05-15 08:00:00,66.74421296296296,59.1935578006423,67.58217592592592,7.550655162320659,0.8379629629629619
traffic,arima,1,1832,2012-05-16 08:00:00,66.81944444444444,64.8923246598026,67.51818783068784,1.927119784641846,0.6987433862433932
traffic,arima,2,1832,2012-05-16 08:00:00,64.76289682539682,62.62116299856288,67.51818783068784,2.141733826833942,2.7552910052910136
traffic,arima,3,1832,2012-05-16 08:00:00,64.47800925925925,61.12696605244659,67.51818783068784,3.351043206812662,3.0401785714285836
traffic,arima,4,1832,2012-05-16 08:00:00,64.77662037037037,60.20767168397062,67.51818783068784,4.56894868639975,2.7415674603174693
traffic,arima,5,1832,2012-05-16 08:00:00,65.45171957671958,59.65344133854131,67.51818783068784,5.79827823817827,2.066468253968253
traffic,arima,6,1832,2012-05-16 08:00:00,65.58151455026454,59.321468002477886,67.51818783068784,6.260046547786658,1.9366732804232925
traffic,arima,7,1832,2012-05-16 08:00:00,66.07291666666667,59.12304335187261,67.51818783068784,6.949873314794061,1.4452711640211646
traffic,arima,8,1832,2012-05-16 08:00:00,66.59375,59.004524846031316,67.51818783068784,7.589225153968684,0.924437830687836
traffic,arima,9,1832,2012-05-16 08:00:00,66.51736111111111,58.93375022982624,67.51818783068784,7.583610881284876,1.0008267195767218
traffic,arima,10,1832,2012-05-16 08:00:00,32.176752645502646,58.891489570546135,67.51818783068784,26.71473692504349,35.34143518518519
traffic,arima,11,1832,2012-05-16 08:00:00,18.957175925925927,58.8662556756781,67.51818783068784,39.909079749752166,48.56101190476191
traffic,arima,12,1832,2012-05-16 08:00:00,47.90343915343916,58.851188606432764,67.51818783068784,10.947749452993605,19.614748677248677
traffic,arima,13,1832,2012-05-16 08:00:00,66.99305555555556,58.84219213677978,67.51818783068784,8.150863418775778,0.5251322751322789
traffic,arima,14,1832,2012-05-16 08:00:00,67.49305555555556,58.83682039567882,67.51818783068784,8.656235159876736,0.025132275132278892
traffic,arima,15,1832,2012-05-16 08:00:00,66.73859126984127,58.833612960403144,67.51818783068784,7.904978309438121,0.7795965608465707
traffic,arima,16,1832,2012-05-16 08:00:00,65.41782407407408,58.831697819692316,67.51818783068784,6.58612625438176,2.10036375661376
traffic,arima,17,1832,2012-05-16 08:00:00,62.79976851851851,58.83055430049007,67.51818783068784,3.9692142180284407,4.718419312169324
traffic,arima,18,1832,2012-05-16 08:00:00,62.01851851851851,58.82987151193825,67.51818783068784,3.1886470065802612,5.499669312169324
traffic,arima,19,1832,2012-05-16 08:00:00,59.25115740740741,58.82946382293399,67.51818783068784,0.42169358447342375,8.267030423280424
traffic,arima,20,1832,2012-05-16 08:00:00,56.70717592592592,58.82922039424209,67.51818783068784,2.122044468316176,10.81101190476192
traffic,arima,21,1832,2012-05-16 08:00:00,56.49421296296296,58.829075044410736,67.51818783068784,2.334862081447774,11.023974867724874
traffic,arima,22,1832,2012-05-16 08:00:00,63.38310185185185,58.828988256886596,67.51818783068784,4.554113594965251,4.135085978835988
traffic,arima,23,1832,2012-05-16 08:00:00,66.11160714285714,58.828936436569535,67.51818783068784,7.282670706287604,1.4065806878306972
traffic,arima,24,1832,2012-05-16 08:00:00,67.50165343915343,58.82890549496489,67.51818783068784,8.672747944188536,0.016534391534406723
traffic,arima,25,1832,2012-05-16 08:00:00,55.2470238095238,58.82888701991587,67.51818783068784,3.581863210392065,12.271164021164033
traffic,arima,26,1832,2012-05-16 08:00:00,59.39136904761904,58.82887598857343,67.51818783068784,0.5624930590456074,8.1268187830688
traffic,arima,27,1832,2012-05-16 08:00:00,64.14930555555556,58.82886940182414,67.51818783068784,5.320436153731414,3.368882275132279
traffic,arima,28,1832,2012-05-16 08:00:00,63.93105158730159,58.82886546891512,67.51818783068784,5.10218611838647,3.5871362433862473
traffic,arima,29,1832,2012-05-16 08:00:00,63.71626984126984,58.82886312059842,67.51818783068784,4.887406720671422,3.801917989417994
traffic,arima,30,1832,2012-05-16 08:00:00,64.375,58.828861718432414,67.51818783068784,5.546138281567586,3.143187830687836
traffic,arima,31,1832,2012-05-16 08:00:00,64.02314814814815,58.82886088120739,67.51818783068784,5.194287266940762,3.4950396825396837
traffic,arima,32,1832,2012-05-16 08:00:00,64.91319444444444,58.82886038130528,67.51818783068784,6.08433406313916,2.604993386243393
traffic,arima,33,1832,2012-05-16 08:00:00,31.646990740740744,58.828860082816696,67.51818783068784,27.181869342075952,35.87119708994709
traffic,arima,34,1832,2012-05-16 08:00:00,16.011574074074073,58.82885990459093,67.51818783068784,42.81728583051685,51.50661375661376
traffic,arima,35,1832,2012-05-16 08:00:00,15.438822751322752,58.828859798173376,67.51818783068784,43.39003704685062,52.07936507936508
traffic,arima,36,1832,2012-05-16 08:00:00,46.192129629629626,58.82885973463208,67.51818783068784,12.636730105002457,21.32605820105821
traffic,arima,37,1832,2012-05-16 08:00:00,67.46329365079366,58.82885969669195,67.51818783068784,8.63443395410171,0.05489417989417689
traffic,arima,38,1832,2012-05-16 08:00:00,66.6550925925926,58.82885967403813,67.51818783068784,7.826232918554467,0.8630952380952408
traffic,arima,39,1832,2012-05-16 08:00:00,64.71296296296296,58.82885966051166,67.51818783068784,5.884103302451301,2.805224867724874
traffic,arima,40,1832,2012-05-16 08:00:00,64.31547619047619,58.828859652435085,67.51818783068784,5.486616538041105,3.2027116402116462
traffic,arima,41,1832,2012-05-16 08:00:00,62.85830026455026,58.82885964761262,67.51818783068784,4.0294406169376416,4.659887566137577
traffic,arima,42,1832,2012-05-16 08:00:00,61.88707010582011,58.82885964473314,67.51818783068784,3.058210461086965,5.631117724867728
traffic,arima,43,1832,2012-05-16 08:00:00,60.66435185185185,58.82885964301383,67.51818783068784,1.8354922088380192,6.853835978835988
traffic,arima,44,1832,2012-05-16 08:00:00,55.83796296296296,58.828859641987236,67.51818783068784,2.9908966790242744,11.680224867724874
traffic,arima,45,1832,2012-05-16 08:00:00,57.936673280423285,58.828859641374265,67.51818783068784,0.8921863609509799,9.58151455026455
traffic,arima,46,1832,2012-05-16 08:00:00,63.12268518518518,58.828859641008265,67.51818783068784,4.293825544176919,4.395502645502653
traffic,arima,47,1832,2012-05-16 08:00:00,65.98611111111111,58.82885964078972,67.51818783068784,7.157251470321391,1.5320767195767218
traffic,arima,48,1832,2012-05-16 08:00:00,66.74421296296296,58.82885964065924,67.51818783068784,7.915353322303723,0.7739748677248741
traffic,arima,49,1832,2012-05-16 08:00:00,66.79861111111111,58.82885964058132,67.51818783068784,7.969751470529793,0.7195767195767218
traffic,arima,50,1832,2012-05-16 08:00:00,66.07638888888889,58.8288596405348,67.51818783068784,7.247529248354084,1.4417989417989503
traffic,arima,51,1832,2012-05-16 08:00:00,65.73611111111111,58.82885964050703,67.51818783068784,6.907251470604088,1.7820767195767218
traffic,arima,52,1832,2012-05-16 08:00:00,64.76173941798942,58.828859640490435,67.51818783068784,5.932879777498982,2.7564484126984183
traffic,arima,53,1832,2012-05-16 08:00:00,63.22800925925926,58.82885964048054,67.51818783068784,4.399149618778722,4.2901785714285765
traffic,arima,54,1832,2012-05-16 08:00:00,62.21527777777778,58.82885964047462,67.51818783068784,3.38641813730316,5.3029100529100575
traffic,arima,55,1832,2012-05-16 08:00:00,59.73726851851851,58.82885964047109,67.51818783068784,0.9084088780474247,7.780919312169324
traffic,arima,56,1832,2012-05-16 08:00:00,32.21643518518518,58.828859640468984,67.51818783068784,26.6124244552838,35.30175264550265
traffic,arima,57,1832,2012-05-16 08:00:00,30.11111111111111,58.828859640467726,67.51818783068784,28.717748529356616,37.40707671957672
traffic,arima,58,1832,2012-05-16 08:00:00,14.408564814814817,58.82885964046697,67.51818783068784,44.42029482565216,53.10962301587302
traffic,arima,59,1832,2012-05-16 08:00:00,18.84398148148148,58.828859640466526,67.51818783068784,39.98487815898504,48.67420634920636
traffic,arima,60,1832,2012-05-16 08:00:00,57.34606481481482,58.828859640466256,67.51818783068784,1.482794825651439,10.17212301587302
traffic,arima,61,1832,2012-05-16 08:00:00,66.95585317460318,58.82885964046609,67.51818783068784,8.126993534137085,0.5623346560846585
traffic,arima,62,1832,2012-05-16 08:00:00,65.78356481481482,58.828859640466,67.51818783068784,6.954705174348824,1.7346230158730123
traffic,arima,63,1832,2012-05-16 08:00:00,64.97685185185185,58.82885964046594,67.51818783068784,6.147992211385905,2.5413359788359884
traffic,arima,64,1832,2012-05-16 08:00:00,65.3113425925926,58.82885964046591,67.51818783068784,6.482482952126688,2.206845238095241
traffic,arima,65,1832,2012-05-16 08:00:00,63.84027777777777,58.828859640465886,67.51818783068784,5.011418137311885,3.6779100529100646
traffic,arima,66,1832,2012-05-16 08:00:00,64.15277777777779,58.82885964046588,67.51818783068784,5.323918137311907,3.3654100529100504
traffic,arima,67,1832,2012-05-16 08:00:00,63.57986111111112,58.82885964046587,67.51818783068784,4.7510014706452495,3.9383267195767147
traffic,arima,68,1832,2012-05-16 08:00:00,61.0775462962963,58.828859640465865,67.51818783068784,2.248686655830433,6.440641534391538
traffic,arima,69,1832,2012-05-16 08:00:00,62.57060185185185,58.828859640465865,67.51818783068784,3.741742211385983,4.947585978835988
traffic,arima,70,1832,2012-05-16 08:00:00,63.46759259259259,58.82885964046586,67.51818783068784,4.63873295212673,4.050595238095248
traffic,arima,71,1832,2012-05-16 08:00:00,65.01736111111111,58.82885964046586,67.51818783068784,6.188501470645257,2.5008267195767218
traffic,arima,72,1832,2012-05-16 08:00:00,66.20486111111111,58.82885964046586,67.51818783068784,7.376001470645257,1.3133267195767218
traffic,arima,1,1856,2012-05-17 08:00:00,55.2470238095238,64.83731490134565,67.50165343915343,9.590291091821847,12.254629629629626
traffic,arima,2,1856,2012-05-17 08:00:00,59.39136904761904,62.58053531378145,67.50165343915343,3.1891662661624167,8.110284391534393
traffic,arima,3,1856,2012-05-17 08:00:00,64.14930555555556,61.12578418143621,67.50165343915343,3.0235213741193476,3.352347883597872
traffic,arima,4,1856,2012-05-17 08:00:00,63.93105158730159,60.25215964648312,67.50165343915343,3.678891940818467,3.5706018518518405
traffic,arima,5,1856,2012-05-17 08:00:00,63.71626984126984,59.739349459529116,67.50165343915343,3.976920381740726,3.7853835978835875
traffic,arima,6,1856,2012-05-17 08:00:00,64.375,59.44067646804553,67.50165343915343,4.934323531954469,3.1266534391534293
traffic,arima,7,1856,2012-05-17 08:00:00,64.02314814814815,59.26719660061434,67.50165343915343,4.755951547533812,3.478505291005277
traffic,arima,8,1856,2012-05-17 08:00:00,64.91319444444444,59.166530207688,67.50165343915343,5.746664236756445,2.5884589947089864
traffic,arima,9,1856,2012-05-17 08:00:00,31.646990740740744,59.108135636485706,67.50165343915343,27.46114489574496,35.85466269841268
traffic,arima,10,1856,2012-05-17 08:00:00,16.011574074074073,59.07426617139412,67.50165343915343,43.06269209732005,51.49007936507935
traffic,arima,11,1856,2012-05-17 08:00:00,15.438822751322752,59.0546223586028,67.50165343915343,43.615799607280046,52.062830687830676
traffic,arima,12,1856,2012-05-17 08:00:00,46.192129629629626,59.04322939458122,67.50165343915343,12.851099764951591,21.309523809523803
traffic,arima,13,1856,2012-05-17 08:00:00,67.46329365079366,59.03662176993914,67.50165343915343,8.42667188085452,0.038359788359770164
traffic,arima,14,1856,2012-05-17 08:00:00,66.6550925925926,59.03278952562138,67.50165343915343,7.622303066971213,0.8465608465608341
traffic,arima,15,1856,2012-05-17 08:00:00,64.71296296296296,59.030566928609204,67.50165343915343,5.682396034353758,2.7886904761904674
traffic,arima,16,1856,2012-05-17 08:00:00,64.31547619047619,59.02927788336241,67.50165343915343,5.286198307113779,3.1861772486772395
traffic,arima,17,1856,2012-05-17 08:00:00,62.85830026455026,59.028530272571224,67.50165343915343,3.8297699919790347,4.64335317460317
traffic,arima,18,1856,2012-05-17 08:00:00,61.88707010582011,59.028096678886165,67.50165343915343,2.858973426933943,5.6145833333333215
traffic,arima,19,1856,2012-05-17 08:00:00,60.66435185185185,59.02784520648369,67.50165343915343,1.6365066453681578,6.837301587301582
traffic,arima,20,1856,2012-05-17 08:00:00,55.83796296296296,59.02769935941268,67.50165343915343,3.1897363964497174,11.663690476190467
traffic,arima,21,1856,2012-05-17 08:00:00,57.936673280423285,59.02761477212641,67.50165343915343,1.090941491703127,9.564980158730144
traffic,arima,22,1856,2012-05-17 08:00:00,63.12268518518518,59.02756571382895,67.50165343915343,4.095119471356234,4.378968253968246
traffic,arima,23,1856,2012-05-17 08:00:00,65.98611111111111,59.02753726136693,67.50165343915343,6.958573849744184,1.515542328042315
traffic,arima,24,1856,2012-05-17 08:00:00,66.74421296296296,59.027520759722215,67.50165343915343,7.716692203240747,0.7574404761904674
traffic,arima,25,1856,2012-05-17 08:00:00,66.79861111111111,59.02751118922255,67.50165343915343,7.771099921888563,0.703042328042315
traffic,arima,26,1856,2012-05-17 08:00:00,66.07638888888889,59.02750563859621,67.50165343915343,7.0488832502926755,1.4252645502645436
traffic,arima,27,1856,2012-05-17 08:00:00,65.73611111111111,59.02750241938573,67.50165343915343,6.708608691725381,1.765542328042315
traffic,arima,28,1856,2012-05-17 08:00:00,64.76173941798942,59.02750055233228,67.50165343915343,5.73423886565714,2.7399140211640116
traffic,arima,29,1856,2012-05-17 08:00:00,63.22800925925926,59.027499469492675,67.50165343915343,4.200509789766585,4.27364417989417
traffic,arima,30,1856,2012-05-17 08:00:00,62.21527777777778,59.02749884147551,67.50165343915343,3.1877789363022657,5.286375661375651
traffic,arima,31,1856,2012-05-17 08:00:00,59.73726851851851,59.027498477242844,67.50165343915343,0.709770041275668,7.764384920634917
traffic,arima,32,1856,2012-05-17 08:00:00,32.21643518518518,59.02749826599793,67.50165343915343,26.811063080812744,35.285218253968246
traffic,arima,33,1856,2012-05-17 08:00:00,30.11111111111111,59.02749814348169,67.50165343915343,28.916387032370576,37.390542328042315
traffic,arima,34,1856,2012-05-17 08:00:00,14.408564814814817,59.027498072425644,67.50165343915343,44.61893325761083,53.09308862433861
traffic,arima,35,1856,2012-05-17 08:00:00,18.84398148148148,59.02749803121509,67.50165343915343,40.18351654973361,48.65767195767195
traffic,arima,36,1856,2012-05-17 08:00:00,57.34606481481482,59.02749800731411,67.50165343915343,1.6814331924992914,10.155588624338613
traffic,arima,37,1856,2012-05-17 08:00:00,66.95585317460318,59.027497993452194,67.50165343915343,7.928355181150984,0.5458002645502518
traffic,arima,38,1856,2012-05-17 08:00:00,65.78356481481482,59.027497985412666,67.50165343915343,6.756066829402158,1.7180886243386055
traffic,arima,39,1856,2012-05-17 08:00:00,64.97685185185185,59.02749798074996,67.50165343915343,5.949353871101884,2.5248015873015817
traffic,arima,40,1856,2012-05-17 08:00:00,65.3113425925926,59.02749797804572,67.50165343915343,6.283844614546872,2.190310846560834
traffic,arima,41,1856,2012-05-17 08:00:00,63.84027777777777,59.027497976477335,67.50165343915343,4.812779801300437,3.661375661375658
traffic,arima,42,1856,2012-05-17 08:00:00,64.15277777777779,59.02749797556771,67.50165343915343,5.125279802210073,3.3488756613756436
traffic,arima,43,1856,2012-05-17 08:00:00,63.57986111111112,59.02749797504016,67.50165343915343,4.552363136070959,3.921792328042308
traffic,arima,44,1856,2012-05-17 08:00:00,61.0775462962963,59.027497974734196,67.50165343915343,2.0500483215621017,6.424107142857132
traffic,arima,45,1856,2012-05-17 08:00:00,62.57060185185185,59.02749797455674,67.50165343915343,3.54310387729511,4.931051587301582
traffic,arima,46,1856,2012-05-17 08:00:00,63.46759259259259,59.02749797445382,67.50165343915343,4.440094618138765,4.034060846560841
traffic,arima,47,1856,2012-05-17 08:00:00,65.01736111111111,59.02749797439413,67.50165343915343,5.989863136716984,2.484292328042315
traffic,arima,48,1856,2012-05-17 08:00:00,66.20486111111111,59.02749797435951,67.50165343915343,7.177363136751602,1.296792328042315
traffic,arima,49,1856,2012-05-17 08:00:00,67.01041666666667,59.02749797433944,67.50165343915343,7.982918692327232,0.4912367724867579
traffic,arima,50,1856,2012-05-17 08:00:00,67.68435846560847,59.027497974327794,67.50165343915343,8.656860491280675,0.1827050264550394
traffic,arima,51,1856,2012-05-17 08:00:00,67.70370370370371,59.02749797432104,67.50165343915343,8.676205729382673,0.2020502645502802
traffic,arima,52,1856,2012-05-17 08:00:00,66.72569444444444,59.02749797431712,67.50165343915343,7.698196470127321,0.7759589947089864
traffic,arima,53,1856,2012-05-17 08:00:00,66.63425925925925,59.02749797431485,67.50165343915343,7.606761284944405,0.8673941798941769
traffic,arima,54,1856,2012-05-17 08:00:00,66.72453703703704,59.02749797431353,67.50165343915343,7.697039062723505,0.7771164021163912
traffic,arima,55,1856,2012-05-17 08:00:00,67.39963624338624,59.027497974312766,67.50165343915343,8.372138269073474,0.10201719576718915
traffic,arima,56,1856,2012-05-17 08:00:00,67.13839285714285,59.027497974312325,67.50165343915343,8.110894882830522,0.3632605820105823
traffic,arima,57,1856,2012-05-17 08:00:00,66.76851851851852,59.02749797431207,67.50165343915343,7.7410205442064495,0.7331349206349103
traffic,arima,58,1856,2012-05-17 08:00:00,66.99189814814815,59.02749797431192,67.50165343915343,7.964400173836232,0.509755291005277
traffic,arima,59,1856,2012-05-17 08:00:00,66.67245370370371,59.027497974311835,67.50165343915343,7.644955729391874,0.8291997354497198
traffic,arima,60,1856,2012-05-17 08:00:00,67.46957671957672,59.027497974311785,67.50165343915343,8.442078745264936,0.032076719576707546
traffic,arima,61,1856,2012-05-17 08:00:00,67.53587962962963,59.02749797431176,67.50165343915343,8.508381655317876,0.03422619047620401
traffic,arima,62,1856,2012-05-17 08:00:00,67.26058201058201,59.027497974311736,67.50165343915343,8.233084036270277,0.2410714285714164
traffic,arima,63,1856,2012-05-17 08:00:00,66.89583333333333,59.02749797431173,67.50165343915343,7.8683353590216,0.6058201058201007
traffic,arima,64,1856,2012-05-17 08:00:00,65.98842592592592,59.02749797431172,67.50165343915343,6.960927951614202,1.5132275132275055
traffic,arima,65,1856,2012-05-17 08:00:00,66.45684523809524,59.02749797431172,67.50165343915343,7.429347263783519,1.0448082010581885
traffic,arima,66,1856,2012-05-17 08:00:00,65.8305224867725,59.027497974311714,67.50165343915343,6.80302451246078,1.6711309523809348
traffic,arima,67,1856,2012-05-17 08:00:00,65.58449074074075,59.027497974311714,67.50165343915343,6.556992766429033,1.9171626984126817
traffic,arima,68,1856,2012-05-17 08:00:00,64.32870370370371,59.027497974311714,67.50165343915343,5.301205729391995,3.17294973544972
traffic,arima,69,1856,2012-05-17 08:00:00,61.98240740740741,59.027497974311714,67.50165343915343,2.9549094330956933,5.519246031746022
traffic,arima,70,1856,2012-05-17 08:00:00,65.16782407407408,59.027497974311714,67.50165343915343,6.140326099762362,2.333829365079353
traffic,arima,71,1856,2012-05-17 08:00:00,65.89847883597884,59.027497974311714,67.50165343915343,6.870980861667121,1.603174603174594
traffic,arima,72,1856,2012-05-17 08:00:00,67.5324074074074,59.027497974311714,67.50165343915343,8.50490943309569,0.030753968253975472
traffic,arima,1,1880,2012-05-18 08:00:00,66.79861111111111,64.29143461859101,66.74421296296296,2.5071764925201023,0.05439814814815236
traffic,arima,2,1880,2012-05-18 08:00:00,66.07638888888889,62.23617455929914,66.74421296296296,3.840214329589749,0.6678240740740762
traffic,arima,3,1880,2012-05-18 08:00:00,65.73611111111111,60.93788578395667,66.74421296296296,4.798225327154441,1.0081018518518476
traffic,arima,4,1880,2012-05-18 08:00:00,64.76173941798942,60.187206292752705,66.74421296296296,4.574533125236712,1.9824735449735442
traffic,arima,5,1880,2012-05-18 08:00:00,63.22800925925926,59.76824693451239,66.74421296296296,3.459762324746869,3.5162037037037024
traffic,arima,6,1880,2012-05-18 08:00:00,62.21527777777778,59.53800488484953,66.74421296296296,2.6772728929282508,4.528935185185183
traffic,arima,7,1880,2012-05-18 08:00:00,59.73726851851851,59.412354749818256,66.74421296296296,0.3249137687002559,7.00694444444445
traffic,arima,8,1880,2012-05-18 08:00:00,32.21643518518518,59.34400367523826,66.74421296296296,27.12756849005308,34.52777777777778
traffic,arima,9,1880,2012-05-18 08:00:00,30.11111111111111,59.306877452926685,66.74421296296296,29.195766341815574,36.63310185185185
traffic,arima,10,1880,2012-05-18 08:00:00,14.408564814814817,59.286725585945554,66.74421296296296,44.87816077113074,52.335648148148145
traffic,arima,11,1880,2012-05-18 08:00:00,18.84398148148148,59.275790815826994,66.74421296296296,40.431809334345516,47.900231481481484
traffic,arima,12,1880,2012-05-18 08:00:00,57.34606481481482,59.269858302930714,66.74421296296296,1.9237934881158978,9.398148148148145
traffic,arima,13,1880,2012-05-18 08:00:00,66.95585317460318,59.26663992340235,66.74421296296296,7.689213251200826,0.21164021164021563
traffic,arima,14,1880,2012-05-18 08:00:00,65.78356481481482,59.264894014364245,66.74421296296296,6.518670800450579,0.9606481481481381
traffic,arima,15,1880,2012-05-18 08:00:00,64.97685185185185,59.26394690672122,66.74421296296296,5.712904945130624,1.7673611111111143
traffic,arima,16,1880,2012-05-18 08:00:00,65.3113425925926,59.26343313052652,66.74421296296296,6.047909462066073,1.4328703703703667
traffic,arima,17,1880,2012-05-18 08:00:00,63.84027777777777,59.26315442397857,66.74421296296296,4.577123353799202,2.9039351851851904
traffic,arima,18,1880,2012-05-18 08:00:00,64.15277777777779,59.263003235152865,66.74421296296296,4.88977454262492,2.5914351851851762
traffic,arima,19,1880,2012-05-18 08:00:00,63.57986111111112,59.26292122041488,66.74421296296296,4.31693989069624,3.1643518518518405
traffic,arima,20,1880,2012-05-18 08:00:00,61.0775462962963,59.26287673025533,66.74421296296296,1.814669566040969,5.666666666666664
traffic,arima,21,1880,2012-05-18 08:00:00,62.57060185185185,59.26285259588588,66.74421296296296,3.307749255965966,4.173611111111114
traffic,arima,22,1880,2012-05-18 08:00:00,63.46759259259259,59.26283950382796,66.74421296296296,4.204753088764626,3.276620370370374
traffic,arima,23,1880,2012-05-18 08:00:00,65.01736111111111,59.2628324018411,66.74421296296296,5.754528709270012,1.7268518518518476
traffic,arima,24,1880,2012-05-18 08:00:00,66.20486111111111,59.26282854925987,66.74421296296296,6.942032561851242,0.5393518518518476
traffic,arima,25,1880,2012-05-18 08:00:00,67.01041666666667,59.26282645936837,66.74421296296296,7.747590207298302,0.2662037037037095
traffic,arima,26,1880,2012-05-18 08:00:00,67.68435846560847,59.26282532567482,66.74421296296296,8.42153313993365,0.9401455026455068
traffic,arima,27,1880,2012-05-18 08:00:00,67.70370370370371,59.26282471068545,66.74421296296296,8.44087899301826,0.9594907407407476
traffic,arima,28,1880,2012-05-18 08:00:00,66.72569444444444,59.26282437707508,66.74421296296296,7.462870067369366,0.018518518518519045
traffic,arima,29,1880,2012-05-18 08:00:00,66.63425925925925,59.26282419610304,66.74421296296296,7.371435063156213,0.1099537037037095
traffic,arima,30,1880,2012-05-18 08:00:00,66.72453703703704,59.262824097932,66.74421296296296,7.461712939105041,0.01967592592592382
traffic,arima,31,1880,2012-05-18 08:00:00,67.39963624338624,59.262824044677615,66.74421296296296,8.136812198708625,0.6554232804232782
traffic,arima,32,1880,2012-05-18 08:00:00,67.13839285714285,59.262824015788965,66.74421296296296,7.875568841353882,0.3941798941798851
traffic,arima,33,1880,2012-05-18 08:00:00,66.76851851851852,59.262824000117874,66.74421296296296,7.505694518400645,0.024305555555557135
traffic,arima,34,1880,2012-05-18 08:00:00,66.99189814814815,59.26282399161685,66.74421296296296,7.729074156531304,0.24768518518519045
traffic,arima,35,1880,2012-05-18 08:00:00,66.67245370370371,59.26282398700534,66.74421296296296,7.409629716698369,0.07175925925925242
traffic,arima,36,1880,2012-05-18 08:00:00,67.46957671957672,59.262823984503754,66.74421296296296,8.206752735072968,0.7253637566137598
traffic,arima,37,1880,2012-05-18 08:00:00,67.53587962962963,59.26282398314674,66.74421296296296,8.273055646482895,0.7916666666666714
traffic,arima,38,1880,2012-05-18 08:00:00,67.26058201058201,59.262823982410595,66.74421296296296,7.997758028171418,0.516369047619051
traffic,arima,39,1880,2012-05-18 08:00:00,66.89583333333333,59.26282398201127,66.74421296296296,7.633009351322059,0.15162037037036669
traffic,arima,40,1880,2012-05-18 08:00:00,65.98842592592592,59.26282398179465,66.74421296296296,6.725601944131277,0.7557870370370381
traffic,arima,41,1880,2012-05-18 08:00:00,66.45684523809524,59.26282398167714,66.74421296296296,7.194021256418104,0.2873677248677211
traffic,arima,42,1880,2012-05-18 08:00:00,65.8305224867725,59.262823981613394,66.74421296296296,6.5676985051591,0.9136904761904674
traffic,arima,43,1880,2012-05-18 08:00:00,65.58449074074075,59.26282398157881,66.74421296296296,6.3216667591619355,1.1597222222222143
traffic,arima,44,1880,2012-05-18 08:00:00,64.32870370370371,59.262823981560054,66.74421296296296,5.065879722143656,2.4155092592592524
traffic,arima,45,1880,2012-05-18 08:00:00,61.98240740740741,59.26282398154988,66.74421296296296,2.719583425857529,4.761805555555554
traffic,arima,46,1880,2012-05-18 08:00:00,65.16782407407408,59.26282398154436,66.74421296296296,5.905000092529718,1.5763888888888857
traffic,arima,47,1880,2012-05-18 08:00:00,65.89847883597884,59.262823981541366,66.74421296296296,6.635654854437469,0.8457341269841265
traffic,arima,48,1880,2012-05-18 08:00:00,67.5324074074074,59.26282398153974,66.74421296296296,8.269583425867665,0.7881944444444429
traffic,arima,49,1880,2012-05-18 08:00:00,67.3761574074074,59.26282398153886,66.74421296296296,8.113333425868547,0.6319444444444429
traffic,arima,50,1880,2012-05-18 08:00:00,68.02662037037037,59.26282398153838,66.74421296296296,8.763796388831985,1.2824074074074048
traffic,arima,51,1880,2012-05-18 08:00:00,67.75512566137566,59.26282398153812,66.74421296296296,8.492301679837539,1.010912698412696
traffic,arima,52,1880,2012-05-18 08:00:00,66.25876322751323,59.26282398153798,66.74421296296296,6.995939245975251,0.485449735449734
traffic,arima,53,1880,2012-05-18 08:00:00,68.78935185185185,59.262823981537906,66.74421296296296,9.526527870313942,2.0451388888888857
traffic,arima,54,1880,2012-05-18 08:00:00,69.01620370370371,59.26282398153786,66.74421296296296,9.753379722165846,2.2719907407407476
traffic,arima,55,1880,2012-05-18 08:00:00,67.875,59.26282398153784,66.74421296296296,8.612176018462158,1.130787037037038
traffic,arima,56,1880,2012-05-18 08:00:00,67.56712962962963,59.26282398153783,66.74421296296296,8.304305648091805,0.8229166666666714
traffic,arima,57,1880,2012-05-18 08:00:00,67.59837962962963,59.26282398153782,66.74421296296296,8.335555648091812,0.8541666666666714
traffic,arima,58,1880,2012-05-18 08:00:00,68.07870370370371,59.26282398153782,66.74421296296296,8.815879722165889,1.3344907407407476
traffic,arima,59,1880,2012-05-18 08:00:00,68.01273148148148,59.262823981537814,66.74421296296296,8.749907499943667,1.268518518518519
traffic,arima,60,1880,2012-05-18 08:00:00,66.91782407407408,59.262823981537814,66.74421296296296,7.6550000925362625,0.17361111111111427
traffic,arima,61,1880,2012-05-18 08:00:00,67.64699074074075,59.262823981537814,66.74421296296296,8.384166759202934,0.9027777777777857
traffic,arima,62,1880,2012-05-18 08:00:00,67.97635582010582,59.262823981537814,66.74421296296296,8.71353183856801,1.2321428571428612
traffic,arima,63,1880,2012-05-18 08:00:00,67.32093253968254,59.262823981537814,66.74421296296296,8.058108558144731,0.576719576719583
traffic,arima,64,1880,2012-05-18 08:00:00,67.26504629629629,59.262823981537814,66.74421296296296,8.002222314758477,0.5208333333333286
traffic,arima,65,1880,2012-05-18 08:00:00,65.25330687830687,59.262823981537814,66.74421296296296,5.990482896769059,1.490906084656089
traffic,arima,66,1880,2012-05-18 08:00:00,62.48925264550264,59.262823981537814,66.74421296296296,3.2264286639648248,4.254960317460323
traffic,arima,67,1880,2012-05-18 08:00:00,60.557374338624335,59.262823981537814,66.74421296296296,1.2945503570865213,6.186838624338627
traffic,arima,68,1880,2012-05-18 08:00:00,59.086970899470906,59.262823981537814,66.74421296296296,0.17585308206690797,7.657242063492056
traffic,arima,69,1880,2012-05-18 08:00:00,62.47619047619048,59.262823981537814,66.74421296296296,3.213366494652668,4.26802248677248
traffic,arima,70,1880,2012-05-18 08:00:00,63.217923280423285,59.262823981537814,66.74421296296296,3.9550992988854716,3.5262896825396766
traffic,arima,71,1880,2012-05-18 08:00:00,65.94560185185186,59.262823981537814,66.74421296296296,6.682777870314048,0.7986111111111001
traffic,arima,72,1880,2012-05-18 08:00:00,67.47337962962963,59.262823981537814,66.74421296296296,8.21055564809182,0.7291666666666714
traffic,arima,1,1904,2012-05-19 08:00:00,67.01041666666667,64.01713659922656,66.20486111111111,2.9932800674401108,0.8055555555555571
traffic,arima,2,1904,2012-05-19 08:00:00,67.68435846560847,62.09098892271094,66.20486111111111,5.593369542897527,1.4794973544973544
traffic,arima,3,1904,2012-05-19 08:00:00,67.70370370370371,60.84345887860192,66.20486111111111,6.860244825101788,1.4988425925925952
traffic,arima,4,1904,2012-05-19 08:00:00,66.72569444444444,60.10606168203109,66.20486111111111,6.619632762413353,0.5208333333333286
traffic,arima,5,1904,2012-05-19 08:00:00,66.63425925925925,59.68531212630046,66.20486111111111,6.948947132958793,0.42939814814813815
traffic,arima,6,1904,2012-05-19 08:00:00,66.72453703703704,59.44878354026645,66.20486111111111,7.275753496770591,0.5196759259259238
traffic,arima,7,1904,2012-05-19 08:00:00,67.39963624338624,59.31667829010331,66.20486111111111,8.082957953282929,1.1947751322751259
traffic,arima,8,1904,2012-05-19 08:00:00,67.13839285714285,59.24310778764663,66.20486111111111,7.895285069496218,0.9335317460317327
traffic,arima,9,1904,2012-05-19 08:00:00,66.76851851851852,59.20218853249459,66.20486111111111,7.566329986023931,0.5636574074074048
traffic,arima,10,1904,2012-05-19 08:00:00,66.99189814814815,59.17944274604966,66.20486111111111,7.812455402098493,0.7870370370370381
traffic,arima,11,1904,2012-05-19 08:00:00,66.67245370370371,59.16680232077955,66.20486111111111,7.505651382924157,0.4675925925925952
traffic,arima,12,1904,2012-05-19 08:00:00,67.46957671957672,59.15977852456178,66.20486111111111,8.309798195014942,1.2647156084656075
traffic,arima,13,1904,2012-05-19 08:00:00,67.53587962962963,59.15587587606123,66.20486111111111,8.380003753568403,1.331018518518519
traffic,arima,14,1904,2012-05-19 08:00:00,67.26058201058201,59.153707489111845,66.20486111111111,8.106874521470168,1.0557208994708986
traffic,arima,15,1904,2012-05-19 08:00:00,66.89583333333333,59.15250270409886,66.20486111111111,7.743330629234471,0.6909722222222143
traffic,arima,16,1904,2012-05-19 08:00:00,65.98842592592592,59.15183331247618,66.20486111111111,6.836592613449746,0.21643518518519045
traffic,arima,17,1904,2012-05-19 08:00:00,66.45684523809524,59.15146139201961,66.20486111111111,7.305383846075628,0.25198412698412653
traffic,arima,18,1904,2012-05-19 08:00:00,65.8305224867725,59.15125474961587,66.20486111111111,6.679267737156621,0.37433862433861975
traffic,arima,19,1904,2012-05-19 08:00:00,65.58449074074075,59.1511399372576,66.20486111111111,6.433350803483151,0.6203703703703667
traffic,arima,20,1904,2012-05-19 08:00:00,64.32870370370371,59.15107614650199,66.20486111111111,5.177627557201717,1.8761574074074048
traffic,arima,21,1904,2012-05-19 08:00:00,61.98240740740741,59.15104070380045,66.20486111111111,2.8313667036069603,4.222453703703707
traffic,arima,22,1904,2012-05-19 08:00:00,65.16782407407408,59.151021011526346,66.20486111111111,6.01680306254773,1.037037037037038
traffic,arima,23,1904,2012-05-19 08:00:00,65.89847883597884,59.1510100703273,66.20486111111111,6.747468765651533,0.3063822751322789
traffic,arima,24,1904,2012-05-19 08:00:00,67.5324074074074,59.15100399130184,66.20486111111111,8.381403416105563,1.3275462962962905
traffic,arima,25,1904,2012-05-19 08:00:00,67.3761574074074,59.151000613742376,66.20486111111111,8.225156793665029,1.1712962962962905
traffic,arima,26,1904,2012-05-19 08:00:00,68.02662037037037,59.15099873714094,66.20486111111111,8.875621633229429,1.8217592592592524
traffic,arima,27,1904,2012-05-19 08:00:00,67.75512566137566,59.150997694484836,66.20486111111111,8.604127966890822,1.5502645502645436
traffic,arima,28,1904,2012-05-19 08:00:00,66.25876322751323,59.15099711517604,66.20486111111111,7.107766112337188,0.05390211640211362
traffic,arima,29,1904,2012-05-19 08:00:00,68.78935185185185,59.15099679330702,66.20486111111111,9.638355058544825,2.5844907407407334
traffic,arima,30,1904,2012-05-19 08:00:00,69.01620370370371,59.1509966144738,66.20486111111111,9.865207089229912,2.8113425925925952
traffic,arima,31,1904,2012-05-19 08:00:00,67.875,59.1509965151125,66.20486111111111,8.724003484887497,1.6701388888888857
traffic,arima,32,1904,2012-05-19 08:00:00,67.56712962962963,59.1509964599065,66.20486111111111,8.416133169723132,1.362268518518519
traffic,arima,33,1904,2012-05-19 08:00:00,67.59837962962963,59.150996429233565,66.20486111111111,8.447383200396068,1.393518518518519
traffic,arima,34,1904,2012-05-19 08:00:00,68.07870370370371,59.15099641219142,66.20486111111111,8.927707291512291,1.8738425925925952
traffic,arima,35,1904,2012-05-19 08:00:00,68.01273148148148,59.150996402722654,66.20486111111111,8.861735078758826,1.8078703703703667
traffic,arima,36,1904,2012-05-19 08:00:00,66.91782407407408,59.150996397461725,66.20486111111111,7.766827676612351,0.7129629629629619
traffic,arima,37,1904,2012-05-19 08:00:00,67.64699074074075,59.1509963945387,66.20486111111111,8.495994346202046,1.4421296296296333
traffic,arima,38,1904,2012-05-19 08:00:00,67.97635582010582,59.15099639291465,66.20486111111111,8.825359427191174,1.7714947089947088
traffic,arima,39,1904,2012-05-19 08:00:00,67.32093253968254,59.15099639201231,66.20486111111111,8.169936147670235,1.1160714285714306
traffic,arima,40,1904,2012-05-19 08:00:00,67.26504629629629,59.150996391510965,66.20486111111111,8.114049904785325,1.0601851851851762
traffic,arima,41,1904,2012-05-19 08:00:00,65.25330687830687,59.15099639123241,66.20486111111111,6.102310487074462,0.9515542328042415
traffic,arima,42,1904,2012-05-19 08:00:00,62.48925264550264,59.15099639107765,66.20486111111111,3.3382562544249907,3.715608465608476
traffic,arima,43,1904,2012-05-19 08:00:00,60.557374338624335,59.15099639099166,66.20486111111111,1.4063779476326772,5.647486772486779
traffic,arima,44,1904,2012-05-19 08:00:00,59.086970899470906,59.15099639094388,66.20486111111111,0.0640254914729752,7.1178902116402085
traffic,arima,45,1904,2012-05-19 08:00:00,62.47619047619048,59.150996390917335,66.20486111111111,3.3251940852731465,3.7286706349206327
traffic,arima,46,1904,2012-05-19 08:00:00,63.217923280423285,59.150996390902584,66.20486111111111,4.066926889520701,2.986937830687829
traffic,arima,47,1904,2012-05-19 08:00:00,65.94560185185186,59.15099639089439,66.20486111111111,6.79460546095747,0.2592592592592524
traffic,arima,48,1904,2012-05-19 08:00:00,67.47337962962963,59.15099639088984,66.20486111111111,8.322383238739796,1.268518518518519
traffic,arima,49,1904,2012-05-19 08:00:00,65.37037037037037,59.15099639088731,66.20486111111111,6.219373979483059,0.8344907407407476
traffic,arima,50,1904,2012-05-19 08:00:00,63.93981481481482,59.1509963908859,66.20486111111111,4.788818423928916,2.2650462962962976
traffic,arima,51,1904,2012-05-19 08:00:00,63.71759259259259,59.15099639088512,66.20486111111111,4.566596201707469,2.487268518518526
traffic,arima,52,1904,2012-05-19 08:00:00,64.42592592592592,59.150996390884686,66.20486111111111,5.274929535041238,1.7789351851851904
traffic,arima,53,1904,2012-05-19 08:00:00,65.33680555555556,59.150996390884444,66.20486111111111,6.185809164671113,0.8680555555555571
traffic,arima,54,1904,2012-05-19 08:00:00,63.96412037037037,59.150996390884316,66.20486111111111,4.8131239794860505,2.2407407407407476
traffic,arima,55,1904,2012-05-19 08:00:00,66.30069444444445,59.15099639088424,66.20486111111111,7.149698053560208,0.09583333333333144
traffic,arima,56,1904,2012-05-19 08:00:00,64.89583333333333,59.150996390884195,66.20486111111111,5.744836942449133,1.3090277777777857
traffic,arima,57,1904,2012-05-19 08:00:00,66.5636574074074,59.150996390884174,66.20486111111111,7.412661016523231,0.3587962962962905
traffic,arima,58,1904,2012-05-19 08:00:00,37.08449074074074,59.15099639088416,66.20486111111111,22.06650565014342,29.120370370370374
traffic,arima,59,1904,2012-05-19 08:00:00,19.11689814814815,59.15099639088415,66.20486111111111,40.03409824273601,47.08796296296296
traffic,arima,60,1904,2012-05-19 08:00:00,67.61597222222223,59.15099639088415,66.20486111111111,8.464975831338073,1.4111111111111114
traffic,arima,61,1904,2012-05-19 08:00:00,66.61921296296296,59.150996390884146,66.20486111111111,7.468216572078816,0.41435185185184764
traffic,arima,62,1904,2012-05-19 08:00:00,66.34953703703704,59.150996390884146,66.20486111111111,7.1985406461528925,0.14467592592592382
traffic,arima,63,1904,2012-05-19 08:00:00,67.05578703703704,59.150996390884146,66.20486111111111,7.90479064615289,0.850925925925921
traffic,arima,64,1904,2012-05-19 08:00:00,64.06018518518519,59.150996390884146,66.20486111111111,4.909188794301045,2.144675925925924
traffic,arima,65,1904,2012-05-19 08:00:00,61.9537037037037,59.150996390884146,66.20486111111111,2.8027073128195568,4.251157407407412
traffic,arima,66,1904,2012-05-19 08:00:00,60.10277777777778,59.150996390884146,66.20486111111111,0.9517813868936358,6.102083333333333
traffic,arima,67,1904,2012-05-19 08:00:00,59.71875,59.150996390884146,66.20486111111111,0.5677536091158544,6.486111111111114
traffic,arima,68,1904,2012-05-19 08:00:00,57.20601851851851,59.150996390884146,66.20486111111111,1.9449778723656337,8.998842592592602
traffic,arima,69,1904,2012-05-19 08:00:00,57.942129629629626,59.150996390884146,66.20486111111111,1.2088667612545194,8.262731481481488
traffic,arima,70,1904,2012-05-19 08:00:00,63.03819444444445,59.150996390884146,66.20486111111111,3.8871980535603043,3.1666666666666643
traffic,arima,71,1904,2012-05-19 08:00:00,65.64583333333333,59.150996390884146,66.20486111111111,6.494836942449183,0.5590277777777857
traffic,arima,72,1904,2012-05-19 08:00:00,67.6863425925926,59.150996390884146,66.20486111111111,8.53534620170845,1.481481481481481
traffic,arima,1,1928,2012-05-20 08:00:00,67.3761574074074,65.27922832573113,67.5324074074074,2.0969290816762793,0.15625
traffic,arima,2,1928,2012-05-20 08:00:00,68.02662037037037,63.048882219435356,67.5324074074074,4.977738150935011,0.4942129629629619
traffic,arima,3,1928,2012-05-20 08:00:00,67.75512566137566,61.53003157329716,67.5324074074074,6.2250940880784995,0.22271825396825307
traffic,arima,4,1928,2012-05-20 08:00:00,66.25876322751323,60.619571473254794,67.5324074074074,5.639191754258434,1.2736441798941769
traffic,arima,5,1928,2012-05-20 08:00:00,68.78935185185185,60.106178802503464,67.5324074074074,8.683173049348383,1.2569444444444429
traffic,arima,6,1928,2012-05-20 08:00:00,69.01620370370371,59.82629784493141,67.5324074074074,9.189905858772299,1.4837962962963047
traffic,arima,7,1928,2012-05-20 08:00:00,67.875,59.67675205556337,67.5324074074074,8.19824794443663,0.3425925925925952
traffic,arima,8,1928,2012-05-20 08:00:00,67.56712962962963,59.59783740029547,67.5324074074074,7.969292229334165,0.03472222222222854
traffic,arima,9,1928,2012-05-20 08:00:00,67.59837962962963,59.556524436516874,67.5324074074074,8.04185519311276,0.06597222222222854
traffic,arima,10,1928,2012-05-20 08:00:00,68.07870370370371,59.53500779013341,67.5324074074074,8.543695913570296,0.5462962962963047
traffic,arima,11,1928,2012-05-20 08:00:00,68.01273148148148,59.52383931091578,67.5324074074074,8.488892170565698,0.4803240740740762
traffic,arima,12,1928,2012-05-20 08:00:00,66.91782407407408,59.518055104543485,67.5324074074074,7.399768969530591,0.6145833333333286
traffic,arima,13,1928,2012-05-20 08:00:00,67.64699074074075,59.51506387119525,67.5324074074074,8.131926869545495,0.11458333333334281
traffic,arima,14,1928,2012-05-20 08:00:00,67.97635582010582,59.5135185141727,67.5324074074074,8.462837305933121,0.44394841269841834
traffic,arima,15,1928,2012-05-20 08:00:00,67.32093253968254,59.51272066275825,67.5324074074074,7.808211876924297,0.2114748677248599
traffic,arima,16,1928,2012-05-20 08:00:00,67.26504629629629,59.51230892120542,67.5324074074074,7.752737375090874,0.26736111111111427
traffic,arima,17,1928,2012-05-20 08:00:00,65.25330687830687,59.51209649892484,67.5324074074074,5.741210379382032,2.279100529100532
traffic,arima,18,1928,2012-05-20 08:00:00,62.48925264550264,59.511986929266165,67.5324074074074,2.9772657162364737,5.043154761904766
traffic,arima,19,1928,2012-05-20 08:00:00,60.557374338624335,59.51193041948759,67.5324074074074,1.0454439191367442,6.97503306878307
traffic,arima,20,1928,2012-05-20 08:00:00,59.086970899470906,59.51190127752479,67.5324074074074,0.42493037805388667,8.445436507936499
traffic,arima,21,1928,2012-05-20 08:00:00,62.47619047619048,59.51188624996401,67.5324074074074,2.9643042262264743,5.056216931216923
traffic,arima,22,1928,2012-05-20 08:00:00,63.217923280423285,59.51187850104504,67.5324074074074,3.706044779378246,4.314484126984119
traffic,arima,23,1928,2012-05-20 08:00:00,65.94560185185186,59.51187450544213,67.5324074074074,6.433727346409732,1.586805555555543
traffic,arima,24,1928,2012-05-20 08:00:00,67.47337962962963,59.51187244521134,67.5324074074074,7.961507184418295,0.05902777777777146
traffic,arima,25,1928,2012-05-20 08:00:00,65.37037037037037,59.511871382918365,67.5324074074074,5.858498987452002,2.162037037037038
traffic,arima,26,1928,2012-05-20 08:00:00,63.93981481481482,59.51187083518485,67.5324074074074,4.4279439796299656,3.592592592592588
traffic,arima,27,1928,2012-05-20 08:00:00,63.71759259259259,59.51187055276708,67.5324074074074,4.20572203982551,3.8148148148148167
traffic,arima,28,1928,2012-05-20 08:00:00,64.42592592592592,59.51187040714971,67.5324074074074,4.914055518776216,3.106481481481481
traffic,arima,29,1928,2012-05-20 08:00:00,65.33680555555556,59.511870332068135,67.5324074074074,5.824935223487422,2.1956018518518476
traffic,arima,30,1928,2012-05-20 08:00:00,63.96412037037037,59.51187029335549,67.5324074074074,4.452250077014874,3.568287037037038
traffic,arima,31,1928,2012-05-20 08:00:00,66.30069444444445,59.511870273394976,67.5324074074074,6.78882417104947,1.231712962962959
traffic,arima,32,1928,2012-05-20 08:00:00,64.89583333333333,59.5118702631032,67.5324074074074,5.383963070230131,2.636574074074076
traffic,arima,33,1928,2012-05-20 08:00:00,66.5636574074074,59.51187025779669,67.5324074074074,7.051787149610718,0.96875
traffic,arima,34,1928,2012-05-20 08:00:00,37.08449074074074,59.511870255060614,67.5324074074074,22.427379514319874,30.447916666666664
traffic,arima,35,1928,2012-05-20 08:00:00,19.11689814814815,59.51187025364988,67.5324074074074,40.394972105501736,48.41550925925925
traffic,arima,36,1928,2012-05-20 08:00:00,67.61597222222223,59.5118702529225,67.5324074074074,8.104101969299727,0.08356481481482092
traffic,arima,37,1928,2012-05-20 08:00:00,66.61921296296296,59.51187025254745,67.5324074074074,7.107342710415509,0.9131944444444429
traffic,arima,38,1928,2012-05-20 08:00:00,66.34953703703704,59.51187025235408,67.5324074074074,6.837666784682959,1.1828703703703667
traffic,arima,39,1928,2012-05-20 08:00:00,67.05578703703704,59.51187025225437,67.5324074074074,7.543916784782667,0.47662037037036953
traffic,arima,40,1928,2012-05-20 08:00:00,64.06018518518519,59.51187025220296,67.5324074074074,4.54831493298223,3.4722222222222143
traffic,arima,41,1928,2012-05-20 08:00:00,61.9537037037037,59.51187025217646,67.5324074074074,2.441833451527245,5.578703703703702
traffic,arima,42,1928,2012-05-20 08:00:00,60.10277777777778,59.51187025216279,67.5324074074074,0.5909075256149947,7.429629629629623
traffic,arima,43,1928,2012-05-20 08:00:00,59.71875,59.511870252155745,67.5324074074074,0.20687974784425478,7.813657407407405
traffic,arima,44,1928,2012-05-20 08:00:00,57.20601851851851,59.51187025215211,67.5324074074074,2.3058517336335953,10.326388888888893
traffic,arima,45,1928,2012-05-20 08:00:00,57.942129629629626,59.51187025215024,67.5324074074074,1.5697406225206123,9.590277777777779
traffic,arima,46,1928,2012-05-20 08:00:00,63.03819444444445,59.51187025214927,67.5324074074074,3.526324192295178,4.494212962962955
traffic,arima,47,1928,2012-05-20 08:00:00,65.64583333333333,59.511870252148775,67.5324074074074,6.133963081184554,1.8865740740740762
traffic,arima,48,1928,2012-05-20 08:00:00,67.6863425925926,59.51187025214851,67.5324074074074,8.174472340444083,0.15393518518519045
traffic,arima,49,1928,2012-05-20 08:00:00,65.75462962962963,59.511870252148384,67.5324074074074,6.242759377481249,1.7777777777777715
traffic,arima,50,1928,2012-05-20 08:00:00,63.83349867724868,59.51187025214831,67.5324074074074,4.321628425100364,3.6989087301587276
traffic,arima,51,1928,2012-05-20 08:00:00,63.32572751322751,59.51187025214828,67.5324074074074,3.813857261079235,4.206679894179892
traffic,arima,52,1928,2012-05-20 08:00:00,62.49652777777778,59.51187025214826,67.5324074074074,2.9846575256295154,5.035879629629626
traffic,arima,53,1928,2012-05-20 08:00:00,63.92890211640212,59.51187025214825,67.5324074074074,4.417031864253872,3.603505291005284
traffic,arima,54,1928,2012-05-20 08:00:00,64.90046296296296,59.51187025214825,67.5324074074074,5.388592710814713,2.631944444444443
traffic,arima,55,1928,2012-05-20 08:00:00,65.41087962962963,59.51187025214824,67.5324074074074,5.899009377481391,2.1215277777777715
traffic,arima,56,1928,2012-05-20 08:00:00,66.1550925925926,59.51187025214824,67.5324074074074,6.643222340444353,1.3773148148148096
traffic,arima,57,1928,2012-05-20 08:00:00,58.37152777777778,59.51187025214824,67.5324074074074,1.1403424743704633,9.160879629629626
traffic,arima,58,1928,2012-05-20 08:00:00,16.322916666666668,59.51187025214824,67.5324074074074,43.18895358548157,51.20949074074073
traffic,arima,59,1928,2012-05-20 08:00:00,15.76273148148148,59.51187025214824,67.5324074074074,43.74913877066676,51.769675925925924
traffic,arima,60,1928,2012-05-20 08:00:00,35.83416005291006,59.51187025214824,67.5324074074074,23.677710199238184,31.698247354497347
traffic,arima,61,1928,2012-05-20 08:00:00,66.55208333333333,59.51187025214824,67.5324074074074,7.040213081185087,0.9803240740740762
traffic,arima,62,1928,2012-05-20 08:00:00,66.75694444444444,59.51187025214824,67.5324074074074,7.245074192296201,0.7754629629629619
traffic,arima,63,1928,2012-05-20 08:00:00,66.15046296296296,59.51187025214824,67.5324074074074,6.63859271081472,1.3819444444444429
traffic,arima,64,1928,2012-05-20 08:00:00,65.46875,59.51187025214824,67.5324074074074,5.956879747851758,2.0636574074074048
traffic,arima,65,1928,2012-05-20 08:00:00,63.2650462962963,59.51187025214824,67.5324074074074,3.7531760441480557,4.267361111111107
traffic,arima,66,1928,2012-05-20 08:00:00,61.138888888888886,59.51187025214824,67.5324074074074,1.6270186367406438,6.393518518518519
traffic,arima,67,1928,2012-05-20 08:00:00,60.55555555555555,59.51187025214824,67.5324074074074,1.0436853034073081,6.976851851851855
traffic,arima,68,1928,2012-05-20 08:00:00,59.01736111111112,59.51187025214824,67.5324074074074,0.4945091410371205,8.515046296296283
traffic,arima,69,1928,2012-05-20 08:00:00,59.74024470899471,59.51187025214824,67.5324074074074,0.22837445684646696,7.792162698412696
traffic,arima,70,1928,2012-05-20 08:00:00,63.34242724867725,59.51187025214824,67.5324074074074,3.8305569965290047,4.189980158730158
traffic,arima,71,1928,2012-05-20 08:00:00,65.84722222222221,59.51187025214824,67.5324074074074,6.335351970073972,1.6851851851851904
traffic,arima,72,1928,2012-05-20 08:00:00,66.83449074074075,59.51187025214824,67.5324074074074,7.322620488592506,0.6979166666666572
traffic,arima,1,1952,2012-05-21 08:00:00,65.37037037037037,65.36912714371147,67.47337962962963,0.0012432266589001983,2.1030092592592666
traffic,arima,2,1952,2012-05-21 08:00:00,63.93981481481482,63.32824278724435,67.47337962962963,0.6115720275704675,3.5335648148148167
traffic,arima,3,1952,2012-05-21 08:00:00,63.71759259259259,61.92401464750053,67.47337962962963,1.7935779450920606,3.755787037037045
traffic,arima,4,1952,2012-05-21 08:00:00,64.42592592592592,61.05296298091315,67.47337962962963,3.372962945012773,3.0474537037037095
traffic,arima,5,1952,2012-05-21 08:00:00,65.33680555555556,60.53482004982293,67.47337962962963,4.801985505732624,2.136574074074076
traffic,arima,6,1952,2012-05-21 08:00:00,63.96412037037037,60.23233829642742,67.47337962962963,3.731782073942945,3.5092592592592666
traffic,arima,7,1952,2012-05-21 08:00:00,66.30069444444445,60.057301579499764,67.47337962962963,6.243392864944681,1.1726851851851876
traffic,arima,8,1952,2012-05-21 08:00:00,64.89583333333333,59.95643815866489,67.47337962962963,4.939395174668441,2.5775462962963047
traffic,arima,9,1952,2012-05-21 08:00:00,66.5636574074074,59.89843423107073,67.47337962962963,6.665223176336674,0.9097222222222285
traffic,arima,10,1952,2012-05-21 08:00:00,37.08449074074074,59.865110461804676,67.47337962962963,22.780619721063935,30.388888888888893
traffic,arima,11,1952,2012-05-21 08:00:00,19.11689814814815,59.8459748045722,67.47337962962963,40.729076656424056,48.35648148148148
traffic,arima,12,1952,2012-05-21 08:00:00,67.61597222222223,59.834989003072344,67.47337962962963,7.780983219149881,0.14259259259259238
traffic,arima,13,1952,2012-05-21 08:00:00,66.61921296296296,59.82868275557809,67.47337962962963,6.790530207384869,0.8541666666666714
traffic,arima,14,1952,2012-05-21 08:00:00,66.34953703703704,59.82506294058796,67.47337962962963,6.524474096449076,1.1238425925925952
traffic,arima,15,1952,2012-05-21 08:00:00,67.05578703703704,59.8229852058434,67.47337962962963,7.232801831193633,0.41759259259259807
traffic,arima,16,1952,2012-05-21 08:00:00,64.06018518518519,59.82179262407486,67.47337962962963,4.238392561110331,3.413194444444443
traffic,arima,17,1952,2012-05-21 08:00:00,61.9537037037037,59.82110810828337,67.47337962962963,2.1325955954203337,5.519675925925931
traffic,arima,18,1952,2012-05-21 08:00:00,60.10277777777778,59.820715212439644,67.47337962962963,0.282062565338137,7.370601851851852
traffic,arima,19,1952,2012-05-21 08:00:00,59.71875,59.82048969987504,67.47337962962963,0.10173969987503995,7.754629629629633
traffic,arima,20,1952,2012-05-21 08:00:00,57.20601851851851,59.8203602612965,67.47337962962963,2.614341742777988,10.267361111111121
traffic,arima,21,1952,2012-05-21 08:00:00,57.942129629629626,59.82028596681244,67.47337962962963,1.8781563371828156,9.531250000000007
traffic,arima,22,1952,2012-05-21 08:00:00,63.03819444444445,59.820243323657174,67.47337962962963,3.2179511207872764,4.435185185185183
traffic,arima,23,1952,2012-05-21 08:00:00,65.64583333333333,59.82021884756638,67.47337962962963,5.825614485766948,1.8275462962963047
traffic,arima,24,1952,2012-05-21 08:00:00,67.6863425925926,59.82020479891092,67.47337962962963,7.866137793681673,0.2129629629629619
traffic,arima,25,1952,2012-05-21 08:00:00,65.75462962962963,59.820196735339096,67.47337962962963,5.934432894290538,1.71875
traffic,arima,26,1952,2012-05-21 08:00:00,63.83349867724868,59.82019210705347,67.47337962962963,4.013306570195205,3.639880952380956
traffic,arima,27,1952,2012-05-21 08:00:00,63.32572751322751,59.82018945053499,67.47337962962963,3.5055380626925228,4.147652116402121
traffic,arima,28,1952,2012-05-21 08:00:00,62.49652777777778,59.82018792576079,67.47337962962963,2.676339852016987,4.976851851851855
traffic,arima,29,1952,2012-05-21 08:00:00,63.92890211640212,59.82018705057911,67.47337962962963,4.108715065823013,3.5444775132275126
traffic,arima,30,1952,2012-05-21 08:00:00,64.90046296296296,59.82018654824703,67.47337962962963,5.080276414715932,2.5729166666666714
traffic,arima,31,1952,2012-05-21 08:00:00,65.41087962962963,59.820186259921165,67.47337962962963,5.590693369708468,2.0625
traffic,arima,32,1952,2012-05-21 08:00:00,66.1550925925926,59.82018609442944,67.47337962962963,6.334906498163157,1.318287037037038
traffic,arima,33,1952,2012-05-21 08:00:00,58.37152777777778,59.820185999441385,67.47337962962963,1.4486582216636066,9.101851851851855
traffic,arima,34,1952,2012-05-21 08:00:00,16.322916666666668,59.82018594492065,67.47337962962963,43.49726927825398,51.15046296296296
traffic,arima,35,1952,2012-05-21 08:00:00,15.76273148148148,59.820185913627135,67.47337962962963,44.057454432145654,51.71064814814815
traffic,arima,36,1952,2012-05-21 08:00:00,35.83416005291006,59.82018589566545,67.47337962962963,23.986025842755396,31.639219576719576
traffic,arima,37,1952,2012-05-21 08:00:00,66.55208333333333,59.820185885355905,67.47337962962963,6.731897447977424,0.9212962962963047
traffic,arima,38,1952,2012-05-21 08:00:00,66.75694444444444,59.82018587943848,67.47337962962963,6.9367585650059596,0.7164351851851904
traffic,arima,39,1952,2012-05-21 08:00:00,66.15046296296296,59.82018587604203,67.47337962962963,6.33027708692093,1.3229166666666714
traffic,arima,40,1952,2012-05-21 08:00:00,65.46875,59.82018587409256,67.47337962962963,5.648564125907441,2.0046296296296333
traffic,arima,41,1952,2012-05-21 08:00:00,63.2650462962963,59.82018587297361,67.47337962962963,3.4448604233226874,4.208333333333336
traffic,arima,42,1952,2012-05-21 08:00:00,61.138888888888886,59.82018587233136,67.47337962962963,1.318703016557528,6.334490740740748
traffic,arima,43,1952,2012-05-21 08:00:00,60.55555555555555,59.82018587196273,67.47337962962963,0.7353696835928218,6.917824074074083
traffic,arima,44,1952,2012-05-21 08:00:00,59.01736111111112,59.82018587175114,67.47337962962963,0.8028247606400214,8.456018518518512
traffic,arima,45,1952,2012-05-21 08:00:00,59.74024470899471,59.8201858716297,67.47337962962963,0.07994116263498796,7.7331349206349245
traffic,arima,46,1952,2012-05-21 08:00:00,63.34242724867725,59.820185871559985,67.47337962962963,3.522241377117261,4.130952380952387
traffic,arima,47,1952,2012-05-21 08:00:00,65.84722222222221,59.820185871519975,67.47337962962963,6.0270363507022395,1.626157407407419
traffic,arima,48,1952,2012-05-21 08:00:00,66.83449074074075,59.82018587149701,67.47337962962963,7.0143048692437375,0.6388888888888857
traffic,arima,49,1952,2012-05-21 08:00:00,64.8738425925926,59.82018587148383,67.47337962962963,5.053656721108766,2.599537037037038
traffic,arima,50,1952,2012-05-21 08:00:00,64.125,59.82018587147627,67.47337962962963,4.304814128523731,3.3483796296296333
traffic,arima,51,1952,2012-05-21 08:00:00,63.989583333333336,59.82018587147192,67.47337962962963,4.169397461861415,3.4837962962962976
traffic,arima,52,1952,2012-05-21 08:00:00,63.670138888888886,59.820185871469434,67.47337962962963,3.849953017419452,3.8032407407407476
traffic,arima,53,1952,2012-05-21 08:00:00,63.326388888888886,59.820185871468,67.47337962962963,3.506203017420887,4.146990740740748
traffic,arima,54,1952,2012-05-21 08:00:00,62.02199074074074,59.82018587146718,67.47337962962963,2.201804869273559,5.451388888888893
traffic,arima,55,1952,2012-05-21 08:00:00,62.7974537037037,59.820185871466705,67.47337962962963,2.977267832236997,4.675925925925931
traffic,arima,56,1952,2012-05-21 08:00:00,63.55076058201058,59.820185871466435,67.47337962962963,3.730574710544147,3.922619047619051
traffic,arima,57,1952,2012-05-21 08:00:00,59.138888888888886,59.82018587146628,67.47337962962963,0.6812969825773934,8.334490740740748
traffic,arima,58,1952,2012-05-21 08:00:00,17.24652777777778,59.820185871466194,67.47337962962963,42.573658093688415,50.226851851851855
traffic,arima,59,1952,2012-05-21 08:00:00,13.849041005291005,59.820185871466144,67.47337962962963,45.97114486617514,53.62433862433863
traffic,arima,60,1952,2012-05-21 08:00:00,41.64467592592592,59.820185871466116,67.47337962962963,18.1755099455402,25.828703703703717
traffic,arima,61,1952,2012-05-21 08:00:00,67.3738425925926,59.820185871466094,67.47337962962963,7.553656721126501,0.09953703703703809
traffic,arima,62,1952,2012-05-21 08:00:00,66.60995370370371,59.82018587146609,67.47337962962963,6.789767832237622,0.8634259259259238
traffic,arima,63,1952,2012-05-21 08:00:00,66.00694444444444,59.82018587146608,67.47337962962963,6.186758572978363,1.4664351851851904
traffic,arima,64,1952,2012-05-21 08:00:00,64.40376984126983,59.82018587146608,67.47337962962963,4.583583969803755,3.0696097883597986
traffic,arima,65,1952,2012-05-21 08:00:00,62.91220238095238,59.82018587146607,67.47337962962963,3.0920165094863066,4.561177248677254
traffic,arima,66,1952,2012-05-21 08:00:00,61.30439814814815,59.82018587146607,67.47337962962963,1.4842122766820793,6.168981481481481
traffic,arima,67,1952,2012-05-21 08:00:00,58.13425925925926,59.82018587146607,67.47337962962963,1.6859266122068135,9.339120370370374
traffic,arima,68,1952,2012-05-21 08:00:00,58.8287037037037,59.82018587146607,67.47337962962963,0.9914821677623706,8.644675925925931
traffic,arima,69,1952,2012-05-21 08:00:00,56.31233465608466,59.82018587146607,67.47337962962963,3.5078512153814145,11.161044973544975
traffic,arima,70,1952,2012-05-21 08:00:00,63.19097222222222,59.82018587146607,67.47337962962963,3.3707863507561484,4.282407407407412
traffic,arima,71,1952,2012-05-21 08:00:00,65.78587962962963,59.82018587146607,67.47337962962963,5.96569375816356,1.6875
traffic,arima,72,1952,2012-05-21 08:00:00,67.83101851851852,59.82018587146607,67.47337962962963,8.010832647052446,0.35763888888888573
traffic,arima,1,1976,2012-05-22 08:00:00,65.75462962962963,65.46732358106638,67.6863425925926,0.28730604856325215,1.931712962962962
traffic,arima,2,1976,2012-05-22 08:00:00,63.83349867724868,63.26900849314625,67.6863425925926,0.564490184102425,3.852843915343918
traffic,arima,3,1976,2012-05-22 08:00:00,63.32572751322751,61.77041900687999,67.6863425925926,1.5553085063475223,4.360615079365083
traffic,arima,4,1976,2012-05-22 08:00:00,62.49652777777778,60.858648810298966,67.6863425925926,1.6378789674788123,5.189814814814817
traffic,arima,5,1976,2012-05-22 08:00:00,63.92890211640212,60.32971342920156,67.6863425925926,3.5991886872005594,3.7574404761904745
traffic,arima,6,1976,2012-05-22 08:00:00,64.90046296296296,60.02966078404695,67.6863425925926,4.8708021789160085,2.7858796296296333
traffic,arima,7,1976,2012-05-22 08:00:00,65.41087962962963,59.86132350717984,67.6863425925926,5.549556122449793,2.275462962962962
traffic,arima,8,1976,2012-05-22 08:00:00,66.1550925925926,59.7674115246122,67.6863425925926,6.387681067980395,1.53125
traffic,arima,9,1976,2012-05-22 08:00:00,58.37152777777778,59.715171111578826,67.6863425925926,1.3436433338010474,9.314814814814817
traffic,arima,10,1976,2012-05-22 08:00:00,16.322916666666668,59.686154749624784,67.6863425925926,43.36323808295812,51.363425925925924
traffic,arima,11,1976,2012-05-22 08:00:00,15.76273148148148,59.67005043045813,67.6863425925926,43.90731894897665,51.923611111111114
traffic,arima,12,1976,2012-05-22 08:00:00,35.83416005291006,59.661116005576055,67.6863425925926,23.826955952665998,31.852182539682538
traffic,arima,13,1976,2012-05-22 08:00:00,66.55208333333333,59.65616036636844,67.6863425925926,6.895922966964889,1.1342592592592666
traffic,arima,14,1976,2012-05-22 08:00:00,66.75694444444444,59.653411932421015,67.6863425925926,7.103532512023428,0.9293981481481524
traffic,arima,15,1976,2012-05-22 08:00:00,66.15046296296296,59.65188771747085,67.6863425925926,6.498575245492113,1.5358796296296333
traffic,arima,16,1976,2012-05-22 08:00:00,65.46875,59.65104244979595,67.6863425925926,5.817707550204048,2.2175925925925952
traffic,arima,17,1976,2012-05-22 08:00:00,63.2650462962963,59.65057370592522,67.6863425925926,3.6144725903710793,4.421296296296298
traffic,arima,18,1976,2012-05-22 08:00:00,61.138888888888886,59.650313765723205,67.6863425925926,1.4885751231656812,6.5474537037037095
traffic,arima,19,1976,2012-05-22 08:00:00,60.55555555555555,59.6501696174368,67.6863425925926,0.9053859381187479,7.130787037037045
traffic,arima,20,1976,2012-05-22 08:00:00,59.01736111111112,59.6500896810399,67.6863425925926,0.6327285699287799,8.668981481481474
traffic,arima,21,1976,2012-05-22 08:00:00,59.74024470899471,59.65004535293547,67.6863425925926,0.09019935605923735,7.946097883597886
traffic,arima,22,1976,2012-05-22 08:00:00,63.34242724867725,59.65002077114601,67.6863425925926,3.692406477531236,4.343915343915349
traffic,arima,23,1976,2012-05-22 08:00:00,65.84722222222221,59.65000713951896,67.6863425925926,6.197215082703252,1.839120370370381
traffic,arima,24,1976,2012-05-22 08:00:00,66.83449074074075,59.64999958021469,67.6863425925926,7.184491160526058,0.8518518518518476
traffic,arima,25,1976,2012-05-22 08:00:00,64.8738425925926,59.64999538826636,67.6863425925926,5.223847204326233,2.8125
traffic,arima,26,1976,2012-05-22 08:00:00,64.125,59.64999306365692,67.6863425925926,4.475006936343078,3.5613425925925952
traffic,arima,27,1976,2012-05-22 08:00:00,63.989583333333336,59.64999177456448,67.6863425925926,4.339591558768859,3.6967592592592595
traffic,arima,28,1976,2012-05-22 08:00:00,63.670138888888886,59.6499910597092,67.6863425925926,4.020147829179685,4.0162037037037095
traffic,arima,29,1976,2012-05-22 08:00:00,63.326388888888886,59.649990663292286,67.6863425925926,3.6763982255966,4.3599537037037095
traffic,arima,30,1976,2012-05-22 08:00:00,62.02199074074074,59.64999044346265,67.6863425925926,2.372000297278092,5.664351851851855
traffic,arima,31,1976,2012-05-22 08:00:00,62.7974537037037,59.64999032155799,67.6863425925926,3.147463382145709,4.888888888888893
traffic,arima,32,1976,2012-05-22 08:00:00,63.55076058201058,59.6499902539568,67.6863425925926,3.900770328053781,4.135582010582013
traffic,arima,33,1976,2012-05-22 08:00:00,59.138888888888886,59.649990216469135,67.6863425925926,0.5111013275802492,8.54745370370371
traffic,arima,34,1976,2012-05-22 08:00:00,17.24652777777778,59.649990195680665,67.6863425925926,42.40346241790289,50.43981481481482
traffic,arima,35,1976,2012-05-22 08:00:00,13.849041005291005,59.6499901841526,67.6863425925926,45.80094917886159,53.83730158730159
traffic,arima,36,1976,2012-05-22 08:00:00,41.64467592592592,59.64999017775981,67.6863425925926,18.005314251833894,26.04166666666668
traffic,arima,37,1976,2012-05-22 08:00:00,67.3738425925926,59.64999017421474,67.6863425925926,7.723852418377852,0.3125
traffic,arima,38,1976,2012-05-22 08:00:00,66.60995370370371,59.64999017224885,67.6863425925926,6.959963531454861,1.0763888888888857
traffic,arima,39,1976,2012-05-22 08:00:00,66.00694444444444,59.649990171158684,67.6863425925926,6.3569542732857585,1.6793981481481524
traffic,arima,40,1976,2012-05-22 08:00:00,64.40376984126983,59.64999017055414,67.6863425925926,4.753779670715694,3.2825727513227605
traffic,arima,41,1976,2012-05-22 08:00:00,62.91220238095238,59.6499901702189,67.6863425925926,3.2622122107334803,4.774140211640216
traffic,arima,42,1976,2012-05-22 08:00:00,61.30439814814815,59.64999017003299,67.6863425925926,1.6544079781151595,6.381944444444443
traffic,arima,43,1976,2012-05-22 08:00:00,58.13425925925926,59.6499901699299,67.6863425925926,1.5157309106706407,9.552083333333336
traffic,arima,44,1976,2012-05-22 08:00:00,58.8287037037037,59.64999016987273,67.6863425925926,0.8212864661690276,8.857638888888893
traffic,arima,45,1976,2012-05-22 08:00:00,56.31233465608466,59.649990169841026,67.6863425925926,3.337655513756367,11.374007936507937
traffic,arima,46,1976,2012-05-22 08:00:00,63.19097222222222,59.64999016982345,67.6863425925926,3.5409820523987747,4.495370370370374
traffic,arima,47,1976,2012-05-22 08:00:00,65.78587962962963,59.6499901698137,67.6863425925926,6.135889459815935,1.900462962962962
traffic,arima,48,1976,2012-05-22 08:00:00,67.83101851851852,59.64999016980829,67.6863425925926,8.181028348710228,0.14467592592592382
traffic,arima,49,1976,2012-05-22 08:00:00,67.48379629629629,59.64999016980529,67.6863425925926,7.833806126490998,0.20254629629630472
traffic,arima,50,1976,2012-05-22 08:00:00,66.69212962962963,59.64999016980363,67.6863425925926,7.042139459826004,0.9942129629629619
traffic,arima,51,1976,2012-05-22 08:00:00,65.44212962962963,59.64999016980271,67.6863425925926,5.79213945982692,2.244212962962962
traffic,arima,52,1976,2012-05-22 08:00:00,63.53058862433863,59.6499901698022,67.6863425925926,3.8805984545364254,4.155753968253968
traffic,arima,53,1976,2012-05-22 08:00:00,63.232638888888886,59.64999016980192,67.6863425925926,3.5826487190869685,4.4537037037037095
traffic,arima,54,1976,2012-05-22 08:00:00,63.37152777777778,59.64999016980176,67.6863425925926,3.7215376079760176,4.314814814814817
traffic,arima,55,1976,2012-05-22 08:00:00,62.04050925925926,59.64999016980167,67.6863425925926,2.390519089457591,5.645833333333336
traffic,arima,56,1976,2012-05-22 08:00:00,63.43634259259259,59.64999016980162,67.6863425925926,3.7863524227909693,4.250000000000007
traffic,arima,57,1976,2012-05-22 08:00:00,35.051752645502646,59.6499901698016,67.6863425925926,24.598237524298952,32.63458994708995
traffic,arima,58,1976,2012-05-22 08:00:00,14.829861111111112,59.64999016980158,67.6863425925926,44.82012905869047,52.85648148148148
traffic,arima,59,1976,2012-05-22 08:00:00,14.819444444444445,59.64999016980157,67.6863425925926,44.830545725357126,52.86689814814815
traffic,arima,60,1976,2012-05-22 08:00:00,46.09953703703704,59.64999016980157,67.6863425925926,13.550453132764531,21.586805555555557
traffic,arima,61,1976,2012-05-22 08:00:00,67.05704365079366,59.64999016980156,67.6863425925926,7.407053480992097,0.6292989417989361
traffic,arima,62,1976,2012-05-22 08:00:00,64.02314814814815,59.64999016980156,67.6863425925926,4.37315797834659,3.663194444444443
traffic,arima,63,1976,2012-05-22 08:00:00,65.5300925925926,59.64999016980156,67.6863425925926,5.880102422791033,2.15625
traffic,arima,64,1976,2012-05-22 08:00:00,65.17245370370371,59.64999016980156,67.6863425925926,5.5224635339021475,2.5138888888888857
traffic,arima,65,1976,2012-05-22 08:00:00,61.93055555555555,59.64999016980156,67.6863425925926,2.280565385753988,5.755787037037045
traffic,arima,66,1976,2012-05-22 08:00:00,59.02662037037037,59.64999016980156,67.6863425925926,0.6233697994311953,8.659722222222229
traffic,arima,67,1976,2012-05-22 08:00:00,58.35714285714286,59.64999016980156,67.6863425925926,1.2928473126587008,9.329199735449734
traffic,arima,68,1976,2012-05-22 08:00:00,55.80522486772487,59.64999016980156,67.6863425925926,3.844765302076695,11.881117724867728
traffic,arima,69,1976,2012-05-22 08:00:00,58.525,59.64999016980156,67.6863425925926,1.1249901698015634,9.161342592592597
traffic,arima,70,1976,2012-05-22 08:00:00,61.72685185185185,59.64999016980156,67.6863425925926,2.0768616820502857,5.959490740740748
traffic,arima,71,1976,2012-05-22 08:00:00,64.45833333333333,59.64999016980156,67.6863425925926,4.808343163531767,3.2280092592592666
traffic,arima,72,1976,2012-05-22 08:00:00,63.87037037037037,59.64999016980156,67.6863425925926,4.220380200568805,3.8159722222222285
traffic,arima,1,2000,2012-05-23 08:00:00,64.8738425925926,64.67800541239654,66.83449074074075,0.195837180196051,1.9606481481481524
traffic,arima,2,2000,2012-05-23 08:00:00,64.125,62.58981991162362,66.83449074074075,1.5351800883763786,2.7094907407407476
traffic,arima,3,2000,2012-05-23 08:00:00,63.989583333333336,61.18042999260243,66.83449074074075,2.8091533407309086,2.844907407407412
traffic,arima,4,2000,2012-05-23 08:00:00,63.670138888888886,60.353722770940784,66.83449074074075,3.3164161179481013,3.164351851851862
traffic,arima,5,2000,2012-05-23 08:00:00,63.326388888888886,59.90512124636724,66.83449074074075,3.4212676425216486,3.508101851851862
traffic,arima,6,2000,2012-05-23 08:00:00,62.02199074074074,59.673882114319944,66.83449074074075,2.348108626420796,4.812500000000007
traffic,arima,7,2000,2012-05-23 08:00:00,62.7974537037037,59.55910735431052,66.83449074074075,3.2383463493931828,4.037037037037045
traffic,arima,8,2000,2012-05-23 08:00:00,63.55076058201058,59.50382763629163,66.83449074074075,4.04693294571895,3.2837301587301653
traffic,arima,9,2000,2012-05-23 08:00:00,59.138888888888886,59.477872461528435,66.83449074074075,0.3389835726395489,7.695601851851862
traffic,arima,10,2000,2012-05-23 08:00:00,17.24652777777778,59.465959514558115,66.83449074074075,42.21943173678034,49.58796296296297
traffic,arima,11,2000,2012-05-23 08:00:00,13.849041005291005,59.46060640980319,66.83449074074075,45.611565404512184,52.98544973544974
traffic,arima,12,2000,2012-05-23 08:00:00,41.64467592592592,59.458250180489614,66.83449074074075,17.813574254563697,25.18981481481483
traffic,arima,13,2000,2012-05-23 08:00:00,67.3738425925926,59.457234610972534,66.83449074074075,7.916607981620061,0.5393518518518476
traffic,arima,14,2000,2012-05-23 08:00:00,66.60995370370371,59.45680652327251,66.83449074074075,7.153147180431198,0.2245370370370381
traffic,arima,15,2000,2012-05-23 08:00:00,66.00694444444444,59.456630475130666,66.83449074074075,6.550313969313777,0.8275462962963047
traffic,arima,16,2000,2012-05-23 08:00:00,64.40376984126983,59.456560131865444,66.83449074074075,4.94720970940439,2.430720899470913
traffic,arima,17,2000,2012-05-23 08:00:00,62.91220238095238,59.45653300869504,66.83449074074075,3.45566937225734,3.922288359788368
traffic,arima,18,2000,2012-05-23 08:00:00,61.30439814814815,59.456523035095415,66.83449074074075,1.847875113052737,5.530092592592595
traffic,arima,19,2000,2012-05-23 08:00:00,58.13425925925926,59.45651961505705,66.83449074074075,1.3222603557977877,8.700231481481488
traffic,arima,20,2000,2012-05-23 08:00:00,58.8287037037037,59.456518574731355,66.83449074074075,0.6278148710276525,8.005787037037045
traffic,arima,21,2000,2012-05-23 08:00:00,56.31233465608466,59.456518334301734,66.83449074074075,3.1441836782170753,10.522156084656089
traffic,arima,22,2000,2012-05-23 08:00:00,63.19097222222222,59.456518327930254,66.83449074074075,3.734453894291967,3.643518518518526
traffic,arima,23,2000,2012-05-23 08:00:00,65.78587962962963,59.45651836966071,66.83449074074075,6.329361259968927,1.0486111111111143
traffic,arima,24,2000,2012-05-23 08:00:00,67.83101851851852,59.45651840756306,66.83449074074075,8.37450011095546,0.9965277777777715
traffic,arima,25,2000,2012-05-23 08:00:00,67.48379629629629,59.4565184326352,66.83449074074075,8.02727786366109,0.6493055555555429
traffic,arima,26,2000,2012-05-23 08:00:00,66.69212962962963,59.4565184471932,66.83449074074075,7.235611182436436,0.14236111111111427
traffic,arima,27,2000,2012-05-23 08:00:00,65.44212962962963,59.45651845504304,66.83449074074075,5.9856111745865945,1.3923611111111143
traffic,arima,28,2000,2012-05-23 08:00:00,63.53058862433863,59.456518459071276,66.83449074074075,4.074070165267351,3.3039021164021207
traffic,arima,29,2000,2012-05-23 08:00:00,63.232638888888886,59.45651846106377,66.83449074074075,3.776120427825113,3.601851851851862
traffic,arima,30,2000,2012-05-23 08:00:00,63.37152777777778,59.456518462020696,66.83449074074075,3.915009315757082,3.462962962962969
traffic,arima,31,2000,2012-05-23 08:00:00,62.04050925925926,59.45651846246887,66.83449074074075,2.5839907967903883,4.793981481481488
traffic,arima,32,2000,2012-05-23 08:00:00,63.43634259259259,59.45651846267411,66.83449074074075,3.9798241299184767,3.3981481481481595
traffic,arima,33,2000,2012-05-23 08:00:00,35.051752645502646,59.456518462766134,66.83449074074075,24.40476581726349,31.782738095238102
traffic,arima,34,2000,2012-05-23 08:00:00,14.829861111111112,59.45651846280655,66.83449074074075,44.626657351695435,52.00462962962963
traffic,arima,35,2000,2012-05-23 08:00:00,14.819444444444445,59.45651846282393,66.83449074074075,44.63707401837949,52.015046296296305
traffic,arima,36,2000,2012-05-23 08:00:00,46.09953703703704,59.45651846283124,66.83449074074075,13.356981425794203,20.73495370370371
traffic,arima,37,2000,2012-05-23 08:00:00,67.05704365079366,59.45651846283423,66.83449074074075,7.600525187959427,0.22255291005291156
traffic,arima,38,2000,2012-05-23 08:00:00,64.02314814814815,59.456518462835426,66.83449074074075,4.566629685312726,2.8113425925925952
traffic,arima,39,2000,2012-05-23 08:00:00,65.5300925925926,59.45651846283589,66.83449074074075,6.073574129756707,1.3043981481481524
traffic,arima,40,2000,2012-05-23 08:00:00,65.17245370370371,59.45651846283605,66.83449074074075,5.715935240867658,1.662037037037038
traffic,arima,41,2000,2012-05-23 08:00:00,61.93055555555555,59.45651846283611,66.83449074074075,2.474037092719442,4.9039351851851976
traffic,arima,42,2000,2012-05-23 08:00:00,59.02662037037037,59.45651846283613,66.83449074074075,0.4298980924657627,7.807870370370381
traffic,arima,43,2000,2012-05-23 08:00:00,58.35714285714286,59.45651846283613,66.83449074074075,1.0993756056932682,8.477347883597886
traffic,arima,44,2000,2012-05-23 08:00:00,55.80522486772487,59.45651846283613,66.83449074074075,3.6512935951112624,11.02926587301588
traffic,arima,45,2000,2012-05-23 08:00:00,58.525,59.45651846283613,66.83449074074075,0.9315184628361308,8.309490740740749
traffic,arima,46,2000,2012-05-23 08:00:00,61.72685185185185,59.45651846283613,66.83449074074075,2.2703333890157182,5.1076388888889
traffic,arima,47,2000,2012-05-23 08:00:00,64.45833333333333,59.45651846283613,66.83449074074075,5.001814870497199,2.376157407407419
traffic,arima,48,2000,2012-05-23 08:00:00,63.87037037037037,59.45651846283613,66.83449074074075,4.413851907534237,2.964120370370381
traffic,arima,49,2000,2012-05-23 08:00:00,64.98561507936508,59.45651846283613,66.83449074074075,5.529096616528946,1.848875661375672
traffic,arima,50,2000,2012-05-23 08:00:00,65.28439153439153,59.45651846283613,66.83449074074075,5.827873071555402,1.5500992063492163
traffic,arima,51,2000,2012-05-23 08:00:00,65.26620370370371,59.45651846283613,66.83449074074075,5.80968524086758,1.568287037037038
traffic,arima,52,2000,2012-05-23 08:00:00,65.23958333333333,59.45651846283613,66.83449074074075,5.783064870497199,1.594907407407419
traffic,arima,53,2000,2012-05-23 08:00:00,64.79050925925925,59.45651846283613,66.83449074074075,5.333990796423123,2.043981481481495
traffic,arima,54,2000,2012-05-23 08:00:00,65.43981481481482,59.45651846283613,66.83449074074075,5.983296351978694,1.3946759259259238
traffic,arima,55,2000,2012-05-23 08:00:00,32.60515873015873,59.45651846283613,66.83449074074075,26.851359732677402,34.22933201058202
traffic,arima,56,2000,2012-05-23 08:00:00,18.94212962962963,59.45651846283613,66.83449074074075,40.514388833206496,47.892361111111114
traffic,arima,57,2000,2012-05-23 08:00:00,14.310185185185183,59.45651846283613,66.83449074074075,45.146333277650946,52.524305555555564
traffic,arima,58,2000,2012-05-23 08:00:00,18.25347222222222,59.45651846283613,66.83449074074075,41.20304624061391,48.581018518518526
traffic,arima,59,2000,2012-05-23 08:00:00,44.69444444444445,59.45651846283613,66.83449074074075,14.76207401839168,22.140046296296298
traffic,arima,60,2000,2012-05-23 08:00:00,68.2488425925926,59.45651846283613,66.83449074074075,8.792324129756466,1.4143518518518476
traffic,arima,61,2000,2012-05-23 08:00:00,66.26736111111111,59.45651846283613,66.83449074074075,6.810842648274985,0.5671296296296333
traffic,arima,62,2000,2012-05-23 08:00:00,66.29861111111111,59.45651846283613,66.83449074074075,6.842092648274985,0.5358796296296333
traffic,arima,63,2000,2012-05-23 08:00:00,65.04513888888889,59.45651846283613,66.83449074074075,5.588620426052756,1.7893518518518619
traffic,arima,64,2000,2012-05-23 08:00:00,64.34837962962963,59.45651846283613,66.83449074074075,4.891861166793504,2.4861111111111143
traffic,arima,65,2000,2012-05-23 08:00:00,64.36921296296296,59.45651846283613,66.83449074074075,4.9126945001268325,2.4652777777777857
traffic,arima,66,2000,2012-05-23 08:00:00,64.50694444444444,59.45651846283613,66.83449074074075,5.0504259816083135,2.3275462962963047
traffic,arima,67,2000,2012-05-23 08:00:00,64.58184523809524,59.45651846283613,66.83449074074075,5.125326775259111,2.252645502645507
traffic,arima,68,2000,2012-05-23 08:00:00,63.21213624338625,59.45651846283613,66.83449074074075,3.755617780550118,3.6223544973545003
traffic,arima,69,2000,2012-05-23 08:00:00,62.84345238095239,59.45651846283613,66.83449074074075,3.386933918116263,3.991038359788355
traffic,arima,70,2000,2012-05-23 08:00:00,63.4781746031746,59.45651846283613,66.83449074074075,4.021656140338472,3.3563161375661466
traffic,arima,71,2000,2012-05-23 08:00:00,65.24421296296296,59.45651846283613,66.83449074074075,5.7876945001268325,1.5902777777777857
traffic,arima,72,2000,2012-05-23 08:00:00,66.67129629629629,59.45651846283613,66.83449074074075,7.214777833460161,0.16319444444445708
traffic,arima,1,2024,2012-05-24 08:00:00,67.48379629629629,65.48599330449396,67.83101851851852,1.997802991802331,0.34722222222222854
traffic,arima,2,2024,2012-05-24 08:00:00,66.69212962962963,62.98339261972487,67.83101851851852,3.708737009904766,1.1388888888888857
traffic,arima,3,2024,2012-05-24 08:00:00,65.44212962962963,61.26151949850603,67.83101851851852,4.180610131123601,2.3888888888888857
traffic,arima,4,2024,2012-05-24 08:00:00,63.53058862433863,60.26315994519453,67.83101851851852,3.2674286791440963,4.300429894179892
traffic,arima,5,2024,2012-05-24 08:00:00,63.232638888888886,59.74106348628556,67.83101851851852,3.491575402603324,4.598379629629633
traffic,arima,6,2024,2012-05-24 08:00:00,63.37152777777778,59.48854844095512,67.83101851851852,3.8829793368226575,4.4594907407407405
traffic,arima,7,2024,2012-05-24 08:00:00,62.04050925925926,59.37464068880137,67.83101851851852,2.6658685704578886,5.7905092592592595
traffic,arima,8,2024,2012-05-24 08:00:00,63.43634259259259,59.32682077910988,67.83101851851852,4.109521813482708,4.394675925925931
traffic,arima,9,2024,2012-05-24 08:00:00,35.051752645502646,59.30840079833953,67.83101851851852,24.25664815283688,32.77926587301587
traffic,arima,10,2024,2012-05-24 08:00:00,14.829861111111112,59.30213194020383,67.83101851851852,44.472270829092714,53.001157407407405
traffic,arima,11,2024,2012-05-24 08:00:00,14.819444444444445,59.30044811115827,67.83101851851852,44.481003666713825,53.011574074074076
traffic,arima,12,2024,2012-05-24 08:00:00,46.09953703703704,59.30027273019308,67.83101851851852,13.200735693156041,21.73148148148148
traffic,arima,13,2024,2012-05-24 08:00:00,67.05704365079366,59.3004705169175,67.83101851851852,7.756573133876159,0.7739748677248599
traffic,arima,14,2024,2012-05-24 08:00:00,64.02314814814815,59.30068219922755,67.83101851851852,4.7224659489206005,3.8078703703703667
traffic,arima,15,2024,2012-05-24 08:00:00,65.5300925925926,59.30082796259685,67.83101851851852,6.229264629995747,2.300925925925924
traffic,arima,16,2024,2012-05-24 08:00:00,65.17245370370371,59.30091251388309,67.83101851851852,5.8715411898206185,2.6585648148148096
traffic,arima,17,2024,2012-05-24 08:00:00,61.93055555555555,59.300956743430596,67.83101851851852,2.6295988121249536,5.900462962962969
traffic,arima,18,2024,2012-05-24 08:00:00,59.02662037037037,59.30097814055747,67.83101851851852,0.27435777018710183,8.804398148148152
traffic,arima,19,2024,2012-05-24 08:00:00,58.35714285714286,59.30098779492261,67.83101851851852,0.9438449377797511,9.473875661375658
traffic,arima,20,2024,2012-05-24 08:00:00,55.80522486772487,59.300991849002536,67.83101851851852,3.4957669812776686,12.025793650793652
traffic,arima,21,2024,2012-05-24 08:00:00,58.525,59.300993411140134,67.83101851851852,0.775993411140135,9.30601851851852
traffic,arima,22,2024,2012-05-24 08:00:00,61.72685185185185,59.300993943068015,67.83101851851852,2.425857908783833,6.104166666666671
traffic,arima,23,2024,2012-05-24 08:00:00,64.45833333333333,59.30099408612161,67.83101851851852,5.157339247211716,3.3726851851851904
traffic,arima,24,2024,2012-05-24 08:00:00,63.87037037037037,59.300994101159304,67.83101851851852,4.569376269211062,3.9606481481481524
traffic,arima,25,2024,2012-05-24 08:00:00,64.98561507936508,59.300994084477736,67.83101851851852,5.684620994887339,2.8454034391534435
traffic,arima,26,2024,2012-05-24 08:00:00,65.28439153439153,59.30099406657268,67.83101851851852,5.983397467818854,2.5466269841269877
traffic,arima,27,2024,2012-05-24 08:00:00,65.26620370370371,59.30099405423326,67.83101851851852,5.965209649470452,2.5648148148148096
traffic,arima,28,2024,2012-05-24 08:00:00,65.23958333333333,59.3009940470726,67.83101851851852,5.938589286260729,2.5914351851851904
traffic,arima,29,2024,2012-05-24 08:00:00,64.79050925925925,59.30099404332569,67.83101851851852,5.489515215933565,3.0405092592592666
traffic,arima,30,2024,2012-05-24 08:00:00,65.43981481481482,59.30099404151258,67.83101851851852,6.138820773302243,2.3912037037036953
traffic,arima,31,2024,2012-05-24 08:00:00,32.60515873015873,59.30099404069431,67.83101851851852,26.695835310535585,35.22585978835979
traffic,arima,32,2024,2012-05-24 08:00:00,18.94212962962963,59.300994040350616,67.83101851851852,40.35886441072098,48.888888888888886
traffic,arima,33,2024,2012-05-24 08:00:00,14.310185185185183,59.300994040218136,67.83101851851852,44.99080885503295,53.520833333333336
traffic,arima,34,2024,2012-05-24 08:00:00,18.25347222222222,59.300994040173,67.83101851851852,41.04752181795078,49.5775462962963
traffic,arima,35,2024,2012-05-24 08:00:00,44.69444444444445,59.30099404016085,67.83101851851852,14.606549595716402,23.13657407407407
traffic,arima,36,2024,2012-05-24 08:00:00,68.2488425925926,59.30099404015956,67.83101851851852,8.947848552433037,0.4178240740740762
traffic,arima,37,2024,2012-05-24 08:00:00,66.26736111111111,59.300994040160965,67.83101851851852,6.966367070950149,1.5636574074074048
traffic,arima,38,2024,2012-05-24 08:00:00,66.29861111111111,59.30099404016248,67.83101851851852,6.997617070948635,1.5324074074074048
traffic,arima,39,2024,2012-05-24 08:00:00,65.04513888888889,59.30099404016352,67.83101851851852,5.744144848725362,2.7858796296296333
traffic,arima,40,2024,2012-05-24 08:00:00,64.34837962962963,59.300994040164134,67.83101851851852,5.047385589465499,3.4826388888888857
traffic,arima,41,2024,2012-05-24 08:00:00,64.36921296296296,59.30099404016445,67.83101851851852,5.068218922798515,3.461805555555557
traffic,arima,42,2024,2012-05-24 08:00:00,64.50694444444444,59.3009940401646,67.83101851851852,5.2059504042798395,3.324074074074076
traffic,arima,43,2024,2012-05-24 08:00:00,64.58184523809524,59.300994040164674,67.83101851851852,5.280851197930566,3.2491732804232782
traffic,arima,44,2024,2012-05-24 08:00:00,63.21213624338625,59.3009940401647,67.83101851851852,3.9111422032215444,4.618882275132272
traffic,arima,45,2024,2012-05-24 08:00:00,62.84345238095239,59.30099404016471,67.83101851851852,3.5424583407876824,4.987566137566127
traffic,arima,46,2024,2012-05-24 08:00:00,63.4781746031746,59.30099404016472,67.83101851851852,4.177180563009884,4.352843915343918
traffic,arima,47,2024,2012-05-24 08:00:00,65.24421296296296,59.30099404016472,67.83101851851852,5.943218922798245,2.586805555555557
traffic,arima,48,2024,2012-05-24 08:00:00,66.67129629629629,59.30099404016472,67.83101851851852,7.370302256131573,1.1597222222222285
traffic,arima,49,2024,2012-05-24 08:00:00,66.87731481481482,59.30099404016472,67.83101851851852,7.576320774650107,0.9537037037036953
traffic,arima,50,2024,2012-05-24 08:00:00,67.60681216931216,59.30099404016472,67.83101851851852,8.305818129147447,0.22420634920635507
traffic,arima,51,2024,2012-05-24 08:00:00,67.74421296296296,59.30099404016472,67.83101851851852,8.443218922798245,0.08680555555555713
traffic,arima,52,2024,2012-05-24 08:00:00,67.88888888888889,59.30099404016472,67.83101851851852,8.587894848724169,0.057870370370366686
traffic,arima,53,2024,2012-05-24 08:00:00,61.64814814814815,59.30099404016472,67.83101851851852,2.3471541079834353,6.182870370370367
traffic,arima,54,2024,2012-05-24 08:00:00,0.0,59.30099404016472,67.83101851851852,59.30099404016472,67.83101851851852
traffic,arima,55,2024,2012-05-24 08:00:00,0.0,59.30099404016472,67.83101851851852,59.30099404016472,67.83101851851852
traffic,arima,56,2024,2012-05-24 08:00:00,0.0,59.30099404016472,67.83101851851852,59.30099404016472,67.83101851851852
traffic,arima,57,2024,2012-05-24 08:00:00,0.0,59.30099404016472,67.83101851851852,59.30099404016472,67.83101851851852
traffic,arima,58,2024,2012-05-24 08:00:00,0.0,59.30099404016472,67.83101851851852,59.30099404016472,67.83101851851852
traffic,arima,59,2024,2012-05-24 08:00:00,0.0,59.30099404016472,67.83101851851852,59.30099404016472,67.83101851851852
traffic,arima,60,2024,2012-05-24 08:00:00,0.0,59.30099404016472,67.83101851851852,59.30099404016472,67.83101851851852
traffic,arima,61,2024,2012-05-24 08:00:00,0.0,59.30099404016472,67.83101851851852,59.30099404016472,67.83101851851852
traffic,arima,62,2024,2012-05-24 08:00:00,0.0,59.30099404016472,67.83101851851852,59.30099404016472,67.83101851851852
traffic,arima,63,2024,2012-05-24 08:00:00,0.0,59.30099404016472,67.83101851851852,59.30099404016472,67.83101851851852
traffic,arima,64,2024,2012-05-24 08:00:00,0.0,59.30099404016472,67.83101851851852,59.30099404016472,67.83101851851852
traffic,arima,65,2024,2012-05-24 08:00:00,0.0,59.30099404016472,67.83101851851852,59.30099404016472,67.83101851851852
traffic,arima,66,2024,2012-05-24 08:00:00,0.0,59.30099404016472,67.83101851851852,59.30099404016472,67.83101851851852
traffic,arima,67,2024,2012-05-24 08:00:00,0.0,59.30099404016472,67.83101851851852,59.30099404016472,67.83101851851852
traffic,arima,68,2024,2012-05-24 08:00:00,0.0,59.30099404016472,67.83101851851852,59.30099404016472,67.83101851851852
traffic,arima,69,2024,2012-05-24 08:00:00,0.0,59.30099404016472,67.83101851851852,59.30099404016472,67.83101851851852
traffic,arima,70,2024,2012-05-24 08:00:00,0.0,59.30099404016472,67.83101851851852,59.30099404016472,67.83101851851852
traffic,arima,71,2024,2012-05-24 08:00:00,0.0,59.30099404016472,67.83101851851852,59.30099404016472,67.83101851851852
traffic,arima,72,2024,2012-05-24 08:00:00,0.0,59.30099404016472,67.83101851851852,59.30099404016472,67.83101851851852
traffic,arima,1,2048,2012-05-25 08:00:00,64.98561507936508,62.08575007467166,63.87037037037037,2.8998650046934173,1.1152447089947088
traffic,arima,2,2048,2012-05-25 08:00:00,65.28439153439153,60.69076206179222,63.87037037037037,4.593629472599311,1.4140211640211646
traffic,arima,3,2048,2012-05-25 08:00:00,65.26620370370371,59.93928781154489,63.87037037037037,5.326915892158823,1.3958333333333428
traffic,arima,4,2048,2012-05-25 08:00:00,65.23958333333333,59.64539429038695,63.87037037037037,5.594189042946375,1.369212962962962
traffic,arima,5,2048,2012-05-25 08:00:00,64.79050925925925,59.58312845909376,63.87037037037037,5.207380800165495,0.9201388888888857
traffic,arima,6,2048,2012-05-25 08:00:00,65.43981481481482,59.60438895643362,63.87037037037037,5.835425858381207,1.569444444444457
traffic,arima,7,2048,2012-05-25 08:00:00,32.60515873015873,59.63872743468988,63.87037037037037,27.033568704531156,31.26521164021164
traffic,arima,8,2048,2012-05-25 08:00:00,18.94212962962963,59.66302429133365,63.87037037037037,40.72089466170402,44.92824074074073
traffic,arima,9,2048,2012-05-25 08:00:00,14.310185185185183,59.675280183650166,63.87037037037037,45.36509499846498,49.56018518518518
traffic,arima,10,2048,2012-05-25 08:00:00,18.25347222222222,59.67967790391542,63.87037037037037,41.4262056816932,45.616898148148145
traffic,arima,11,2048,2012-05-25 08:00:00,44.69444444444445,59.6803509847781,63.87037037037037,14.985906540333652,19.175925925925917
traffic,arima,12,2048,2012-05-25 08:00:00,68.2488425925926,59.67980887785797,63.87037037037037,8.569033714734623,4.3784722222222285
traffic,arima,13,2048,2012-05-25 08:00:00,66.26736111111111,59.67916726244384,63.87037037037037,6.588193848667274,2.3969907407407476
traffic,arima,14,2048,2012-05-25 08:00:00,66.29861111111111,59.67875032945346,63.87037037037037,6.619860781657657,2.4282407407407476
traffic,arima,15,2048,2012-05-25 08:00:00,65.04513888888889,59.67855341507107,63.87037037037037,5.366585473817814,1.174768518518519
traffic,arima,16,2048,2012-05-25 08:00:00,64.34837962962963,59.67848955081793,63.87037037037037,4.669890078811704,0.47800925925926663
traffic,arima,17,2048,2012-05-25 08:00:00,64.36921296296296,59.67848461935646,63.87037037037037,4.6907283436065015,0.4988425925925952
traffic,arima,18,2048,2012-05-25 08:00:00,64.50694444444444,59.67849668578916,63.87037037037037,4.82844775865528,0.6365740740740762
traffic,arima,19,2048,2012-05-25 08:00:00,64.58184523809524,59.67850839621381,63.87037037037037,4.903336841881433,0.7114748677248741
traffic,arima,20,2048,2012-05-25 08:00:00,63.21213624338625,59.67851545019698,63.87037037037037,3.5336207931892645,0.6582341269841194
traffic,arima,21,2048,2012-05-25 08:00:00,62.84345238095239,59.678518563002804,63.87037037037037,3.1649338179495885,1.0269179894179743
traffic,arima,22,2048,2012-05-25 08:00:00,63.4781746031746,59.678519454089205,63.87037037037037,3.799655149085396,0.39219576719576565
traffic,arima,23,2048,2012-05-25 08:00:00,65.24421296296296,59.67851942945251,63.87037037037037,5.565693533510455,1.3738425925925952
traffic,arima,24,2048,2012-05-25 08:00:00,66.67129629629629,59.678519180173474,63.87037037037037,6.9927771161228165,2.800925925925924
traffic,arima,25,2048,2012-05-25 08:00:00,66.87731481481482,59.678518970612465,63.87037037037037,7.198795844202358,3.006944444444457
traffic,arima,26,2048,2012-05-25 08:00:00,67.60681216931216,59.678518852910045,63.87037037037037,7.928293316402119,3.7364417989417973
traffic,arima,27,2048,2012-05-25 08:00:00,67.74421296296296,59.67851880459249,63.87037037037037,8.06569415837047,3.8738425925925952
traffic,arima,28,2048,2012-05-25 08:00:00,67.88888888888889,59.678518792860835,63.87037037037037,8.21037009602805,4.018518518518519
traffic,arima,29,2048,2012-05-25 08:00:00,61.64814814814815,59.678518795061706,63.87037037037037,1.9696293530864466,2.2222222222222143
traffic,arima,30,2048,2012-05-25 08:00:00,0.0,59.67851879996857,63.87037037037037,59.67851879996857,63.87037037037037
traffic,arima,31,2048,2012-05-25 08:00:00,0.0,59.678518803654676,63.87037037037037,59.678518803654676,63.87037037037037
traffic,arima,32,2048,2012-05-25 08:00:00,0.0,59.67851880559146,63.87037037037037,59.67851880559146,63.87037037037037
traffic,arima,33,2048,2012-05-25 08:00:00,0.0,59.67851880632569,63.87037037037037,59.67851880632569,63.87037037037037
traffic,arima,34,2048,2012-05-25 08:00:00,0.0,59.67851880646605,63.87037037037037,59.67851880646605,63.87037037037037
traffic,arima,35,2048,2012-05-25 08:00:00,0.0,59.67851880639979,63.87037037037037,59.67851880639979,63.87037037037037
traffic,arima,36,2048,2012-05-25 08:00:00,0.0,59.67851880630649,63.87037037037037,59.67851880630649,63.87037037037037
traffic,arima,37,2048,2012-05-25 08:00:00,0.0,59.67851880624266,63.87037037037037,59.67851880624266,63.87037037037037
traffic,arima,38,2048,2012-05-25 08:00:00,0.0,59.678518806211244,63.87037037037037,59.678518806211244,63.87037037037037
traffic,arima,39,2048,2012-05-25 08:00:00,0.0,59.67851880620037,63.87037037037037,59.67851880620037,63.87037037037037
traffic,arima,40,2048,2012-05-25 08:00:00,0.0,59.678518806198994,63.87037037037037,59.678518806198994,63.87037037037037
traffic,arima,41,2048,2012-05-25 08:00:00,0.0,59.67851880620058,63.87037037037037,59.67851880620058,63.87037037037037
traffic,arima,42,2048,2012-05-25 08:00:00,0.0,59.678518806202305,63.87037037037037,59.678518806202305,63.87037037037037
traffic,arima,43,2048,2012-05-25 08:00:00,0.0,59.67851880620339,63.87037037037037,59.67851880620339,63.87037037037037
traffic,arima,44,2048,2012-05-25 08:00:00,0.0,59.6785188062039,63.87037037037037,59.6785188062039,63.87037037037037
traffic,arima,45,2048,2012-05-25 08:00:00,0.0,59.67851880620405,63.87037037037037,59.67851880620405,63.87037037037037
traffic,arima,46,2048,2012-05-25 08:00:00,0.0,59.67851880620406,63.87037037037037,59.67851880620406,63.87037037037037
traffic,arima,47,2048,2012-05-25 08:00:00,0.0,59.678518806204025,63.87037037037037,59.678518806204025,63.87037037037037
traffic,arima,48,2048,2012-05-25 08:00:00,0.0,59.678518806203996,63.87037037037037,59.678518806203996,63.87037037037037
traffic,arima,49,2048,2012-05-25 08:00:00,0.0,59.678518806203975,63.87037037037037,59.678518806203975,63.87037037037037
traffic,arima,50,2048,2012-05-25 08:00:00,0.0,59.67851880620397,63.87037037037037,59.67851880620397,63.87037037037037
traffic,arima,51,2048,2012-05-25 08:00:00,0.0,59.67851880620397,63.87037037037037,59.67851880620397,63.87037037037037
traffic,arima,52,2048,2012-05-25 08:00:00,0.0,59.67851880620397,63.87037037037037,59.67851880620397,63.87037037037037
traffic,arima,53,2048,2012-05-25 08:00:00,0.0,59.67851880620397,63.87037037037037,59.67851880620397,63.87037037037037
traffic,arima,54,2048,2012-05-25 08:00:00,0.0,59.67851880620397,63.87037037037037,59.67851880620397,63.87037037037037
traffic,arima,55,2048,2012-05-25 08:00:00,0.0,59.67851880620397,63.87037037037037,59.67851880620397,63.87037037037037
traffic,arima,56,2048,2012-05-25 08:00:00,0.0,59.67851880620397,63.87037037037037,59.67851880620397,63.87037037037037
traffic,arima,57,2048,2012-05-25 08:00:00,0.0,59.67851880620397,63.87037037037037,59.67851880620397,63.87037037037037
traffic,arima,58,2048,2012-05-25 08:00:00,0.0,59.67851880620397,63.87037037037037,59.67851880620397,63.87037037037037
traffic,arima,59,2048,2012-05-25 08:00:00,0.0,59.67851880620397,63.87037037037037,59.67851880620397,63.87037037037037
traffic,arima,60,2048,2012-05-25 08:00:00,0.0,59.67851880620397,63.87037037037037,59.67851880620397,63.87037037037037
traffic,arima,61,2048,2012-05-25 08:00:00,0.0,59.67851880620397,63.87037037037037,59.67851880620397,63.87037037037037
traffic,arima,62,2048,2012-05-25 08:00:00,0.0,59.67851880620397,63.87037037037037,59.67851880620397,63.87037037037037
traffic,arima,63,2048,2012-05-25 08:00:00,0.0,59.67851880620397,63.87037037037037,59.67851880620397,63.87037037037037
traffic,arima,64,2048,2012-05-25 08:00:00,0.0,59.67851880620397,63.87037037037037,59.67851880620397,63.87037037037037
traffic,arima,65,2048,2012-05-25 08:00:00,0.0,59.67851880620397,63.87037037037037,59.67851880620397,63.87037037037037
traffic,arima,66,2048,2012-05-25 08:00:00,0.0,59.67851880620397,63.87037037037037,59.67851880620397,63.87037037037037
traffic,arima,67,2048,2012-05-25 08:00:00,0.0,59.67851880620397,63.87037037037037,59.67851880620397,63.87037037037037
traffic,arima,68,2048,2012-05-25 08:00:00,0.0,59.67851880620397,63.87037037037037,59.67851880620397,63.87037037037037
traffic,arima,69,2048,2012-05-25 08:00:00,0.0,59.67851880620397,63.87037037037037,59.67851880620397,63.87037037037037
traffic,arima,70,2048,2012-05-25 08:00:00,0.0,59.67851880620397,63.87037037037037,59.67851880620397,63.87037037037037
traffic,arima,71,2048,2012-05-25 08:00:00,0.0,59.67851880620397,63.87037037037037,59.67851880620397,63.87037037037037
traffic,arima,72,2048,2012-05-25 08:00:00,0.0,59.67851880620397,63.87037037037037,59.67851880620397,63.87037037037037
traffic,arima,1,2072,2012-05-26 08:00:00,66.87731481481482,64.32188823486938,66.67129629629629,2.555426579945447,0.20601851851853326
traffic,arima,2,2072,2012-05-26 08:00:00,67.60681216931216,61.95041138577231,66.67129629629629,5.656400783539851,0.9355158730158735
traffic,arima,3,2072,2012-05-26 08:00:00,67.74421296296296,60.561164220749156,66.67129629629629,7.183048742213806,1.0729166666666714
traffic,arima,4,2072,2012-05-26 08:00:00,67.88888888888889,60.01108708049804,66.67129629629629,7.877801808390849,1.2175925925925952
traffic,arima,5,2072,2012-05-26 08:00:00,61.64814814814815,59.91262093407126,66.67129629629629,1.735527214076889,5.023148148148138
traffic,arima,6,2072,2012-05-26 08:00:00,0.0,59.97487958288775,66.67129629629629,59.97487958288775,66.67129629629629
traffic,arima,7,2072,2012-05-26 08:00:00,0.0,60.053797923243515,66.67129629629629,60.053797923243515,66.67129629629629
traffic,arima,8,2072,2012-05-26 08:00:00,0.0,60.104250455846895,66.67129629629629,60.104250455846895,66.67129629629629
traffic,arima,9,2072,2012-05-26 08:00:00,0.0,60.126137058606574,66.67129629629629,60.126137058606574,66.67129629629629
traffic,arima,10,2072,2012-05-26 08:00:00,0.0,60.1313332269469,66.67129629629629,60.1313332269469,66.67129629629629
traffic,arima,11,2072,2012-05-26 08:00:00,0.0,60.12994063289796,66.67129629629629,60.12994063289796,66.67129629629629
traffic,arima,12,2072,2012-05-26 08:00:00,0.0,60.12738192447144,66.67129629629629,60.12738192447144,66.67129629629629
traffic,arima,13,2072,2012-05-26 08:00:00,0.0,60.12558022862925,66.67129629629629,60.12558022862925,66.67129629629629
traffic,arima,14,2072,2012-05-26 08:00:00,0.0,60.12472985668253,66.67129629629629,60.12472985668253,66.67129629629629
traffic,arima,15,2072,2012-05-26 08:00:00,0.0,60.124485940157,66.67129629629629,60.124485940157,66.67129629629629
traffic,arima,16,2072,2012-05-26 08:00:00,0.0,60.124504391778935,66.67129629629629,60.124504391778935,66.67129629629629
traffic,arima,17,2072,2012-05-26 08:00:00,0.0,60.124584695750194,66.67129629629629,60.124584695750194,66.67129629629629
traffic,arima,18,2072,2012-05-26 08:00:00,0.0,60.1246479348277,66.67129629629629,60.1246479348277,66.67129629629629
traffic,arima,19,2072,2012-05-26 08:00:00,0.0,60.12468030223778,66.67129629629629,60.12468030223778,66.67129629629629
traffic,arima,20,2072,2012-05-26 08:00:00,0.0,60.12469100123922,66.67129629629629,60.12469100123922,66.67129629629629
traffic,arima,21,2072,2012-05-26 08:00:00,0.0,60.12469149931175,66.67129629629629,60.12469149931175,66.67129629629629
traffic,arima,22,2072,2012-05-26 08:00:00,0.0,60.124689086122416,66.67129629629629,60.124689086122416,66.67129629629629
traffic,arima,23,2072,2012-05-26 08:00:00,0.0,60.1246869067665,66.67129629629629,60.1246869067665,66.67129629629629
traffic,arima,24,2072,2012-05-26 08:00:00,0.0,60.124685697419274,66.67129629629629,60.124685697419274,66.67129629629629
traffic,arima,25,2072,2012-05-26 08:00:00,0.0,60.124685249047374,66.67129629629629,60.124685249047374,66.67129629629629
traffic,arima,26,2072,2012-05-26 08:00:00,0.0,60.12468518918547,66.67129629629629,60.12468518918547,66.67129629629629
traffic,arima,27,2072,2012-05-26 08:00:00,0.0,60.12468525723904,66.67129629629629,60.12468525723904,66.67129629629629
traffic,arima,28,2072,2012-05-26 08:00:00,0.0,60.12468533084178,66.67129629629629,60.12468533084178,66.67129629629629
traffic,arima,29,2072,2012-05-26 08:00:00,0.0,60.12468537524864,66.67129629629629,60.12468537524864,66.67129629629629
traffic,arima,30,2072,2012-05-26 08:00:00,0.0,60.124685393415,66.67129629629629,60.124685393415,66.67129629629629
traffic,arima,31,2072,2012-05-26 08:00:00,0.0,60.12468539705733,66.67129629629629,60.12468539705733,66.67129629629629
traffic,arima,32,2072,2012-05-26 08:00:00,0.0,60.1246853953325,66.67129629629629,60.1246853953325,66.67129629629629
traffic,arima,33,2072,2012-05-26 08:00:00,0.0,60.12468539290377,66.67129629629629,60.12468539290377,66.67129629629629
traffic,arima,34,2072,2012-05-26 08:00:00,0.0,60.1246853913004,66.67129629629629,60.1246853913004,66.67129629629629
traffic,arima,35,2072,2012-05-26 08:00:00,0.0,60.12468539058384,66.67129629629629,60.12468539058384,66.67129629629629
traffic,arima,36,2072,2012-05-26 08:00:00,0.0,60.124685390400884,66.67129629629629,60.124685390400884,66.67129629629629
traffic,arima,37,2072,2012-05-26 08:00:00,0.0,60.12468539043559,66.67129629629629,60.12468539043559,66.67129629629629
traffic,arima,38,2072,2012-05-26 08:00:00,0.0,60.12468539051352,66.67129629629629,60.12468539051352,66.67129629629629
traffic,arima,39,2072,2012-05-26 08:00:00,0.0,60.12468539057044,66.67129629629629,60.12468539057044,66.67129629629629
traffic,arima,40,2072,2012-05-26 08:00:00,0.0,60.12468539059808,66.67129629629629,60.12468539059808,66.67129629629629
traffic,arima,41,2072,2012-05-26 08:00:00,0.0,60.12468539060644,66.67129629629629,60.12468539060644,66.67129629629629
traffic,arima,42,2072,2012-05-26 08:00:00,0.0,60.1246853906062,66.67129629629629,60.1246853906062,66.67129629629629
traffic,arima,43,2072,2012-05-26 08:00:00,0.0,60.124685390603794,66.67129629629629,60.124685390603794,66.67129629629629
traffic,arima,44,2072,2012-05-26 08:00:00,0.0,60.124685390601805,66.67129629629629,60.124685390601805,66.67129629629629
traffic,arima,45,2072,2012-05-26 08:00:00,0.0,60.12468539060076,66.67129629629629,60.12468539060076,66.67129629629629
traffic,arima,46,2072,2012-05-26 08:00:00,0.0,60.1246853906004,66.67129629629629,60.1246853906004,66.67129629629629
traffic,arima,47,2072,2012-05-26 08:00:00,0.0,60.12468539060037,66.67129629629629,60.12468539060037,66.67129629629629
traffic,arima,48,2072,2012-05-26 08:00:00,0.0,60.12468539060044,66.67129629629629,60.12468539060044,66.67129629629629
traffic,arima,49,2072,2012-05-26 08:00:00,0.0,60.12468539060051,66.67129629629629,60.12468539060051,66.67129629629629
traffic,arima,50,2072,2012-05-26 08:00:00,0.0,60.12468539060055,66.67129629629629,60.12468539060055,66.67129629629629
traffic,arima,51,2072,2012-05-26 08:00:00,0.0,60.12468539060057,66.67129629629629,60.12468539060057,66.67129629629629
traffic,arima,52,2072,2012-05-26 08:00:00,0.0,60.12468539060057,66.67129629629629,60.12468539060057,66.67129629629629
traffic,arima,53,2072,2012-05-26 08:00:00,0.0,60.12468539060057,66.67129629629629,60.12468539060057,66.67129629629629
traffic,arima,54,2072,2012-05-26 08:00:00,0.0,60.12468539060056,66.67129629629629,60.12468539060056,66.67129629629629
traffic,arima,55,2072,2012-05-26 08:00:00,0.0,60.12468539060056,66.67129629629629,60.12468539060056,66.67129629629629
traffic,arima,56,2072,2012-05-26 08:00:00,0.0,60.12468539060056,66.67129629629629,60.12468539060056,66.67129629629629
traffic,arima,57,2072,2012-05-26 08:00:00,0.0,60.12468539060056,66.67129629629629,60.12468539060056,66.67129629629629
traffic,arima,58,2072,2012-05-26 08:00:00,0.0,60.12468539060056,66.67129629629629,60.12468539060056,66.67129629629629
traffic,arima,59,2072,2012-05-26 08:00:00,0.0,60.12468539060056,66.67129629629629,60.12468539060056,66.67129629629629
traffic,arima,60,2072,2012-05-26 08:00:00,0.0,60.12468539060056,66.67129629629629,60.12468539060056,66.67129629629629
traffic,arima,61,2072,2012-05-26 08:00:00,0.0,60.12468539060056,66.67129629629629,60.12468539060056,66.67129629629629
traffic,arima,62,2072,2012-05-26 08:00:00,0.0,60.12468539060056,66.67129629629629,60.12468539060056,66.67129629629629
traffic,arima,63,2072,2012-05-26 08:00:00,0.0,60.12468539060056,66.67129629629629,60.12468539060056,66.67129629629629
traffic,arima,64,2072,2012-05-26 08:00:00,0.0,60.12468539060056,66.67129629629629,60.12468539060056,66.67129629629629
traffic,arima,65,2072,2012-05-26 08:00:00,0.0,60.12468539060056,66.67129629629629,60.12468539060056,66.67129629629629
traffic,arima,66,2072,2012-05-26 08:00:00,0.0,60.12468539060056,66.67129629629629,60.12468539060056,66.67129629629629
traffic,arima,67,2072,2012-05-26 08:00:00,0.0,60.12468539060056,66.67129629629629,60.12468539060056,66.67129629629629
traffic,arima,68,2072,2012-05-26 08:00:00,0.0,60.12468539060056,66.67129629629629,60.12468539060056,66.67129629629629
traffic,arima,69,2072,2012-05-26 08:00:00,0.0,60.12468539060056,66.67129629629629,60.12468539060056,66.67129629629629
traffic,arima,70,2072,2012-05-26 08:00:00,0.0,60.12468539060056,66.67129629629629,60.12468539060056,66.67129629629629
traffic,arima,71,2072,2012-05-26 08:00:00,0.0,60.12468539060056,66.67129629629629,60.12468539060056,66.67129629629629
traffic,arima,72,2072,2012-05-26 08:00:00,0.0,60.12468539060056,66.67129629629629,60.12468539060056,66.67129629629629
traffic,arima,1,2096,2012-05-27 08:00:00,0.0,15.709174800148062,0.0,15.709174800148062,0.0
traffic,arima,2,2096,2012-05-27 08:00:00,0.0,30.321740237968076,0.0,30.321740237968076,0.0
traffic,arima,3,2096,2012-05-27 08:00:00,0.0,40.778548832907376,0.0,40.778548832907376,0.0
traffic,arima,4,2096,2012-05-27 08:00:00,0.0,47.588594737002545,0.0,47.588594737002545,0.0
traffic,arima,5,2096,2012-05-27 08:00:00,0.0,51.8359752687304,0.0,51.8359752687304,0.0
traffic,arima,6,2096,2012-05-27 08:00:00,0.0,54.427510234347885,0.0,54.427510234347885,0.0
traffic,arima,7,2096,2012-05-27 08:00:00,0.0,55.99032114950284,0.0,55.99032114950284,0.0
traffic,arima,8,2096,2012-05-27 08:00:00,0.0,56.92674237174767,0.0,56.92674237174767,0.0
traffic,arima,9,2096,2012-05-27 08:00:00,0.0,57.48584320175818,0.0,57.48584320175818,0.0
traffic,arima,10,2096,2012-05-27 08:00:00,0.0,57.8189964694584,0.0,57.8189964694584,0.0
traffic,arima,11,2096,2012-05-27 08:00:00,0.0,58.017291566131036,0.0,58.017291566131036,0.0
traffic,arima,12,2096,2012-05-27 08:00:00,0.0,58.13524377714509,0.0,58.13524377714509,0.0
traffic,arima,13,2096,2012-05-27 08:00:00,0.0,58.20538054719231,0.0,58.20538054719231,0.0
traffic,arima,14,2096,2012-05-27 08:00:00,0.0,58.247076918166485,0.0,58.247076918166485,0.0
traffic,arima,15,2096,2012-05-27 08:00:00,0.0,58.27186263704042,0.0,58.27186263704042,0.0
traffic,arima,16,2096,2012-05-27 08:00:00,0.0,58.286595154649866,0.0,58.286595154649866,0.0
traffic,arima,17,2096,2012-05-27 08:00:00,0.0,58.295351778715926,0.0,58.295351778715926,0.0
traffic,arima,18,2096,2012-05-27 08:00:00,0.0,58.30055638118709,0.0,58.30055638118709,0.0
traffic,arima,19,2096,2012-05-27 08:00:00,0.0,58.30364976212879,0.0,58.30364976212879,0.0
traffic,arima,20,2096,2012-05-27 08:00:00,0.0,58.305488316225684,0.0,58.305488316225684,0.0
traffic,arima,21,2096,2012-05-27 08:00:00,0.0,58.306581058685936,0.0,58.306581058685936,0.0
traffic,arima,22,2096,2012-05-27 08:00:00,0.0,58.30723052752561,0.0,58.30723052752561,0.0
traffic,arima,23,2096,2012-05-27 08:00:00,0.0,58.30761653730591,0.0,58.30761653730591,0.0
traffic,arima,24,2096,2012-05-27 08:00:00,0.0,58.30784596086287,0.0,58.30784596086287,0.0
traffic,arima,25,2096,2012-05-27 08:00:00,0.0,58.30798231789678,0.0,58.30798231789678,0.0
traffic,arima,26,2096,2012-05-27 08:00:00,0.0,58.3080633611732,0.0,58.3080633611732,0.0
traffic,arima,27,2096,2012-05-27 08:00:00,0.0,58.30811152892573,0.0,58.30811152892573,0.0
traffic,arima,28,2096,2012-05-27 08:00:00,0.0,58.308140157238014,0.0,58.308140157238014,0.0
traffic,arima,29,2096,2012-05-27 08:00:00,0.0,58.30815717236099,0.0,58.30815717236099,0.0
traffic,arima,30,2096,2012-05-27 08:00:00,0.0,58.30816728523111,0.0,58.30816728523111,0.0
traffic,arima,31,2096,2012-05-27 08:00:00,0.0,58.308173295774836,0.0,58.308173295774836,0.0
traffic,arima,32,2096,2012-05-27 08:00:00,0.0,58.308176868117336,0.0,58.308176868117336,0.0
traffic,arima,33,2096,2012-05-27 08:00:00,0.0,58.30817899132472,0.0,58.30817899132472,0.0
traffic,arima,34,2096,2012-05-27 08:00:00,0.0,58.30818025324449,0.0,58.30818025324449,0.0
traffic,arima,35,2096,2012-05-27 08:00:00,0.0,58.308181003261424,0.0,58.308181003261424,0.0
traffic,arima,36,2096,2012-05-27 08:00:00,0.0,58.30818144903097,0.0,58.30818144903097,0.0
traffic,arima,37,2096,2012-05-27 08:00:00,0.0,58.3081817139723,0.0,58.3081817139723,0.0
traffic,arima,38,2096,2012-05-27 08:00:00,0.0,58.30818187143912,0.0,58.30818187143912,0.0
traffic,arima,39,2096,2012-05-27 08:00:00,0.0,58.30818196502888,0.0,58.30818196502888,0.0
traffic,arima,40,2096,2012-05-27 08:00:00,0.0,58.30818202065358,0.0,58.30818202065358,0.0
traffic,arima,41,2096,2012-05-27 08:00:00,0.0,58.3081820537139,0.0,58.3081820537139,0.0
traffic,arima,42,2096,2012-05-27 08:00:00,0.0,58.30818207336317,0.0,58.30818207336317,0.0
traffic,arima,43,2096,2012-05-27 08:00:00,0.0,58.30818208504163,0.0,58.30818208504163,0.0
traffic,arima,44,2096,2012-05-27 08:00:00,0.0,58.30818209198268,0.0,58.30818209198268,0.0
traffic,arima,45,2096,2012-05-27 08:00:00,0.0,58.30818209610806,0.0,58.30818209610806,0.0
traffic,arima,46,2096,2012-05-27 08:00:00,0.0,58.30818209855997,0.0,58.30818209855997,0.0
traffic,arima,47,2096,2012-05-27 08:00:00,0.0,58.30818210001725,0.0,58.30818210001725,0.0
traffic,arima,48,2096,2012-05-27 08:00:00,0.0,58.30818210088337,0.0,58.30818210088337,0.0
traffic,arima,49,2096,2012-05-27 08:00:00,0.0,58.30818210139815,0.0,58.30818210139815,0.0
traffic,arima,50,2096,2012-05-27 08:00:00,0.0,58.30818210170411,0.0,58.30818210170411,0.0
traffic,arima,51,2096,2012-05-27 08:00:00,0.0,58.308182101885954,0.0,58.308182101885954,0.0
traffic,arima,52,2096,2012-05-27 08:00:00,0.0,58.308182101994035,0.0,58.308182101994035,0.0
traffic,arima,53,2096,2012-05-27 08:00:00,0.0,58.30818210205827,0.0,58.30818210205827,0.0
traffic,arima,54,2096,2012-05-27 08:00:00,0.0,58.30818210209645,0.0,58.30818210209645,0.0
traffic,arima,55,2096,2012-05-27 08:00:00,0.0,58.30818210211914,0.0,58.30818210211914,0.0
traffic,arima,56,2096,2012-05-27 08:00:00,0.0,58.308182102132626,0.0,58.308182102132626,0.0
traffic,arima,57,2096,2012-05-27 08:00:00,0.0,58.30818210214064,0.0,58.30818210214064,0.0
traffic,arima,58,2096,2012-05-27 08:00:00,0.0,58.30818210214541,0.0,58.30818210214541,0.0
traffic,arima,59,2096,2012-05-27 08:00:00,0.0,58.30818210214824,0.0,58.30818210214824,0.0
traffic,arima,60,2096,2012-05-27 08:00:00,0.0,58.30818210214992,0.0,58.30818210214992,0.0
traffic,arima,61,2096,2012-05-27 08:00:00,0.0,58.30818210215092,0.0,58.30818210215092,0.0
traffic,arima,62,2096,2012-05-27 08:00:00,0.0,58.30818210215151,0.0,58.30818210215151,0.0
traffic,arima,63,2096,2012-05-27 08:00:00,0.0,58.30818210215187,0.0,58.30818210215187,0.0
traffic,arima,64,2096,2012-05-27 08:00:00,0.0,58.30818210215208,0.0,58.30818210215208,0.0
traffic,arima,65,2096,2012-05-27 08:00:00,0.0,58.3081821021522,0.0,58.3081821021522,0.0
traffic,arima,66,2096,2012-05-27 08:00:00,0.0,58.30818210215228,0.0,58.30818210215228,0.0
traffic,arima,67,2096,2012-05-27 08:00:00,0.0,58.30818210215232,0.0,58.30818210215232,0.0
traffic,arima,68,2096,2012-05-27 08:00:00,0.0,58.30818210215235,0.0,58.30818210215235,0.0
traffic,arima,69,2096,2012-05-27 08:00:00,0.0,58.308182102152365,0.0,58.308182102152365,0.0
traffic,arima,70,2096,2012-05-27 08:00:00,0.0,58.30818210215237,0.0,58.30818210215237,0.0
traffic,arima,71,2096,2012-05-27 08:00:00,0.0,58.30818210215238,0.0,58.30818210215238,0.0
traffic,arima,72,2096,2012-05-27 08:00:00,0.0,58.30818210215238,0.0,58.30818210215238,0.0
traffic,arima,1,2120,2012-05-28 08:00:00,0.0,10.184790388897206,0.0,10.184790388897206,0.0
traffic,arima,2,2120,2012-05-28 08:00:00,0.0,20.111001463856034,0.0,20.111001463856034,0.0
traffic,arima,3,2120,2012-05-28 08:00:00,0.0,28.195878935636312,0.0,28.195878935636312,0.0
traffic,arima,4,2120,2012-05-28 08:00:00,0.0,34.52652286621972,0.0,34.52652286621972,0.0
traffic,arima,5,2120,2012-05-28 08:00:00,0.0,39.43480808172809,0.0,39.43480808172809,0.0
traffic,arima,6,2120,2012-05-28 08:00:00,0.0,43.23059169698483,0.0,43.23059169698483,0.0
traffic,arima,7,2120,2012-05-28 08:00:00,0.0,46.164075430540024,0.0,46.164075430540024,0.0
traffic,arima,8,2120,2012-05-28 08:00:00,0.0,48.43075600846181,0.0,48.43075600846181,0.0
traffic,arima,9,2120,2012-05-28 08:00:00,0.0,50.18212318048885,0.0,50.18212318048885,0.0
traffic,arima,10,2120,2012-05-28 08:00:00,0.0,51.535313624565205,0.0,51.535313624565205,0.0
traffic,arima,11,2120,2012-05-28 08:00:00,0.0,52.58085034328886,0.0,52.58085034328886,0.0
traffic,arima,12,2120,2012-05-28 08:00:00,0.0,53.38867909113242,0.0,53.38867909113242,0.0
traffic,arima,13,2120,2012-05-28 08:00:00,0.0,54.01284382447829,0.0,54.01284382447829,0.0
traffic,arima,14,2120,2012-05-28 08:00:00,0.0,54.49510147347242,0.0,54.49510147347242,0.0
traffic,arima,15,2120,2012-05-28 08:00:00,0.0,54.86771534319818,0.0,54.86771534319818,0.0
traffic,arima,16,2120,2012-05-28 08:00:00,0.0,55.15561351479781,0.0,55.15561351479781,0.0
traffic,arima,17,2120,2012-05-28 08:00:00,0.0,55.37805654191654,0.0,55.37805654191654,0.0
traffic,arima,18,2120,2012-05-28 08:00:00,0.0,55.54992599154172,0.0,55.54992599154172,0.0
traffic,arima,19,2120,2012-05-28 08:00:00,0.0,55.68272002916598,0.0,55.68272002916598,0.0
traffic,arima,20,2120,2012-05-28 08:00:00,0.0,55.78532265264967,0.0,55.78532265264967,0.0
traffic,arima,21,2120,2012-05-28 08:00:00,0.0,55.864598036801134,0.0,55.864598036801134,0.0
traffic,arima,22,2120,2012-05-28 08:00:00,0.0,55.92584975063624,0.0,55.92584975063624,0.0
traffic,arima,23,2120,2012-05-28 08:00:00,0.0,55.97317556921025,0.0,55.97317556921025,0.0
traffic,arima,24,2120,2012-05-28 08:00:00,0.0,56.00974161713715,0.0,56.00974161713715,0.0
traffic,arima,25,2120,2012-05-28 08:00:00,0.0,56.03799418415619,0.0,56.03799418415619,0.0
traffic,arima,26,2120,2012-05-28 08:00:00,0.0,56.05982338332916,0.0,56.05982338332916,0.0
traffic,arima,27,2120,2012-05-28 08:00:00,0.0,56.07668960069668,0.0,56.07668960069668,0.0
traffic,arima,28,2120,2012-05-28 08:00:00,0.0,56.089721195948265,0.0,56.089721195948265,0.0
traffic,arima,29,2120,2012-05-28 08:00:00,0.0,56.0997899903377,0.0,56.0997899903377,0.0
traffic,arima,30,2120,2012-05-28 08:00:00,0.0,56.10756959202878,0.0,56.10756959202878,0.0
traffic,arima,31,2120,2012-05-28 08:00:00,0.0,56.11358046087077,0.0,56.11358046087077,0.0
traffic,arima,32,2120,2012-05-28 08:00:00,0.0,56.118224727463115,0.0,56.118224727463115,0.0
traffic,arima,33,2120,2012-05-28 08:00:00,0.0,56.12181309592494,0.0,56.12181309592494,0.0
traffic,arima,34,2120,2012-05-28 08:00:00,0.0,56.1245856301802,0.0,56.1245856301802,0.0
traffic,arima,35,2120,2012-05-28 08:00:00,0.0,56.12672781437292,0.0,56.12672781437292,0.0
traffic,arima,36,2120,2012-05-28 08:00:00,0.0,56.12838296186364,0.0,56.12838296186364,0.0
traffic,arima,37,2120,2012-05-28 08:00:00,0.0,56.129661802976074,0.0,56.129661802976074,0.0
traffic,arima,38,2120,2012-05-28 08:00:00,0.0,56.13064989291973,0.0,56.13064989291973,0.0
traffic,arima,39,2120,2012-05-28 08:00:00,0.0,56.13141333548288,0.0,56.13141333548288,0.0
traffic,arima,40,2120,2012-05-28 08:00:00,0.0,56.13200320541424,0.0,56.13200320541424,0.0
traffic,arima,41,2120,2012-05-28 08:00:00,0.0,56.13245896535312,0.0,56.13245896535312,0.0
traffic,arima,42,2120,2012-05-28 08:00:00,0.0,56.13281110590284,0.0,56.13281110590284,0.0
traffic,arima,43,2120,2012-05-28 08:00:00,0.0,56.13308318546967,0.0,56.13308318546967,0.0
traffic,arima,44,2120,2012-05-28 08:00:00,0.0,56.1332934063339,0.0,56.1332934063339,0.0
traffic,arima,45,2120,2012-05-28 08:00:00,0.0,56.13345583239283,0.0,56.13345583239283,0.0
traffic,arima,46,2120,2012-05-28 08:00:00,0.0,56.133581330043675,0.0,56.133581330043675,0.0
traffic,arima,47,2120,2012-05-28 08:00:00,0.0,56.13367829515181,0.0,56.13367829515181,0.0
traffic,arima,48,2120,2012-05-28 08:00:00,0.0,56.133753214739,0.0,56.133753214739,0.0
traffic,arima,49,2120,2012-05-28 08:00:00,0.0,56.13381110096894,0.0,56.13381110096894,0.0
traffic,arima,50,2120,2012-05-28 08:00:00,0.0,56.133855826463865,0.0,56.133855826463865,0.0
traffic,arima,51,2120,2012-05-28 08:00:00,59.25347222222222,56.13389038338523,0.0,3.119581838836993,59.25347222222222
traffic,arima,52,2120,2012-05-28 08:00:00,63.18634259259259,56.13391708361104,0.0,7.05242550898155,63.18634259259259
traffic,arima,53,2120,2012-05-28 08:00:00,64.23495370370371,56.13393771340184,0.0,8.101015990301867,64.23495370370371
traffic,arima,54,2120,2012-05-28 08:00:00,64.64930555555556,56.13395365290256,0.0,8.515351902652995,64.64930555555556
traffic,arima,55,2120,2012-05-28 08:00:00,63.72106481481482,56.13396596847501,0.0,7.587098846339806,63.72106481481482
traffic,arima,56,2120,2012-05-28 08:00:00,64.70833333333333,56.133975484038096,0.0,8.574357849295232,64.70833333333333
traffic,arima,57,2120,2012-05-28 08:00:00,59.49652777777778,56.133982836188494,0.0,3.3625449415892845,59.49652777777778
traffic,arima,58,2120,2012-05-28 08:00:00,26.91435185185185,56.133988516789316,0.0,29.219636664937465,26.91435185185185
traffic,arima,59,2120,2012-05-28 08:00:00,21.713458994709,56.13399290587604,0.0,34.42053391116704,21.713458994709
traffic,arima,60,2120,2012-05-28 08:00:00,64.85267857142857,56.1339962970811,0.0,8.718682274347472,64.85267857142857
traffic,arima,61,2120,2012-05-28 08:00:00,67.81481481481482,56.13399891727808,0.0,11.680815897536746,67.81481481481482
traffic,arima,62,2120,2012-05-28 08:00:00,67.63078703703704,56.13400094175966,0.0,11.496786095277379,67.63078703703704
traffic,arima,63,2120,2012-05-28 08:00:00,66.11921296296296,56.134002505964844,0.0,9.985210456998118,66.11921296296296
traffic,arima,64,2120,2012-05-28 08:00:00,64.46130952380953,56.13400371453985,0.0,8.327305809269681,64.46130952380953
traffic,arima,65,2120,2012-05-28 08:00:00,62.51326058201058,56.13400464833906,0.0,6.379255933671523,62.51326058201058
traffic,arima,66,2120,2012-05-28 08:00:00,62.49537037037037,56.13400536983416,0.0,6.361365000536203,62.49537037037037
traffic,arima,67,2120,2012-05-28 08:00:00,58.62384259259259,56.134005927293614,0.0,2.4898366652989736,58.62384259259259
traffic,arima,68,2120,2012-05-28 08:00:00,57.86111111111112,56.13400635801176,0.0,1.7271047530993613,57.86111111111112
traffic,arima,69,2120,2012-05-28 08:00:00,60.16666666666666,56.13400669080389,0.0,4.032659975862764,60.16666666666666
traffic,arima,70,2120,2012-05-28 08:00:00,62.24421296296296,56.13400694793401,0.0,6.11020601502895,62.24421296296296
traffic,arima,71,2120,2012-05-28 08:00:00,65.96180555555556,56.13400714660426,0.0,9.827798408951296,65.96180555555556
traffic,arima,72,2120,2012-05-28 08:00:00,67.03273809523809,56.1340073001058,0.0,10.898730795132288,67.03273809523809
traffic,arima,1,2144,2012-05-29 08:00:00,0.0,7.601660460010017,0.0,7.601660460010017,0.0
traffic,arima,2,2144,2012-05-29 08:00:00,0.0,15.165157074853532,0.0,15.165157074853532,0.0
traffic,arima,3,2144,2012-05-29 08:00:00,0.0,21.656356863956326,0.0,21.656356863956326,0.0
traffic,arima,4,2144,2012-05-29 08:00:00,0.0,27.08583603939767,0.0,27.08583603939767,0.0
traffic,arima,5,2144,2012-05-29 08:00:00,0.0,31.604827652406936,0.0,31.604827652406936,0.0
traffic,arima,6,2144,2012-05-29 08:00:00,0.0,35.36236643570618,0.0,35.36236643570618,0.0
traffic,arima,7,2144,2012-05-29 08:00:00,0.0,38.4861612812203,0.0,38.4861612812203,0.0
traffic,arima,8,2144,2012-05-29 08:00:00,0.0,41.083001421196336,0.0,41.083001421196336,0.0
traffic,arima,9,2144,2012-05-29 08:00:00,0.0,43.24176316812746,0.0,43.24176316812746,0.0
traffic,arima,10,2144,2012-05-29 08:00:00,0.0,45.03634629217183,0.0,45.03634629217183,0.0
traffic,arima,11,2144,2012-05-29 08:00:00,0.0,46.528186542693945,0.0,46.528186542693945,0.0
traffic,arima,12,2144,2012-05-29 08:00:00,0.0,47.768356015798204,0.0,47.768356015798204,0.0
traffic,arima,13,2144,2012-05-29 08:00:00,0.0,48.79931110926706,0.0,48.79931110926706,0.0
traffic,arima,14,2144,2012-05-29 08:00:00,0.0,49.65634591416505,0.0,49.65634591416505,0.0
traffic,arima,15,2144,2012-05-29 08:00:00,0.0,50.3688004731881,0.0,50.3688004731881,0.0
traffic,arima,16,2144,2012-05-29 08:00:00,0.0,50.96106521638025,0.0,50.96106521638025,0.0
traffic,arima,17,2144,2012-05-29 08:00:00,0.0,51.453415951707996,0.0,51.453415951707996,0.0
traffic,arima,18,2144,2012-05-29 08:00:00,0.0,51.862707994436136,0.0,51.862707994436136,0.0
traffic,arima,19,2144,2012-05-29 08:00:00,0.0,52.20295319815042,0.0,52.20295319815042,0.0
traffic,arima,20,2144,2012-05-29 08:00:00,0.0,52.48579964167987,0.0,52.48579964167987,0.0
traffic,arima,21,2144,2012-05-29 08:00:00,0.0,52.72093039369023,0.0,52.72093039369023,0.0
traffic,arima,22,2144,2012-05-29 08:00:00,0.0,52.91639500640049,0.0,52.91639500640049,0.0
traffic,arima,23,2144,2012-05-29 08:00:00,0.0,53.07888508689956,0.0,53.07888508689956,0.0
traffic,arima,24,2144,2012-05-29 08:00:00,0.0,53.21396338007241,0.0,53.21396338007241,0.0
traffic,arima,25,2144,2012-05-29 08:00:00,0.0,53.32625420564435,0.0,53.32625420564435,0.0
traffic,arima,26,2144,2012-05-29 08:00:00,0.0,53.419601768834916,0.0,53.419601768834916,0.0
traffic,arima,27,2144,2012-05-29 08:00:00,59.25347222222222,53.49720176428633,0.0,5.756270457935891,59.25347222222222
traffic,arima,28,2144,2012-05-29 08:00:00,63.18634259259259,53.56171077864341,0.0,9.624631813949179,63.18634259259259
traffic,arima,29,2144,2012-05-29 08:00:00,64.23495370370371,53.61533723711309,0.0,10.619616466590621,64.23495370370371
traffic,arima,30,2144,2012-05-29 08:00:00,64.64930555555556,53.659917007501164,0.0,10.989388548054393,64.64930555555556
traffic,arima,31,2144,2012-05-29 08:00:00,63.72106481481482,53.6969762499827,0.0,10.02408856483212,63.72106481481482
traffic,arima,32,2144,2012-05-29 08:00:00,64.70833333333333,53.727783664227985,0.0,10.980549669105343,64.70833333333333
traffic,arima,33,2144,2012-05-29 08:00:00,59.49652777777778,53.75339392253139,0.0,5.743133855246391,59.49652777777778
traffic,arima,34,2144,2012-05-29 08:00:00,26.91435185185185,53.77468377584868,0.0,26.860331923996828,26.91435185185185
traffic,arima,35,2144,2012-05-29 08:00:00,21.713458994709,53.79238206881011,0.0,32.07892307410111,21.713458994709
traffic,arima,36,2144,2012-05-29 08:00:00,64.85267857142857,53.80709469125427,0.0,11.045583880174298,64.85267857142857
traffic,arima,37,2144,2012-05-29 08:00:00,67.81481481481482,53.81932532048253,0.0,13.995489494332297,67.81481481481482
traffic,arima,38,2144,2012-05-29 08:00:00,67.63078703703704,53.82949266433212,0.0,13.801294372704916,67.63078703703704
traffic,arima,39,2144,2012-05-29 08:00:00,66.11921296296296,53.837944795373524,0.0,12.281268167589438,66.11921296296296
traffic,arima,40,2144,2012-05-29 08:00:00,64.46130952380953,53.84497106695415,0.0,10.616338456855381,64.46130952380953
traffic,arima,41,2144,2012-05-29 08:00:00,62.51326058201058,53.85081201902683,0.0,8.662448562983748,62.51326058201058
traffic,arima,42,2144,2012-05-29 08:00:00,62.49537037037037,53.85566761288252,0.0,8.639702757487846,62.49537037037037
traffic,arima,43,2144,2012-05-29 08:00:00,58.62384259259259,53.85970407669836,0.0,4.764138515894231,58.62384259259259
traffic,arima,44,2144,2012-05-29 08:00:00,57.86111111111112,53.863059596253905,0.0,3.9980515148572167,57.86111111111112
traffic,arima,45,2144,2012-05-29 08:00:00,60.16666666666666,53.86584904563371,0.0,6.300817621032948,60.16666666666666
traffic,arima,46,2144,2012-05-29 08:00:00,62.24421296296296,53.868167919868725,0.0,8.376045043094237,62.24421296296296
traffic,arima,47,2144,2012-05-29 08:00:00,65.96180555555556,53.8700956041482,0.0,12.09170995140736,65.96180555555556
traffic,arima,48,2144,2012-05-29 08:00:00,67.03273809523809,53.87169809152126,0.0,13.161040003716828,67.03273809523809
traffic,arima,49,2144,2012-05-29 08:00:00,67.5489417989418,53.87303024212713,0.0,13.675911556814668,67.5489417989418
traffic,arima,50,2144,2012-05-29 08:00:00,65.80704365079366,53.8741376612972,0.0,11.932905989496462,65.80704365079366
traffic,arima,51,2144,2012-05-29 08:00:00,64.37152777777779,53.87505826082462,0.0,10.496469516953162,64.37152777777779
traffic,arima,52,2144,2012-05-29 08:00:00,47.395833333333336,53.87582355685056,0.0,6.479990223517227,47.395833333333336
traffic,arima,53,2144,2012-05-29 08:00:00,59.800694444444446,53.876459748799256,0.0,5.92423469564519,59.800694444444446
traffic,arima,54,2144,2012-05-29 08:00:00,65.09837962962963,53.87698861629871,0.0,11.221391013330923,65.09837962962963
traffic,arima,55,2144,2012-05-29 08:00:00,65.11111111111111,53.877428264792464,0.0,11.23368284631865,65.11111111111111
traffic,arima,56,2144,2012-05-29 08:00:00,65.02546296296296,53.87779374536795,0.0,11.14766921759501,65.02546296296296
traffic,arima,57,2144,2012-05-29 08:00:00,54.5967261904762,53.878097570020955,0.0,0.7186286204552417,54.5967261904762
traffic,arima,58,2144,2012-05-29 08:00:00,18.91054894179894,53.87835013999585,0.0,34.96780119819691,18.91054894179894
traffic,arima,59,2144,2012-05-29 08:00:00,18.90509259259259,53.87856010186559,0.0,34.97346750927299,18.90509259259259
traffic,arima,60,2144,2012-05-29 08:00:00,59.68039021164021,53.87873464354166,0.0,5.801655568098546,59.68039021164021
traffic,arima,61,2144,2012-05-29 08:00:00,66.54166666666667,53.878879740347685,0.0,12.662786926318987,66.54166666666667
traffic,arima,62,2144,2012-05-29 08:00:00,67.20254629629629,53.87900035958083,0.0,13.323545936715462,67.20254629629629
traffic,arima,63,2144,2012-05-29 08:00:00,66.99421296296296,53.879100630564054,0.0,13.115112332398908,66.99421296296296
traffic,arima,64,2144,2012-05-29 08:00:00,65.88888888888889,53.87918398601091,0.0,12.009704902877978,65.88888888888889
traffic,arima,65,2144,2012-05-29 08:00:00,59.083564814814814,53.87925327954226,0.0,5.204311535272552,59.083564814814814
traffic,arima,66,2144,2012-05-29 08:00:00,62.36921296296296,53.87931088337823,0.0,8.48990207958473,62.36921296296296
traffic,arima,67,2144,2012-05-29 08:00:00,57.289186507936506,53.87935876954961,0.0,3.4098277383868947,57.289186507936506
traffic,arima,68,2144,2012-05-29 08:00:00,0.0,53.87939857740912,0.0,53.87939857740912,0.0
traffic,arima,69,2144,2012-05-29 08:00:00,0.0,53.8794316697536,0.0,53.8794316697536,0.0
traffic,arima,70,2144,2012-05-29 08:00:00,0.0,53.879459179478474,0.0,53.879459179478474,0.0
traffic,arima,71,2144,2012-05-29 08:00:00,0.0,53.87948204836173,0.0,53.87948204836173,0.0
traffic,arima,72,2144,2012-05-29 08:00:00,0.0,53.87950105930509,0.0,53.87950105930509,0.0
traffic,arima,1,2168,2012-05-30 08:00:00,0.0,5.737209656935455,0.0,5.737209656935455,0.0
traffic,arima,2,2168,2012-05-30 08:00:00,0.0,11.4160529508559,0.0,11.4160529508559,0.0
traffic,arima,3,2168,2012-05-30 08:00:00,59.25347222222222,16.46106161866166,0.0,42.79241060356056,59.25347222222222
traffic,arima,4,2168,2012-05-30 08:00:00,63.18634259259259,20.884544303813065,0.0,42.30179828877952,63.18634259259259
traffic,arima,5,2168,2012-05-30 08:00:00,64.23495370370371,24.7564660771286,0.0,39.47848762657511,64.23495370370371
traffic,arima,6,2168,2012-05-30 08:00:00,64.64930555555556,28.14484434676976,0.0,36.5044612087858,64.64930555555556
traffic,arima,7,2168,2012-05-30 08:00:00,63.72106481481482,31.109979502882823,0.0,32.611085311931994,63.72106481481482
traffic,arima,8,2168,2012-05-30 08:00:00,64.70833333333333,33.704728986161044,0.0,31.003604347172285,64.70833333333333
traffic,arima,9,2168,2012-05-30 08:00:00,59.49652777777778,35.975357857953654,0.0,23.521169919824125,59.49652777777778
traffic,arima,10,2168,2012-05-30 08:00:00,26.91435185185185,37.96235319857857,0.0,11.048001346726718,26.91435185185185
traffic,arima,11,2168,2012-05-30 08:00:00,21.713458994709,39.701144816428396,0.0,17.987685821719396,21.713458994709
traffic,arima,12,2168,2012-05-30 08:00:00,64.85267857142857,41.22273685293796,0.0,23.629941718490606,64.85267857142857
traffic,arima,13,2168,2012-05-30 08:00:00,67.81481481481482,42.55426059704716,0.0,25.260554217767663,67.81481481481482
traffic,arima,14,2168,2012-05-30 08:00:00,67.63078703703704,43.7194582574917,0.0,23.911328779545336,67.63078703703704
traffic,arima,15,2168,2012-05-30 08:00:00,66.11921296296296,44.73910630650962,0.0,21.380106656453343,66.11921296296296
traffic,arima,16,2168,2012-05-30 08:00:00,64.46130952380953,45.631385942111564,0.0,18.82992358169797,64.46130952380953
traffic,arima,17,2168,2012-05-30 08:00:00,62.51326058201058,46.412207274410235,0.0,16.101053307600345,62.51326058201058
traffic,arima,18,2168,2012-05-30 08:00:00,62.49537037037037,47.095493016509856,0.0,15.39987735386051,62.49537037037037
traffic,arima,19,2168,2012-05-30 08:00:00,58.62384259259259,47.69342673840522,0.0,10.930415854187366,58.62384259259259
traffic,arima,20,2168,2012-05-30 08:00:00,57.86111111111112,48.21667011046948,0.0,9.644441000641642,57.86111111111112
traffic,arima,21,2168,2012-05-30 08:00:00,60.16666666666666,48.674553010168346,0.0,11.492113656498312,60.16666666666666
traffic,arima,22,2168,2012-05-30 08:00:00,62.24421296296296,49.075239881765995,0.0,13.168973081196967,62.24421296296296
traffic,arima,23,2168,2012-05-30 08:00:00,65.96180555555556,49.425875315358965,0.0,16.535930240196592,65.96180555555556
traffic,arima,24,2168,2012-05-30 08:00:00,67.03273809523809,49.73271144103663,0.0,17.30002665420146,67.03273809523809
traffic,arima,25,2168,2012-05-30 08:00:00,67.5489417989418,50.00121940971549,0.0,17.54772238922631,67.5489417989418
traffic,arima,26,2168,2012-05-30 08:00:00,65.80704365079366,50.23618694844588,0.0,15.570856702347783,65.80704365079366
traffic,arima,27,2168,2012-05-30 08:00:00,64.37152777777779,50.44180372968579,0.0,13.929724048091998,64.37152777777779
traffic,arima,28,2168,2012-05-30 08:00:00,47.395833333333336,50.621736076749166,0.0,3.22590274341583,47.395833333333336
traffic,arima,29,2168,2012-05-30 08:00:00,59.800694444444446,50.77919233749065,0.0,9.021502106953797,59.800694444444446
traffic,arima,30,2168,2012-05-30 08:00:00,65.09837962962963,50.916980091895674,0.0,14.18139953773396,65.09837962962963
traffic,arima,31,2168,2012-05-30 08:00:00,65.11111111111111,51.03755621363624,0.0,14.073554897474871,65.11111111111111
traffic,arima,32,2168,2012-05-30 08:00:00,65.02546296296296,51.14307067823272,0.0,13.882392284730244,65.02546296296296
traffic,arima,33,2168,2012-05-30 08:00:00,54.5967261904762,51.23540489895874,0.0,3.3613212915174557,54.5967261904762
traffic,arima,34,2168,2012-05-30 08:00:00,18.91054894179894,51.31620527405125,0.0,32.405656332252306,18.91054894179894
traffic,arima,35,2168,2012-05-30 08:00:00,18.90509259259259,51.38691254340118,0.0,32.481819950808585,18.90509259259259
traffic,arima,36,2168,2012-05-30 08:00:00,59.68039021164021,51.44878747817964,0.0,8.23160273346057,59.68039021164021
traffic,arima,37,2168,2012-05-30 08:00:00,66.54166666666667,51.50293336146769,0.0,15.038733305198981,66.54166666666667
traffic,arima,38,2168,2012-05-30 08:00:00,67.20254629629629,51.55031566073864,0.0,15.65223063555765,67.20254629629629
traffic,arima,39,2168,2012-05-30 08:00:00,66.99421296296296,51.59177924296996,0.0,15.402433719992999,66.99421296296296
traffic,arima,40,2168,2012-05-30 08:00:00,65.88888888888889,51.62806343934512,0.0,14.260825449543766,65.88888888888889
traffic,arima,41,2168,2012-05-30 08:00:00,59.083564814814814,51.659815228161776,0.0,7.423749586653038,59.083564814814814
traffic,arima,42,2168,2012-05-30 08:00:00,62.36921296296296,51.68760077100896,0.0,10.681612191954002,62.36921296296296
traffic,arima,43,2168,2012-05-30 08:00:00,57.289186507936506,51.7119155079131,0.0,5.5772710000234085,57.289186507936506
traffic,arima,44,2168,2012-05-30 08:00:00,0.0,51.73319299145801,0.0,51.73319299145801,0.0
traffic,arima,45,2168,2012-05-30 08:00:00,0.0,51.751812617398805,0.0,51.751812617398805,0.0
traffic,arima,46,2168,2012-05-30 08:00:00,0.0,51.76810638961315,0.0,51.76810638961315,0.0
traffic,arima,47,2168,2012-05-30 08:00:00,0.0,51.782364840014736,0.0,51.782364840014736,0.0
traffic,arima,48,2168,2012-05-30 08:00:00,0.0,51.79484220898615,0.0,51.79484220898615,0.0
traffic,arima,49,2168,2012-05-30 08:00:00,0.0,51.80576097870262,0.0,51.80576097870262,0.0
traffic,arima,50,2168,2012-05-30 08:00:00,0.0,51.8153158401798,0.0,51.8153158401798,0.0
traffic,arima,51,2168,2012-05-30 08:00:00,0.0,51.82367716478126,0.0,51.82367716478126,0.0
traffic,arima,52,2168,2012-05-30 08:00:00,0.0,51.830994042085855,0.0,51.830994042085855,0.0
traffic,arima,53,2168,2012-05-30 08:00:00,0.0,51.837396938282616,0.0,51.837396938282616,0.0
traffic,arima,54,2168,2012-05-30 08:00:00,65.18171296296296,51.84300002249461,0.0,13.338712940468355,65.18171296296296
traffic,arima,55,2168,2012-05-30 08:00:00,46.0109126984127,51.8479032025122,0.0,5.8369905040994965,46.0109126984127
traffic,arima,56,2168,2012-05-30 08:00:00,19.141203703703702,51.85219390623453,0.0,32.71099020253083,19.141203703703702
traffic,arima,57,2168,2012-05-30 08:00:00,17.93287037037037,51.855948640583826,0.0,33.92307827021345,17.93287037037037
traffic,arima,58,2168,2012-05-30 08:00:00,15.545138888888888,51.859234355689345,0.0,36.31409546680046,15.545138888888888
traffic,arima,59,2168,2012-05-30 08:00:00,19.330687830687832,51.86210963866553,0.0,32.531421807977694,19.330687830687832
traffic,arima,60,2168,2012-05-30 08:00:00,58.851686507936506,51.86462575827044,0.0,6.987060749666064,58.851686507936506
traffic,arima,61,2168,2012-05-30 08:00:00,66.90162037037037,51.86682757907161,0.0,15.034792791298756,66.90162037037037
traffic,arima,62,2168,2012-05-30 08:00:00,67.68650793650794,51.86875436141972,0.0,15.817753575088219,67.68650793650794
traffic,arima,63,2168,2012-05-30 08:00:00,66.30208333333333,51.87044046149426,0.0,14.431642871839067,66.30208333333333
traffic,arima,64,2168,2012-05-30 08:00:00,65.6942791005291,51.87191594390365,0.0,13.82236315662545,65.6942791005291
traffic,arima,65,2168,2012-05-30 08:00:00,21.89814814814815,51.873207117762966,0.0,29.975058969614818,21.89814814814815
traffic,arima,66,2168,2012-05-30 08:00:00,65.19659391534391,51.87433700580796,0.0,13.322256909535952,65.19659391534391
traffic,arima,67,2168,2012-05-30 08:00:00,64.90327380952381,51.87532575491019,0.0,13.027948054613617,64.90327380952381
traffic,arima,68,2168,2012-05-30 08:00:00,62.53769841269841,51.87619099531298,0.0,10.66150741738543,62.53769841269841
traffic,arima,69,2168,2012-05-30 08:00:00,62.11210317460317,51.87694815499378,0.0,10.235155019609394,62.11210317460317
traffic,arima,70,2168,2012-05-30 08:00:00,62.98726851851851,51.87761073475815,0.0,11.109657783760362,62.98726851851851
traffic,arima,71,2168,2012-05-30 08:00:00,65.53125,51.8781905489708,0.0,13.6530594510292,65.53125
traffic,arima,72,2168,2012-05-30 08:00:00,66.60416666666667,51.878697936215715,0.0,14.725468730450956,66.60416666666667
traffic,arima,1,2192,2012-05-31 08:00:00,67.5489417989418,65.36054273483052,67.03273809523809,2.1883990641112803,0.5162037037037095
traffic,arima,2,2192,2012-05-31 08:00:00,65.80704365079366,63.59927432911851,67.03273809523809,2.2077693216751513,1.2256944444444287
traffic,arima,3,2192,2012-05-31 08:00:00,64.37152777777779,62.04056176118782,67.03273809523809,2.3309660165899686,2.661210317460302
traffic,arima,4,2192,2012-05-31 08:00:00,47.395833333333336,60.69089207021807,67.03273809523809,13.295058736884734,19.636904761904752
traffic,arima,5,2192,2012-05-31 08:00:00,59.800694444444446,59.52579178762283,67.03273809523809,0.27490265682161663,7.232043650793642
traffic,arima,6,2192,2012-05-31 08:00:00,65.09837962962963,58.52045613662967,67.03273809523809,6.577923492999965,1.9343584656084545
traffic,arima,7,2192,2012-05-31 08:00:00,65.11111111111111,57.65303073743868,67.03273809523809,7.458080373672438,1.9216269841269735
traffic,arima,8,2192,2012-05-31 08:00:00,65.02546296296296,56.90460384161068,67.03273809523809,8.120859121352282,2.007275132275126
traffic,arima,9,2192,2012-05-31 08:00:00,54.5967261904762,56.25885133977162,67.03273809523809,1.66212514929542,12.436011904761891
traffic,arima,10,2192,2012-05-31 08:00:00,18.91054894179894,55.701687744749755,67.03273809523809,36.79113880295081,48.12218915343915
traffic,arima,11,2192,2012-05-31 08:00:00,18.90509259259259,55.220959814267445,67.03273809523809,36.31586722167485,48.12764550264549
traffic,arima,12,2192,2012-05-31 08:00:00,59.68039021164021,54.806181561731634,67.03273809523809,4.874208649908574,7.352347883597879
traffic,arima,13,2192,2012-05-31 08:00:00,66.54166666666667,54.448305541262805,67.03273809523809,12.093361125403867,0.4910714285714164
traffic,arima,14,2192,2012-05-31 08:00:00,67.20254629629629,54.13952549979644,67.03273809523809,13.063020796499849,0.1698082010582027
traffic,arima,15,2192,2012-05-31 08:00:00,66.99421296296296,53.873106101586735,67.03273809523809,13.121106861376227,0.038525132275125884
traffic,arima,16,2192,2012-05-31 08:00:00,65.88888888888889,53.6432360121689,67.03273809523809,12.245652876719987,1.143849206349202
traffic,arima,17,2192,2012-05-31 08:00:00,59.083564814814814,53.44490113729104,67.03273809523809,5.638663677523773,7.949173280423274
traffic,arima,18,2192,2012-05-31 08:00:00,62.36921296296296,53.27377525182923,67.03273809523809,9.095437711133734,4.663525132275126
traffic,arima,19,2192,2012-05-31 08:00:00,57.289186507936506,53.1261256330059,67.03273809523809,4.163060874930608,9.743551587301582
traffic,arima,20,2192,2012-05-31 08:00:00,0.0,52.99873163951484,67.03273809523809,52.99873163951484,67.03273809523809
traffic,arima,21,2192,2012-05-31 08:00:00,0.0,52.88881446054114,67.03273809523809,52.88881446054114,67.03273809523809
traffic,arima,22,2192,2012-05-31 08:00:00,0.0,52.793976502310535,67.03273809523809,52.793976502310535,67.03273809523809
traffic,arima,23,2192,2012-05-31 08:00:00,0.0,52.71214909002313,67.03273809523809,52.71214909002313,67.03273809523809
traffic,arima,24,2192,2012-05-31 08:00:00,0.0,52.64154734440802,67.03273809523809,52.64154734440802,67.03273809523809
traffic,arima,25,2192,2012-05-31 08:00:00,0.0,52.58063124863325,67.03273809523809,52.58063124863325,67.03273809523809
traffic,arima,26,2192,2012-05-31 08:00:00,0.0,52.52807205633411,67.03273809523809,52.52807205633411,67.03273809523809
traffic,arima,27,2192,2012-05-31 08:00:00,0.0,52.48272330802704,67.03273809523809,52.48272330802704,67.03273809523809
traffic,arima,28,2192,2012-05-31 08:00:00,0.0,52.443595823698274,67.03273809523809,52.443595823698274,67.03273809523809
traffic,arima,29,2192,2012-05-31 08:00:00,0.0,52.409836126086965,67.03273809523809,52.409836126086965,67.03273809523809
traffic,arima,30,2192,2012-05-31 08:00:00,65.18171296296296,52.38070782401596,67.03273809523809,12.801005138947005,1.8510251322751259
traffic,arima,31,2192,2012-05-31 08:00:00,46.0109126984127,52.35557554968966,67.03273809523809,6.344662851276958,21.021825396825385
traffic,arima,32,2192,2012-05-31 08:00:00,19.141203703703702,52.33389109958777,67.03273809523809,33.192687395884064,47.891534391534385
traffic,arima,33,2192,2012-05-31 08:00:00,17.93287037037037,52.31518147664966,67.03273809523809,34.38231110627929,49.09986772486772
traffic,arima,34,2192,2012-05-31 08:00:00,15.545138888888888,52.29903857291722,67.03273809523809,36.75389968402833,51.4875992063492
traffic,arima,35,2192,2012-05-31 08:00:00,19.330687830687832,52.28511026758595,67.03273809523809,32.95442243689811,47.70205026455025
traffic,arima,36,2192,2012-05-31 08:00:00,58.851686507936506,52.273092746288874,67.03273809523809,6.578593761647632,8.181051587301582
traffic,arima,37,2192,2012-05-31 08:00:00,66.90162037037037,52.26272387407573,67.03273809523809,14.638896496294635,0.1311177248677211
traffic,arima,38,2192,2012-05-31 08:00:00,67.68650793650794,52.253777477533994,67.03273809523809,15.432730458973943,0.6537698412698489
traffic,arima,39,2192,2012-05-31 08:00:00,66.30208333333333,52.246058411329216,67.03273809523809,14.056024922004113,0.7306547619047592
traffic,arima,40,2192,2012-05-31 08:00:00,65.6942791005291,52.23939830155254,67.03273809523809,13.45488079897656,1.3384589947089864
traffic,arima,41,2192,2012-05-31 08:00:00,21.89814814814815,52.23365187302599,67.03273809523809,30.335503724877842,45.134589947089935
traffic,arima,42,2192,2012-05-31 08:00:00,65.19659391534391,52.22869378045426,67.03273809523809,12.967900134889653,1.8361441798941769
traffic,arima,43,2192,2012-05-31 08:00:00,64.90327380952381,52.224415874301535,67.03273809523809,12.678857935222275,2.1294642857142776
traffic,arima,44,2192,2012-05-31 08:00:00,62.53769841269841,52.220724841754894,67.03273809523809,10.316973570943517,4.495039682539677
traffic,arima,45,2192,2012-05-31 08:00:00,62.11210317460317,52.217540171317076,67.03273809523809,9.894563003286095,4.920634920634917
traffic,arima,46,2192,2012-05-31 08:00:00,62.98726851851851,52.2147923966309,67.03273809523809,10.772476121887614,4.045469576719576
traffic,arima,47,2192,2012-05-31 08:00:00,65.53125,52.212421581228355,67.03273809523809,13.318828418771645,1.5014880952380878
traffic,arima,48,2192,2012-05-31 08:00:00,66.60416666666667,52.21037601115261,67.03273809523809,14.39379065551406,0.4285714285714164
traffic,arima,49,2192,2012-05-31 08:00:00,67.9050925925926,52.208611066935404,67.03273809523809,15.696481525657191,0.8723544973545074
traffic,arima,50,2192,2012-05-31 08:00:00,67.67311507936508,52.20708825032463,67.03273809523809,15.466026829040445,0.6403769841269877
traffic,arima,51,2192,2012-05-31 08:00:00,67.0492724867725,52.20577434453234,67.03273809523809,14.843498142240158,0.016534391534406723
traffic,arima,52,2192,2012-05-31 08:00:00,66.46412037037037,52.204640689685924,67.03273809523809,14.259479680684443,0.5686177248677211
traffic,arima,53,2192,2012-05-31 08:00:00,66.47982804232804,52.20366255767802,67.03273809523809,14.276165484650015,0.5529100529100504
traffic,arima,54,2192,2012-05-31 08:00:00,66.6736111111111,52.202818612779005,67.03273809523809,14.470792498332095,0.35912698412698774
traffic,arima,55,2192,2012-05-31 08:00:00,67.21577380952381,52.202090446246444,67.03273809523809,15.013683363277366,0.1830357142857224
traffic,arima,56,2192,2012-05-31 08:00:00,67.33416005291005,52.20146217478019,67.03273809523809,15.13269787812986,0.30142195767196256
traffic,arima,57,2192,2012-05-31 08:00:00,66.88095238095238,52.20092009406424,67.03273809523809,14.680032286888142,0.1517857142857082
traffic,arima,58,2192,2012-05-31 08:00:00,67.6430224867725,52.200452379838154,67.03273809523809,15.44257010693434,0.6102843915344067
traffic,arima,59,2192,2012-05-31 08:00:00,67.41203703703704,52.20004882997769,67.03273809523809,15.211988207059349,0.3792989417989503
traffic,arima,60,2192,2012-05-31 08:00:00,67.5949074074074,52.1997006419586,67.03273809523809,15.395206765448805,0.562169312169317
traffic,arima,61,2192,2012-05-31 08:00:00,68.37268518518518,52.199400220849554,67.03273809523809,16.173284964335622,1.3399470899470884
traffic,arima,62,2192,2012-05-31 08:00:00,67.94444444444444,52.199141013645935,67.03273809523809,15.745303430798508,0.9117063492063551
traffic,arima,63,2192,2012-05-31 08:00:00,67.28125,52.19891736633093,67.03273809523809,15.082332633669068,0.2485119047619122
traffic,arima,64,2192,2012-05-31 08:00:00,67.82291666666667,52.198724400546,67.03273809523809,15.624192266120673,0.7901785714285836
traffic,arima,65,2192,2012-05-31 08:00:00,67.34722222222221,52.198557907180515,67.03273809523809,15.1486643150417,0.31448412698412653
traffic,arima,66,2192,2012-05-31 08:00:00,67.30787037037037,52.198414254559616,67.03273809523809,15.109456115810751,0.2751322751322789
traffic,arima,67,2192,2012-05-31 08:00:00,67.72453703703704,52.19829030922744,67.03273809523809,15.5262467278096,0.6917989417989503
traffic,arima,68,2192,2012-05-31 08:00:00,65.5973544973545,52.19818336759788,67.03273809523809,13.399171129756624,1.435383597883586
traffic,arima,69,2192,2012-05-31 08:00:00,63.267195767195766,52.19809109698202,67.03273809523809,11.069104670213747,3.765542328042322
traffic,arima,70,2192,2012-05-31 08:00:00,64.9454365079365,52.1980114847058,67.03273809523809,12.747425023230704,2.0873015873015817
traffic,arima,71,2192,2012-05-31 08:00:00,0.0,52.19794279420814,67.03273809523809,52.19794279420814,67.03273809523809
traffic,arima,72,2192,2012-05-31 08:00:00,45.79464285714286,52.197883527161714,67.03273809523809,6.403240670018853,21.238095238095227
traffic,arima,1,2216,2012-06-01 08:00:00,0.0,6.113011238128131,0.0,6.113011238128131,0.0
traffic,arima,2,2216,2012-06-01 08:00:00,0.0,12.318802876231096,0.0,12.318802876231096,0.0
traffic,arima,3,2216,2012-06-01 08:00:00,0.0,17.789304677656318,0.0,17.789304677656318,0.0
traffic,arima,4,2216,2012-06-01 08:00:00,0.0,22.500767328278535,0.0,22.500767328278535,0.0
traffic,arima,5,2216,2012-06-01 08:00:00,0.0,26.541442439353546,0.0,26.541442439353546,0.0
traffic,arima,6,2216,2012-06-01 08:00:00,65.18171296296296,30.00414362310746,0.0,35.1775693398555,65.18171296296296
traffic,arima,7,2216,2012-06-01 08:00:00,46.0109126984127,32.971118255269076,0.0,13.039794443143627,46.0109126984127
traffic,arima,8,2216,2012-06-01 08:00:00,19.141203703703702,35.51326808488207,0.0,16.37206438117837,19.141203703703702
traffic,arima,9,2216,2012-06-01 08:00:00,17.93287037037037,37.69141077514099,0.0,19.758540404770617,17.93287037037037
traffic,arima,10,2216,2012-06-01 08:00:00,15.545138888888888,39.55766634725291,0.0,24.012527458364026,15.545138888888888
traffic,arima,11,2216,2012-06-01 08:00:00,19.330687830687832,41.15669348780514,0.0,21.82600565711731,19.330687830687832
traffic,arima,12,2216,2012-06-01 08:00:00,58.851686507936506,42.52675649276626,0.0,16.324930015170246,58.851686507936506
traffic,arima,13,2216,2012-06-01 08:00:00,66.90162037037037,43.70064064972049,0.0,23.200979720649876,66.90162037037037
traffic,arima,14,2216,2012-06-01 08:00:00,67.68650793650794,44.70643673902619,0.0,22.98007119748175,67.68650793650794
traffic,arima,15,2216,2012-06-01 08:00:00,66.30208333333333,45.568213232960545,0.0,20.733870100372783,66.30208333333333
traffic,arima,16,2216,2012-06-01 08:00:00,65.6942791005291,46.30659224772053,0.0,19.38768685280857,65.6942791005291
traffic,arima,17,2216,2012-06-01 08:00:00,21.89814814814815,46.939243025818705,0.0,25.041094877670556,21.89814814814815
traffic,arima,18,2216,2012-06-01 08:00:00,65.19659391534391,47.481304757025725,0.0,17.715289158318186,65.19659391534391
traffic,arima,19,2216,2012-06-01 08:00:00,64.90327380952381,47.94574885574695,0.0,16.95752495377686,64.90327380952381
traffic,arima,20,2216,2012-06-01 08:00:00,62.53769841269841,48.343689364029345,0.0,14.194009048669066,62.53769841269841
traffic,arima,21,2216,2012-06-01 08:00:00,62.11210317460317,48.684648908069335,0.0,13.427454266533836,62.11210317460317
traffic,arima,22,2216,2012-06-01 08:00:00,62.98726851851851,48.97678657249996,0.0,14.010481946018551,62.98726851851851
traffic,arima,23,2216,2012-06-01 08:00:00,65.53125,49.227093145437465,0.0,16.304156854562535,65.53125
traffic,arima,24,2216,2012-06-01 08:00:00,66.60416666666667,49.441558406456885,0.0,17.162608260209787,66.60416666666667
traffic,arima,25,2216,2012-06-01 08:00:00,67.9050925925926,49.62531446066011,0.0,18.27977813193249,67.9050925925926
traffic,arima,26,2216,2012-06-01 08:00:00,67.67311507936508,49.78275854878811,0.0,17.890356530576966,67.67311507936508
traffic,arima,27,2216,2012-06-01 08:00:00,67.0492724867725,49.91765827219557,0.0,17.131614214576928,67.0492724867725
traffic,arima,28,2216,2012-06-01 08:00:00,66.46412037037037,50.03324175069755,0.0,16.430878619672818,66.46412037037037
traffic,arima,29,2216,2012-06-01 08:00:00,66.47982804232804,50.13227487074529,0.0,16.347553171582746,66.47982804232804
traffic,arima,30,2216,2012-06-01 08:00:00,66.6736111111111,50.217127472462266,0.0,16.456483638648834,66.6736111111111
traffic,arima,31,2216,2012-06-01 08:00:00,67.21577380952381,50.28983005938135,0.0,16.92594375014246,67.21577380952381
traffic,arima,32,2216,2012-06-01 08:00:00,67.33416005291005,50.352122387934315,0.0,16.982037664975735,67.33416005291005
traffic,arima,33,2216,2012-06-01 08:00:00,66.88095238095238,50.405495099429004,0.0,16.475457281523376,66.88095238095238
traffic,arima,34,2216,2012-06-01 08:00:00,67.6430224867725,50.45122539075812,0.0,17.191797096014376,67.6430224867725
traffic,arima,35,2216,2012-06-01 08:00:00,67.41203703703704,50.49040757743142,0.0,16.92162945960562,67.41203703703704
traffic,arima,36,2216,2012-06-01 08:00:00,67.5949074074074,50.52397928029796,0.0,17.070928127109447,67.5949074074074
traffic,arima,37,2216,2012-06-01 08:00:00,68.37268518518518,50.55274386260055,0.0,17.819941322584626,68.37268518518518
traffic,arima,38,2216,2012-06-01 08:00:00,67.94444444444444,50.577389654276104,0.0,17.36705479016834,67.94444444444444
traffic,arima,39,2216,2012-06-01 08:00:00,67.28125,50.59850642353508,0.0,16.682743576464922,67.28125
traffic,arima,40,2216,2012-06-01 08:00:00,67.82291666666667,50.616599489881146,0.0,17.206317176785525,67.82291666666667
traffic,arima,41,2216,2012-06-01 08:00:00,67.34722222222221,50.63210181629236,0.0,16.715120405929852,67.34722222222221
traffic,arima,42,2216,2012-06-01 08:00:00,67.30787037037037,50.64538436992718,0.0,16.662486000443188,67.30787037037037
traffic,arima,43,2216,2012-06-01 08:00:00,67.72453703703704,50.65676499928447,0.0,17.06777203775257,67.72453703703704
traffic,arima,44,2216,2012-06-01 08:00:00,65.5973544973545,50.66651604024609,0.0,14.930838457108415,65.5973544973545
traffic,arima,45,2216,2012-06-01 08:00:00,63.267195767195766,50.674870833012825,0.0,12.59232493418294,63.267195767195766
traffic,arima,46,2216,2012-06-01 08:00:00,64.9454365079365,50.68202930588253,0.0,14.263407202053976,64.9454365079365
traffic,arima,47,2216,2012-06-01 08:00:00,0.0,50.68816275948898,0.0,50.68816275948898,0.0
traffic,arima,48,2216,2012-06-01 08:00:00,45.79464285714286,50.69341796598724,0.0,4.898775108844376,45.79464285714286
traffic,arima,49,2216,2012-06-01 08:00:00,68.13558201058201,50.69792068127806,0.0,17.43766132930395,68.13558201058201
traffic,arima,50,2216,2012-06-01 08:00:00,68.68055555555556,50.70177865431812,0.0,17.97877690123744,68.68055555555556
traffic,arima,51,2216,2012-06-01 08:00:00,68.43402777777779,50.70508420552811,0.0,17.728943572249676,68.43402777777779
traffic,arima,52,2216,2012-06-01 08:00:00,67.68253968253968,50.70791643599951,0.0,16.974623246540176,67.68253968253968
traffic,arima,53,2216,2012-06-01 08:00:00,67.47337962962963,50.71034312036575,0.0,16.763036509263884,67.47337962962963
traffic,arima,54,2216,2012-06-01 08:00:00,67.03125,50.71242232863387,0.0,16.31882767136613,67.03125
traffic,arima,55,2216,2012-06-01 08:00:00,68.01951058201058,50.71420381578662,0.0,17.305306766223964,68.01951058201058
traffic,arima,56,2216,2012-06-01 08:00:00,68.52893518518518,50.715730212407905,0.0,17.81320497277727,68.52893518518518
traffic,arima,57,2216,2012-06-01 08:00:00,67.72685185185185,50.71703804482302,0.0,17.009813807028827,67.72685185185185
traffic,arima,58,2216,2012-06-01 08:00:00,67.9520171957672,50.718158609165314,0.0,17.233858586601883,67.9520171957672
traffic,arima,59,2216,2012-06-01 08:00:00,67.76306216931216,50.71911872028561,0.0,17.043943449026557,67.76306216931216
traffic,arima,60,2216,2012-06-01 08:00:00,67.68468915343915,50.71994135342546,0.0,16.96474780001369,67.68468915343915
traffic,arima,61,2216,2012-06-01 08:00:00,68.17361111111111,50.72064619400952,0.0,17.452964917101596,68.17361111111111
traffic,arima,62,2216,2012-06-01 08:00:00,17.055059523809522,50.72125010871324,0.0,33.66619058490372,17.055059523809522
traffic,arima,63,2216,2012-06-01 08:00:00,0.0,50.72176754907866,0.0,50.72176754907866,0.0
traffic,arima,64,2216,2012-06-01 08:00:00,10.968253968253968,50.72221089733648,0.0,39.75395692908251,10.968253968253968
traffic,arima,65,2216,2012-06-01 08:00:00,66.0613425925926,50.72259076271005,0.0,15.338751829882547,66.0613425925926
traffic,arima,66,2216,2012-06-01 08:00:00,64.43320105820105,50.722916235291684,0.0,13.710284822909365,64.43320105820105
traffic,arima,67,2216,2012-06-01 08:00:00,65.01653439153439,50.72319510356652,0.0,14.293339287967875,65.01653439153439
traffic,arima,68,2216,2012-06-01 08:00:00,63.9375,50.723434040789186,0.0,13.214065959210814,63.9375
traffic,arima,69,2216,2012-06-01 08:00:00,64.04166666666667,50.72363876467328,0.0,13.31802790199339,64.04166666666667
traffic,arima,70,2216,2012-06-01 08:00:00,64.33912037037037,50.723814174214965,0.0,13.615306196155402,64.33912037037037
traffic,arima,71,2216,2012-06-01 08:00:00,66.95453042328042,50.72396446692482,0.0,16.230565956355598,66.95453042328042
traffic,arima,72,2216,2012-06-01 08:00:00,67.61689814814815,50.72409323927335,0.0,16.8928049088748,67.61689814814815
traffic,arima,1,2240,2012-06-02 08:00:00,67.9050925925926,64.81481339573077,66.60416666666667,3.090279196861829,1.3009259259259238
traffic,arima,2,2240,2012-06-02 08:00:00,67.67311507936508,62.94211766102147,66.60416666666667,4.730997418343605,1.0689484126984041
traffic,arima,3,2240,2012-06-02 08:00:00,67.0492724867725,61.29139882099651,66.60416666666667,5.757873665775982,0.4451058201058231
traffic,arima,4,2240,2012-06-02 08:00:00,66.46412037037037,59.867712975530374,66.60416666666667,6.596407394839993,0.14004629629630472
traffic,arima,5,2240,2012-06-02 08:00:00,66.47982804232804,58.64361320667236,66.60416666666667,7.8362148356556744,0.12433862433863396
traffic,arima,6,2240,2012-06-02 08:00:00,66.6736111111111,57.59158472291014,66.60416666666667,9.082026388200958,0.06944444444442865
traffic,arima,7,2240,2012-06-02 08:00:00,67.21577380952381,56.687496957385775,66.60416666666667,10.528276852138035,0.6116071428571388
traffic,arima,8,2240,2012-06-02 08:00:00,67.33416005291005,55.910552952718575,66.60416666666667,11.423607100191475,0.729993386243379
traffic,arima,9,2240,2012-06-02 08:00:00,66.88095238095238,55.24287309145741,66.60416666666667,11.638079289494968,0.2767857142857082
traffic,arima,10,2240,2012-06-02 08:00:00,67.6430224867725,54.669091312706236,66.60416666666667,12.973931174066259,1.0388558201058231
traffic,arima,11,2240,2012-06-02 08:00:00,67.41203703703704,54.176002424161645,66.60416666666667,13.236034612875393,0.8078703703703667
traffic,arima,12,2240,2012-06-02 08:00:00,67.5949074074074,53.752258310873884,66.60416666666667,13.84264909653352,0.9907407407407334
traffic,arima,13,2240,2012-06-02 08:00:00,68.37268518518518,53.388106780355095,66.60416666666667,14.984578404830081,1.7685185185185048
traffic,arima,14,2240,2012-06-02 08:00:00,67.94444444444444,53.07516712406203,66.60416666666667,14.869277320382416,1.3402777777777715
traffic,arima,15,2240,2012-06-02 08:00:00,67.28125,52.80623724110871,66.60416666666667,14.475012758891289,0.6770833333333286
traffic,arima,16,2240,2012-06-02 08:00:00,67.82291666666667,52.5751278866668,66.60416666666667,15.247788779999873,1.21875
traffic,arima,17,2240,2012-06-02 08:00:00,67.34722222222221,52.37652023055959,66.60416666666667,14.970701991662622,0.7430555555555429
traffic,arima,18,2240,2012-06-02 08:00:00,67.30787037037037,52.20584344787527,66.60416666666667,15.1020269224951,0.7037037037036953
traffic,arima,19,2240,2012-06-02 08:00:00,67.72453703703704,52.0591695244302,66.60416666666667,15.665367512606835,1.1203703703703667
traffic,arima,20,2240,2012-06-02 08:00:00,65.5973544973545,51.93312285609946,66.60416666666667,13.664231641255043,1.0068121693121697
traffic,arima,21,2240,2012-06-02 08:00:00,63.267195767195766,51.82480256150237,66.60416666666667,11.442393205693392,3.3369708994709057
traffic,arima,22,2240,2012-06-02 08:00:00,64.9454365079365,51.73171572012065,66.60416666666667,13.21372078781586,1.6587301587301653
traffic,arima,23,2240,2012-06-02 08:00:00,0.0,51.65171999936805,66.60416666666667,51.65171999936805,66.60416666666667
traffic,arima,24,2240,2012-06-02 08:00:00,45.79464285714286,51.582974350211416,66.60416666666667,5.788331493068554,20.80952380952381
traffic,arima,25,2240,2012-06-02 08:00:00,68.13558201058201,51.52389663663493,66.60416666666667,16.611685373947083,1.5314153439153415
traffic,arima,26,2240,2012-06-02 08:00:00,68.68055555555556,51.47312722381764,66.60416666666667,17.207428331737916,2.0763888888888857
traffic,arima,27,2240,2012-06-02 08:00:00,68.43402777777779,51.42949768703004,66.60416666666667,17.004530090747743,1.8298611111111143
traffic,arima,28,2240,2012-06-02 08:00:00,67.68253968253968,51.392003921105456,66.60416666666667,16.290535761434228,1.0783730158730123
traffic,arima,29,2240,2012-06-02 08:00:00,67.47337962962963,51.359783031618335,66.60416666666667,16.1135965980113,0.8692129629629619
traffic,arima,30,2240,2012-06-02 08:00:00,67.03125,51.33209347593513,66.60416666666667,15.699156524064868,0.4270833333333286
traffic,arima,31,2240,2012-06-02 08:00:00,68.01951058201058,51.30829799709712,66.60416666666667,16.71121258491346,1.415343915343911
traffic,arima,32,2240,2012-06-02 08:00:00,68.52893518518518,51.287848957769484,66.60416666666667,17.241086227415693,1.9247685185185048
traffic,arima,33,2240,2012-06-02 08:00:00,67.72685185185185,51.270275736727385,66.60416666666667,16.456576115124463,1.1226851851851762
traffic,arima,34,2240,2012-06-02 08:00:00,67.9520171957672,51.25517389781717,66.60416666666667,16.696843297950025,1.3478505291005263
traffic,arima,35,2240,2012-06-02 08:00:00,67.76306216931216,51.24219588212365,66.60416666666667,16.52086628718851,1.1588955026454926
traffic,arima,36,2240,2012-06-02 08:00:00,67.68468915343915,51.231043009129664,66.60416666666667,16.453646144309488,1.0805224867724803
traffic,arima,37,2240,2012-06-02 08:00:00,68.17361111111111,51.22145860277993,66.60416666666667,16.95215250833118,1.5694444444444429
traffic,arima,38,2240,2012-06-02 08:00:00,17.055059523809522,51.213222084250006,66.60416666666667,34.15816256044049,49.54910714285715
traffic,arima,39,2240,2012-06-02 08:00:00,0.0,51.20614389546936,66.60416666666667,51.20614389546936,66.60416666666667
traffic,arima,40,2240,2012-06-02 08:00:00,10.968253968253968,51.20006113656675,66.60416666666667,40.231807168312784,55.6359126984127
traffic,arima,41,2240,2012-06-02 08:00:00,66.0613425925926,51.194833816836535,66.60416666666667,14.86650877575606,0.5428240740740762
traffic,arima,42,2240,2012-06-02 08:00:00,64.43320105820105,51.19034163294442,66.60416666666667,13.242859425256633,2.1709656084656217
traffic,arima,43,2240,2012-06-02 08:00:00,65.01653439153439,51.18648120022515,66.60416666666667,13.83005319130924,1.587632275132279
traffic,arima,44,2240,2012-06-02 08:00:00,63.9375,51.18316367335228,66.60416666666667,12.754336326647717,2.6666666666666714
traffic,arima,45,2240,2012-06-02 08:00:00,64.04166666666667,51.18031270162124,66.60416666666667,12.861353965045431,2.5625
traffic,arima,46,2240,2012-06-02 08:00:00,64.33912037037037,51.17786267178797,66.60416666666667,13.161257698582396,2.2650462962963047
traffic,arima,47,2240,2012-06-02 08:00:00,66.95453042328042,51.17575719802316,66.60416666666667,15.778773225257254,0.35036375661374564
traffic,arima,48,2240,2012-06-02 08:00:00,67.61689814814815,51.17394782422939,66.60416666666667,16.442950323918765,1.012731481481481
traffic,arima,49,2240,2012-06-02 08:00:00,67.43138227513226,51.1723929088558,66.60416666666667,16.258989366276467,0.8272156084655933
traffic,arima,50,2240,2012-06-02 08:00:00,66.0625,51.171056666545134,66.60416666666667,14.891443333454866,0.5416666666666714
traffic,arima,51,2240,2012-06-02 08:00:00,65.85416666666667,51.16990834455725,66.60416666666667,14.684258322109422,0.75
traffic,arima,52,2240,2012-06-02 08:00:00,64.75347222222221,51.16892151501493,66.60416666666667,13.584550707207285,1.850694444444457
traffic,arima,53,2240,2012-06-02 08:00:00,47.84375,51.16807346668365,66.60416666666667,3.3243234666836514,18.76041666666667
traffic,arima,54,2240,2012-06-02 08:00:00,31.493386243386244,51.167344682287414,66.60416666666667,19.67395843890117,35.11078042328043
traffic,arima,55,2240,2012-06-02 08:00:00,63.56018518518518,51.16671838933146,66.60416666666667,12.393466795853726,3.043981481481488
traffic,arima,56,2240,2012-06-02 08:00:00,64.47304894179895,51.16618017409426,66.60416666666667,13.306868767704692,2.131117724867721
traffic,arima,57,2240,2012-06-02 08:00:00,63.80555555555555,51.16571764990522,66.60416666666667,12.639837905650332,2.7986111111111214
traffic,arima,58,2240,2012-06-02 08:00:00,58.552083333333336,51.16532017207357,66.60416666666667,7.386763161259765,8.052083333333336
traffic,arima,59,2240,2012-06-02 08:00:00,56.01851851851851,51.16497859290778,66.60416666666667,4.8535399256107326,10.58564814814816
traffic,arima,60,2240,2012-06-02 08:00:00,67.88988095238095,51.16468505118742,66.60416666666667,16.72519590119353,1.2857142857142776
traffic,arima,61,2240,2012-06-02 08:00:00,67.35251322751323,51.164432791242376,66.60416666666667,16.18808043627085,0.7483465608465565
traffic,arima,62,2240,2012-06-02 08:00:00,66.24652777777779,51.16421600747551,66.60416666666667,15.082311770302276,0.35763888888888573
traffic,arima,63,2240,2012-06-02 08:00:00,65.18171296296296,51.16402971075064,66.60416666666667,14.017683252212322,1.4224537037037095
traffic,arima,64,2240,2012-06-02 08:00:00,63.6400462962963,51.16386961357086,66.60416666666667,12.476176682725438,2.964120370370374
traffic,arima,65,2240,2012-06-02 08:00:00,60.79976851851851,51.1637320314046,66.60416666666667,9.636036487113913,5.8043981481481595
traffic,arima,66,2240,2012-06-02 08:00:00,61.708333333333336,51.16361379788858,66.60416666666667,10.544719535444756,4.895833333333336
traffic,arima,67,2240,2012-06-02 08:00:00,60.4145171957672,51.163512191955974,66.60416666666667,9.25100500381123,6.189649470899468
traffic,arima,68,2240,2012-06-02 08:00:00,57.67146164021164,51.16342487521292,66.60416666666667,6.508036764998721,8.932705026455032
traffic,arima,69,2240,2012-06-02 08:00:00,60.99652777777778,51.16334983812184,66.60416666666667,9.83317793965594,5.607638888888893
traffic,arima,70,2240,2012-06-02 08:00:00,62.86111111111112,51.16328535375332,66.60416666666667,11.697825757357805,3.74305555555555
traffic,arima,71,2240,2012-06-02 08:00:00,65.82539682539682,51.16322993804192,66.60416666666667,14.6621668873549,0.7787698412698489
traffic,arima,72,2240,2012-06-02 08:00:00,67.30208333333333,51.1631823156314,66.60416666666667,16.138901017701926,0.6979166666666572
traffic,arima,1,2264,2012-06-03 08:00:00,68.13558201058201,49.00913394622463,45.79464285714286,19.126448064357383,22.34093915343915
traffic,arima,2,2264,2012-06-03 08:00:00,68.68055555555556,49.46066259799452,45.79464285714286,19.219892957561036,22.885912698412696
traffic,arima,3,2264,2012-06-03 08:00:00,68.43402777777779,49.70359735305821,45.79464285714286,18.73043042471958,22.639384920634924
traffic,arima,4,2264,2012-06-03 08:00:00,67.68253968253968,49.90558840972946,45.79464285714286,17.776951272810223,21.887896825396822
traffic,arima,5,2264,2012-06-03 08:00:00,67.47337962962963,50.08092697970843,45.79464285714286,17.392452649921204,21.678736772486772
traffic,arima,6,2264,2012-06-03 08:00:00,67.03125,50.23362564975573,45.79464285714286,16.79762435024427,21.23660714285714
traffic,arima,7,2264,2012-06-03 08:00:00,68.01951058201058,50.36663956896511,45.79464285714286,17.65287101304547,22.22486772486772
traffic,arima,8,2264,2012-06-03 08:00:00,68.52893518518518,50.48250838642543,45.79464285714286,18.046426798759747,22.734292328042315
traffic,arima,9,2264,2012-06-03 08:00:00,67.72685185185185,50.58344218585073,45.79464285714286,17.14340966600112,21.932208994708986
traffic,arima,10,2264,2012-06-03 08:00:00,67.9520171957672,50.67136603852604,45.79464285714286,17.28065115724116,22.157374338624336
traffic,arima,11,2264,2012-06-03 08:00:00,67.76306216931216,50.74795687298756,45.79464285714286,17.015105296324606,21.968419312169303
traffic,arima,12,2264,2012-06-03 08:00:00,67.68468915343915,50.814675468090435,45.79464285714286,16.870013685348717,21.89004629629629
traffic,arima,13,2264,2012-06-03 08:00:00,68.17361111111111,50.8727943143462,45.79464285714286,17.300816796764913,22.378968253968253
traffic,arima,14,2264,2012-06-03 08:00:00,17.055059523809522,50.923421883540406,45.79464285714286,33.86836235973088,28.73958333333334
traffic,arima,15,2264,2012-06-03 08:00:00,0.0,50.967523770065036,45.79464285714286,50.967523770065036,45.79464285714286
traffic,arima,16,2264,2012-06-03 08:00:00,10.968253968253968,51.00594110721924,45.79464285714286,40.037687138965275,34.82638888888889
traffic,arima,17,2264,2012-06-03 08:00:00,66.0613425925926,51.039406609725475,45.79464285714286,15.02193598286712,20.266699735449734
traffic,arima,18,2264,2012-06-03 08:00:00,64.43320105820105,51.0685585484322,45.79464285714286,13.36464250976885,18.63855820105819
traffic,arima,19,2264,2012-06-03 08:00:00,65.01653439153439,51.093952923735614,45.79464285714286,13.922581467798778,19.22189153439153
traffic,arima,20,2264,2012-06-03 08:00:00,63.9375,51.11607406989807,45.79464285714286,12.821425930101931,18.14285714285714
traffic,arima,21,2264,2012-06-03 08:00:00,64.04166666666667,51.135343892514065,45.79464285714286,12.906322774152606,18.24702380952381
traffic,arima,22,2264,2012-06-03 08:00:00,64.33912037037037,51.15212991530534,45.79464285714286,13.186990455065029,18.544477513227505
traffic,arima,23,2264,2012-06-03 08:00:00,66.95453042328042,51.16675228971761,45.79464285714286,15.78777813356281,21.159887566137556
traffic,arima,24,2264,2012-06-03 08:00:00,67.61689814814815,51.179489901009525,45.79464285714286,16.437408247138627,21.82225529100529
traffic,arima,25,2264,2012-06-03 08:00:00,67.43138227513226,51.19058568729221,45.79464285714286,16.24079658784005,21.636739417989403
traffic,arima,26,2264,2012-06-03 08:00:00,66.0625,51.20025127296676,45.79464285714286,14.86224872703324,20.26785714285714
traffic,arima,27,2264,2012-06-03 08:00:00,65.85416666666667,51.20867100493094,45.79464285714286,14.64549566173573,20.05952380952381
traffic,arima,28,2264,2012-06-03 08:00:00,64.75347222222221,51.2160054685357,45.79464285714286,13.537466753686516,18.958829365079353
traffic,arima,29,2264,2012-06-03 08:00:00,47.84375,51.222394550349506,45.79464285714286,3.378644550349506,2.049107142857139
traffic,arima,30,2264,2012-06-03 08:00:00,31.493386243386244,51.22796010614516,45.79464285714286,19.734573862758918,14.301256613756617
traffic,arima,31,2264,2012-06-03 08:00:00,63.56018518518518,51.23280828499423,45.79464285714286,12.327376900190956,17.765542328042322
traffic,arima,32,2264,2012-06-03 08:00:00,64.47304894179895,51.23703155379531,45.79464285714286,13.236017388003638,18.67840608465609
traffic,arima,33,2264,2012-06-03 08:00:00,63.80555555555555,51.240710460849165,45.79464285714286,12.564845094706385,18.01091269841269
traffic,arima,34,2264,2012-06-03 08:00:00,58.552083333333336,51.243915172116296,45.79464285714286,7.30816816121704,12.757440476190474
traffic,arima,35,2264,2012-06-03 08:00:00,56.01851851851851,51.24670680945731,45.79464285714286,4.771811709061204,10.22387566137565
traffic,arima,36,2264,2012-06-03 08:00:00,67.88988095238095,51.24913861637972,45.79464285714286,16.64074233600123,22.095238095238088
traffic,arima,37,2264,2012-06-03 08:00:00,67.35251322751323,51.25125697352482,45.79464285714286,16.10125625398841,21.557870370370367
traffic,arima,38,2264,2012-06-03 08:00:00,66.24652777777779,51.25310228326256,45.79464285714286,14.993425494515229,20.451884920634924
traffic,arima,39,2264,2012-06-03 08:00:00,65.18171296296296,51.25470974026577,45.79464285714286,13.927003222697195,19.3870701058201
traffic,arima,40,2264,2012-06-03 08:00:00,63.6400462962963,51.25611000276063,45.79464285714286,12.383936293535669,17.845403439153436
traffic,arima,41,2264,2012-06-03 08:00:00,60.79976851851851,51.25732977725575,45.79464285714286,9.542438741262764,15.00512566137565
traffic,arima,42,2264,2012-06-03 08:00:00,61.708333333333336,51.25839232790208,45.79464285714286,10.449941005431256,15.913690476190474
traffic,arima,43,2264,2012-06-03 08:00:00,60.4145171957672,51.25931792019847,45.79464285714286,9.155199275568734,14.619874338624342
traffic,arima,44,2264,2012-06-03 08:00:00,57.67146164021164,51.26012420750543,45.79464285714286,6.411337432706212,11.876818783068778
traffic,arima,45,2264,2012-06-03 08:00:00,60.99652777777778,51.26082656773887,45.79464285714286,9.735701210038911,15.201884920634917
traffic,arima,46,2264,2012-06-03 08:00:00,62.86111111111112,51.26143839666543,45.79464285714286,11.599672714445688,17.06646825396826
traffic,arima,47,2264,2012-06-03 08:00:00,65.82539682539682,51.26197136339327,45.79464285714286,14.56342546200355,20.03075396825396
traffic,arima,48,2264,2012-06-03 08:00:00,67.30208333333333,51.26243563293112,45.79464285714286,16.039647700402206,21.507440476190467
traffic,arima,49,2264,2012-06-03 08:00:00,65.97916666666667,51.262840060060476,45.79464285714286,14.716326606606195,20.18452380952381
traffic,arima,50,2264,2012-06-03 08:00:00,47.97916666666666,51.26319235821838,45.79464285714286,3.284025691551726,2.184523809523796
traffic,arima,51,2264,2012-06-03 08:00:00,27.36458333333333,51.26349924661199,45.79464285714286,23.898915913278664,18.430059523809533
traffic,arima,52,2264,2012-06-03 08:00:00,63.71841931216932,51.263766578370685,45.79464285714286,12.454652733798632,17.923776455026456
traffic,arima,53,2264,2012-06-03 08:00:00,63.84375,51.26399945217984,45.79464285714286,12.579750547820161,18.04910714285714
traffic,arima,54,2264,2012-06-03 08:00:00,63.81226851851852,51.26420230952553,45.79464285714286,12.548066208992992,18.01762566137566
traffic,arima,55,2264,2012-06-03 08:00:00,15.65,51.26437901940481,45.79464285714286,35.61437901940481,30.144642857142863
traffic,arima,56,2264,2012-06-03 08:00:00,62.92476851851851,51.264532952117115,45.79464285714286,11.660235566401397,17.13012566137565
traffic,arima,57,2264,2012-06-03 08:00:00,62.11342592592592,51.26466704354436,45.79464285714286,10.84875888238156,16.318783068783056
traffic,arima,58,2264,2012-06-03 08:00:00,19.40740740740741,51.26478385114547,45.79464285714286,31.857376443738058,26.387235449735453
traffic,arima,59,2264,2012-06-03 08:00:00,18.02777777777778,51.264885602733614,45.79464285714286,33.237107824955835,27.766865079365083
traffic,arima,60,2264,2012-06-03 08:00:00,50.24222883597884,51.26497423896612,45.79464285714286,1.022745402987276,4.447585978835981
traffic,arima,61,2264,2012-06-03 08:00:00,67.85185185185185,51.26505145035766,45.79464285714286,16.586800401494187,22.057208994708986
traffic,arima,62,2264,2012-06-03 08:00:00,67.08002645502646,51.265118709522625,45.79464285714286,15.814907745503831,21.285383597883595
traffic,arima,63,2264,2012-06-03 08:00:00,65.71875,51.265177299261545,45.79464285714286,14.453572700738455,19.92410714285714
traffic,arima,64,2264,2012-06-03 08:00:00,64.59027777777777,51.265228337027295,45.79464285714286,13.325049440750476,18.79563492063491
traffic,arima,65,2264,2012-06-03 08:00:00,63.3275462962963,51.26527279623775,45.79464285714286,12.062273500058545,17.532903439153436
traffic,arima,66,2264,2012-06-03 08:00:00,62.1875,51.26531152484127,45.79464285714286,10.922188475158727,16.39285714285714
traffic,arima,67,2264,2012-06-03 08:00:00,60.35185185185185,51.26534526148921,45.79464285714286,9.086506590362639,14.557208994708986
traffic,arima,68,2264,2012-06-03 08:00:00,57.0474537037037,51.26537464962383,45.79464285714286,5.7820790540798725,11.252810846560841
traffic,arima,69,2264,2012-06-03 08:00:00,60.565046296296295,51.26540024975037,45.79464285714286,9.299646046545924,14.770403439153434
traffic,arima,70,2264,2012-06-03 08:00:00,64.19212962962963,51.265422550127305,45.79464285714286,12.926707079502329,18.397486772486772
traffic,arima,71,2264,2012-06-03 08:00:00,65.82060185185185,51.265441976078584,45.79464285714286,14.555159875773263,20.025958994708986
traffic,arima,72,2264,2012-06-03 08:00:00,67.39699074074075,51.26545889810571,45.79464285714286,16.131531842635034,21.602347883597886
traffic,arima,1,2288,2012-06-04 08:00:00,67.43138227513226,65.75167844682763,67.61689814814815,1.679703828304639,0.18551587301588768
traffic,arima,2,2288,2012-06-04 08:00:00,66.0625,63.91217577835778,67.61689814814815,2.1503242216422223,1.5543981481481524
traffic,arima,3,2288,2012-06-04 08:00:00,65.85416666666667,62.29948470335519,67.61689814814815,3.554681963311481,1.762731481481481
traffic,arima,4,2288,2012-06-04 08:00:00,64.75347222222221,60.901978267698624,67.61689814814815,3.8514939545235904,2.863425925925938
traffic,arima,5,2288,2012-06-04 08:00:00,47.84375,59.692434705178584,67.61689814814815,11.848684705178584,19.773148148148152
traffic,arima,6,2288,2012-06-04 08:00:00,31.493386243386244,58.645710849058204,67.61689814814815,27.15232460567196,36.12351190476191
traffic,arima,7,2288,2012-06-04 08:00:00,63.56018518518518,57.73990184584879,67.61689814814815,5.820283339336392,4.056712962962969
traffic,arima,8,2288,2012-06-04 08:00:00,64.47304894179895,56.95603825557825,67.61689814814815,7.517010686220701,3.143849206349202
traffic,arima,9,2288,2012-06-04 08:00:00,63.80555555555555,56.27770316776736,67.61689814814815,7.527852387788187,3.8113425925926023
traffic,arima,10,2288,2012-06-04 08:00:00,58.552083333333336,55.69068970114613,67.61689814814815,2.861393632187209,9.064814814814817
traffic,arima,11,2288,2012-06-04 08:00:00,56.01851851851851,55.18270358107529,67.61689814814815,0.8358149374432244,11.59837962962964
traffic,arima,12,2288,2012-06-04 08:00:00,67.88988095238095,54.74310566244567,67.61689814814815,13.146775289935277,0.27298280423279664
traffic,arima,13,2288,2012-06-04 08:00:00,67.35251322751323,54.36268910690569,67.61689814814815,12.989824120607537,0.26438492063492447
traffic,arima,14,2288,2012-06-04 08:00:00,66.24652777777779,54.03348655703987,67.61689814814815,12.213041220737914,1.3703703703703667
traffic,arima,15,2288,2012-06-04 08:00:00,65.18171296296296,53.748603269864574,67.61689814814815,11.433109693098388,2.4351851851851904
traffic,arima,16,2288,2012-06-04 08:00:00,63.6400462962963,53.502072714907214,67.61689814814815,10.137973581389083,3.9768518518518547
traffic,arima,17,2288,2012-06-04 08:00:00,60.79976851851851,53.2887316125554,67.61689814814815,7.51103690596311,6.81712962962964
traffic,arima,18,2288,2012-06-04 08:00:00,61.708333333333336,53.10411179550856,67.61689814814815,8.604221537824777,5.908564814814817
traffic,arima,19,2288,2012-06-04 08:00:00,60.4145171957672,52.944346628502885,67.61689814814815,7.470170567264319,7.202380952380949
traffic,arima,20,2288,2012-06-04 08:00:00,57.67146164021164,52.80609002638593,67.61689814814815,4.865371613825708,9.945436507936513
traffic,arima,21,2288,2012-06-04 08:00:00,60.99652777777778,52.686446374473704,67.61689814814815,8.310081403304075,6.620370370370374
traffic,arima,22,2288,2012-06-04 08:00:00,62.86111111111112,52.58290988345836,67.61689814814815,10.278201227652758,4.755787037037031
traffic,arima,23,2288,2012-06-04 08:00:00,65.82539682539682,52.4933121087295,67.61689814814815,13.332084716667325,1.79150132275133
traffic,arima,24,2288,2012-06-04 08:00:00,67.30208333333333,52.41577653496571,67.61689814814815,14.88630679836762,0.31481481481482376
traffic,arima,25,2288,2012-06-04 08:00:00,65.97916666666667,52.34867927482646,67.61689814814815,13.630487391840212,1.637731481481481
traffic,arima,26,2288,2012-06-04 08:00:00,47.97916666666666,52.29061505862669,67.61689814814815,4.311448391960035,19.637731481481495
traffic,arima,27,2288,2012-06-04 08:00:00,27.36458333333333,52.24036780268961,67.61689814814815,24.875784469356283,40.252314814814824
traffic,arima,28,2288,2012-06-04 08:00:00,63.71841931216932,52.19688513996805,67.61689814814815,11.521534172201264,3.8984788359788354
traffic,arima,29,2288,2012-06-04 08:00:00,63.84375,52.15925637950948,67.61689814814815,11.684493620490521,3.7731481481481524
traffic,arima,30,2288,2012-06-04 08:00:00,63.81226851851852,52.12669343315278,67.61689814814815,11.685575085365741,3.8046296296296305
traffic,arima,31,2288,2012-06-04 08:00:00,15.65,52.09851430998988,67.61689814814815,36.44851430998988,51.966898148148154
traffic,arima,32,2288,2012-06-04 08:00:00,62.92476851851851,52.074128832904,67.61689814814815,10.85063968561451,4.69212962962964
traffic,arima,33,2288,2012-06-04 08:00:00,62.11342592592592,52.053026278035,67.61689814814815,10.060399647890918,5.503472222222236
traffic,arima,34,2288,2012-06-04 08:00:00,19.40740740740741,52.034764678295474,67.61689814814815,32.62735727088807,48.20949074074075
traffic,arima,35,2288,2012-06-04 08:00:00,18.02777777777778,52.01896156691315,67.61689814814815,33.99118378913537,49.589120370370374
traffic,arima,36,2288,2012-06-04 08:00:00,50.24222883597884,52.00528596713414,67.61689814814815,1.7630571311552998,17.37466931216931
traffic,arima,37,2288,2012-06-04 08:00:00,67.85185185185185,51.99345146032147,67.61689814814815,15.858400391530381,0.23495370370369528
traffic,arima,38,2288,2012-06-04 08:00:00,67.08002645502646,51.98321018726854,67.61689814814815,15.096816267757916,0.5368716931216966
traffic,arima,39,2288,2012-06-04 08:00:00,65.71875,51.97434765709262,67.61689814814815,13.744402342907378,1.8981481481481524
traffic,arima,40,2288,2012-06-04 08:00:00,64.59027777777777,51.96667825498673,67.61689814814815,12.62359952279104,3.026620370370381
traffic,arima,41,2288,2012-06-04 08:00:00,63.3275462962963,51.96004135474557,67.61689814814815,11.367504941550727,4.289351851851855
traffic,arima,42,2288,2012-06-04 08:00:00,62.1875,51.954297954646975,67.61689814814815,10.233202045353025,5.429398148148152
traffic,arima,43,2288,2012-06-04 08:00:00,60.35185185185185,51.94932776623161,67.61689814814815,8.402524085620236,7.265046296296305
traffic,arima,44,2288,2012-06-04 08:00:00,57.0474537037037,51.94502669500897,67.61689814814815,5.1024270086947325,10.56944444444445
traffic,arima,45,2288,2012-06-04 08:00:00,60.565046296296295,51.941304660326125,67.61689814814815,8.62374163597017,7.051851851851858
traffic,arima,46,2288,2012-06-04 08:00:00,64.19212962962963,51.93808370873914,67.61689814814815,12.25404592089049,3.424768518518519
traffic,arima,47,2288,2012-06-04 08:00:00,65.82060185185185,51.935296381373945,67.61689814814815,13.885305470477903,1.7962962962963047
traffic,arima,48,2288,2012-06-04 08:00:00,67.39699074074075,51.93288430108309,67.61689814814815,15.464106439657655,0.21990740740740478
traffic,arima,49,2288,2012-06-04 08:00:00,66.13773148148148,51.93079694980811,67.61689814814815,14.206934531673369,1.4791666666666714
traffic,arima,50,2288,2012-06-04 08:00:00,64.88425925925925,51.92899061054085,67.61689814814815,12.955268648718402,2.7326388888889
traffic,arima,51,2288,2012-06-04 08:00:00,64.30902777777779,51.92742745172443,67.61689814814815,12.38160032605336,3.3078703703703667
traffic,arima,52,2288,2012-06-04 08:00:00,62.9540343915344,51.92607473491777,67.61689814814815,11.02795965661663,4.662863756613753
traffic,arima,53,2288,2012-06-04 08:00:00,63.95023148148149,51.92490412912915,67.61689814814815,12.025327352352335,3.6666666666666643
traffic,arima,54,2288,2012-06-04 08:00:00,63.864583333333336,51.92389111745843,67.61689814814815,11.940692215874904,3.7523148148148167
traffic,arima,55,2288,2012-06-04 08:00:00,63.86541005291005,51.923014483620626,67.61689814814815,11.942395569289424,3.751488095238102
traffic,arima,56,2288,2012-06-04 08:00:00,65.39914021164022,51.92225586759695,67.61689814814815,13.476884344043263,2.2177579365079367
traffic,arima,57,2288,2012-06-04 08:00:00,65.14120370370371,51.92159938110675,67.61689814814815,13.219604322596958,2.475694444444443
traffic,arima,58,2288,2012-06-04 08:00:00,31.31134259259259,51.92103127484697,67.61689814814815,20.609688682254376,36.30555555555556
traffic,arima,59,2288,2012-06-04 08:00:00,27.78042328042328,51.9205396505299,67.61689814814815,24.140116370106625,39.836474867724874
traffic,arima,60,2288,2012-06-04 08:00:00,67.44560185185185,51.92011421168821,67.61689814814815,15.52548764016364,0.17129629629630472
traffic,arima,61,2288,2012-06-04 08:00:00,66.69907407407408,51.919746048027974,67.61689814814815,14.779328026046102,0.9178240740740762
traffic,arima,62,2288,2012-06-04 08:00:00,67.21296296296296,51.91942744881364,67.61689814814815,15.293535514149319,0.40393518518519045
traffic,arima,63,2288,2012-06-04 08:00:00,66.6238425925926,51.919151741376055,67.61689814814815,14.70469085121654,0.9930555555555571
traffic,arima,64,2288,2012-06-04 08:00:00,65.13541666666667,51.918913151361636,67.61689814814815,13.216503515305035,2.481481481481481
traffic,arima,65,2288,2012-06-04 08:00:00,64.14699074074075,51.91870668179564,67.61689814814815,12.228284058945107,3.4699074074074048
traffic,arima,66,2288,2012-06-04 08:00:00,61.00578703703704,51.91852800842666,67.61689814814815,9.087259028610376,6.611111111111114
traffic,arima,67,2288,2012-06-04 08:00:00,58.95023148148149,51.91837338916048,67.61689814814815,7.031858092321009,8.666666666666664
traffic,arima,68,2288,2012-06-04 08:00:00,59.49768518518518,51.91823958568651,67.61689814814815,7.579445599498676,8.119212962962969
traffic,arima,69,2288,2012-06-04 08:00:00,61.00231481481482,51.91812379565537,67.61689814814815,9.084191019159448,6.614583333333336
traffic,arima,70,2288,2012-06-04 08:00:00,63.129629629629626,51.91802359398711,67.61689814814815,11.211606035642518,4.487268518518526
traffic,arima,71,2288,2012-06-04 08:00:00,66.11458333333333,51.91793688208088,67.61689814814815,14.196646451252448,1.5023148148148238
traffic,arima,72,2288,2012-06-04 08:00:00,67.58449074074075,51.917861843862326,67.61689814814815,15.666628896878422,0.032407407407404776
traffic,arima,1,2312,2012-06-05 08:00:00,65.97916666666667,65.47945042850728,67.30208333333333,0.4997162381593938,1.3229166666666572
traffic,arima,2,2312,2012-06-05 08:00:00,47.97916666666666,63.62417800626598,67.30208333333333,15.645011339599321,19.32291666666667
traffic,arima,3,2312,2012-06-05 08:00:00,27.36458333333333,61.99763760233171,67.30208333333333,34.63305426899838,39.9375
traffic,arima,4,2312,2012-06-05 08:00:00,63.71841931216932,60.591899552985716,67.30208333333333,3.1265197591836014,3.5836640211640116
traffic,arima,5,2312,2012-06-05 08:00:00,63.84375,59.37881111983021,67.30208333333333,4.46493888016979,3.4583333333333286
traffic,arima,6,2312,2012-06-05 08:00:00,63.81226851851852,58.33213657440243,67.30208333333333,5.4801319441160885,3.4898148148148067
traffic,arima,7,2312,2012-06-05 08:00:00,15.65,57.42906207706305,67.30208333333333,41.77906207706305,51.65208333333333
traffic,arima,8,2312,2012-06-05 08:00:00,62.92476851851851,56.649887591711504,67.30208333333333,6.274880926807008,4.377314814814817
traffic,arima,9,2312,2012-06-05 08:00:00,62.11342592592592,55.9776144111492,67.30208333333333,6.135811514776719,5.188657407407412
traffic,arima,10,2312,2012-06-05 08:00:00,19.40740740740741,55.39757588470895,67.30208333333333,35.99016847730154,47.894675925925924
traffic,arima,11,2312,2012-06-05 08:00:00,18.02777777777778,54.89711758713678,67.30208333333333,36.869339809359005,49.27430555555555
traffic,arima,12,2312,2012-06-05 08:00:00,50.24222883597884,54.46532125614097,67.30208333333333,4.223092420162125,17.059854497354486
traffic,arima,13,2312,2012-06-05 08:00:00,67.85185185185185,54.09276659502022,67.30208333333333,13.759085256831625,0.549768518518519
traffic,arima,14,2312,2012-06-05 08:00:00,67.08002645502646,53.77132575460746,67.30208333333333,13.308700700418996,0.22205687830687282
traffic,arima,15,2312,2012-06-05 08:00:00,65.71875,53.49398601183143,67.30208333333333,12.224763988168569,1.5833333333333286
traffic,arima,16,2312,2012-06-05 08:00:00,64.59027777777777,53.25469677644895,67.30208333333333,11.33558100132882,2.711805555555557
traffic,arima,17,2312,2012-06-05 08:00:00,63.3275462962963,53.04823758817397,67.30208333333333,10.279308708122329,3.974537037037031
traffic,arima,18,2312,2012-06-05 08:00:00,62.1875,52.87010422435995,67.30208333333333,9.317395775640051,5.114583333333329
traffic,arima,19,2312,2012-06-05 08:00:00,60.35185185185185,52.71641043350074,67.30208333333333,7.635441418351107,6.950231481481481
traffic,arima,20,2312,2012-06-05 08:00:00,57.0474537037037,52.58380315071605,67.30208333333333,4.463650552987652,10.254629629629626
traffic,arima,21,2312,2012-06-05 08:00:00,60.565046296296295,52.469389345517854,67.30208333333333,8.09565695077844,6.737037037037034
traffic,arima,22,2312,2012-06-05 08:00:00,64.19212962962963,52.370672905929936,67.30208333333333,11.821456723699697,3.1099537037036953
traffic,arima,23,2312,2012-06-05 08:00:00,65.82060185185185,52.2855001819913,67.30208333333333,13.535101669860545,1.481481481481481
traffic,arima,24,2312,2012-06-05 08:00:00,67.39699074074075,52.21201300059165,67.30208333333333,15.184977740149101,0.09490740740741899
traffic,arima,25,2312,2012-06-05 08:00:00,66.13773148148148,52.148608126585756,67.30208333333333,13.989123354895725,1.1643518518518476
traffic,arima,26,2312,2012-06-05 08:00:00,64.88425925925925,52.093902285769275,67.30208333333333,12.790356973489978,2.417824074074076
traffic,arima,27,2312,2012-06-05 08:00:00,64.30902777777779,52.04670198663831,67.30208333333333,12.262325791139475,2.993055555555543
traffic,arima,28,2312,2012-06-05 08:00:00,62.9540343915344,52.00597748254878,67.30208333333333,10.94805690898562,4.348048941798929
traffic,arima,29,2312,2012-06-05 08:00:00,63.95023148148149,51.97084030621995,67.30208333333333,11.97939117526154,3.3518518518518405
traffic,arima,30,2312,2012-06-05 08:00:00,63.864583333333336,51.940523886463204,67.30208333333333,11.924059446870132,3.437499999999993
traffic,arima,31,2312,2012-06-05 08:00:00,63.86541005291005,51.91436682426031,67.30208333333333,11.951043228649738,3.4366732804232782
traffic,arima,32,2312,2012-06-05 08:00:00,65.39914021164022,51.891798463333274,67.30208333333333,13.507341748306942,1.902943121693113
traffic,arima,33,2312,2012-06-05 08:00:00,65.14120370370371,51.872326440405686,67.30208333333333,13.268877263298023,2.160879629629619
traffic,arima,34,2312,2012-06-05 08:00:00,31.31134259259259,51.85552594354557,67.30208333333333,20.54418335095298,35.99074074074073
traffic,arima,35,2312,2012-06-05 08:00:00,27.78042328042328,51.841030444244026,67.30208333333333,24.060607163820748,39.52166005291005
traffic,arima,36,2312,2012-06-05 08:00:00,67.44560185185185,51.82852370103573,67.30208333333333,15.61707815081612,0.14351851851851904
traffic,arima,37,2312,2012-06-05 08:00:00,66.69907407407408,51.81773286020822,67.30208333333333,14.88134121386586,0.6030092592592524
traffic,arima,38,2312,2012-06-05 08:00:00,67.21296296296296,51.80842250308124,67.30208333333333,15.404540459881723,0.08912037037036669
traffic,arima,39,2312,2012-06-05 08:00:00,66.6238425925926,51.800389509988534,67.30208333333333,14.823453082604061,0.6782407407407334
traffic,arima,40,2312,2012-06-05 08:00:00,65.13541666666667,51.79345862891197,67.30208333333333,13.3419580377547,2.166666666666657
traffic,arima,41,2312,2012-06-05 08:00:00,64.14699074074075,51.78747865209098,67.30208333333333,12.359512088649765,3.155092592592581
traffic,arima,42,2312,2012-06-05 08:00:00,61.00578703703704,51.78231911719427,67.30208333333333,9.223467919842768,6.2962962962962905
traffic,arima,43,2312,2012-06-05 08:00:00,58.95023148148149,51.777867461084675,67.30208333333333,7.172364020396813,8.35185185185184
traffic,arima,44,2312,2012-06-05 08:00:00,59.49768518518518,51.774026564082355,67.30208333333333,7.723658621102828,7.804398148148145
traffic,arima,45,2312,2012-06-05 08:00:00,61.00231481481482,51.77071263115061,67.30208333333333,9.231602183664208,6.299768518518512
traffic,arima,46,2312,2012-06-05 08:00:00,63.129629629629626,51.76785336377909,67.30208333333333,11.361776265850537,4.172453703703702
traffic,arima,47,2312,2012-06-05 08:00:00,66.11458333333333,51.76538638268133,67.30208333333333,14.349196950652,1.1875
traffic,arima,48,2312,2012-06-05 08:00:00,67.58449074074075,51.76325786689532,67.30208333333333,15.821232873845425,0.282407407407419
traffic,arima,49,2312,2012-06-05 08:00:00,43.65277777777778,51.76142137959698,67.30208333333333,8.108643601819203,23.64930555555555
traffic,arima,50,2312,2012-06-05 08:00:00,58.42080026455026,51.75983685500988,67.30208333333333,6.660963409540379,8.88128306878307
traffic,arima,51,2312,2012-06-05 08:00:00,63.1088955026455,51.75846972430911,67.30208333333333,11.350425778336394,4.193187830687826
traffic,arima,52,2312,2012-06-05 08:00:00,64.73743386243386,51.75729016144956,67.30208333333333,12.9801437009843,2.564649470899468
traffic,arima,53,2312,2012-06-05 08:00:00,32.673611111111114,51.756272432465174,67.30208333333333,19.08266132135406,34.628472222222214
traffic,arima,54,2312,2012-06-05 08:00:00,65.14467592592592,51.75539433404313,67.30208333333333,13.389281591882792,2.1574074074074048
traffic,arima,55,2312,2012-06-05 08:00:00,65.31630291005291,51.75463670912469,67.30208333333333,13.561666200928222,1.985780423280417
traffic,arima,56,2312,2012-06-05 08:00:00,40.04166666666666,51.75398302896466,67.30208333333333,11.712316362298004,27.26041666666667
traffic,arima,57,2312,2012-06-05 08:00:00,22.319444444444443,51.753419032531575,67.30208333333333,29.433974588087132,44.982638888888886
traffic,arima,58,2312,2012-06-05 08:00:00,17.64236111111111,51.7529324153815,67.30208333333333,34.110571304270394,49.659722222222214
traffic,arima,59,2312,2012-06-05 08:00:00,13.248842592592592,51.7525125612178,67.30208333333333,38.5036699686252,54.05324074074073
traffic,arima,60,2312,2012-06-05 08:00:00,26.09375,51.75215031028038,67.30208333333333,25.658400310280378,41.20833333333333
traffic,arima,61,2312,2012-06-05 08:00:00,66.18039021164022,51.75183775951155,67.30208333333333,14.428552452128663,1.121693121693113
traffic,arima,62,2312,2012-06-05 08:00:00,67.02546296296296,51.75156809013873,67.30208333333333,15.27389487282423,0.2766203703703667
traffic,arima,63,2312,2012-06-05 08:00:00,66.77678571428571,51.751335418912525,67.30208333333333,15.025450295373183,0.5252976190476204
traffic,arima,64,2312,2012-06-05 08:00:00,65.49388227513228,51.75113466975463,67.30208333333333,13.742747605377652,1.8082010582010497
traffic,arima,65,2312,2012-06-05 08:00:00,59.41319444444445,51.75096146301542,67.30208333333333,7.662232981429028,7.888888888888879
traffic,arima,66,2312,2012-06-05 08:00:00,62.6220238095238,51.750812019925256,67.30208333333333,10.871211789598547,4.6800595238095255
traffic,arima,67,2312,2012-06-05 08:00:00,61.02364417989418,51.75068308015477,67.30208333333333,9.272961099739405,6.278439153439152
traffic,arima,68,2312,2012-06-05 08:00:00,57.336970899470906,51.75057183068587,67.30208333333333,5.586399068785035,9.965112433862423
traffic,arima,69,2312,2012-06-05 08:00:00,60.33052248677249,51.750475844441404,67.30208333333333,8.580046642331084,6.971560846560841
traffic,arima,70,2312,2012-06-05 08:00:00,63.59027777777778,51.75039302733479,67.30208333333333,11.839884750442991,3.71180555555555
traffic,arima,71,2312,2012-06-05 08:00:00,65.37516534391534,51.75032157258431,67.30208333333333,13.62484377133103,1.926917989417987
traffic,arima,72,2312,2012-06-05 08:00:00,67.28703703703704,51.7502599212954,67.30208333333333,15.536777115741636,0.015046296296290507
traffic,arima,1,2336,2012-06-06 08:00:00,66.13773148148148,65.34732440519467,67.39699074074075,0.7904070762868116,1.2592592592592666
traffic,arima,2,2336,2012-06-06 08:00:00,64.88425925925925,63.343890755585505,67.39699074074075,1.5403685036737471,2.512731481481495
traffic,arima,3,2336,2012-06-06 08:00:00,64.30902777777779,61.61399387781626,67.39699074074075,2.6950338999615226,3.087962962962962
traffic,arima,4,2336,2012-06-06 08:00:00,62.9540343915344,60.1351441426731,67.39699074074075,2.818890248861301,4.442956349206348
traffic,arima,5,2336,2012-06-06 08:00:00,63.95023148148149,58.8720032413915,67.39699074074075,5.0782282400899845,3.4467592592592595
traffic,arima,6,2336,2012-06-06 08:00:00,63.864583333333336,57.79318873712993,67.39699074074075,6.071394596203405,3.532407407407412
traffic,arima,7,2336,2012-06-06 08:00:00,63.86541005291005,56.87180848830057,67.39699074074075,6.993601564609477,3.5315806878306972
traffic,arima,8,2336,2012-06-06 08:00:00,65.39914021164022,56.08488814876731,67.39699074074075,9.314252062872903,1.997850529100532
traffic,arima,9,2336,2012-06-06 08:00:00,65.14120370370371,55.41280559589152,67.39699074074075,9.72839810781219,2.255787037037038
traffic,arima,10,2336,2012-06-06 08:00:00,31.31134259259259,54.83880218891589,67.39699074074075,23.5274595963233,36.08564814814815
traffic,arima,11,2336,2012-06-06 08:00:00,27.78042328042328,54.34856492612049,67.39699074074075,26.56814164569721,39.61656746031747
traffic,arima,12,2336,2012-06-06 08:00:00,67.44560185185185,53.929869547479,67.39699074074075,13.515732304372847,0.04861111111110006
traffic,arima,13,2336,2012-06-06 08:00:00,66.69907407407408,53.572275718124594,67.39699074074075,13.126798355949482,0.6979166666666714
traffic,arima,14,2336,2012-06-06 08:00:00,67.21296296296296,53.26686669448737,67.39699074074075,13.946096268475593,0.18402777777778567
traffic,arima,15,2336,2012-06-06 08:00:00,66.6238425925926,53.006026981767945,67.39699074074075,13.61781561082465,0.7731481481481524
traffic,arima,16,2336,2012-06-06 08:00:00,65.13541666666667,52.78325243856267,67.39699074074075,12.352164228104002,2.261574074074076
traffic,arima,17,2336,2012-06-06 08:00:00,64.14699074074075,52.59298809352522,67.39699074074075,11.554002647215526,3.25
traffic,arima,18,2336,2012-06-06 08:00:00,61.00578703703704,52.43048962995896,67.39699074074075,8.575297407078075,6.3912037037037095
traffic,arima,19,2336,2012-06-06 08:00:00,58.95023148148149,52.2917050844037,67.39699074074075,6.658526397077786,8.44675925925926
traffic,arima,20,2336,2012-06-06 08:00:00,59.49768518518518,52.17317380932412,67.39699074074075,7.324511375861064,7.899305555555564
traffic,arima,21,2336,2012-06-06 08:00:00,61.00231481481482,52.07194018049477,67.39699074074075,8.930374634320046,6.394675925925931
traffic,arima,22,2336,2012-06-06 08:00:00,63.129629629629626,51.985479897340994,67.39699074074075,11.144149732288632,4.267361111111121
traffic,arima,23,2336,2012-06-06 08:00:00,66.11458333333333,51.911637038505695,67.39699074074075,14.202946294827633,1.282407407407419
traffic,arima,24,2336,2012-06-06 08:00:00,67.58449074074075,51.84857030309758,67.39699074074075,15.735920437643166,0.1875
traffic,arima,25,2336,2012-06-06 08:00:00,43.65277777777778,51.79470709712516,67.39699074074075,8.141929319347383,23.74421296296297
traffic,arima,26,2336,2012-06-06 08:00:00,58.42080026455026,51.748704320243625,67.39699074074075,6.672095944306633,8.976190476190489
traffic,arima,27,2336,2012-06-06 08:00:00,63.1088955026455,51.70941487501646,67.39699074074075,11.399480627629039,4.288095238095245
traffic,arima,28,2336,2012-06-06 08:00:00,64.73743386243386,51.675859063587225,67.39699074074075,13.061574798846635,2.659556878306887
traffic,arima,29,2336,2012-06-06 08:00:00,32.673611111111114,51.647200158525976,67.39699074074075,18.973589047414862,34.72337962962963
traffic,arima,30,2336,2012-06-06 08:00:00,65.14467592592592,51.622723538699866,67.39699074074075,13.521952387226058,2.2523148148148238
traffic,arima,31,2336,2012-06-06 08:00:00,65.31630291005291,51.601818869912584,67.39699074074075,13.714484040140327,2.080687830687836
traffic,arima,32,2336,2012-06-06 08:00:00,40.04166666666666,51.58396488597972,67.39699074074075,11.54229821931306,27.35532407407409
traffic,arima,33,2336,2012-06-06 08:00:00,22.319444444444443,51.56871639075033,67.39699074074075,29.24927194630589,45.077546296296305
traffic,arima,34,2336,2012-06-06 08:00:00,17.64236111111111,51.5556931569648,67.39699074074075,33.91333204585369,49.75462962962963
traffic,arima,35,2336,2012-06-06 08:00:00,13.248842592592592,51.54457044513776,67.39699074074075,38.29572785254517,54.14814814814815
traffic,arima,36,2336,2012-06-06 08:00:00,26.09375,51.53507090605056,67.39699074074075,25.441320906050557,41.30324074074075
traffic,arima,37,2336,2012-06-06 08:00:00,66.18039021164022,51.526957664938806,67.39699074074075,14.65343254670141,1.216600529100532
traffic,arima,38,2336,2012-06-06 08:00:00,67.02546296296296,51.52002841492644,67.39699074074075,15.505434548036519,0.3715277777777857
traffic,arima,39,2336,2012-06-06 08:00:00,66.77678571428571,51.51411037242377,67.39699074074075,15.262675341861936,0.6202050264550394
traffic,arima,40,2336,2012-06-06 08:00:00,65.49388227513228,51.50905596870029,67.39699074074075,13.98482630643199,1.9031084656084687
traffic,arima,41,2336,2012-06-06 08:00:00,59.41319444444445,51.50473917020003,67.39699074074075,7.908455274244417,7.983796296296298
traffic,arima,42,2336,2012-06-06 08:00:00,62.6220238095238,51.501052335845024,67.39699074074075,11.120971473678779,4.7749669312169445
traffic,arima,43,2336,2012-06-06 08:00:00,61.02364417989418,51.49790353296242,67.39699074074075,9.525740646931759,6.373346560846571
traffic,arima,44,2336,2012-06-06 08:00:00,57.336970899470906,51.49521424490691,67.39699074074075,5.841756654563994,10.060019841269842
traffic,arima,45,2336,2012-06-06 08:00:00,60.33052248677249,51.49291741321719,67.39699074074075,8.837605073555295,7.06646825396826
traffic,arima,46,2336,2012-06-06 08:00:00,63.59027777777778,51.49095576548663,67.39699074074075,12.099322012291147,3.806712962962969
traffic,arima,47,2336,2012-06-06 08:00:00,65.37516534391534,51.48928038725319,67.39699074074075,13.885884956662153,2.021825396825406
traffic,arima,48,2336,2012-06-06 08:00:00,67.28703703703704,51.48784950229799,67.39699074074075,15.799187534739048,0.1099537037037095
traffic,arima,49,2336,2012-06-06 08:00:00,65.57870370370371,51.48662743093872,67.39699074074075,14.092076272764992,1.818287037037038
traffic,arima,50,2336,2012-06-06 08:00:00,64.08796296296296,51.48558370034268,67.39699074074075,12.602379262620282,3.3090277777777857
traffic,arima,51,2336,2012-06-06 08:00:00,62.86259920634921,51.48469228467466,67.39699074074075,11.377906921674551,4.534391534391538
traffic,arima,52,2336,2012-06-06 08:00:00,63.1099537037037,51.4839309561324,67.39699074074075,11.626022747571305,4.287037037037045
traffic,arima,53,2336,2012-06-06 08:00:00,35.12384259259259,51.48328073068756,67.39699074074075,16.359438138094973,32.27314814814816
traffic,arima,54,2336,2012-06-06 08:00:00,59.74652777777778,51.48272539471152,67.39699074074075,8.263802383066256,7.650462962962969
traffic,arima,55,2336,2012-06-06 08:00:00,62.68650793650793,51.48225110068207,67.39699074074075,11.20425683582586,4.710482804232818
traffic,arima,56,2336,2012-06-06 08:00:00,59.004464285714285,51.481846021889986,67.39699074074075,7.522618263824299,8.392526455026463
traffic,arima,57,2336,2012-06-06 08:00:00,26.90773809523809,51.481500057535364,67.39699074074075,24.573761962297272,40.48925264550266
traffic,arima,58,2336,2012-06-06 08:00:00,20.830092592592592,51.4812045808602,67.39699074074075,30.65111198826761,46.566898148148155
traffic,arima,59,2336,2012-06-06 08:00:00,28.10029761904762,51.48095222403673,67.39699074074075,23.380654604989108,39.296693121693124
traffic,arima,60,2336,2012-06-06 08:00:00,62.8546626984127,51.48073669444774,67.39699074074075,11.37392600396496,4.5423280423280445
traffic,arima,61,2336,2012-06-06 08:00:00,67.74421296296296,51.4805526177777,67.39699074074075,16.263660345185265,0.3472222222222143
traffic,arima,62,2336,2012-06-06 08:00:00,66.7511574074074,51.48039540400201,67.39699074074075,15.270762003405395,0.6458333333333428
traffic,arima,63,2336,2012-06-06 08:00:00,66.69907407407408,51.480261132933016,67.39699074074075,15.21881294114106,0.6979166666666714
traffic,arima,64,2336,2012-06-06 08:00:00,65.31580687830687,51.480146456468496,67.39699074074075,13.835660421838377,2.0811838624338748
traffic,arima,65,2336,2012-06-06 08:00:00,59.66369047619048,51.48004851510545,67.39699074074075,8.18364196108503,7.733300264550266
traffic,arima,66,2336,2012-06-06 08:00:00,65.19510582010582,51.47996486663725,67.39699074074075,13.71514095346857,2.2018849206349245
traffic,arima,67,2336,2012-06-06 08:00:00,63.7025462962963,51.47989342525627,67.39699074074075,12.222652871040026,3.69444444444445
traffic,arima,68,2336,2012-06-06 08:00:00,61.12433862433863,51.47983240954341,67.39699074074075,9.644506214795214,6.272652116402121
traffic,arima,69,2336,2012-06-06 08:00:00,5.416666666666667,51.479780298047736,67.39699074074075,46.06311363138107,61.98032407407408
traffic,arima,70,2336,2012-06-06 08:00:00,0.0,51.479735791348496,67.39699074074075,51.479735791348496,67.39699074074075
traffic,arima,71,2336,2012-06-06 08:00:00,0.0,51.479697779653534,67.39699074074075,51.479697779653534,67.39699074074075
traffic,arima,72,2336,2012-06-06 08:00:00,0.0,51.479665315126205,67.39699074074075,51.479665315126205,67.39699074074075
traffic,arima,1,2360,2012-06-07 08:00:00,43.65277777777778,65.51329100054319,67.58449074074075,21.860513222765412,23.93171296296297
traffic,arima,2,2360,2012-06-07 08:00:00,58.42080026455026,63.494464426493586,67.58449074074075,5.073664161943327,9.163690476190489
traffic,arima,3,2360,2012-06-07 08:00:00,63.1088955026455,61.75088259954069,67.58449074074075,1.3580129031048145,4.475595238095245
traffic,arima,4,2360,2012-06-07 08:00:00,64.73743386243386,60.25973602005254,67.58449074074075,4.477697842381318,2.847056878306887
traffic,arima,5,2360,2012-06-07 08:00:00,32.673611111111114,58.98556749894537,67.58449074074075,26.311956387834257,34.91087962962963
traffic,arima,6,2360,2012-06-07 08:00:00,65.14467592592592,57.89688593927544,67.58449074074075,7.247789986650481,2.4398148148148238
traffic,arima,7,2360,2012-06-07 08:00:00,65.31630291005291,56.966695202370474,67.58449074074075,8.349607707682438,2.268187830687836
traffic,arima,8,2360,2012-06-07 08:00:00,40.04166666666666,56.171922569945956,67.58449074074075,16.1302559032793,27.54282407407409
traffic,arima,9,2360,2012-06-07 08:00:00,22.319444444444443,55.49285377219545,67.58449074074075,33.17340932775101,45.265046296296305
traffic,arima,10,2360,2012-06-07 08:00:00,17.64236111111111,54.91264452589452,67.58449074074075,37.27028341478341,49.94212962962963
traffic,arima,11,2360,2012-06-07 08:00:00,13.248842592592592,54.41690275351767,67.58449074074075,41.16806016092508,54.33564814814815
traffic,arima,12,2360,2012-06-07 08:00:00,26.09375,53.99333159115199,67.58449074074075,27.899581591151993,41.49074074074075
traffic,arima,13,2360,2012-06-07 08:00:00,66.18039021164022,53.631424365285035,67.58449074074075,12.54896584635518,1.404100529100532
traffic,arima,14,2360,2012-06-07 08:00:00,67.02546296296296,53.322203975013025,67.58449074074075,13.703258987949937,0.5590277777777857
traffic,arima,15,2360,2012-06-07 08:00:00,66.77678571428571,53.05800021524858,67.58449074074075,13.718785499037125,0.8077050264550394
traffic,arima,16,2360,2012-06-07 08:00:00,65.49388227513228,52.83225951744963,67.58449074074075,12.66162275768265,2.0906084656084687
traffic,arima,17,2360,2012-06-07 08:00:00,59.41319444444445,52.63938238849357,67.58449074074075,6.773812055950877,8.171296296296298
traffic,arima,18,2360,2012-06-07 08:00:00,62.6220238095238,52.474584515371646,67.58449074074075,10.147439294152157,4.9624669312169445
traffic,arima,19,2360,2012-06-07 08:00:00,61.02364417989418,52.33377809040822,67.58449074074075,8.68986608948596,6.560846560846571
traffic,arima,20,2360,2012-06-07 08:00:00,57.336970899470906,52.21347041327993,67.58449074074075,5.123500486190977,10.247519841269842
traffic,arima,21,2360,2012-06-07 08:00:00,60.33052248677249,52.110677254659755,67.58449074074075,8.219845232112732,7.25396825396826
traffic,arima,22,2360,2012-06-07 08:00:00,63.59027777777778,52.022848832473166,67.58449074074075,11.567428945304613,3.994212962962969
traffic,arima,23,2360,2012-06-07 08:00:00,65.37516534391534,51.94780656460893,67.58449074074075,13.42735877930641,2.209325396825406
traffic,arima,24,2360,2012-06-07 08:00:00,67.28703703703704,51.88368902923702,67.58449074074075,15.40334800780002,0.2974537037037095
traffic,arima,25,2360,2012-06-07 08:00:00,65.57870370370371,51.8289057922804,67.58449074074075,13.749797911423308,2.005787037037038
traffic,arima,26,2360,2012-06-07 08:00:00,64.08796296296296,51.782097956732194,67.58449074074075,12.305865006230768,3.4965277777777857
traffic,arima,27,2360,2012-06-07 08:00:00,62.86259920634921,51.742104455244814,67.58449074074075,11.120494751104395,4.721891534391538
traffic,arima,28,2360,2012-06-07 08:00:00,63.1099537037037,51.707933249879545,67.58449074074075,11.402020453824157,4.474537037037045
traffic,arima,29,2360,2012-06-07 08:00:00,35.12384259259259,51.67873672462698,67.58449074074075,16.55489413203439,32.46064814814816
traffic,arima,30,2360,2012-06-07 08:00:00,59.74652777777778,51.6537906603102,67.58449074074075,8.092737117467578,7.837962962962969
traffic,arima,31,2360,2012-06-07 08:00:00,62.68650793650793,51.6324762703438,67.58449074074075,11.054031666164128,4.897982804232818
traffic,arima,32,2360,2012-06-07 08:00:00,59.004464285714285,51.614264851746036,67.58449074074075,7.390199433968249,8.580026455026463
traffic,arima,33,2360,2012-06-07 08:00:00,26.90773809523809,51.59870467067279,67.58449074074075,24.690966575434697,40.67675264550266
traffic,arima,34,2360,2012-06-07 08:00:00,20.830092592592592,51.58540975716934,67.58449074074075,30.755317164576745,46.754398148148155
traffic,arima,35,2360,2012-06-07 08:00:00,28.10029761904762,51.57405033119402,67.58449074074075,23.473752712146403,39.484193121693124
traffic,arima,36,2360,2012-06-07 08:00:00,62.8546626984127,51.5643446224314,67.58449074074075,11.290318075981304,4.7298280423280445
traffic,arima,37,2360,2012-06-07 08:00:00,67.74421296296296,51.5560518809857,67.58449074074075,16.188161081977263,0.15972222222221433
traffic,arima,38,2360,2012-06-07 08:00:00,66.7511574074074,51.54896640558486,67.58449074074075,15.202191001822541,0.8333333333333428
traffic,arima,39,2360,2012-06-07 08:00:00,66.69907407407408,51.54291244116495,67.58449074074075,15.156161632909125,0.8854166666666714
traffic,arima,40,2360,2012-06-07 08:00:00,65.31580687830687,51.53773981926957,67.58449074074075,13.778067059037305,2.2686838624338748
traffic,arima,41,2360,2012-06-07 08:00:00,59.66369047619048,51.533320233124556,67.58449074074075,8.130370243065926,7.920800264550266
traffic,arima,42,2360,2012-06-07 08:00:00,65.19510582010582,51.529544054991256,67.58449074074075,13.665561765114568,2.3893849206349245
traffic,arima,43,2360,2012-06-07 08:00:00,63.7025462962963,51.526317616852815,67.58449074074075,12.176228679443483,3.88194444444445
traffic,arima,44,2360,2012-06-07 08:00:00,61.12433862433863,51.523560886981045,67.58449074074075,9.600777737357582,6.460152116402121
traffic,arima,45,2360,2012-06-07 08:00:00,5.416666666666667,51.52120548475114,67.58449074074075,46.10453881808448,62.16782407407408
traffic,arima,46,2360,2012-06-07 08:00:00,0.0,51.51919298446179,67.58449074074075,51.51919298446179,67.58449074074075
traffic,arima,47,2360,2012-06-07 08:00:00,0.0,51.51747346608686,67.58449074074075,51.51747346608686,67.58449074074075
traffic,arima,48,2360,2012-06-07 08:00:00,0.0,51.516004277010296,67.58449074074075,51.516004277010296,67.58449074074075
traffic,arima,49,2360,2012-06-07 08:00:00,0.0,51.51474897402884,67.58449074074075,51.51474897402884,67.58449074074075
traffic,arima,50,2360,2012-06-07 08:00:00,0.0,51.51367641937922,67.58449074074075,51.51367641937922,67.58449074074075
traffic,arima,51,2360,2012-06-07 08:00:00,0.0,51.51276000836657,67.58449074074075,51.51276000836657,67.58449074074075
traffic,arima,52,2360,2012-06-07 08:00:00,0.0,51.511977009435554,67.58449074074075,51.511977009435554,67.58449074074075
traffic,arima,53,2360,2012-06-07 08:00:00,0.0,51.51130800031463,67.58449074074075,51.51130800031463,67.58449074074075
traffic,arima,54,2360,2012-06-07 08:00:00,5.53125,51.510736386247046,67.58449074074075,45.979486386247046,62.05324074074075
traffic,arima,55,2360,2012-06-07 08:00:00,66.2579365079365,51.510247988358216,67.58449074074075,14.74768851957829,1.3265542328042415
traffic,arima,56,2360,2012-06-07 08:00:00,66.49074074074075,51.50983069194909,67.58449074074075,14.980910048791657,1.09375
traffic,arima,57,2360,2012-06-07 08:00:00,66.11805555555556,51.50947414599128,67.58449074074075,14.60858140956428,1.4664351851851904
traffic,arima,58,2360,2012-06-07 08:00:00,66.48280423280424,51.50916950636999,67.58449074074075,14.973634726434248,1.1016865079365061
traffic,arima,59,2360,2012-06-07 08:00:00,66.50181878306879,51.50890921650604,67.58449074074075,14.992909566562744,1.0826719576719626
traffic,arima,60,2360,2012-06-07 08:00:00,67.41087962962963,51.50868681991497,67.58449074074075,15.902192809714663,0.17361111111111427
traffic,arima,61,2360,2012-06-07 08:00:00,68.36689814814815,51.50849680005416,67.58449074074075,16.85840134809399,0.7824074074074048
traffic,arima,62,2360,2012-06-07 08:00:00,67.10532407407408,51.508334443485076,67.58449074074075,15.596989630589,0.4791666666666714
traffic,arima,63,2360,2012-06-07 08:00:00,66.93402777777779,51.508195722956536,67.58449074074075,15.42583205482125,0.6504629629629619
traffic,arima,64,2360,2012-06-07 08:00:00,66.16021825396825,51.508077197508825,67.58449074074075,14.652141056459428,1.4242724867724945
traffic,arima,65,2360,2012-06-07 08:00:00,66.97800925925925,51.50797592712079,67.58449074074075,15.470033332138463,0.6064814814814952
traffic,arima,66,2360,2012-06-07 08:00:00,67.04745370370371,51.507889399782634,67.58449074074075,15.539564303921075,0.5370370370370381
traffic,arima,67,2360,2012-06-07 08:00:00,65.84837962962963,51.507815469185616,67.58449074074075,14.340564160444018,1.7361111111111143
traffic,arima,68,2360,2012-06-07 08:00:00,65.71875,51.50775230148288,67.58449074074075,14.210997698517119,1.8657407407407476
traffic,arima,69,2360,2012-06-07 08:00:00,63.76051587301587,51.507698329800924,67.58449074074075,12.252817543214945,3.8239748677248784
traffic,arima,70,2360,2012-06-07 08:00:00,62.958333333333336,51.50765221537334,67.58449074074075,11.450681117959995,4.626157407407412
traffic,arima,71,2360,2012-06-07 08:00:00,66.63194444444444,51.50761281433275,67.58449074074075,15.12433163011169,0.9525462962963047
traffic,arima,72,2360,2012-06-07 08:00:00,67.45949074074075,51.507579149337204,67.58449074074075,15.951911591403544,0.125
traffic,arima,1,2384,2012-06-08 08:00:00,65.57870370370371,65.20374365550943,67.28703703703704,0.3749600481942821,1.7083333333333286
traffic,arima,2,2384,2012-06-08 08:00:00,64.08796296296296,63.15895306603562,67.28703703703704,0.9290098969273402,3.199074074074076
traffic,arima,3,2384,2012-06-08 08:00:00,62.86259920634921,61.39660274664773,67.28703703703704,1.4659964597014792,4.424437830687829
traffic,arima,4,2384,2012-06-08 08:00:00,63.1099537037037,59.893079838432726,67.28703703703704,3.2168738652709763,4.177083333333336
traffic,arima,5,2384,2012-06-08 08:00:00,35.12384259259259,58.611475593674164,67.28703703703704,23.487633001081576,32.16319444444445
traffic,arima,6,2384,2012-06-08 08:00:00,59.74652777777778,57.51911495597658,67.28703703703704,2.2274128218011953,7.5405092592592595
traffic,arima,7,2384,2012-06-08 08:00:00,62.68650793650793,56.58805972457331,67.28703703703704,6.098448211934617,4.6005291005291085
traffic,arima,8,2384,2012-06-08 08:00:00,59.004464285714285,55.794490865350525,67.28703703703704,3.2099734203637595,8.282572751322753
traffic,arima,9,2384,2012-06-08 08:00:00,26.90773809523809,55.11810617329232,67.28703703703704,28.210368078054227,40.37929894179895
traffic,arima,10,2384,2012-06-08 08:00:00,20.830092592592592,54.541601381575276,67.28703703703704,33.711508788982684,46.456944444444446
traffic,arima,11,2384,2012-06-08 08:00:00,28.10029761904762,54.05022749528408,67.28703703703704,25.949929876236464,39.186739417989415
traffic,arima,12,2384,2012-06-08 08:00:00,62.8546626984127,53.63141346356875,67.28703703703704,9.223249234843955,4.432374338624335
traffic,arima,13,2384,2012-06-08 08:00:00,67.74421296296296,53.274444568690825,67.28703703703704,14.469768394272137,0.4571759259259238
traffic,arima,14,2384,2012-06-08 08:00:00,66.7511574074074,52.97018830633867,67.28703703703704,13.780969101068735,0.5358796296296333
traffic,arima,15,2384,2012-06-08 08:00:00,66.69907407407408,52.71086074444519,67.28703703703704,13.988213329628884,0.5879629629629619
traffic,arima,16,2384,2012-06-08 08:00:00,65.31580687830687,52.489827383167075,67.28703703703704,12.825979495139798,1.9712301587301653
traffic,arima,17,2384,2012-06-08 08:00:00,59.66369047619048,52.30143342133292,67.28703703703704,7.362257054857558,7.6233465608465565
traffic,arima,18,2384,2012-06-08 08:00:00,65.19510582010582,52.14085908698658,67.28703703703704,13.054246733119243,2.091931216931215
traffic,arima,19,2384,2012-06-08 08:00:00,63.7025462962963,52.003996330878344,67.28703703703704,11.698549965417953,3.5844907407407405
traffic,arima,20,2384,2012-06-08 08:00:00,61.12433862433863,51.8873437282953,67.28703703703704,9.236994896043328,6.162698412698411
traffic,arima,21,2384,2012-06-08 08:00:00,5.416666666666667,51.78791690045445,67.28703703703704,46.371250233787784,61.870370370370374
traffic,arima,22,2384,2012-06-08 08:00:00,0.0,51.7031721637268,67.28703703703704,51.7031721637268,67.28703703703704
traffic,arima,23,2384,2012-06-08 08:00:00,0.0,51.63094145337433,67.28703703703704,51.63094145337433,67.28703703703704
traffic,arima,24,2384,2012-06-08 08:00:00,0.0,51.569376856922865,67.28703703703704,51.569376856922865,67.28703703703704
traffic,arima,25,2384,2012-06-08 08:00:00,0.0,51.51690333814206,67.28703703703704,51.51690333814206,67.28703703703704
traffic,arima,26,2384,2012-06-08 08:00:00,0.0,51.47217844214748,67.28703703703704,51.47217844214748,67.28703703703704
traffic,arima,27,2384,2012-06-08 08:00:00,0.0,51.4340579507415,67.28703703703704,51.4340579507415,67.28703703703704
traffic,arima,28,2384,2012-06-08 08:00:00,0.0,51.40156660933715,67.28703703703704,51.40156660933715,67.28703703703704
traffic,arima,29,2384,2012-06-08 08:00:00,0.0,51.37387317655815,67.28703703703704,51.37387317655815,67.28703703703704
traffic,arima,30,2384,2012-06-08 08:00:00,5.53125,51.35026915819706,67.28703703703704,45.81901915819706,61.75578703703704
traffic,arima,31,2384,2012-06-08 08:00:00,66.2579365079365,51.330150681472375,67.28703703703704,14.927785826464131,1.029100529100532
traffic,arima,32,2384,2012-06-08 08:00:00,66.49074074074075,51.31300304586517,67.28703703703704,15.177737694875574,0.7962962962962905
traffic,arima,33,2384,2012-06-08 08:00:00,66.11805555555556,51.29838755529195,67.28703703703704,14.819668000263604,1.168981481481481
traffic,arima,34,2384,2012-06-08 08:00:00,66.48280423280424,51.28593029473491,67.28703703703704,15.19687393806933,0.8042328042327966
traffic,arima,35,2384,2012-06-08 08:00:00,66.50181878306879,51.275312564196994,67.28703703703704,15.22650621887179,0.7852182539682531
traffic,arima,36,2384,2012-06-08 08:00:00,67.41087962962963,51.266262725248886,67.28703703703704,16.144616904380747,0.12384259259259522
traffic,arima,37,2384,2012-06-08 08:00:00,68.36689814814815,51.258549251574436,67.28703703703704,17.108348896573716,1.0798611111111143
traffic,arima,38,2384,2012-06-08 08:00:00,67.10532407407408,51.25197480572323,67.28703703703704,15.853349268350847,0.1817129629629619
traffic,arima,39,2384,2012-06-08 08:00:00,66.93402777777779,51.24637119053314,67.28703703703704,15.687656587244646,0.3530092592592524
traffic,arima,40,2384,2012-06-08 08:00:00,66.16021825396825,51.24159504606269,67.28703703703704,14.918623207905561,1.126818783068785
traffic,arima,41,2384,2012-06-08 08:00:00,66.97800925925925,51.237524181945716,67.28703703703704,15.740485077313537,0.3090277777777857
traffic,arima,42,2384,2012-06-08 08:00:00,67.04745370370371,51.23405445133741,67.28703703703704,15.813399252366303,0.2395833333333286
traffic,arima,43,2384,2012-06-08 08:00:00,65.84837962962963,51.231097086476204,67.28703703703704,14.61728254315343,1.4386574074074048
traffic,arima,44,2384,2012-06-08 08:00:00,65.71875,51.22857642769615,67.28703703703704,14.490173572303853,1.568287037037038
traffic,arima,45,2384,2012-06-08 08:00:00,63.76051587301587,51.22642798778979,67.28703703703704,12.534087885226079,3.526521164021169
traffic,arima,46,2384,2012-06-08 08:00:00,62.958333333333336,51.22459680220142,67.28703703703704,11.733736531131918,4.328703703703702
traffic,arima,47,2384,2012-06-08 08:00:00,66.63194444444444,51.22303602284281,67.28703703703704,15.40890842160163,0.6550925925925952
traffic,arima,48,2384,2012-06-08 08:00:00,67.45949074074075,51.22170571955639,67.28703703703704,16.237785021184358,0.1724537037037095
traffic,arima,49,2384,2012-06-08 08:00:00,68.68981481481482,51.22057185856309,67.28703703703704,17.469242956251733,1.4027777777777857
traffic,arima,50,2384,2012-06-08 08:00:00,68.74074074074075,51.219605431760094,67.28703703703704,17.521135308980654,1.4537037037037095
traffic,arima,51,2384,2012-06-08 08:00:00,68.09375,51.21878171459275,67.28703703703704,16.87496828540725,0.8067129629629619
traffic,arima,52,2384,2012-06-08 08:00:00,66.19047619047619,51.218079633514634,67.28703703703704,14.972396556961556,1.0965608465608483
traffic,arima,53,2384,2012-06-08 08:00:00,67.32638888888889,51.21748122685299,67.28703703703704,16.108907662035897,0.03935185185184764
traffic,arima,54,2384,2012-06-08 08:00:00,28.378472222222225,51.21697118528676,67.28703703703704,22.838498963064534,38.90856481481481
traffic,arima,55,2384,2012-06-08 08:00:00,0.0,51.216536460180976,67.28703703703704,51.216536460180976,67.28703703703704
traffic,arima,56,2384,2012-06-08 08:00:00,22.77546296296296,51.216165929757366,67.28703703703704,28.440702966794408,44.511574074074076
traffic,arima,57,2384,2012-06-08 08:00:00,67.65972222222221,51.215850114560595,67.28703703703704,16.44387210766162,0.37268518518517624
traffic,arima,58,2384,2012-06-08 08:00:00,68.16666666666667,51.21558093494092,67.28703703703704,16.951085731725755,0.8796296296296333
traffic,arima,59,2384,2012-06-08 08:00:00,67.73842592592592,51.21535150434861,67.28703703703704,16.523074421577313,0.45138888888888573
traffic,arima,60,2384,2012-06-08 08:00:00,68.01273148148148,51.21515595315217,67.28703703703704,16.79757552832931,0.7256944444444429
traffic,arima,61,2384,2012-06-08 08:00:00,67.97387566137566,51.21498927847272,67.28703703703704,16.758886382902936,0.6868386243386198
traffic,arima,62,2384,2012-06-08 08:00:00,67.55439814814815,51.214847216193,67.28703703703704,16.339550931955152,0.26736111111111427
traffic,arima,63,2384,2012-06-08 08:00:00,67.51851851851852,51.214726131866406,67.28703703703704,16.303792386652113,0.23148148148148096
traffic,arima,64,2384,2012-06-08 08:00:00,67.12962962962963,51.21462292773527,67.28703703703704,15.915006701894363,0.15740740740740478
traffic,arima,65,2384,2012-06-08 08:00:00,65.38425925925925,51.21453496347942,67.28703703703704,14.16972429577983,1.9027777777777857
traffic,arima,66,2384,2012-06-08 08:00:00,64.79282407407408,51.21445998866764,67.28703703703704,13.578364085406434,2.494212962962962
traffic,arima,67,2384,2012-06-08 08:00:00,64.18402777777779,51.214396085183814,67.28703703703704,12.969631692593971,3.1030092592592524
traffic,arima,68,2384,2012-06-08 08:00:00,62.951388888888886,51.21434161815483,67.28703703703704,11.737047270734053,4.335648148148152
traffic,arima,69,2384,2012-06-08 08:00:00,63.27232142857142,51.2142951941249,67.28703703703704,12.058026234446523,4.014715608465615
traffic,arima,70,2384,2012-06-08 08:00:00,65.13657407407408,51.21425562540608,67.28703703703704,13.922318448667994,2.150462962962962
traffic,arima,71,2384,2012-06-08 08:00:00,67.01388888888889,51.214221899693094,67.28703703703704,15.799666989195792,0.27314814814815236
traffic,arima,72,2384,2012-06-08 08:00:00,67.85300925925925,51.21419315416505,67.28703703703704,16.6388161050942,0.5659722222222143
traffic,arima,1,2408,2012-06-09 08:00:00,0.0,6.89413828729969,0.0,6.89413828729969,0.0
traffic,arima,2,2408,2012-06-09 08:00:00,0.0,13.290501779425384,0.0,13.290501779425384,0.0
traffic,arima,3,2408,2012-06-09 08:00:00,0.0,18.77669268078942,0.0,18.77669268078942,0.0
traffic,arima,4,2408,2012-06-09 08:00:00,0.0,23.450799036629782,0.0,23.450799036629782,0.0
traffic,arima,5,2408,2012-06-09 08:00:00,0.0,27.430645662826407,0.0,27.430645662826407,0.0
traffic,arima,6,2408,2012-06-09 08:00:00,5.53125,30.819171270552754,0.0,25.287921270552754,5.53125
traffic,arima,7,2408,2012-06-09 08:00:00,66.2579365079365,33.70421976359176,0.0,32.55371674434475,66.2579365079365
traffic,arima,8,2408,2012-06-09 08:00:00,66.49074074074075,36.16059819351044,0.0,30.33014254723031,66.49074074074075
traffic,arima,9,2408,2012-06-09 08:00:00,66.11805555555556,38.25199969741217,0.0,27.86605585814339,66.11805555555556
traffic,arima,10,2408,2012-06-09 08:00:00,66.48280423280424,40.03265376196641,0.0,26.450150470837833,66.48280423280424
traffic,arima,11,2408,2012-06-09 08:00:00,66.50181878306879,41.548732281901216,0.0,24.95308650116757,66.50181878306879
traffic,arima,12,2408,2012-06-09 08:00:00,67.41087962962963,42.83954677770774,0.0,24.571332851921895,67.41087962962963
traffic,arima,13,2408,2012-06-09 08:00:00,68.36689814814815,43.93856773254043,0.0,24.428330415607725,68.36689814814815
traffic,arima,14,2408,2012-06-09 08:00:00,67.10532407407408,44.87429247307054,0.0,22.231031601003536,67.10532407407408
traffic,arima,15,2408,2012-06-09 08:00:00,66.93402777777779,45.670984097729715,0.0,21.26304368004807,66.93402777777779
traffic,arima,16,2408,2012-06-09 08:00:00,66.16021825396825,46.349300612522825,0.0,19.810917641445428,66.16021825396825
traffic,arima,17,2408,2012-06-09 08:00:00,66.97800925925925,46.92683058773489,0.0,20.05117867152436,66.97800925925925
traffic,arima,18,2408,2012-06-09 08:00:00,67.04745370370371,47.41854922497046,0.0,19.628904478733247,67.04745370370371
traffic,arima,19,2408,2012-06-09 08:00:00,65.84837962962963,47.83720666022484,0.0,18.011172969404797,65.84837962962963
traffic,arima,20,2408,2012-06-09 08:00:00,65.71875,48.193658571584464,0.0,17.525091428415536,65.71875
traffic,arima,21,2408,2012-06-09 08:00:00,63.76051587301587,48.497147664127944,0.0,15.263368208887925,63.76051587301587
traffic,arima,22,2408,2012-06-09 08:00:00,62.958333333333336,48.7555433308577,0.0,14.202790002475638,62.958333333333336
traffic,arima,23,2408,2012-06-09 08:00:00,66.63194444444444,48.97554570400773,0.0,17.656398740436714,66.63194444444444
traffic,arima,24,2408,2012-06-09 08:00:00,67.45949074074075,49.162859387724666,0.0,18.296631353016082,67.45949074074075
traffic,arima,25,2408,2012-06-09 08:00:00,68.68981481481482,49.32234137696521,0.0,19.36747343784961,68.68981481481482
traffic,arima,26,2408,2012-06-09 08:00:00,68.74074074074075,49.458126998108405,0.0,19.282613742632343,68.74074074074075
traffic,arima,27,2408,2012-06-09 08:00:00,68.09375,49.573737136889854,0.0,18.520012863110146,68.09375
traffic,arima,28,2408,2012-06-09 08:00:00,66.19047619047619,49.67216953405046,0.0,16.51830665642573,66.19047619047619
traffic,arima,29,2408,2012-06-09 08:00:00,67.32638888888889,49.755976515971824,0.0,17.570412372917062,67.32638888888889
traffic,arima,30,2408,2012-06-09 08:00:00,28.378472222222225,49.827331175833535,0.0,21.44885895361131,28.378472222222225
traffic,arima,31,2408,2012-06-09 08:00:00,0.0,49.88808372135245,0.0,49.88808372135245,0.0
traffic,arima,32,2408,2012-06-09 08:00:00,22.77546296296296,49.939809450186154,0.0,27.164346487223195,22.77546296296296
traffic,arima,33,2408,2012-06-09 08:00:00,67.65972222222221,49.983849596990275,0.0,17.67587262523194,67.65972222222221
traffic,arima,34,2408,2012-06-09 08:00:00,68.16666666666667,50.021346111283286,0.0,18.145320555383385,68.16666666666667
traffic,arima,35,2408,2012-06-09 08:00:00,67.73842592592592,50.05327126789957,0.0,17.685154658026356,67.73842592592592
traffic,arima,36,2408,2012-06-09 08:00:00,68.01273148148148,50.08045287782228,0.0,17.9322786036592,68.01273148148148
traffic,arima,37,2408,2012-06-09 08:00:00,67.97387566137566,50.10359575310621,0.0,17.870279908269445,67.97387566137566
traffic,arima,38,2408,2012-06-09 08:00:00,67.55439814814815,50.1232999824705,0.0,17.431098165677653,67.55439814814815
traffic,arima,39,2408,2012-06-09 08:00:00,67.51851851851852,50.14007649144257,0.0,17.37844202707595,67.51851851851852
traffic,arima,40,2408,2012-06-09 08:00:00,67.12962962962963,50.1543602905238,0.0,16.975269339105836,67.12962962962963
traffic,arima,41,2408,2012-06-09 08:00:00,65.38425925925925,50.16652175489833,0.0,15.217737504360919,65.38425925925925
traffic,arima,42,2408,2012-06-09 08:00:00,64.79282407407408,50.17687622816501,0.0,14.61594784590907,64.79282407407408
traffic,arima,43,2408,2012-06-09 08:00:00,64.18402777777779,50.185692199114584,0.0,13.998335578663202,64.18402777777779
traffic,arima,44,2408,2012-06-09 08:00:00,62.951388888888886,50.19319826357408,0.0,12.758190625314803,62.951388888888886
traffic,arima,45,2408,2012-06-09 08:00:00,63.27232142857142,50.19958905183693,0.0,13.072732376734493,63.27232142857142
traffic,arima,46,2408,2012-06-09 08:00:00,65.13657407407408,50.2050302753757,0.0,14.931543798698378,65.13657407407408
traffic,arima,47,2408,2012-06-09 08:00:00,67.01388888888889,50.20966302369737,0.0,16.80422586519152,67.01388888888889
traffic,arima,48,2408,2012-06-09 08:00:00,67.85300925925925,50.213607422757434,0.0,17.63940183650182,67.85300925925925
traffic,arima,49,2408,2012-06-09 08:00:00,67.73726851851852,50.2169657497946,0.0,17.520302768723916,67.73726851851852
traffic,arima,50,2408,2012-06-09 08:00:00,66.0324074074074,50.2198250853529,0.0,15.812582322054503,66.0324074074074
traffic,arima,51,2408,2012-06-09 08:00:00,64.26851851851852,50.22225957125748,0.0,14.046258947261038,64.26851851851852
traffic,arima,52,2408,2012-06-09 08:00:00,63.445601851851855,50.22433233309279,0.0,13.221269518759065,63.445601851851855
traffic,arima,53,2408,2012-06-09 08:00:00,64.44212962962963,50.22609711703254,0.0,14.216032512597096,64.44212962962963
traffic,arima,54,2408,2012-06-09 08:00:00,65.23511904761905,50.22759968346391,0.0,15.007519364155144,65.23511904761905
traffic,arima,55,2408,2012-06-09 08:00:00,64.82870370370371,50.22887899354252,0.0,14.599824710161187,64.82870370370371
traffic,arima,56,2408,2012-06-09 08:00:00,66.13475529100529,50.229968219445,0.0,15.904787071560293,66.13475529100529
traffic,arima,57,2408,2012-06-09 08:00:00,63.9212962962963,50.230895604514856,0.0,13.690400691781441,63.9212962962963
traffic,arima,58,2408,2012-06-09 08:00:00,33.15393518518518,50.231685195605046,0.0,17.077750010419862,33.15393518518518
traffic,arima,59,2408,2012-06-09 08:00:00,41.67013888888889,50.23235746660656,0.0,8.562218577717665,41.67013888888889
traffic,arima,60,2408,2012-06-09 08:00:00,66.24421296296296,50.2329298493311,0.0,16.011283113631862,66.24421296296296
traffic,arima,61,2408,2012-06-09 08:00:00,67.41881613756614,50.23341718551342,0.0,17.185398952052722,67.41881613756614
traffic,arima,62,2408,2012-06-09 08:00:00,66.89583333333333,50.23383211165358,0.0,16.662001221679752,66.89583333333333
traffic,arima,63,2408,2012-06-09 08:00:00,65.40591931216932,50.23418538667816,0.0,15.171733925491154,65.40591931216932
traffic,arima,64,2408,2012-06-09 08:00:00,62.97800925925926,50.23448617091641,0.0,12.743523088342847,62.97800925925926
traffic,arima,65,2408,2012-06-09 08:00:00,63.8859126984127,50.23474226362515,0.0,13.651170434787552,63.8859126984127
traffic,arima,66,2408,2012-06-09 08:00:00,58.7989417989418,50.23496030522153,0.0,8.56398149372027,58.7989417989418
traffic,arima,67,2408,2012-06-09 08:00:00,14.833333333333334,50.23514594946725,0.0,35.40181261613392,14.833333333333334
traffic,arima,68,2408,2012-06-09 08:00:00,25.61736111111111,50.235304010069186,0.0,24.617942898958077,25.61736111111111
traffic,arima,69,2408,2012-06-09 08:00:00,58.17291666666667,50.23543858549751,0.0,7.937478081169161,58.17291666666667
traffic,arima,70,2408,2012-06-09 08:00:00,63.85300925925926,50.235553165257976,0.0,13.617456094001284,63.85300925925926
traffic,arima,71,2408,2012-06-09 08:00:00,65.9920634920635,50.235650720373876,0.0,15.756412771689618,65.9920634920635
traffic,arima,72,2408,2012-06-09 08:00:00,67.15939153439153,50.23573378042393,0.0,16.923657753967603,67.15939153439153
traffic,arima,1,2432,2012-06-10 08:00:00,68.68981481481482,65.25656495981663,67.45949074074075,3.433249854998195,1.2303240740740762
traffic,arima,2,2432,2012-06-10 08:00:00,68.74074074074075,63.15666208440554,67.45949074074075,5.584078656335208,1.28125
traffic,arima,3,2432,2012-06-10 08:00:00,68.09375,61.344317684572125,67.45949074074075,6.749432315427875,0.6342592592592524
traffic,arima,4,2432,2012-06-10 08:00:00,66.19047619047619,59.79272624206843,67.45949074074075,6.397749948407757,1.2690145502645578
traffic,arima,5,2432,2012-06-10 08:00:00,67.32638888888889,58.465293634179716,67.45949074074075,8.86109525470917,0.13310185185186185
traffic,arima,6,2432,2012-06-10 08:00:00,28.378472222222225,57.32970373387337,67.45949074074075,28.951231511651148,39.08101851851852
traffic,arima,7,2432,2012-06-10 08:00:00,0.0,56.3582361652005,67.45949074074075,56.3582361652005,67.45949074074075
traffic,arima,8,2432,2012-06-10 08:00:00,22.77546296296296,55.52717134762319,67.45949074074075,32.75170838466023,44.684027777777786
traffic,arima,9,2432,2012-06-10 08:00:00,67.65972222222221,54.81621739869683,67.45949074074075,12.843504823525386,0.20023148148146674
traffic,arima,10,2432,2012-06-10 08:00:00,68.16666666666667,54.208015119997995,67.45949074074075,13.958651546668676,0.7071759259259238
traffic,arima,11,2432,2012-06-10 08:00:00,67.73842592592592,53.68771417467564,67.45949074074075,14.050711751250283,0.27893518518517624
traffic,arima,12,2432,2012-06-10 08:00:00,68.01273148148148,53.24261049259854,67.45949074074075,14.770120988882944,0.5532407407407334
traffic,arima,13,2432,2012-06-10 08:00:00,67.97387566137566,52.86183607813842,67.45949074074075,15.112039583237241,0.5143849206349103
traffic,arima,14,2432,2012-06-10 08:00:00,67.55439814814815,52.536093648799664,67.45949074074075,15.018304499348488,0.09490740740740478
traffic,arima,15,2432,2012-06-10 08:00:00,67.51851851851852,52.25742962558278,67.45949074074075,15.261088892935739,0.05902777777777146
traffic,arima,16,2432,2012-06-10 08:00:00,67.12962962962963,52.019039932250365,67.45949074074075,15.110589697379268,0.32986111111111427
traffic,arima,17,2432,2012-06-10 08:00:00,65.38425925925925,51.815103861741214,67.45949074074075,13.569155397518038,2.075231481481495
traffic,arima,18,2432,2012-06-10 08:00:00,64.79282407407408,51.640641953286476,67.45949074074075,13.1521821207876,2.6666666666666714
traffic,arima,19,2432,2012-06-10 08:00:00,64.18402777777779,51.49139441004569,67.45949074074075,12.692633367732093,3.275462962962962
traffic,arima,20,2432,2012-06-10 08:00:00,62.951388888888886,51.363717088613726,67.45949074074075,11.58767180027516,4.508101851851862
traffic,arima,21,2432,2012-06-10 08:00:00,63.27232142857142,51.254492520797946,67.45949074074075,12.017828907773477,4.187169312169324
traffic,arima,22,2432,2012-06-10 08:00:00,65.13657407407408,51.16105379510459,67.45949074074075,13.975520278969483,2.3229166666666714
traffic,arima,23,2432,2012-06-10 08:00:00,67.01388888888889,51.08111943936584,67.45949074074075,15.932769449523043,0.44560185185186185
traffic,arima,24,2432,2012-06-10 08:00:00,67.85300925925925,51.01273771455146,67.45949074074075,16.84027154470779,0.39351851851850483
traffic,arima,25,2432,2012-06-10 08:00:00,67.73726851851852,50.954238959599685,67.45949074074075,16.783029558918834,0.27777777777777146
traffic,arima,26,2432,2012-06-10 08:00:00,66.0324074074074,50.904194823681834,67.45949074074075,15.12821258372557,1.4270833333333428
traffic,arima,27,2432,2012-06-10 08:00:00,64.26851851851852,50.861383390484164,67.45949074074075,13.407135128034355,3.1909722222222285
traffic,arima,28,2432,2012-06-10 08:00:00,63.445601851851855,50.82475934295446,67.45949074074075,12.620842508897397,4.013888888888893
traffic,arima,29,2432,2012-06-10 08:00:00,64.44212962962963,50.79342844003269,67.45949074074075,13.648701189596942,3.0173611111111143
traffic,arima,30,2432,2012-06-10 08:00:00,65.23511904761905,50.766625682169916,67.45949074074075,14.468493365449135,2.2243716931216966
traffic,arima,31,2432,2012-06-10 08:00:00,64.82870370370371,50.74369663250786,67.45949074074075,14.085007071195847,2.630787037037038
traffic,arima,32,2432,2012-06-10 08:00:00,66.13475529100529,50.72408143764258,67.45949074074075,15.41067385336271,1.3247354497354564
traffic,arima,33,2432,2012-06-10 08:00:00,63.9212962962963,50.707301157810946,67.45949074074075,13.213995138485352,3.53819444444445
traffic,arima,34,2432,2012-06-10 08:00:00,33.15393518518518,50.69294607272706,67.45949074074075,17.539010887541878,34.305555555555564
traffic,arima,35,2432,2012-06-10 08:00:00,41.67013888888889,50.68066567753501,67.45949074074075,9.010526788646118,25.789351851851855
traffic,arima,36,2432,2012-06-10 08:00:00,66.24421296296296,50.67016012461133,67.45949074074075,15.574052838351633,1.2152777777777857
traffic,arima,37,2432,2012-06-10 08:00:00,67.41881613756614,50.66117290225355,67.45949074074075,16.757643235312592,0.04067460317460814
traffic,arima,38,2432,2012-06-10 08:00:00,66.89583333333333,50.653484571492186,67.45949074074075,16.242348761841143,0.563657407407419
traffic,arima,39,2432,2012-06-10 08:00:00,65.40591931216932,50.64690740809922,67.45949074074075,14.7590119040701,2.0535714285714306
traffic,arima,40,2432,2012-06-10 08:00:00,62.97800925925926,50.64128081896817,67.45949074074075,12.33672844029109,4.481481481481488
traffic,arima,41,2432,2012-06-10 08:00:00,63.8859126984127,50.63646742094868,67.45949074074075,13.249445277464027,3.5735780423280445
traffic,arima,42,2432,2012-06-10 08:00:00,58.7989417989418,50.63234968639324,67.45949074074075,8.166592112548557,8.66054894179895
traffic,arima,43,2432,2012-06-10 08:00:00,14.833333333333334,50.62882707351139,67.45949074074075,35.79549374017805,52.62615740740741
traffic,arima,44,2432,2012-06-10 08:00:00,25.61736111111111,50.62581357146351,67.45949074074075,25.0084524603524,41.84212962962964
traffic,arima,45,2432,2012-06-10 08:00:00,58.17291666666667,50.62323560025374,67.45949074074075,7.54968106641293,9.286574074074075
traffic,arima,46,2432,2012-06-10 08:00:00,63.85300925925926,50.6210302141439,67.45949074074075,13.23197904511536,3.606481481481488
traffic,arima,47,2432,2012-06-10 08:00:00,65.9920634920635,50.61914356472165,67.45949074074075,15.372919927341847,1.4674272486772537
traffic,arima,48,2432,2012-06-10 08:00:00,67.15939153439153,50.61752958609604,67.45949074074075,16.54186194829549,0.3000992063492163
traffic,arima,49,2432,2012-06-10 08:00:00,67.39335317460318,50.61614887011713,67.45949074074075,16.777204304486048,0.06613756613757005
traffic,arima,50,2432,2012-06-10 08:00:00,65.83234126984127,50.614967704156086,67.45949074074075,15.217373565685179,1.6271494708994823
traffic,arima,51,2432,2012-06-10 08:00:00,64.79199735449735,50.613957247951596,67.45949074074075,14.178040106545758,2.667493386243393
traffic,arima,52,2432,2012-06-10 08:00:00,64.20486111111111,50.61309282942374,67.45949074074075,13.591768281687372,3.2546296296296333
traffic,arima,53,2432,2012-06-10 08:00:00,64.90757275132275,50.612353342261436,67.45949074074075,14.29521940906131,2.5519179894180013
traffic,arima,54,2432,2012-06-10 08:00:00,65.36226851851852,50.6117207305744,67.45949074074075,14.750547787944122,2.0972222222222285
traffic,arima,55,2432,2012-06-10 08:00:00,64.63078703703704,50.61117954802656,67.45949074074075,14.019607489010475,2.8287037037037095
traffic,arima,56,2432,2012-06-10 08:00:00,65.77893518518518,50.61071658068645,67.45949074074075,15.168218604498726,1.6805555555555713
traffic,arima,57,2432,2012-06-10 08:00:00,65.46643518518518,50.61032052438554,67.45949074074075,14.856114660799633,1.9930555555555713
traffic,arima,58,2432,2012-06-10 08:00:00,30.33680555555556,50.60998170870698,67.45949074074075,20.27317615315142,37.12268518518519
traffic,arima,59,2432,2012-06-10 08:00:00,22.26157407407408,50.60969186086521,67.45949074074075,28.348117786791132,45.19791666666667
traffic,arima,60,2432,2012-06-10 08:00:00,51.74305555555555,50.60944390371124,67.45949074074075,1.133611651844312,15.716435185185198
traffic,arima,61,2432,2012-06-10 08:00:00,67.27314814814815,50.609231782931474,67.45949074074075,16.66391636521668,0.18634259259259522
traffic,arima,62,2432,2012-06-10 08:00:00,66.9675925925926,50.60905031922097,67.45949074074075,16.358542273371626,0.49189814814815236
traffic,arima,63,2432,2012-06-10 08:00:00,66.03125,50.60889508182147,67.45949074074075,15.422354918178527,1.4282407407407476
traffic,arima,64,2432,2012-06-10 08:00:00,64.19444444444444,50.60876228033661,67.45949074074075,13.58568216410783,3.2650462962963047
traffic,arima,65,2432,2012-06-10 08:00:00,63.21990740740741,50.60864867218267,67.45949074074075,12.611258735224744,4.239583333333336
traffic,arima,66,2432,2012-06-10 08:00:00,62.63657407407408,50.608551483415106,67.45949074074075,12.028022590658978,4.822916666666664
traffic,arima,67,2432,2012-06-10 08:00:00,58.7025462962963,50.608468340997845,67.45949074074075,8.094077955298452,8.75694444444445
traffic,arima,68,2432,2012-06-10 08:00:00,61.1724537037037,50.60839721486134,67.45949074074075,10.564056488842361,6.287037037037045
traffic,arima,69,2432,2012-06-10 08:00:00,60.49837962962963,50.608336368334854,67.45949074074075,9.890043261294778,6.961111111111116
traffic,arima,70,2432,2012-06-10 08:00:00,65.02529761904762,50.60828431574256,67.45949074074075,14.417013303305062,2.434193121693127
traffic,arima,71,2432,2012-06-10 08:00:00,66.18998015873017,50.6082397861281,67.45949074074075,15.581740372602063,1.2695105820105823
traffic,arima,72,2432,2012-06-10 08:00:00,67.57523148148148,50.608201692222,67.45949074074075,16.967029789259477,0.11574074074073337
traffic,arima,1,2456,2012-06-11 08:00:00,67.73726851851852,65.57730741928907,67.85300925925925,2.1599610992294487,0.11574074074073337
traffic,arima,2,2456,2012-06-11 08:00:00,66.0324074074074,63.38157502400001,67.85300925925925,2.6508323834073977,1.8206018518518476
traffic,arima,3,2456,2012-06-11 08:00:00,64.26851851851852,61.49131211160382,67.85300925925925,2.7772064069147007,3.5844907407407334
traffic,arima,4,2456,2012-06-11 08:00:00,63.445601851851855,59.88153180496513,67.85300925925925,3.5640700468867266,4.407407407407398
traffic,arima,5,2456,2012-06-11 08:00:00,64.44212962962963,58.51212039150872,67.85300925925925,5.930009238120917,3.410879629629619
traffic,arima,6,2456,2012-06-11 08:00:00,65.23511904761905,57.34731729157337,67.85300925925925,7.887801756045683,2.6178902116402014
traffic,arima,7,2456,2012-06-11 08:00:00,64.82870370370371,56.3565626728124,67.85300925925925,8.472141030891308,3.024305555555543
traffic,arima,8,2456,2012-06-11 08:00:00,66.13475529100529,55.51385066264854,67.85300925925925,10.620904628356755,1.7182539682539613
traffic,arima,9,2456,2012-06-11 08:00:00,63.9212962962963,54.79706021492222,67.85300925925925,9.124236081374079,3.931712962962955
traffic,arima,10,2456,2012-06-11 08:00:00,33.15393518518518,54.18737560921773,67.85300925925925,21.03344042403255,34.69907407407407
traffic,arima,11,2456,2012-06-11 08:00:00,41.67013888888889,53.66879264100853,67.85300925925925,11.998653752119637,26.18287037037036
traffic,arima,12,2456,2012-06-11 08:00:00,66.24421296296296,53.2276985205963,67.85300925925925,13.016514442366663,1.6087962962962905
traffic,arima,13,2456,2012-06-11 08:00:00,67.41881613756614,52.85251453850069,67.85300925925925,14.566301599065447,0.43419312169311297
traffic,arima,14,2456,2012-06-11 08:00:00,66.89583333333333,52.53339212469619,67.85300925925925,14.362441208637136,0.9571759259259238
traffic,arima,15,2456,2012-06-11 08:00:00,65.40591931216932,52.26195432390424,67.85300925925925,13.143964988265076,2.4470899470899354
traffic,arima,16,2456,2012-06-11 08:00:00,62.97800925925926,52.03107590072992,67.85300925925925,10.946933358529343,4.874999999999993
traffic,arima,17,2456,2012-06-11 08:00:00,63.8859126984127,51.83469630241331,67.85300925925925,12.05121639599939,3.9670965608465494
traffic,arima,18,2456,2012-06-11 08:00:00,58.7989417989418,51.66766056947317,67.85300925925925,7.131281229468627,9.054067460317455
traffic,arima,19,2456,2012-06-11 08:00:00,14.833333333333334,51.525584018151015,67.85300925925925,36.69225068481768,53.01967592592592
traffic,arima,20,2456,2012-06-11 08:00:00,25.61736111111111,51.40473714257363,67.85300925925925,25.78737603146252,42.235648148148144
traffic,arima,21,2456,2012-06-11 08:00:00,58.17291666666667,51.3019477153183,67.85300925925925,6.870968951348374,9.68009259259258
traffic,arima,22,2456,2012-06-11 08:00:00,63.85300925925926,51.21451751652335,67.85300925925925,12.638491742735908,3.999999999999993
traffic,arima,23,2456,2012-06-11 08:00:00,65.9920634920635,51.14015150568513,67.85300925925925,14.851911986378362,1.8609457671957585
traffic,arima,24,2456,2012-06-11 08:00:00,67.15939153439153,51.07689757690293,67.85300925925925,16.0824939574886,0.6936177248677211
traffic,arima,25,2456,2012-06-11 08:00:00,67.39335317460318,51.0230953161485,67.85300925925925,16.37025785845468,0.4596560846560749
traffic,arima,26,2456,2012-06-11 08:00:00,65.83234126984127,50.977332415439925,67.85300925925925,14.85500885440134,2.020667989417987
traffic,arima,27,2456,2012-06-11 08:00:00,64.79199735449735,50.938407599792825,67.85300925925925,13.85358975470453,3.061011904761898
traffic,arima,28,2456,2012-06-11 08:00:00,64.20486111111111,50.90529909378249,67.85300925925925,13.299562017328626,3.648148148148138
traffic,arima,29,2456,2012-06-11 08:00:00,64.90757275132275,50.87713779996482,67.85300925925925,14.030434951357925,2.945436507936506
traffic,arima,30,2456,2012-06-11 08:00:00,65.36226851851852,50.853184485090466,67.85300925925925,14.509084033428053,2.4907407407407334
traffic,arima,31,2456,2012-06-11 08:00:00,64.63078703703704,50.83281037525074,67.85300925925925,13.7979766617863,3.2222222222222143
traffic,arima,32,2456,2012-06-11 08:00:00,65.77893518518518,50.81548065057844,67.85300925925925,14.963454534606733,2.074074074074076
traffic,arima,33,2456,2012-06-11 08:00:00,65.46643518518518,50.800740406239925,67.85300925925925,14.665694778945252,2.386574074074076
traffic,arima,34,2456,2012-06-11 08:00:00,30.33680555555556,50.78820271119467,67.85300925925925,20.45139715563911,37.516203703703695
traffic,arima,35,2456,2012-06-11 08:00:00,22.26157407407408,50.77753845126536,67.85300925925925,28.515964377191278,45.591435185185176
traffic,arima,36,2456,2012-06-11 08:00:00,51.74305555555555,50.76846768989897,67.85300925925925,0.9745878656565807,16.109953703703702
traffic,arima,37,2456,2012-06-11 08:00:00,67.27314814814815,50.760752319839405,67.85300925925925,16.512395828308748,0.5798611111111001
traffic,arima,38,2456,2012-06-11 08:00:00,66.9675925925926,50.754189812818055,67.85300925925925,16.21340277977454,0.8854166666666572
traffic,arima,39,2456,2012-06-11 08:00:00,66.03125,50.74860790319183,67.85300925925925,15.282642096808168,1.8217592592592524
traffic,arima,40,2456,2012-06-11 08:00:00,64.19444444444444,50.74386006597446,67.85300925925925,13.450584378469983,3.6585648148148096
traffic,arima,41,2456,2012-06-11 08:00:00,63.21990740740741,50.73982167055924,67.85300925925925,12.480085736848174,4.6331018518518405
traffic,arima,42,2456,2012-06-11 08:00:00,62.63657407407408,50.73638670916881,67.85300925925925,11.900187364905271,5.216435185185169
traffic,arima,43,2456,2012-06-11 08:00:00,58.7025462962963,50.73346501415371,67.85300925925925,7.969081282142589,9.150462962962955
traffic,arima,44,2456,2012-06-11 08:00:00,61.1724537037037,50.73097989109378,67.85300925925925,10.441473812609921,6.68055555555555
traffic,arima,45,2456,2012-06-11 08:00:00,60.49837962962963,50.72886610557166,67.85300925925925,9.76951352405797,7.3546296296296205
traffic,arima,46,2456,2012-06-11 08:00:00,65.02529761904762,50.727068170770934,67.85300925925925,14.298229448276686,2.827711640211632
traffic,arima,47,2456,2012-06-11 08:00:00,66.18998015873017,50.725538890948634,67.85300925925925,15.464441267781531,1.6630291005290871
traffic,arima,48,2456,2012-06-11 08:00:00,67.57523148148148,50.72423812254816,67.85300925925925,16.850993358933323,0.27777777777777146
traffic,arima,49,2456,2012-06-11 08:00:00,67.77430555555556,50.72313172043194,67.85300925925925,17.05117383512362,0.07870370370369528
traffic,arima,50,2456,2012-06-11 08:00:00,65.87037037037037,50.72219064157246,67.85300925925925,15.148179728797906,1.9826388888888857
traffic,arima,51,2456,2012-06-11 08:00:00,64.24768518518518,50.721390182673495,67.85300925925925,13.52629500251168,3.605324074074076
traffic,arima,52,2456,2012-06-11 08:00:00,63.45790343915345,50.72070933170922,67.85300925925925,12.737194107444225,4.395105820105805
traffic,arima,53,2456,2012-06-11 08:00:00,63.24619708994709,50.72013021635908,67.85300925925925,12.526066873588007,4.606812169312164
traffic,arima,54,2456,2012-06-11 08:00:00,63.417328042328045,50.719637634859794,67.85300925925925,12.69769040746825,4.435681216931208
traffic,arima,55,2456,2012-06-11 08:00:00,63.65393518518518,50.719218656959484,67.85300925925925,12.9347165282257,4.199074074074069
traffic,arima,56,2456,2012-06-11 08:00:00,64.68171296296296,50.71886228449889,67.85300925925925,13.962850678464072,3.1712962962962905
traffic,arima,57,2456,2012-06-11 08:00:00,50.03935185185185,50.71855916270993,67.85300925925925,0.6792073108580823,17.813657407407405
traffic,arima,58,2456,2012-06-11 08:00:00,21.68171296296296,50.71830133465334,67.85300925925925,29.03658837169038,46.17129629629629
traffic,arima,59,2456,2012-06-11 08:00:00,26.29629629629629,50.71808203234916,67.85300925925925,24.42178573605287,41.55671296296296
traffic,arima,60,2456,2012-06-11 08:00:00,50.129629629629626,50.71789549911745,67.85300925925925,0.5882658694878273,17.723379629629626
traffic,arima,61,2456,2012-06-11 08:00:00,67.84755291005291,50.717736838465626,67.85300925925925,17.129816071587285,0.00545634920634086
traffic,arima,62,2456,2012-06-11 08:00:00,67.10962301587301,50.717601885555574,67.85300925925925,16.39202113031744,0.7433862433862402
traffic,arima,63,2456,2012-06-11 08:00:00,65.86458333333333,50.717487097876834,67.85300925925925,15.147096235456495,1.9884259259259238
traffic,arima,64,2456,2012-06-11 08:00:00,64.66203703703704,50.717389462255746,67.85300925925925,13.944647574781293,3.1909722222222143
traffic,arima,65,2456,2012-06-11 08:00:00,62.13078703703704,50.71730641575972,67.85300925925925,11.413480621277316,5.722222222222214
traffic,arima,66,2456,2012-06-11 08:00:00,61.33796296296296,50.71723577842036,67.85300925925925,10.620727184542602,6.5150462962962905
traffic,arima,67,2456,2012-06-11 08:00:00,59.99305555555555,50.71717569600928,67.85300925925925,9.275879859546272,7.859953703703702
traffic,arima,68,2456,2012-06-11 08:00:00,58.5477843915344,50.717124591364716,67.85300925925925,7.830659800169684,9.305224867724853
traffic,arima,69,2456,2012-06-11 08:00:00,61.42890211640212,50.71708112299105,67.85300925925925,10.711820993411074,6.424107142857132
traffic,arima,70,2456,2012-06-11 08:00:00,64.95601851851852,50.717044149844554,67.85300925925925,14.238974368673965,2.8969907407407334
traffic,arima,71,2456,2012-06-11 08:00:00,66.7817791005291,50.71701270138109,67.85300925925925,16.06476639914802,1.0712301587301454
traffic,arima,72,2456,2012-06-11 08:00:00,67.41782407407408,50.71698595207928,67.85300925925925,16.7008381219948,0.43518518518517624
traffic,arima,1,2480,2012-06-12 08:00:00,67.39335317460318,64.86821419216301,67.15939153439153,2.5251389824401684,0.23396164021164623
traffic,arima,2,2480,2012-06-12 08:00:00,65.83234126984127,62.628255098220706,67.15939153439153,3.2040861716205598,1.327050264550266
traffic,arima,3,2480,2012-06-12 08:00:00,64.79199735449735,60.7120659152222,67.15939153439153,4.079931439275157,2.367394179894177
traffic,arima,4,2480,2012-06-12 08:00:00,64.20486111111111,59.0951713359598,67.15939153439153,5.109689775151317,2.954530423280417
traffic,arima,5,2480,2012-06-12 08:00:00,64.90757275132275,57.73290455251604,67.15939153439153,7.174668198806707,2.251818783068785
traffic,arima,6,2480,2012-06-12 08:00:00,65.36226851851852,56.58536353303662,67.15939153439153,8.776904985481899,1.7971230158730123
traffic,arima,7,2480,2012-06-12 08:00:00,64.63078703703704,55.61872098139202,67.15939153439153,9.012066055645015,2.528604497354493
traffic,arima,8,2480,2012-06-12 08:00:00,65.77893518518518,54.80446180872412,67.15939153439153,10.974473376461056,1.380456349206355
traffic,arima,9,2480,2012-06-12 08:00:00,65.46643518518518,54.11856417474193,67.15939153439153,11.34787101044325,1.692956349206355
traffic,arima,10,2480,2012-06-12 08:00:00,30.33680555555556,53.54079291070141,67.15939153439153,23.203987355145852,36.822585978835974
traffic,arima,11,2480,2012-06-12 08:00:00,22.26157407407408,53.054102745890724,67.15939153439153,30.792528671816644,44.897817460317455
traffic,arima,12,2480,2012-06-12 08:00:00,51.74305555555555,52.644135460939154,67.15939153439153,0.9010799053836038,15.416335978835981
traffic,arima,13,2480,2012-06-12 08:00:00,67.27314814814815,52.2987962967721,67.15939153439153,14.97435185137605,0.11375661375662105
traffic,arima,14,2480,2012-06-12 08:00:00,66.9675925925926,52.007897138022976,67.15939153439153,14.95969545456962,0.19179894179893608
traffic,arima,15,2480,2012-06-12 08:00:00,66.03125,51.76285594564905,67.15939153439153,14.26839405435095,1.1281415343915313
traffic,arima,16,2480,2012-06-12 08:00:00,64.19444444444444,51.55644357162147,67.15939153439153,12.638000872822971,2.9649470899470884
traffic,arima,17,2480,2012-06-12 08:00:00,63.21990740740741,51.3825704862886,67.15939153439153,11.837336921118812,3.9394841269841194
traffic,arima,18,2480,2012-06-12 08:00:00,62.63657407407408,51.236107126494424,67.15939153439153,11.400466947579659,4.522817460317448
traffic,arima,19,2480,2012-06-12 08:00:00,58.7025462962963,51.11273256440431,67.15939153439153,7.5898137318919865,8.456845238095234
traffic,arima,20,2480,2012-06-12 08:00:00,61.1724537037037,51.0088070325012,67.15939153439153,10.1636466712025,5.986937830687829
traffic,arima,21,2480,2012-06-12 08:00:00,60.49837962962963,50.92126454401435,67.15939153439153,9.577115085615283,6.661011904761899
traffic,arima,22,2480,2012-06-12 08:00:00,65.02529761904762,50.84752244089367,67.15939153439153,14.17777517815395,2.134093915343911
traffic,arima,23,2480,2012-06-12 08:00:00,66.18998015873017,50.785405200835115,67.15939153439153,15.40457495789505,0.969411375661366
traffic,arima,24,2480,2012-06-12 08:00:00,67.57523148148148,50.73308025552974,67.15939153439153,16.84215122595174,0.41583994708994965
traffic,arima,25,2480,2012-06-12 08:00:00,67.77430555555556,50.689003926661485,67.15939153439153,17.085301628894072,0.6149140211640258
traffic,arima,26,2480,2012-06-12 08:00:00,65.87037037037037,50.651875884669934,67.15939153439153,15.218494485700433,1.2890211640211646
traffic,arima,27,2480,2012-06-12 08:00:00,64.24768518518518,50.6206007867314,67.15939153439153,13.627084398453775,2.911706349206355
traffic,arima,28,2480,2012-06-12 08:00:00,63.45790343915345,50.59425596221068,67.15939153439153,12.863647476942766,3.7014880952380835
traffic,arima,29,2480,2012-06-12 08:00:00,63.24619708994709,50.57206419224752,67.15939153439153,12.674132897699572,3.913194444444443
traffic,arima,30,2480,2012-06-12 08:00:00,63.417328042328045,50.55337078042727,67.15939153439153,12.863957261900772,3.7420634920634868
traffic,arima,31,2480,2012-06-12 08:00:00,63.65393518518518,50.537624238080205,67.15939153439153,13.116310947104978,3.505456349206348
traffic,arima,32,2480,2012-06-12 08:00:00,64.68171296296296,50.52436001439154,67.15939153439153,14.157352948571422,2.4776785714285694
traffic,arima,33,2480,2012-06-12 08:00:00,50.03935185185185,50.51318679133183,67.15939153439153,0.47383493947998545,17.120039682539684
traffic,arima,34,2480,2012-06-12 08:00:00,21.68171296296296,50.503774939083854,67.15939153439153,28.822061976120896,45.47767857142857
traffic,arima,35,2480,2012-06-12 08:00:00,26.29629629629629,50.49584679138068,67.15939153439153,24.199550495084388,40.86309523809524
traffic,arima,36,2480,2012-06-12 08:00:00,50.129629629629626,50.48916845386036,67.15939153439153,0.35953882423073225,17.029761904761905
traffic,arima,37,2480,2012-06-12 08:00:00,67.84755291005291,50.483542903769084,67.15939153439153,17.364010006283827,0.6881613756613802
traffic,arima,38,2480,2012-06-12 08:00:00,67.10962301587301,50.47880417744188,67.15939153439153,16.630818838431132,0.049768518518519045
traffic,arima,39,2480,2012-06-12 08:00:00,65.86458333333333,50.474812474081354,67.15939153439153,15.389770859251975,1.2948082010582027
traffic,arima,40,2480,2012-06-12 08:00:00,64.66203703703704,50.47145003138722,67.15939153439153,14.190587005649817,2.497354497354493
traffic,arima,41,2480,2012-06-12 08:00:00,62.13078703703704,50.468617651360404,67.15939153439153,11.662169385676634,5.028604497354493
traffic,arima,42,2480,2012-06-12 08:00:00,61.33796296296296,50.466231773786845,67.15939153439153,10.871731189176117,5.821428571428569
traffic,arima,43,2480,2012-06-12 08:00:00,59.99305555555555,50.464222011063576,67.15939153439153,9.528833544491974,7.166335978835981
traffic,arima,44,2480,2012-06-12 08:00:00,58.5477843915344,50.46252907164012,67.15939153439153,8.08525531989428,8.611607142857132
traffic,arima,45,2480,2012-06-12 08:00:00,61.42890211640212,50.46110301081298,67.15939153439153,10.967799105589144,5.730489417989411
traffic,arima,46,2480,2012-06-12 08:00:00,64.95601851851852,50.459901757268675,67.15939153439153,14.496116761249844,2.2033730158730123
traffic,arima,47,2480,2012-06-12 08:00:00,66.7817791005291,50.458889871905704,67.15939153439153,16.322889228623403,0.37761243386242427
traffic,arima,48,2480,2012-06-12 08:00:00,67.41782407407408,50.458037502318405,67.15939153439153,16.95978657175567,0.25843253968254487
traffic,arima,49,2480,2012-06-12 08:00:00,67.72569444444444,50.45731950209829,67.15939153439153,17.268374942346156,0.5663029100529116
traffic,arima,50,2480,2012-06-12 08:00:00,66.18766534391534,50.456714688970536,67.15939153439153,15.730950654944806,0.9717261904761898
traffic,arima,51,2480,2012-06-12 08:00:00,65.48958333333333,50.456205219879514,67.15939153439153,15.033378113453814,1.6698082010582027
traffic,arima,52,2480,2012-06-12 08:00:00,63.93171296296296,50.45577606458708,67.15939153439153,13.475936898375885,3.2276785714285694
traffic,arima,53,2480,2012-06-12 08:00:00,58.517526455026456,50.45541456225402,67.15939153439153,8.062111892772435,8.641865079365076
traffic,arima,54,2480,2012-06-12 08:00:00,63.25231481481482,50.45511004792294,67.15939153439153,12.797204766891873,3.9070767195767147
traffic,arima,55,2480,2012-06-12 08:00:00,64.16203703703704,50.45485353788317,67.15939153439153,13.70718349915387,2.997354497354493
traffic,arima,56,2480,2012-06-12 08:00:00,47.86203703703704,50.4546374646354,67.15939153439153,2.592600427598356,19.29735449735449
traffic,arima,57,2480,2012-06-12 08:00:00,17.20023148148148,50.45445545363715,67.15939153439153,33.25422397215567,49.95916005291005
traffic,arima,58,2480,2012-06-12 08:00:00,14.587962962962962,50.454302135242465,67.15939153439153,35.8663391722795,52.57142857142857
traffic,arima,59,2480,2012-06-12 08:00:00,15.359953703703704,50.454172986287865,67.15939153439153,35.09421928258416,51.79943783068783
traffic,arima,60,2480,2012-06-12 08:00:00,34.65393518518518,50.45406419665105,67.15939153439153,15.80012901146587,32.50545634920635
traffic,arima,61,2480,2012-06-12 08:00:00,67.91435185185185,50.45397255684557,67.15939153439153,17.460379295006277,0.7549603174603163
traffic,arima,62,2480,2012-06-12 08:00:00,67.13492063492063,50.45389536333528,67.15939153439153,16.681025271585355,0.024470899470898644
traffic,arima,63,2480,2012-06-12 08:00:00,66.77662037037037,50.45383033877527,67.15939153439153,16.322790031595098,0.3827711640211646
traffic,arima,64,2480,2012-06-12 08:00:00,65.07060185185185,50.45377556482616,67.15939153439153,14.616826287025688,2.0887896825396837
traffic,arima,65,2480,2012-06-12 08:00:00,64.45205026455027,50.453729425559686,67.15939153439153,13.99832083899058,2.7073412698412653
traffic,arima,66,2480,2012-06-12 08:00:00,64.58449074074075,50.453690559786,67.15939153439153,14.13080018095475,2.5749007936507837
traffic,arima,67,2480,2012-06-12 08:00:00,61.49421296296296,50.453657820896105,67.15939153439153,11.040555142066857,5.665178571428569
traffic,arima,68,2480,2012-06-12 08:00:00,59.82291666666666,50.45363024303492,67.15939153439153,9.369286423631735,7.336474867724874
traffic,arima,69,2480,2012-06-12 08:00:00,61.24024470899471,50.453607012606845,67.15939153439153,10.786637696387864,5.9191468253968225
traffic,arima,70,2480,2012-06-12 08:00:00,63.46296296296296,50.4535874442732,67.15939153439153,13.009375518689765,3.6964285714285694
traffic,arima,71,2480,2012-06-12 08:00:00,66.00347222222221,50.45357096073357,67.15939153439153,15.549901261488642,1.155919312169317
traffic,arima,72,2480,2012-06-12 08:00:00,67.69328703703704,50.45355707569444,67.15939153439153,17.239729961342597,0.5338955026455068
traffic,arima,1,2504,2012-06-13 08:00:00,67.77430555555556,65.18507008730897,67.57523148148148,2.589235468246585,0.19907407407407618
traffic,arima,2,2504,2012-06-13 08:00:00,65.87037037037037,62.76405820542497,67.57523148148148,3.1063121649453933,1.7048611111111143
traffic,arima,3,2504,2012-06-13 08:00:00,64.24768518518518,60.689608267991794,67.57523148148148,3.5580769171933824,3.3275462962963047
traffic,arima,4,2504,2012-06-13 08:00:00,63.45790343915345,58.94926107689341,67.57523148148148,4.508642362260041,4.117328042328033
traffic,arima,5,2504,2012-06-13 08:00:00,63.24619708994709,57.49352567100065,67.57523148148148,5.752671418946441,4.3290343915343925
traffic,arima,6,2504,2012-06-13 08:00:00,63.417328042328045,56.27637006161565,67.57523148148148,7.140957980712393,4.157903439153436
traffic,arima,7,2504,2012-06-13 08:00:00,63.65393518518518,55.258754562223004,67.57523148148148,8.39518062296218,3.9212962962962976
traffic,arima,8,2504,2012-06-13 08:00:00,64.68171296296296,54.4079739014301,67.57523148148148,10.273739061532865,2.893518518518519
traffic,arima,9,2504,2012-06-13 08:00:00,50.03935185185185,53.69667690206415,67.57523148148148,3.6573250502123003,17.535879629629633
traffic,arima,10,2504,2012-06-13 08:00:00,21.68171296296296,53.10199562071825,67.57523148148148,31.42028265775529,45.89351851851852
traffic,arima,11,2504,2012-06-13 08:00:00,26.29629629629629,52.60481115634773,67.57523148148148,26.30851486005144,41.27893518518519
traffic,arima,12,2504,2012-06-13 08:00:00,50.129629629629626,52.18913910058546,67.57523148148148,2.059509470955831,17.445601851851855
traffic,arima,13,2504,2012-06-13 08:00:00,67.84755291005291,51.84161565559279,67.57523148148148,16.00593725446012,0.2723214285714306
traffic,arima,14,2504,2012-06-13 08:00:00,67.10962301587301,51.551067991546766,67.57523148148148,15.558555024326246,0.4656084656084687
traffic,arima,15,2504,2012-06-13 08:00:00,65.86458333333333,51.308155041936935,67.57523148148148,14.556428291396394,1.7106481481481524
traffic,arima,16,2504,2012-06-13 08:00:00,64.66203703703704,51.10506718961569,67.57523148148148,13.55696984742135,2.913194444444443
traffic,arima,17,2504,2012-06-13 08:00:00,62.13078703703704,50.93527518870879,67.57523148148148,11.195511848328245,5.444444444444443
traffic,arima,18,2504,2012-06-13 08:00:00,61.33796296296296,50.79332025027968,67.57523148148148,10.544642712683284,6.237268518518519
traffic,arima,19,2504,2012-06-13 08:00:00,59.99305555555555,50.674638543033254,67.57523148148148,9.318417012522296,7.582175925925931
traffic,arima,20,2504,2012-06-13 08:00:00,58.5477843915344,50.57541446678206,67.57523148148148,7.972369924752343,9.027447089947081
traffic,arima,21,2504,2012-06-13 08:00:00,61.42890211640212,50.49245798143709,67.57523148148148,10.93644413496503,6.14632936507936
traffic,arima,22,2504,2012-06-13 08:00:00,64.95601851851852,50.423102047667875,67.57523148148148,14.532916470850644,2.619212962962962
traffic,arima,23,2504,2012-06-13 08:00:00,66.7817791005291,50.36511688196327,67.57523148148148,16.41666221856584,0.7934523809523739
traffic,arima,24,2504,2012-06-13 08:00:00,67.41782407407408,50.316638269405345,67.57523148148148,17.10118580466873,0.15740740740740478
traffic,arima,25,2504,2012-06-13 08:00:00,67.72569444444444,50.276107629422114,67.57523148148148,17.44958681502233,0.1504629629629619
traffic,arima,26,2504,2012-06-13 08:00:00,66.18766534391534,50.24222190764146,67.57523148148148,15.945443436273884,1.3875661375661394
traffic,arima,27,2504,2012-06-13 08:00:00,65.48958333333333,50.21389168287641,67.57523148148148,15.27569165045692,2.0856481481481524
traffic,arima,28,2504,2012-06-13 08:00:00,63.93171296296296,50.190206142387304,67.57523148148148,13.741506820575658,3.643518518518519
traffic,arima,29,2504,2012-06-13 08:00:00,58.517526455026456,50.17040379938038,67.57523148148148,8.347122655646075,9.057705026455025
traffic,arima,30,2504,2012-06-13 08:00:00,63.25231481481482,50.15384801131447,67.57523148148148,13.098466803500344,4.322916666666664
traffic,arima,31,2504,2012-06-13 08:00:00,64.16203703703704,50.140006511932945,67.57523148148148,14.022030525104093,3.413194444444443
traffic,arima,32,2504,2012-06-13 08:00:00,47.86203703703704,50.128434298978405,67.57523148148148,2.266397261941364,19.71319444444444
traffic,arima,33,2504,2012-06-13 08:00:00,17.20023148148148,50.11875932743277,67.57523148148148,32.91852784595129,50.375
traffic,arima,34,2504,2012-06-13 08:00:00,14.587962962962962,50.11067054832228,67.57523148148148,35.52270758535932,52.98726851851852
traffic,arima,35,2504,2012-06-13 08:00:00,15.359953703703704,50.10390790853676,67.57523148148148,34.74395420483306,52.21527777777778
traffic,arima,36,2504,2012-06-13 08:00:00,34.65393518518518,50.09825399015872,67.57523148148148,15.444318804973534,32.9212962962963
traffic,arima,37,2504,2012-06-13 08:00:00,67.91435185185185,50.093527020507906,67.57523148148148,17.82082483134394,0.3391203703703667
traffic,arima,38,2504,2012-06-13 08:00:00,67.13492063492063,50.089575028175204,67.57523148148148,17.04534560674543,0.4403108465608483
traffic,arima,39,2504,2012-06-13 08:00:00,66.77662037037037,50.08627095716324,67.57523148148148,16.69034941320713,0.7986111111111143
traffic,arima,40,2504,2012-06-13 08:00:00,65.07060185185185,50.083508582053895,67.57523148148148,14.987093269797953,2.5046296296296333
traffic,arima,41,2504,2012-06-13 08:00:00,64.45205026455027,50.08119909287614,67.57523148148148,14.370851171674126,3.123181216931215
traffic,arima,42,2504,2012-06-13 08:00:00,64.58449074074075,50.079268239877884,67.57523148148148,14.505222500862864,2.9907407407407334
traffic,arima,43,2504,2012-06-13 08:00:00,61.49421296296296,50.07765394640693,67.57523148148148,11.416559016556029,6.081018518518519
traffic,arima,44,2504,2012-06-13 08:00:00,59.82291666666666,50.07630431315536,67.57523148148148,9.746612353511296,7.752314814814824
traffic,arima,45,2504,2012-06-13 08:00:00,61.24024470899471,50.075175949604045,67.57523148148148,11.165068759390664,6.334986772486772
traffic,arima,46,2504,2012-06-13 08:00:00,63.46296296296296,50.07423257902358,67.57523148148148,13.388730383939382,4.112268518518519
traffic,arima,47,2504,2012-06-13 08:00:00,66.00347222222221,50.073443872182565,67.57523148148148,15.930028350039649,1.5717592592592666
traffic,arima,48,2504,2012-06-13 08:00:00,67.69328703703704,50.07278447226704,67.57523148148148,17.62050256477,0.11805555555555713
traffic,arima,49,2504,2012-06-13 08:00:00,67.2432208994709,50.072233179662504,67.57523148148148,17.170987719808394,0.3320105820105823
traffic,arima,50,2504,2012-06-13 08:00:00,66.61458333333333,50.07177227038931,67.57523148148148,16.54281106294402,0.9606481481481524
traffic,arima,51,2504,2012-06-13 08:00:00,65.85648148148148,50.07138692627917,67.57523148148148,15.785094555202313,1.71875
traffic,arima,52,2504,2012-06-13 08:00:00,64.41964285714286,50.07106475857317,67.57523148148148,14.34857809856969,3.1555886243386198
traffic,arima,53,2504,2012-06-13 08:00:00,64.36111111111111,50.0707954096249,67.57523148148148,14.290315701486215,3.2141203703703667
traffic,arima,54,2504,2012-06-13 08:00:00,63.2662037037037,50.07057021990358,67.57523148148148,13.195633483800123,4.309027777777779
traffic,arima,55,2504,2012-06-13 08:00:00,57.535879629629626,50.070381949591344,67.57523148148148,7.465497680038283,10.039351851851855
traffic,arima,56,2504,2012-06-13 08:00:00,51.99537037037037,50.07022454582415,67.57523148148148,1.9251458245462132,15.579861111111114
traffic,arima,57,2504,2012-06-13 08:00:00,19.15046296296296,50.07009294809305,67.57523148148148,30.91962998513009,48.42476851851852
traffic,arima,58,2504,2012-06-13 08:00:00,13.044642857142856,50.06998292554948,67.57523148148148,37.02534006840663,54.53058862433863
traffic,arima,59,2504,2012-06-13 08:00:00,15.176752645502646,50.069890940984166,67.57523148148148,34.89313829548152,52.398478835978835
traffic,arima,60,2504,2012-06-13 08:00:00,30.93171296296296,50.06981403710626,67.57523148148148,19.138101074143304,36.64351851851852
traffic,arima,61,2504,2012-06-13 08:00:00,67.62037037037037,50.06974974146693,67.57523148148148,17.550620628903438,0.04513888888888573
traffic,arima,62,2504,2012-06-13 08:00:00,67.12648809523809,50.0696959869704,67.57523148148148,17.056792108267686,0.44874338624339316
traffic,arima,63,2504,2012-06-13 08:00:00,66.63888888888889,50.06965104541719,67.57523148148148,16.569237843471697,0.9363425925925952
traffic,arima,64,2504,2012-06-13 08:00:00,66.51504629629629,50.06961347194267,67.57523148148148,16.445432824353624,1.0601851851851904
traffic,arima,65,2504,2012-06-13 08:00:00,65.83680555555556,50.069582058564926,67.57523148148148,15.767223496990631,1.7384259259259238
traffic,arima,66,2504,2012-06-13 08:00:00,66.15277777777779,50.069555795348286,67.57523148148148,16.0832219824295,1.4224537037036953
traffic,arima,67,2504,2012-06-13 08:00:00,11.398148148148149,50.06953383793403,67.57523148148148,38.67138568978588,56.17708333333333
traffic,arima,68,2504,2012-06-13 08:00:00,0.0,50.06951548039439,67.57523148148148,50.06951548039439,67.57523148148148
traffic,arima,69,2504,2012-06-13 08:00:00,0.0,50.06950013253702,67.57523148148148,50.06950013253702,67.57523148148148
traffic,arima,70,2504,2012-06-13 08:00:00,0.0,50.069487300930504,67.57523148148148,50.069487300930504,67.57523148148148
traffic,arima,71,2504,2012-06-13 08:00:00,0.0,50.069476573040475,67.57523148148148,50.069476573040475,67.57523148148148
traffic,arima,72,2504,2012-06-13 08:00:00,0.0,50.06946760396678,67.57523148148148,50.06946760396678,67.57523148148148
traffic,arima,1,2528,2012-06-14 08:00:00,67.72569444444444,65.0352003143279,67.41782407407408,2.690494130116548,0.3078703703703667
traffic,arima,2,2528,2012-06-14 08:00:00,66.18766534391534,62.65577869414665,67.41782407407408,3.531886649768694,1.2301587301587347
traffic,arima,3,2528,2012-06-14 08:00:00,65.48958333333333,60.619152093504425,67.41782407407408,4.870431239828903,1.9282407407407476
traffic,arima,4,2528,2012-06-14 08:00:00,63.93171296296296,58.91420181331108,67.41782407407408,5.017511149651881,3.4861111111111143
traffic,arima,5,2528,2012-06-14 08:00:00,58.517526455026456,57.49194342885543,67.41782407407408,1.0255830261710273,8.90029761904762
traffic,arima,6,2528,2012-06-14 08:00:00,63.25231481481482,56.30618105086855,67.41782407407408,6.946133763946264,4.1655092592592595
traffic,arima,7,2528,2012-06-14 08:00:00,64.16203703703704,55.31768087199009,67.41782407407408,8.844356165046946,3.255787037037038
traffic,arima,8,2528,2012-06-14 08:00:00,47.86203703703704,54.49363887087033,67.41782407407408,6.631601833833287,19.555787037037035
traffic,arima,9,2528,2012-06-14 08:00:00,17.20023148148148,53.80669556921554,67.41782407407408,36.60646408773406,50.217592592592595
traffic,arima,10,2528,2012-06-14 08:00:00,14.587962962962962,53.23404160964315,67.41782407407408,38.64607864668019,52.829861111111114
traffic,arima,11,2528,2012-06-14 08:00:00,15.359953703703704,52.756662274525105,67.41782407407408,37.3967085708214,52.057870370370374
traffic,arima,12,2528,2012-06-14 08:00:00,34.65393518518518,52.35870636511941,67.41782407407408,17.704771179934227,32.76388888888889
traffic,arima,13,2528,2012-06-14 08:00:00,67.91435185185185,52.026959902888734,67.41782407407408,15.887391948963113,0.49652777777777146
traffic,arima,14,2528,2012-06-14 08:00:00,67.13492063492063,51.7504073688724,67.41782407407408,15.38451326604823,0.2829034391534435
traffic,arima,15,2528,2012-06-14 08:00:00,66.77662037037037,51.51986593806631,67.41782407407408,15.256754432304056,0.6412037037037095
traffic,arima,16,2528,2012-06-14 08:00:00,65.07060185185185,51.32768056718627,67.41782407407408,13.742921284665577,2.3472222222222285
traffic,arima,17,2528,2012-06-14 08:00:00,64.45205026455027,51.16746981178707,67.41782407407408,13.284580452763194,2.96577380952381
traffic,arima,18,2528,2012-06-14 08:00:00,64.58449074074075,51.03391393275193,67.41782407407408,13.550576807988818,2.8333333333333286
traffic,arima,19,2528,2012-06-14 08:00:00,61.49421296296296,50.92257825631496,67.41782407407408,10.571634706648005,5.923611111111114
traffic,arima,20,2528,2012-06-14 08:00:00,59.82291666666666,50.82976592235236,67.41782407407408,8.993150744314299,7.594907407407419
traffic,arima,21,2528,2012-06-14 08:00:00,61.24024470899471,50.75239513150382,67.41782407407408,10.487849577490891,6.177579365079367
traffic,arima,22,2528,2012-06-14 08:00:00,63.46296296296296,50.68789681516,67.41782407407408,12.77506614780296,3.9548611111111143
traffic,arima,23,2528,2012-06-14 08:00:00,66.00347222222221,50.6341293304857,67.41782407407408,15.369342891736515,1.4143518518518619
traffic,arima,24,2528,2012-06-14 08:00:00,67.69328703703704,50.589307347958425,67.41782407407408,17.103979689078614,0.2754629629629619
traffic,arima,25,2528,2012-06-14 08:00:00,67.2432208994709,50.55194257015926,67.41782407407408,16.691278329311636,0.17460317460317754
traffic,arima,26,2528,2012-06-14 08:00:00,66.61458333333333,50.520794313405304,67.41782407407408,16.093789019928025,0.8032407407407476
traffic,arima,27,2528,2012-06-14 08:00:00,65.85648148148148,50.494828311305,67.41782407407408,15.361653170176481,1.5613425925925952
traffic,arima,28,2528,2012-06-14 08:00:00,64.41964285714286,50.473182372323606,67.41782407407408,13.946460484819255,2.998181216931215
traffic,arima,29,2528,2012-06-14 08:00:00,64.36111111111111,50.455137751030875,67.41782407407408,13.905973360080239,3.056712962962962
traffic,arima,30,2528,2012-06-14 08:00:00,63.2662037037037,50.440095282423805,67.41782407407408,12.826108421279898,4.151620370370374
traffic,arima,31,2528,2012-06-14 08:00:00,57.535879629629626,50.427555486873445,67.41782407407408,7.108324142756182,9.88194444444445
traffic,arima,32,2528,2012-06-14 08:00:00,51.99537037037037,50.41710198508777,67.41782407407408,1.5782683852825983,15.42245370370371
traffic,arima,33,2528,2012-06-14 08:00:00,19.15046296296296,50.40838767239071,67.41782407407408,31.25792470942775,48.267361111111114
traffic,arima,34,2528,2012-06-14 08:00:00,13.044642857142856,50.401123193239215,67.41782407407408,37.35648033609636,54.37318121693122
traffic,arima,35,2528,2012-06-14 08:00:00,15.176752645502646,50.395067333279044,67.41782407407408,35.2183146877764,52.24107142857143
traffic,arima,36,2528,2012-06-14 08:00:00,30.93171296296296,50.390019009911,67.41782407407408,19.458306046948042,36.486111111111114
traffic,arima,37,2528,2012-06-14 08:00:00,67.62037037037037,50.38581059541727,67.41782407407408,17.234559774953098,0.2025462962962905
traffic,arima,38,2528,2012-06-14 08:00:00,67.12648809523809,50.38230235094483,67.41782407407408,16.744185744293254,0.2913359788359884
traffic,arima,39,2528,2012-06-14 08:00:00,66.63888888888889,50.3793777865283,67.41782407407408,16.259511102360584,0.7789351851851904
traffic,arima,40,2528,2012-06-14 08:00:00,66.51504629629629,50.37693979308354,67.41782407407408,16.138106503212754,0.9027777777777857
traffic,arima,41,2528,2012-06-14 08:00:00,65.83680555555556,50.37490741793627,67.41782407407408,15.461898137619286,1.581018518518519
traffic,arima,42,2528,2012-06-14 08:00:00,66.15277777777779,50.373213176818396,67.41782407407408,15.77956460095939,1.2650462962962905
traffic,arima,43,2528,2012-06-14 08:00:00,11.398148148148149,50.371800813077705,67.41782407407408,38.97365266492956,56.019675925925924
traffic,arima,44,2528,2012-06-14 08:00:00,0.0,50.37062342969645,67.41782407407408,50.37062342969645,67.41782407407408
traffic,arima,45,2528,2012-06-14 08:00:00,0.0,50.36964193209317,67.41782407407408,50.36964193209317,67.41782407407408
traffic,arima,46,2528,2012-06-14 08:00:00,0.0,50.36882373000148,67.41782407407408,50.36882373000148,67.41782407407408
traffic,arima,47,2528,2012-06-14 08:00:00,0.0,50.36814165532235,67.41782407407408,50.36814165532235,67.41782407407408
traffic,arima,48,2528,2012-06-14 08:00:00,0.0,50.36757306001729,67.41782407407408,50.36757306001729,67.41782407407408
traffic,arima,49,2528,2012-06-14 08:00:00,62.3546626984127,50.367099064088656,67.41782407407408,11.987563634324047,5.063161375661373
traffic,arima,50,2528,2012-06-14 08:00:00,67.48842592592592,50.366703928676245,67.41782407407408,17.12172199724968,0.07060185185184764
traffic,arima,51,2528,2012-06-14 08:00:00,67.0324074074074,50.36637453345424,67.41782407407408,16.666032873953164,0.3854166666666714
traffic,arima,52,2528,2012-06-14 08:00:00,65.98693783068784,50.36609994097563,67.41782407407408,15.620837889712206,1.4308862433862402
traffic,arima,53,2528,2012-06-14 08:00:00,66.46428571428571,50.365871033498316,67.41782407407408,16.098414680787393,0.953538359788368
traffic,arima,54,2528,2012-06-14 08:00:00,67.3354828042328,50.36568021023383,67.41782407407408,16.969802593998963,0.08234126984127954
traffic,arima,55,2528,2012-06-14 08:00:00,56.15949074074074,50.36552113496598,67.41782407407408,5.7939696057747625,11.258333333333333
traffic,arima,56,2528,2012-06-14 08:00:00,67.09837962962963,50.36538852565908,67.41782407407408,16.732991103970555,0.31944444444444287
traffic,arima,57,2528,2012-06-14 08:00:00,67.4239417989418,50.36527797906995,67.41782407407408,17.058663819871846,0.006117724867721108
traffic,arima,58,2528,2012-06-14 08:00:00,66.87268518518518,50.36518582453982,67.41782407407408,16.507499360645355,0.5451388888888999
traffic,arima,59,2528,2012-06-14 08:00:00,67.9743716931217,50.36510900211147,67.41782407407408,17.60926269101023,0.5565476190476204
traffic,arima,60,2528,2012-06-14 08:00:00,67.03472222222221,50.36504496092445,67.41782407407408,16.669677261297764,0.38310185185186185
traffic,arima,61,2528,2012-06-14 08:00:00,67.88310185185185,50.36499157451475,67.41782407407408,17.5181102773371,0.46527777777777146
traffic,arima,62,2528,2012-06-14 08:00:00,33.964120370370374,50.36494707020629,67.41782407407408,16.400826699835918,33.4537037037037
traffic,arima,63,2528,2012-06-14 08:00:00,0.0,50.36490997024991,67.41782407407408,50.36490997024991,67.41782407407408
traffic,arima,64,2528,2012-06-14 08:00:00,0.0,50.36487904275523,67.41782407407408,50.36487904275523,67.41782407407408
traffic,arima,65,2528,2012-06-14 08:00:00,0.0,50.36485326078616,67.41782407407408,50.36485326078616,67.41782407407408
traffic,arima,66,2528,2012-06-14 08:00:00,0.0,50.36483176826194,67.41782407407408,50.36483176826194,67.41782407407408
traffic,arima,67,2528,2012-06-14 08:00:00,0.0,50.3648138515312,67.41782407407408,50.3648138515312,67.41782407407408
traffic,arima,68,2528,2012-06-14 08:00:00,0.0,50.364798915675514,67.41782407407408,50.364798915675514,67.41782407407408
traffic,arima,69,2528,2012-06-14 08:00:00,0.0,50.36478646475528,67.41782407407408,50.36478646475528,67.41782407407408
traffic,arima,70,2528,2012-06-14 08:00:00,0.0,50.364776085342285,67.41782407407408,50.364776085342285,67.41782407407408
traffic,arima,71,2528,2012-06-14 08:00:00,0.0,50.36476743279194,67.41782407407408,50.36476743279194,67.41782407407408
traffic,arima,72,2528,2012-06-14 08:00:00,0.0,50.36476021979951,67.41782407407408,50.36476021979951,67.41782407407408
traffic,arima,1,2552,2012-06-15 08:00:00,67.2432208994709,65.47376396821102,67.69328703703704,1.7694569312598816,0.45006613756613945
traffic,arima,2,2552,2012-06-15 08:00:00,66.61458333333333,63.0355684789112,67.69328703703704,3.5790148544221267,1.0787037037037095
traffic,arima,3,2552,2012-06-15 08:00:00,65.85648148148148,60.911598851187875,67.69328703703704,4.9448826302936055,1.8368055555555571
traffic,arima,4,2552,2012-06-15 08:00:00,64.41964285714286,59.1300164067959,67.69328703703704,5.289626450346958,3.273644179894177
traffic,arima,5,2552,2012-06-15 08:00:00,64.36111111111111,57.646349169884644,67.69328703703704,6.71476194122647,3.332175925925924
traffic,arima,6,2552,2012-06-15 08:00:00,63.2662037037037,56.41251866443498,67.69328703703704,6.853685039268726,4.427083333333336
traffic,arima,7,2552,2012-06-15 08:00:00,57.535879629629626,55.386738562525586,67.69328703703704,2.14914106710404,10.157407407407412
traffic,arima,8,2552,2012-06-15 08:00:00,51.99537037037037,54.53397354274611,67.69328703703704,2.538603172375744,15.697916666666671
traffic,arima,9,2552,2012-06-15 08:00:00,19.15046296296296,53.82504930063454,67.69328703703704,34.674586337671585,48.542824074074076
traffic,arima,10,2552,2012-06-15 08:00:00,13.044642857142856,53.23570462927994,67.69328703703704,40.19106177213708,54.648644179894184
traffic,arima,11,2552,2012-06-15 08:00:00,15.176752645502646,52.74576934885219,67.69328703703704,37.56901670334955,52.51653439153439
traffic,arima,12,2552,2012-06-15 08:00:00,30.93171296296296,52.338475330518904,67.69328703703704,21.406762367555945,36.761574074074076
traffic,arima,13,2552,2012-06-15 08:00:00,67.62037037037037,51.999882823861405,67.69328703703704,15.620487546508961,0.0729166666666714
traffic,arima,14,2552,2012-06-15 08:00:00,67.12648809523809,51.71840340103429,67.69328703703704,15.4080846942038,0.5667989417989503
traffic,arima,15,2552,2012-06-15 08:00:00,66.63888888888889,51.484403345310014,67.69328703703704,15.154485543578872,1.0543981481481524
traffic,arima,16,2552,2012-06-15 08:00:00,66.51504629629629,51.28987393522993,67.69328703703704,15.225172361066363,1.1782407407407476
traffic,arima,17,2552,2012-06-15 08:00:00,65.83680555555556,51.128157343889534,67.69328703703704,14.708648211666024,1.856481481481481
traffic,arima,18,2552,2012-06-15 08:00:00,66.15277777777779,50.99371877285873,67.69328703703704,15.159059004919058,1.5405092592592524
traffic,arima,19,2552,2012-06-15 08:00:00,11.398148148148149,50.88195702206382,67.69328703703704,39.48380887391568,56.295138888888886
traffic,arima,20,2552,2012-06-15 08:00:00,0.0,50.789047012347346,67.69328703703704,50.789047012347346,67.69328703703704
traffic,arima,21,2552,2012-06-15 08:00:00,0.0,50.7118088709965,67.69328703703704,50.7118088709965,67.69328703703704
traffic,arima,22,2552,2012-06-15 08:00:00,0.0,50.6475990996539,67.69328703703704,50.6475990996539,67.69328703703704
traffic,arima,23,2552,2012-06-15 08:00:00,0.0,50.594220099800175,67.69328703703704,50.594220099800175,67.69328703703704
traffic,arima,24,2552,2012-06-15 08:00:00,0.0,50.5498449592911,67.69328703703704,50.5498449592911,67.69328703703704
traffic,arima,25,2552,2012-06-15 08:00:00,62.3546626984127,50.512954925746136,67.69328703703704,11.841707772666567,5.338624338624335
traffic,arima,26,2552,2012-06-15 08:00:00,67.48842592592592,50.482287426796574,67.69328703703704,17.00613849912935,0.20486111111111427
traffic,arima,27,2552,2012-06-15 08:00:00,67.0324074074074,50.45679285817074,67.69328703703704,16.57561454923666,0.6608796296296333
traffic,arima,28,2552,2012-06-15 08:00:00,65.98693783068784,50.435598660675666,67.69328703703704,15.55133917001217,1.706349206349202
traffic,arima,29,2552,2012-06-15 08:00:00,66.46428571428571,50.417979456599184,67.69328703703704,16.046306257686524,1.22900132275133
traffic,arima,30,2552,2012-06-15 08:00:00,67.3354828042328,50.40333222344206,67.69328703703704,16.93215058079074,0.35780423280424145
traffic,arima,31,2552,2012-06-15 08:00:00,56.15949074074074,50.391155655293566,67.69328703703704,5.768335085447177,11.533796296296295
traffic,arima,32,2552,2012-06-15 08:00:00,67.09837962962963,50.38103300548768,67.69328703703704,16.717346624141953,0.5949074074074048
traffic,arima,33,2552,2012-06-15 08:00:00,67.4239417989418,50.37261782332445,67.69328703703704,17.05132397561735,0.2693452380952408
traffic,arima,34,2552,2012-06-15 08:00:00,66.87268518518518,50.36562209669176,67.69328703703704,16.507063088493418,0.8206018518518619
traffic,arima,35,2552,2012-06-15 08:00:00,67.9743716931217,50.359806394765165,67.69328703703704,17.61456529835653,0.2810846560846585
traffic,arima,36,2552,2012-06-15 08:00:00,67.03472222222221,50.35497167341672,67.69328703703704,16.679750548805494,0.6585648148148238
traffic,arima,37,2552,2012-06-15 08:00:00,67.88310185185185,50.35095246287049,67.69328703703704,17.53214938898136,0.18981481481480955
traffic,arima,38,2552,2012-06-15 08:00:00,33.964120370370374,50.34761120445026,67.69328703703704,16.383490834079886,33.729166666666664
traffic,arima,39,2552,2012-06-15 08:00:00,0.0,50.34483354259296,67.69328703703704,50.34483354259296,67.69328703703704
traffic,arima,40,2552,2012-06-15 08:00:00,0.0,50.342524410995466,67.69328703703704,50.342524410995466,67.69328703703704
traffic,arima,41,2552,2012-06-15 08:00:00,0.0,50.34060477894216,67.69328703703704,50.34060477894216,67.69328703703704
traffic,arima,42,2552,2012-06-15 08:00:00,0.0,50.33900894645514,67.69328703703704,50.33900894645514,67.69328703703704
traffic,arima,43,2552,2012-06-15 08:00:00,0.0,50.33768229569296,67.69328703703704,50.33768229569296,67.69328703703704
traffic,arima,44,2552,2012-06-15 08:00:00,0.0,50.33657942163875,67.69328703703704,50.33657942163875,67.69328703703704
traffic,arima,45,2552,2012-06-15 08:00:00,0.0,50.33566257810003,67.69328703703704,50.33566257810003,67.69328703703704
traffic,arima,46,2552,2012-06-15 08:00:00,0.0,50.334900385834025,67.69328703703704,50.334900385834025,67.69328703703704
traffic,arima,47,2552,2012-06-15 08:00:00,0.0,50.334266758583766,67.69328703703704,50.334266758583766,67.69328703703704
traffic,arima,48,2552,2012-06-15 08:00:00,0.0,50.33374001026818,67.69328703703704,50.33374001026818,67.69328703703704
traffic,arima,49,2552,2012-06-15 08:00:00,0.0,50.333302112769516,67.69328703703704,50.333302112769516,67.69328703703704
traffic,arima,50,2552,2012-06-15 08:00:00,0.0,50.33293807891566,67.69328703703704,50.33293807891566,67.69328703703704
traffic,arima,51,2552,2012-06-15 08:00:00,0.0,50.3326354495397,67.69328703703704,50.3326354495397,67.69328703703704
traffic,arima,52,2552,2012-06-15 08:00:00,19.45949074074074,50.33238386706125,67.69328703703704,30.872893126320513,48.2337962962963
traffic,arima,53,2552,2012-06-15 08:00:00,57.15393518518518,50.33217472099517,67.69328703703704,6.821760464190014,10.539351851851855
traffic,arima,54,2552,2012-06-15 08:00:00,68.71296296296296,50.332000853255146,67.69328703703704,18.380962109707816,1.0196759259259238
traffic,arima,55,2552,2012-06-15 08:00:00,68.35416666666667,50.33185631316607,67.69328703703704,18.0223103535006,0.6608796296296333
traffic,arima,56,2552,2012-06-15 08:00:00,62.1375,50.33173615380041,67.69328703703704,11.80576384619959,5.555787037037035
traffic,arima,57,2552,2012-06-15 08:00:00,0.0,50.33163626266815,67.69328703703704,50.33163626266815,67.69328703703704
traffic,arima,58,2552,2012-06-15 08:00:00,0.0,50.331553220965574,67.69328703703704,50.331553220965574,67.69328703703704
traffic,arima,59,2552,2012-06-15 08:00:00,0.0,50.33148418656571,67.69328703703704,50.33148418656571,67.69328703703704
traffic,arima,60,2552,2012-06-15 08:00:00,28.15277777777777,50.3314267967457,67.69328703703704,22.17864901896793,39.54050925925927
traffic,arima,61,2552,2012-06-15 08:00:00,67.43055555555556,50.33137908732189,67.69328703703704,17.099176468233665,0.26273148148148096
traffic,arima,62,2552,2012-06-15 08:00:00,16.900462962962962,50.331339425425064,67.69328703703704,33.4308764624621,50.792824074074076
traffic,arima,63,2552,2012-06-15 08:00:00,0.0,50.33130645361499,67.69328703703704,50.33130645361499,67.69328703703704
traffic,arima,64,2552,2012-06-15 08:00:00,0.0,50.33127904342168,67.69328703703704,50.33127904342168,67.69328703703704
traffic,arima,65,2552,2012-06-15 08:00:00,0.0,50.331256256723115,67.69328703703704,50.331256256723115,67.69328703703704
traffic,arima,66,2552,2012-06-15 08:00:00,0.0,50.33123731363776,67.69328703703704,50.33123731363776,67.69328703703704
traffic,arima,67,2552,2012-06-15 08:00:00,0.0,50.33122156583288,67.69328703703704,50.33122156583288,67.69328703703704
traffic,arima,68,2552,2012-06-15 08:00:00,0.0,50.33120847433516,67.69328703703704,50.33120847433516,67.69328703703704
traffic,arima,69,2552,2012-06-15 08:00:00,0.0,50.331197591084226,67.69328703703704,50.331197591084226,67.69328703703704
traffic,arima,70,2552,2012-06-15 08:00:00,0.0,50.331188543597555,67.69328703703704,50.331188543597555,67.69328703703704
traffic,arima,71,2552,2012-06-15 08:00:00,0.0,50.33118102222223,67.69328703703704,50.33118102222223,67.69328703703704
traffic,arima,72,2552,2012-06-15 08:00:00,0.0,50.33117476953695,67.69328703703704,50.33117476953695,67.69328703703704
traffic,arima,1,2576,2012-06-16 08:00:00,62.3546626984127,6.889094487404485,0.0,55.46556821100822,62.3546626984127
traffic,arima,2,2576,2012-06-16 08:00:00,67.48842592592592,13.802289644559643,0.0,53.68613628136628,67.48842592592592
traffic,arima,3,2576,2012-06-16 08:00:00,67.0324074074074,19.749651707904366,0.0,47.28275569950304,67.0324074074074
traffic,arima,4,2576,2012-06-16 08:00:00,65.98693783068784,24.72433836699685,0.0,41.26259946369099,65.98693783068784
traffic,arima,5,2576,2012-06-16 08:00:00,66.46428571428571,28.861744788083513,0.0,37.602540926202195,66.46428571428571
traffic,arima,6,2576,2012-06-16 08:00:00,67.3354828042328,32.29872309597489,0.0,35.036759708257904,67.3354828042328
traffic,arima,7,2576,2012-06-16 08:00:00,56.15949074074074,35.153146805959224,0.0,21.00634393478152,56.15949074074074
traffic,arima,8,2576,2012-06-16 08:00:00,67.09837962962963,37.52363505279659,0.0,29.57474457683304,67.09837962962963
traffic,arima,9,2576,2012-06-16 08:00:00,67.4239417989418,39.49221260983583,0.0,27.931729189105965,67.4239417989418
traffic,arima,10,2576,2012-06-16 08:00:00,66.87268518518518,41.12701884439193,0.0,25.74566634079325,66.87268518518518
traffic,arima,11,2576,2012-06-16 08:00:00,67.9743716931217,42.48464388401804,0.0,25.489727809103655,67.9743716931217
traffic,arima,12,2576,2012-06-16 08:00:00,67.03472222222221,43.612083656981326,0.0,23.422638565240888,67.03472222222221
traffic,arima,13,2576,2012-06-16 08:00:00,67.88310185185185,44.54836604640119,0.0,23.334735805450656,67.88310185185185
traffic,arima,14,2576,2012-06-16 08:00:00,33.964120370370374,45.32590177831138,0.0,11.36178140794101,33.964120370370374
traffic,arima,15,2576,2012-06-16 08:00:00,0.0,45.97160634426244,0.0,45.97160634426244,0.0
traffic,arima,16,2576,2012-06-16 08:00:00,0.0,46.5078317153971,0.0,46.5078317153971,0.0
traffic,arima,17,2576,2012-06-16 08:00:00,0.0,46.95314008674811,0.0,46.95314008674811,0.0
traffic,arima,18,2576,2012-06-16 08:00:00,0.0,47.322946433609516,0.0,47.322946433609516,0.0
traffic,arima,19,2576,2012-06-16 08:00:00,0.0,47.63005212255908,0.0,47.63005212255908,0.0
traffic,arima,20,2576,2012-06-16 08:00:00,0.0,47.885088048755605,0.0,47.885088048755605,0.0
traffic,arima,21,2576,2012-06-16 08:00:00,0.0,48.096882639319496,0.0,48.096882639319496,0.0
traffic,arima,22,2576,2012-06-16 08:00:00,0.0,48.27276746174863,0.0,48.27276746174863,0.0
traffic,arima,23,2576,2012-06-16 08:00:00,0.0,48.41883101643416,0.0,48.41883101643416,0.0
traffic,arima,24,2576,2012-06-16 08:00:00,0.0,48.540129498660896,0.0,48.540129498660896,0.0
traffic,arima,25,2576,2012-06-16 08:00:00,0.0,48.640861825915195,0.0,48.640861825915195,0.0
traffic,arima,26,2576,2012-06-16 08:00:00,0.0,48.7245149893167,0.0,48.7245149893167,0.0
traffic,arima,27,2576,2012-06-16 08:00:00,0.0,48.79398476071802,0.0,48.79398476071802,0.0
traffic,arima,28,2576,2012-06-16 08:00:00,19.45949074074074,48.85167593391834,0.0,29.392185193177596,19.45949074074074
traffic,arima,29,2576,2012-06-16 08:00:00,57.15393518518518,48.899585569981525,0.0,8.254349615203658,57.15393518518518
traffic,arima,30,2576,2012-06-16 08:00:00,68.71296296296296,48.93937212831232,0.0,19.77359083465064,68.71296296296296
traffic,arima,31,2576,2012-06-16 08:00:00,68.35416666666667,48.97241287656018,0.0,19.381753790106494,68.35416666666667
traffic,arima,32,2576,2012-06-16 08:00:00,62.1375,48.9998515666751,0.0,13.137648433324905,62.1375
traffic,arima,33,2576,2012-06-16 08:00:00,0.0,49.022638027489336,0.0,49.022638027489336,0.0
traffic,arima,34,2576,2012-06-16 08:00:00,0.0,49.04156104437768,0.0,49.04156104437768,0.0
traffic,arima,35,2576,2012-06-16 08:00:00,0.0,49.05727566417212,0.0,49.05727566417212,0.0
traffic,arima,36,2576,2012-06-16 08:00:00,28.15277777777777,49.070325870528784,0.0,20.917548092751012,28.15277777777777
traffic,arima,37,2576,2012-06-16 08:00:00,67.43055555555556,49.081163414687,0.0,18.34939214086856,67.43055555555556
traffic,arima,38,2576,2012-06-16 08:00:00,16.900462962962962,49.09016345347345,0.0,32.18970049051049,16.900462962962962
traffic,arima,39,2576,2012-06-16 08:00:00,0.0,49.09763753588318,0.0,49.09763753588318,0.0
traffic,arima,40,2576,2012-06-16 08:00:00,0.0,49.10384438778604,0.0,49.10384438778604,0.0
traffic,arima,41,2576,2012-06-16 08:00:00,0.0,49.10899886808637,0.0,49.10899886808637,0.0
traffic,arima,42,2576,2012-06-16 08:00:00,0.0,49.11327940636605,0.0,49.11327940636605,0.0
traffic,arima,43,2576,2012-06-16 08:00:00,0.0,49.116834179475305,0.0,49.116834179475305,0.0
traffic,arima,44,2576,2012-06-16 08:00:00,0.0,49.119786240882696,0.0,49.119786240882696,0.0
traffic,arima,45,2576,2012-06-16 08:00:00,0.0,49.12223778034391,0.0,49.12223778034391,0.0
traffic,arima,46,2576,2012-06-16 08:00:00,0.0,49.12427366134382,0.0,49.12427366134382,0.0
traffic,arima,47,2576,2012-06-16 08:00:00,0.0,49.12596435876534,0.0,49.12596435876534,0.0
traffic,arima,48,2576,2012-06-16 08:00:00,0.0,49.12736839847651,0.0,49.12736839847651,0.0
traffic,arima,49,2576,2012-06-16 08:00:00,0.0,49.12853438328578,0.0,49.12853438328578,0.0
traffic,arima,50,2576,2012-06-16 08:00:00,0.0,49.129502675396495,0.0,49.129502675396495,0.0
traffic,arima,51,2576,2012-06-16 08:00:00,0.0,49.1303067936013,0.0,49.1303067936013,0.0
traffic,arima,52,2576,2012-06-16 08:00:00,58.2349537037037,49.13097457358231,0.0,9.103979130121395,58.2349537037037
traffic,arima,53,2576,2012-06-16 08:00:00,64.49983465608466,49.13152913148234,0.0,15.36830552460232,64.49983465608466
traffic,arima,54,2576,2012-06-16 08:00:00,64.75132275132275,49.13198966410271,0.0,15.619333087220035,64.75132275132275
traffic,arima,55,2576,2012-06-16 08:00:00,65.85135582010582,49.132372113427515,0.0,16.71898370667831,65.85135582010582
traffic,arima,56,2576,2012-06-16 08:00:00,66.00165343915343,49.13268971847777,0.0,16.86896372067566,66.00165343915343
traffic,arima,57,2576,2012-06-16 08:00:00,65.12450396825396,49.1329534735988,0.0,15.991550494655158,65.12450396825396
traffic,arima,58,2576,2012-06-16 08:00:00,44.732638888888886,49.13317250904491,0.0,4.4005336201560254,44.732638888888886
traffic,arima,59,2576,2012-06-16 08:00:00,19.67361111111111,49.13335440703598,0.0,29.45974329592487,19.67361111111111
traffic,arima,60,2576,2012-06-16 08:00:00,60.177083333333336,49.1335054642267,0.0,11.043577869106635,60.177083333333336
traffic,arima,61,2576,2012-06-16 08:00:00,67.46643518518518,49.13363090967408,0.0,18.332804275511094,67.46643518518518
traffic,arima,62,2576,2012-06-16 08:00:00,66.95023148148148,49.13373508584864,0.0,17.81649639563284,66.95023148148148
traffic,arima,63,2576,2012-06-16 08:00:00,66.34953703703704,49.133821598955116,0.0,17.215715438081922,66.34953703703704
traffic,arima,64,2576,2012-06-16 08:00:00,64.22222222222221,49.133893443766304,0.0,15.08832877845591,64.22222222222221
traffic,arima,65,2576,2012-06-16 08:00:00,61.73402777777778,49.13395310729135,0.0,12.600074670486435,61.73402777777778
traffic,arima,66,2576,2012-06-16 08:00:00,61.47222222222222,49.13400265486705,0.0,12.338219567355175,61.47222222222222
traffic,arima,67,2576,2012-06-16 08:00:00,60.57291666666666,49.13404380165238,0.0,11.438872865014275,60.57291666666666
traffic,arima,68,2576,2012-06-16 08:00:00,59.95089285714285,49.13407797200117,0.0,10.816814885141675,59.95089285714285
traffic,arima,69,2576,2012-06-16 08:00:00,60.53657407407408,49.134106348768086,0.0,11.402467725305996,60.53657407407408
traffic,arima,70,2576,2012-06-16 08:00:00,63.6712962962963,49.1341299142548,0.0,14.537166382041498,63.6712962962963
traffic,arima,71,2576,2012-06-16 08:00:00,66.79745370370371,49.13414948421376,0.0,17.66330421948995,66.79745370370371
traffic,arima,72,2576,2012-06-16 08:00:00,67.67824074074075,49.134165736086615,0.0,18.544075004654132,67.67824074074075
traffic,arima,1,2600,2012-06-17 08:00:00,0.0,6.696165351332155,0.0,6.696165351332155,0.0
traffic,arima,2,2600,2012-06-17 08:00:00,0.0,13.417023160985288,0.0,13.417023160985288,0.0
traffic,arima,3,2600,2012-06-17 08:00:00,0.0,19.214697840025377,0.0,19.214697840025377,0.0
traffic,arima,4,2600,2012-06-17 08:00:00,19.45949074074074,24.08228942625177,0.0,4.622798685511029,19.45949074074074
traffic,arima,5,2600,2012-06-17 08:00:00,57.15393518518518,28.14706191795215,0.0,29.006873267233033,57.15393518518518
traffic,arima,6,2600,2012-06-17 08:00:00,68.71296296296296,31.537725423907915,0.0,37.17523753905505,68.71296296296296
traffic,arima,7,2600,2012-06-17 08:00:00,68.35416666666667,34.365448094159035,0.0,33.988718572507636,68.35416666666667
traffic,arima,8,2600,2012-06-17 08:00:00,62.1375,36.723586709303795,0.0,25.413913290696208,62.1375
traffic,arima,9,2600,2012-06-17 08:00:00,0.0,38.69010439039761,0.0,38.69010439039761,0.0
traffic,arima,10,2600,2012-06-17 08:00:00,0.0,40.330035364374076,0.0,40.330035364374076,0.0
traffic,arima,11,2600,2012-06-17 08:00:00,0.0,41.69761654665124,0.0,41.69761654665124,0.0
traffic,arima,12,2600,2012-06-17 08:00:00,28.15277777777777,42.8380780507103,0.0,14.68530027293253,28.15277777777777
traffic,arima,13,2600,2012-06-17 08:00:00,67.43055555555556,43.789138535141426,0.0,23.64141702041413,67.43055555555556
traffic,arima,14,2600,2012-06-17 08:00:00,16.900462962962962,44.5822525849549,0.0,27.68178962199194,16.900462962962962
traffic,arima,15,2600,2012-06-17 08:00:00,0.0,45.2436509985126,0.0,45.2436509985126,0.0
traffic,arima,16,2600,2012-06-17 08:00:00,0.0,45.79520832056645,0.0,45.79520832056645,0.0
traffic,arima,17,2600,2012-06-17 08:00:00,0.0,46.25516630242278,0.0,46.25516630242278,0.0
traffic,arima,18,2600,2012-06-17 08:00:00,0.0,46.63873721448026,0.0,46.63873721448026,0.0
traffic,arima,19,2600,2012-06-17 08:00:00,0.0,46.95860696428362,0.0,46.95860696428362,0.0
traffic,arima,20,2600,2012-06-17 08:00:00,0.0,47.22535465974992,0.0,47.22535465974992,0.0
traffic,arima,21,2600,2012-06-17 08:00:00,0.0,47.4478024938459,0.0,47.4478024938459,0.0
traffic,arima,22,2600,2012-06-17 08:00:00,0.0,47.63330752251162,0.0,47.63330752251162,0.0
traffic,arima,23,2600,2012-06-17 08:00:00,0.0,47.78800498585227,0.0,47.78800498585227,0.0
traffic,arima,24,2600,2012-06-17 08:00:00,0.0,47.917011220002166,0.0,47.917011220002166,0.0
traffic,arima,25,2600,2012-06-17 08:00:00,0.0,48.02459287060033,0.0,48.02459287060033,0.0
traffic,arima,26,2600,2012-06-17 08:00:00,0.0,48.114308004304476,0.0,48.114308004304476,0.0
traffic,arima,27,2600,2012-06-17 08:00:00,0.0,48.18912378534892,0.0,48.18912378534892,0.0
traffic,arima,28,2600,2012-06-17 08:00:00,58.2349537037037,48.25151460908385,0.0,9.983439094619854,58.2349537037037
traffic,arima,29,2600,2012-06-17 08:00:00,64.49983465608466,48.303543938083436,0.0,16.196290718001222,64.49983465608466
traffic,arima,30,2600,2012-06-17 08:00:00,64.75132275132275,48.346932547402794,0.0,16.404390203919952,64.75132275132275
traffic,arima,31,2600,2012-06-17 08:00:00,65.85135582010582,48.38311543607088,0.0,17.468240384034942,65.85135582010582
traffic,arima,32,2600,2012-06-17 08:00:00,66.00165343915343,48.41328928706323,0.0,17.5883641520902,66.00165343915343
traffic,arima,33,2600,2012-06-17 08:00:00,65.12450396825396,48.43845204540628,0.0,16.686051922847682,65.12450396825396
traffic,arima,34,2600,2012-06-17 08:00:00,44.732638888888886,48.45943592338695,0.0,3.7267970344980625,44.732638888888886
traffic,arima,35,2600,2012-06-17 08:00:00,19.67361111111111,48.47693492445451,0.0,28.8033238133434,19.67361111111111
traffic,arima,36,2600,2012-06-17 08:00:00,60.177083333333336,48.491527796117445,0.0,11.68555553721589,60.177083333333336
traffic,arima,37,2600,2012-06-17 08:00:00,67.46643518518518,48.503697170960535,0.0,18.96273801422464,67.46643518518518
traffic,arima,38,2600,2012-06-17 08:00:00,66.95023148148148,48.51384552883638,0.0,18.436385952645104,66.95023148148148
traffic,arima,39,2600,2012-06-17 08:00:00,66.34953703703704,48.52230850815159,0.0,17.82722852888545,66.34953703703704
traffic,arima,40,2600,2012-06-17 08:00:00,64.22222222222221,48.529366006494264,0.0,15.69285621572795,64.22222222222221
traffic,arima,41,2600,2012-06-17 08:00:00,61.73402777777778,48.53525143773565,0.0,13.19877634004213,61.73402777777778
traffic,arima,42,2600,2012-06-17 08:00:00,61.47222222222222,48.540159451767714,0.0,12.932062770454507,61.47222222222222
traffic,arima,43,2600,2012-06-17 08:00:00,60.57291666666666,48.544252372192894,0.0,12.028664294473764,60.57291666666666
traffic,arima,44,2600,2012-06-17 08:00:00,59.95089285714285,48.5476655648809,0.0,11.403227292261946,59.95089285714285
traffic,arima,45,2600,2012-06-17 08:00:00,60.53657407407408,48.55051191494766,0.0,11.98606215912642,60.53657407407408
traffic,arima,46,2600,2012-06-17 08:00:00,63.6712962962963,48.552885560224425,0.0,15.118410736071873,63.6712962962963
traffic,arima,47,2600,2012-06-17 08:00:00,66.79745370370371,48.55486500469462,0.0,18.24258869900909,66.79745370370371
traffic,arima,48,2600,2012-06-17 08:00:00,67.67824074074075,48.55651571486978,0.0,19.121725025870965,67.67824074074075
traffic,arima,49,2600,2012-06-17 08:00:00,68.24966931216932,48.55789228497489,0.0,19.691777027194426,68.24966931216932
traffic,arima,50,2600,2012-06-17 08:00:00,66.62318121693121,48.559040242552655,0.0,18.06414097437856,66.62318121693121
traffic,arima,51,2600,2012-06-17 08:00:00,64.57175925925925,48.55999755420389,0.0,16.011761705055363,64.57175925925925
traffic,arima,52,2600,2012-06-17 08:00:00,64.182208994709,48.560795881263466,0.0,15.621413113445534,64.182208994709
traffic,arima,53,2600,2012-06-17 08:00:00,63.35119047619048,48.5614616269412,0.0,14.789728849249279,63.35119047619048
traffic,arima,54,2600,2012-06-17 08:00:00,60.924768518518526,48.56201680955979,0.0,12.362751708958733,60.924768518518526
traffic,arima,55,2600,2012-06-17 08:00:00,64.56597222222221,48.562479790770624,0.0,16.00349243145159,64.56597222222221
traffic,arima,56,2600,2012-06-17 08:00:00,63.77430555555555,48.56286588283187,0.0,15.211439672723678,63.77430555555555
traffic,arima,57,2600,2012-06-17 08:00:00,54.44560185185185,48.56318785503349,0.0,5.882413996818357,54.44560185185185
traffic,arima,58,2600,2012-06-17 08:00:00,17.872685185185187,48.56345635601816,0.0,30.69077117083297,17.872685185185187
traffic,arima,59,2600,2012-06-17 08:00:00,17.639550264550262,48.56368026596567,0.0,30.92413000141541,17.639550264550262
traffic,arima,60,2600,2012-06-17 08:00:00,53.19791666666666,48.5638669902887,0.0,4.6340496763779555,53.19791666666666
traffic,arima,61,2600,2012-06-17 08:00:00,68.00958994708995,48.5640227045533,0.0,19.445567242536647,68.00958994708995
traffic,arima,62,2600,2012-06-17 08:00:00,60.89699074074074,48.56415255872444,0.0,12.332838182016303,60.89699074074074
traffic,arima,63,2600,2012-06-17 08:00:00,62.55109126984127,48.56426084749172,0.0,13.986830422349556,62.55109126984127
traffic,arima,64,2600,2012-06-17 08:00:00,64.88541666666667,48.5643511523084,0.0,16.321065514358274,64.88541666666667
traffic,arima,65,2600,2012-06-17 08:00:00,57.50115740740741,48.5644264598414,0.0,8.936730947566012,57.50115740740741
traffic,arima,66,2600,2012-06-17 08:00:00,61.46064814814815,48.564489260749866,0.0,12.896158887398286,61.46064814814815
traffic,arima,67,2600,2012-06-17 08:00:00,60.95486111111112,48.564541632059175,0.0,12.390319479051946,60.95486111111112
traffic,arima,68,2600,2012-06-17 08:00:00,58.80324074074074,48.56458530585476,0.0,10.238655434885978,58.80324074074074
traffic,arima,69,2600,2012-06-17 08:00:00,60.85502645502645,48.56462172656767,0.0,12.290404728458775,60.85502645502645
traffic,arima,70,2600,2012-06-17 08:00:00,63.85333994708995,48.56465209874648,0.0,15.288687848343471,63.85333994708995
traffic,arima,71,2600,2012-06-17 08:00:00,66.6238425925926,48.564677426895535,0.0,18.05916516569706,66.6238425925926
traffic,arima,72,2600,2012-06-17 08:00:00,67.40162037037037,48.56469854869713,0.0,18.836921821673236,67.40162037037037
traffic,arima,1,2624,2012-06-18 08:00:00,0.0,6.578055813512506,0.0,6.578055813512506,0.0
traffic,arima,2,2624,2012-06-18 08:00:00,0.0,13.191935320913743,0.0,13.191935320913743,0.0
traffic,arima,3,2624,2012-06-18 08:00:00,0.0,18.893340740765286,0.0,18.893340740765286,0.0
traffic,arima,4,2624,2012-06-18 08:00:00,58.2349537037037,23.67213735960509,0.0,34.56281634409861,58.2349537037037
traffic,arima,5,2624,2012-06-18 08:00:00,64.49983465608466,27.654870761583517,0.0,36.84496389450114,64.49983465608466
traffic,arima,6,2624,2012-06-18 08:00:00,64.75132275132275,30.970237019411766,0.0,33.78108573191098,64.75132275132275
traffic,arima,7,2624,2012-06-18 08:00:00,65.85135582010582,33.72938641119219,0.0,32.121969408913635,65.85135582010582
traffic,arima,8,2624,2012-06-18 08:00:00,66.00165343915343,36.02551778715389,0.0,29.97613565199954,66.00165343915343
traffic,arima,9,2624,2012-06-18 08:00:00,65.12450396825396,37.93631074340909,0.0,27.188193224844873,65.12450396825396
traffic,arima,10,2624,2012-06-18 08:00:00,44.732638888888886,39.52642952962644,0.0,5.206209359262445,44.732638888888886
traffic,arima,11,2624,2012-06-18 08:00:00,19.67361111111111,40.84968989658813,0.0,21.17607878547702,19.67361111111111
traffic,arima,12,2624,2012-06-18 08:00:00,60.177083333333336,41.95087670467552,0.0,18.226206628657813,60.177083333333336
traffic,arima,13,2624,2012-06-18 08:00:00,67.46643518518518,42.86725899220064,0.0,24.599176192984537,67.46643518518518
traffic,arima,14,2624,2012-06-18 08:00:00,66.95023148148148,43.62985121290969,0.0,23.32038026857179,66.95023148148148
traffic,arima,15,2624,2012-06-18 08:00:00,66.34953703703704,44.26446288371427,0.0,22.085074153322765,66.34953703703704
traffic,arima,16,2624,2012-06-18 08:00:00,64.22222222222221,44.79257209032835,0.0,19.429650131893865,64.22222222222221
traffic,arima,17,2624,2012-06-18 08:00:00,61.73402777777778,45.23205240077784,0.0,16.501975376999944,61.73402777777778
traffic,arima,18,2624,2012-06-18 08:00:00,61.47222222222222,45.597777786460064,0.0,15.874444435762157,61.47222222222222
traffic,arima,19,2624,2012-06-18 08:00:00,60.57291666666666,45.90212602357539,0.0,14.670790643091266,60.57291666666666
traffic,arima,20,2624,2012-06-18 08:00:00,59.95089285714285,46.15539761220845,0.0,13.795495244934393,59.95089285714285
traffic,arima,21,2624,2012-06-18 08:00:00,60.53657407407408,46.366164391134795,0.0,14.170409682939287,60.53657407407408
traffic,arima,22,2624,2012-06-18 08:00:00,63.6712962962963,46.54155964702883,0.0,17.129736649267464,63.6712962962963
traffic,arima,23,2624,2012-06-18 08:00:00,66.79745370370371,46.687519536660616,0.0,20.109934167043093,66.79745370370371
traffic,arima,24,2624,2012-06-18 08:00:00,67.67824074074075,46.80898399288395,0.0,20.869256747856795,67.67824074074075
traffic,arima,25,2624,2012-06-18 08:00:00,68.24966931216932,46.91006391396946,0.0,21.339605398199858,68.24966931216932
traffic,arima,26,2624,2012-06-18 08:00:00,66.62318121693121,46.994180294714354,0.0,19.62900092221686,66.62318121693121
traffic,arima,27,2624,2012-06-18 08:00:00,64.57175925925925,47.06418000814541,0.0,17.507579251113846,64.57175925925925
traffic,arima,28,2624,2012-06-18 08:00:00,64.182208994709,47.122432156383816,0.0,17.059776838325185,64.182208994709
traffic,arima,29,2624,2012-06-18 08:00:00,63.35119047619048,47.170908251614286,0.0,16.180282224576196,63.35119047619048
traffic,arima,30,2624,2012-06-18 08:00:00,60.924768518518526,47.211248940839624,0.0,13.713519577678902,60.924768518518526
traffic,arima,31,2624,2012-06-18 08:00:00,64.56597222222221,47.244819532683664,0.0,17.32115268953855,64.56597222222221
traffic,arima,32,2624,2012-06-18 08:00:00,63.77430555555555,47.27275620551699,0.0,16.50154935003856,63.77430555555555
traffic,arima,33,2624,2012-06-18 08:00:00,54.44560185185185,47.29600446079418,0.0,7.149597391057668,54.44560185185185
traffic,arima,34,2624,2012-06-18 08:00:00,17.872685185185187,47.3153511230348,0.0,29.442665937849615,17.872685185185187
traffic,arima,35,2624,2012-06-18 08:00:00,17.639550264550262,47.33145096947016,0.0,29.6919007049199,17.639550264550262
traffic,arima,36,2624,2012-06-18 08:00:00,53.19791666666666,47.34484889062154,0.0,5.8530677760451155,53.19791666666666
traffic,arima,37,2624,2012-06-18 08:00:00,68.00958994708995,47.35599833182268,0.0,20.653591615267267,68.00958994708995
traffic,arima,38,2624,2012-06-18 08:00:00,60.89699074074074,47.365276639829816,0.0,13.531714100910925,60.89699074074074
traffic,arima,39,2624,2012-06-18 08:00:00,62.55109126984127,47.372997833916784,0.0,15.178093435924488,62.55109126984127
traffic,arima,40,2624,2012-06-18 08:00:00,64.88541666666667,47.37942323368609,0.0,17.50599343298058,64.88541666666667
traffic,arima,41,2624,2012-06-18 08:00:00,57.50115740740741,47.384770303288335,0.0,10.116387104119077,57.50115740740741
traffic,arima,42,2624,2012-06-18 08:00:00,61.46064814814815,47.389220011377745,0.0,14.071428136770407,61.46064814814815
traffic,arima,43,2624,2012-06-18 08:00:00,60.95486111111112,47.39292295589762,0.0,13.561938155213504,60.95486111111112
traffic,arima,44,2624,2012-06-18 08:00:00,58.80324074074074,47.39600446098553,0.0,11.40723627975521,58.80324074074074
traffic,arima,45,2624,2012-06-18 08:00:00,60.85502645502645,47.39856881850044,0.0,13.456457636526004,60.85502645502645
traffic,arima,46,2624,2012-06-18 08:00:00,63.85333994708995,47.40070281772377,0.0,16.45263712936618,63.85333994708995
traffic,arima,47,2624,2012-06-18 08:00:00,66.6238425925926,47.402478682695275,0.0,19.22136390989732,66.6238425925926
traffic,arima,48,2624,2012-06-18 08:00:00,67.40162037037037,47.40395651659632,0.0,19.99766385377405,67.40162037037037
traffic,arima,49,2624,2012-06-18 08:00:00,67.89864417989418,47.40518633590922,0.0,20.493457843984956,67.89864417989418
traffic,arima,50,2624,2012-06-18 08:00:00,67.15046296296296,47.40620976319785,0.0,19.74425319976511,67.15046296296296
traffic,arima,51,2624,2012-06-18 08:00:00,64.78356481481482,47.407061435800586,0.0,17.37650337901424,64.78356481481482
traffic,arima,52,2624,2012-06-18 08:00:00,63.52314814814815,47.40777017811214,0.0,16.115377970036015,63.52314814814815
traffic,arima,53,2624,2012-06-18 08:00:00,64.05439814814815,47.40835997712948,0.0,16.646038171018674,64.05439814814815
traffic,arima,54,2624,2012-06-18 08:00:00,63.9837962962963,47.40885079427864,0.0,16.574945502017655,63.9837962962963
traffic,arima,55,2624,2012-06-18 08:00:00,64.71875,47.409259240998345,0.0,17.309490759001655,64.71875
traffic,arima,56,2624,2012-06-18 08:00:00,66.01736111111111,47.40959914094504,0.0,18.607761970166074,66.01736111111111
traffic,arima,57,2624,2012-06-18 08:00:00,53.6400462962963,47.40988199784702,0.0,6.230164298449274,53.6400462962963
traffic,arima,58,2624,2012-06-18 08:00:00,17.88938492063492,47.410117384841875,0.0,29.520732464206954,17.88938492063492
traffic,arima,59,2624,2012-06-18 08:00:00,16.454034391534393,47.410313268474034,0.0,30.956278876939642,16.454034391534393
traffic,arima,60,2624,2012-06-18 08:00:00,45.24421296296296,47.41047627831821,0.0,2.166263315355245,45.24421296296296
traffic,arima,61,2624,2012-06-18 08:00:00,67.54298941798942,47.41061193135364,0.0,20.132377486635775,67.54298941798942
traffic,arima,62,2624,2012-06-18 08:00:00,67.13905423280424,47.41072481868335,0.0,19.728329414120893,67.13905423280424
traffic,arima,63,2624,2012-06-18 08:00:00,66.41501322751323,47.41081876091742,0.0,19.004194466595806,66.41501322751323
traffic,arima,64,2624,2012-06-18 08:00:00,64.64004629629629,47.41089693747954,0.0,17.22914935881675,64.64004629629629
traffic,arima,65,2624,2012-06-18 08:00:00,58.53703703703704,47.410961994212805,0.0,11.126075042824233,58.53703703703704
traffic,arima,66,2624,2012-06-18 08:00:00,61.03240740740741,47.41101613292687,0.0,13.621391274480544,61.03240740740741
traffic,arima,67,2624,2012-06-18 08:00:00,61.60416666666666,47.41106118591698,0.0,14.19310548074968,61.60416666666666
traffic,arima,68,2624,2012-06-18 08:00:00,58.12929894179894,47.411098677977016,0.0,10.718200263821927,58.12929894179894
traffic,arima,69,2624,2012-06-18 08:00:00,60.79976851851851,47.411129878005305,0.0,13.388638640513207,60.79976851851851
traffic,arima,70,2624,2012-06-18 08:00:00,64.31712962962963,47.41115584194978,0.0,16.905973787679855,64.31712962962963
traffic,arima,71,2624,2012-06-18 08:00:00,66.53554894179895,47.41117744854598,0.0,19.124371493252973,66.53554894179895
traffic,arima,72,2624,2012-06-18 08:00:00,67.77364417989418,47.41119542905737,0.0,20.362448750836805,67.77364417989418
traffic,arima,1,2648,2012-06-19 08:00:00,68.24966931216932,64.83387213434057,67.67824074074075,3.4157971778287504,0.5714285714285694
traffic,arima,2,2648,2012-06-19 08:00:00,66.62318121693121,61.864515832986996,67.67824074074075,4.758665383944219,1.0550595238095326
traffic,arima,3,2648,2012-06-19 08:00:00,64.57175925925925,59.308979281901195,67.67824074074075,5.262779977358058,3.106481481481495
traffic,arima,4,2648,2012-06-19 08:00:00,64.182208994709,57.18499026038522,67.67824074074075,6.997218734323781,3.496031746031747
traffic,arima,5,2648,2012-06-19 08:00:00,63.35119047619048,55.43234359776564,67.67824074074075,7.918846878424844,4.327050264550266
traffic,arima,6,2648,2012-06-19 08:00:00,60.924768518518526,53.988320949056124,67.67824074074075,6.936447569462402,6.753472222222221
traffic,arima,7,2648,2012-06-19 08:00:00,64.56597222222221,52.79896295112691,67.67824074074075,11.767009271095304,3.1122685185185333
traffic,arima,8,2648,2012-06-19 08:00:00,63.77430555555555,51.81942531443329,67.67824074074075,11.954880241122261,3.9039351851851976
traffic,arima,9,2648,2012-06-19 08:00:00,54.44560185185185,51.012704525794696,67.67824074074075,3.4328973260571516,13.2326388888889
traffic,arima,10,2648,2012-06-19 08:00:00,17.872685185185187,50.34831312439496,67.67824074074075,32.47562793920977,49.80555555555556
traffic,arima,11,2648,2012-06-19 08:00:00,17.639550264550262,49.801140367283914,67.67824074074075,32.161590102733655,50.03869047619048
traffic,arima,12,2648,2012-06-19 08:00:00,53.19791666666666,49.35050542126895,67.67824074074075,3.8474112453977085,14.48032407407409
traffic,arima,13,2648,2012-06-19 08:00:00,68.00958994708995,48.97937611020909,67.67824074074075,19.03021383688086,0.33134920634920206
traffic,arima,14,2648,2012-06-19 08:00:00,60.89699074074074,48.67372523725689,67.67824074074075,12.223265503483852,6.781250000000007
traffic,arima,15,2648,2012-06-19 08:00:00,62.55109126984127,48.42200042538432,67.67824074074075,14.129090844456954,5.127149470899475
traffic,arima,16,2648,2012-06-19 08:00:00,64.88541666666667,48.21468748601161,67.67824074074075,16.67072918065506,2.792824074074076
traffic,arima,17,2648,2012-06-19 08:00:00,57.50115740740741,48.043950821203225,67.67824074074075,9.457206586204187,10.177083333333336
traffic,arima,18,2648,2012-06-19 08:00:00,61.46064814814815,47.90333726954694,67.67824074074075,13.557310878601214,6.217592592592595
traffic,arima,19,2648,2012-06-19 08:00:00,60.95486111111112,47.78753220253612,67.67824074074075,13.167328908575001,6.723379629629626
traffic,arima,20,2648,2012-06-19 08:00:00,58.80324074074074,47.69215865292155,67.67824074074075,11.111082087819192,8.875000000000007
traffic,arima,21,2648,2012-06-19 08:00:00,60.85502645502645,47.613611882897814,67.67824074074075,13.241414572128633,6.8232142857143
traffic,arima,22,2648,2012-06-19 08:00:00,63.85333994708995,47.548923139466396,67.67824074074075,16.304416807623554,3.824900793650798
traffic,arima,23,2648,2012-06-19 08:00:00,66.6238425925926,47.495647447474575,67.67824074074075,19.12819514511802,1.0543981481481524
traffic,arima,24,2648,2012-06-19 08:00:00,67.40162037037037,47.451771199357076,67.67824074074075,19.94984917101329,0.2766203703703809
traffic,arima,25,2648,2012-06-19 08:00:00,67.89864417989418,47.415636048842934,67.67824074074075,20.483008131051243,0.2204034391534293
traffic,arima,26,2648,2012-06-19 08:00:00,67.15046296296296,47.385876232115166,67.67824074074075,19.764586730847796,0.5277777777777857
traffic,arima,27,2648,2012-06-19 08:00:00,64.78356481481482,47.361366947414,67.67824074074075,17.422197867400826,2.894675925925924
traffic,arima,28,2648,2012-06-19 08:00:00,63.52314814814815,47.34118184203993,67.67824074074075,16.181966306108222,4.155092592592595
traffic,arima,29,2648,2012-06-19 08:00:00,64.05439814814815,47.32455799993561,67.67824074074075,16.729840148212546,3.6238425925925952
traffic,arima,30,2648,2012-06-19 08:00:00,63.9837962962963,47.310867106517506,67.67824074074075,16.67292918977879,3.69444444444445
traffic,arima,31,2648,2012-06-19 08:00:00,64.71875,47.29959170090371,67.67824074074075,17.41915829909629,2.9594907407407476
traffic,arima,32,2648,2012-06-19 08:00:00,66.01736111111111,47.2903056179672,67.67824074074075,18.727055493143915,1.6608796296296333
traffic,arima,33,2648,2012-06-19 08:00:00,53.6400462962963,47.28265788100257,67.67824074074075,6.357388415293727,14.03819444444445
traffic,arima,34,2648,2012-06-19 08:00:00,17.88938492063492,47.27635943621373,67.67824074074075,29.38697451557881,49.78885582010582
traffic,arima,35,2648,2012-06-19 08:00:00,16.454034391534393,47.27117222763928,67.67824074074075,30.81713783610489,51.224206349206355
traffic,arima,36,2648,2012-06-19 08:00:00,45.24421296296296,47.26690019959158,67.67824074074075,2.02268723662862,22.434027777777786
traffic,arima,37,2648,2012-06-19 08:00:00,67.54298941798942,47.26338188653777,67.67824074074075,20.279607531451646,0.1352513227513299
traffic,arima,38,2648,2012-06-19 08:00:00,67.13905423280424,47.260484310349966,67.67824074074075,19.878569922454275,0.5391865079365061
traffic,arima,39,2648,2012-06-19 08:00:00,66.41501322751323,47.25809795426519,67.67824074074075,19.15691527324804,1.2632275132275197
traffic,arima,40,2648,2012-06-19 08:00:00,64.64004629629629,47.256132623590766,67.67824074074075,17.383913672705525,3.038194444444457
traffic,arima,41,2648,2012-06-19 08:00:00,58.53703703703704,47.25451403670658,67.67824074074075,11.282523000330457,9.14120370370371
traffic,arima,42,2648,2012-06-19 08:00:00,61.03240740740741,47.253181017517626,67.67824074074075,13.779226389889786,6.645833333333336
traffic,arima,43,2648,2012-06-19 08:00:00,61.60416666666666,47.25208318324286,67.67824074074075,14.352083483423797,6.07407407407409
traffic,arima,44,2648,2012-06-19 08:00:00,58.12929894179894,47.25117904014813,67.67824074074075,10.878119901650813,9.548941798941804
traffic,arima,45,2648,2012-06-19 08:00:00,60.79976851851851,47.25043441524933,67.67824074074075,13.549334103269182,6.878472222222236
traffic,arima,46,2648,2012-06-19 08:00:00,64.31712962962963,47.24982116471062,67.67824074074075,17.067308464919016,3.3611111111111143
traffic,arima,47,2648,2012-06-19 08:00:00,66.53554894179895,47.24931611012026,67.67824074074075,19.28623283167869,1.1426917989417973
traffic,arima,48,2648,2012-06-19 08:00:00,67.77364417989418,47.248900162439604,67.67824074074075,20.524744017454573,0.0954034391534293
traffic,arima,49,2648,2012-06-19 08:00:00,67.77414021164022,47.248557600513934,67.67824074074075,20.525582611126282,0.09589947089946804
traffic,arima,50,2648,2012-06-19 08:00:00,66.65162037037037,47.24827547687584,67.67824074074075,19.403344893494527,1.026620370370381
traffic,arima,51,2648,2012-06-19 08:00:00,65.52893518518518,47.2480431283829,67.67824074074075,18.280892056802273,2.1493055555555713
traffic,arima,52,2648,2012-06-19 08:00:00,63.629629629629626,47.24785177319361,67.67824074074075,16.381777856436017,4.048611111111121
traffic,arima,53,2648,2012-06-19 08:00:00,64.0056216931217,47.247694178848974,67.67824074074075,16.757927514272723,3.672619047619051
traffic,arima,54,2648,2012-06-19 08:00:00,63.96957671957672,47.24756438891461,67.67824074074075,16.72201233066211,3.708664021164026
traffic,arima,55,2648,2012-06-19 08:00:00,64.6550925925926,47.24745749785134,67.67824074074075,17.407635094741252,3.0231481481481524
traffic,arima,56,2648,2012-06-19 08:00:00,64.26504629629629,47.24736946560552,67.67824074074075,17.017676830690768,3.413194444444457
traffic,arima,57,2648,2012-06-19 08:00:00,34.89699074074074,47.24729696491121,67.67824074074075,12.350306224170467,32.78125000000001
traffic,arima,58,2648,2012-06-19 08:00:00,18.38773148148148,47.2472372555328,67.67824074074075,28.85950577405132,49.29050925925927
traffic,arima,59,2648,2012-06-19 08:00:00,16.180224867724867,47.24718808069521,67.67824074074075,31.066963212970343,51.49801587301588
traffic,arima,60,2648,2012-06-19 08:00:00,41.50578703703704,47.2471475817867,67.67824074074075,5.741360544749661,26.17245370370371
traffic,arima,61,2648,2012-06-19 08:00:00,68.0925925925926,47.24711422811091,67.67824074074075,20.845478364481686,0.41435185185184764
traffic,arima,62,2648,2012-06-19 08:00:00,66.67708333333333,47.24708675903261,67.67824074074075,19.429996574300716,1.001157407407419
traffic,arima,63,2648,2012-06-19 08:00:00,66.28703703703704,47.247064136330785,67.67824074074075,19.039972900706253,1.3912037037037095
traffic,arima,64,2648,2012-06-19 08:00:00,64.85069444444444,47.24704550495798,67.67824074074075,17.60364893948646,2.8275462962963047
traffic,arima,65,2648,2012-06-19 08:00:00,63.17956349206349,47.24703016072302,67.67824074074075,15.932533331340466,4.498677248677261
traffic,arima,66,2648,2012-06-19 08:00:00,62.2974537037037,47.24701752367533,67.67824074074075,15.05043618002837,5.380787037037045
traffic,arima,67,2648,2012-06-19 08:00:00,62.739583333333336,47.24700711618517,67.67824074074075,15.492576217148162,4.938657407407412
traffic,arima,68,2648,2012-06-19 08:00:00,60.3953373015873,47.24699854489115,67.67824074074075,13.148338756696148,7.282903439153451
traffic,arima,69,2648,2012-06-19 08:00:00,60.46511243386243,47.24699148583271,67.67824074074075,13.218120948029721,7.213128306878318
traffic,arima,70,2648,2012-06-19 08:00:00,63.80092592592592,47.246985672205746,67.67824074074075,16.55394025372017,3.877314814814831
traffic,arima,71,2648,2012-06-19 08:00:00,65.73726851851852,47.246980884278464,67.67824074074075,18.490287634240055,1.9409722222222285
traffic,arima,72,2648,2012-06-19 08:00:00,67.22602513227513,47.2469769410864,67.67824074074075,19.979048191188724,0.4522156084656217
traffic,arima,1,2672,2012-06-20 08:00:00,67.89864417989418,64.45601731770904,67.40162037037037,3.4426268621851364,0.4970238095238102
traffic,arima,2,2672,2012-06-20 08:00:00,67.15046296296296,61.39236855113404,67.40162037037037,5.758094411828921,0.2511574074074048
traffic,arima,3,2672,2012-06-20 08:00:00,64.78356481481482,58.77043862185636,67.40162037037037,6.013126192958467,2.618055555555543
traffic,arima,4,2672,2012-06-20 08:00:00,63.52314814814815,56.60814168049075,67.40162037037037,6.915006467657399,3.8784722222222143
traffic,arima,5,2672,2012-06-20 08:00:00,64.05439814814815,54.83923821925522,67.40162037037037,9.21515992889293,3.3472222222222143
traffic,arima,6,2672,2012-06-20 08:00:00,63.9837962962963,53.39477044815578,67.40162037037037,10.589025848140516,3.417824074074069
traffic,arima,7,2672,2012-06-20 08:00:00,64.71875,52.215713744462846,67.40162037037037,12.503036255537154,2.6828703703703667
traffic,arima,8,2672,2012-06-20 08:00:00,66.01736111111111,51.25338907884323,67.40162037037037,14.763972032267887,1.3842592592592524
traffic,arima,9,2672,2012-06-20 08:00:00,53.6400462962963,50.46797345579405,67.40162037037037,3.1720728405022456,13.761574074074069
traffic,arima,10,2672,2012-06-20 08:00:00,17.88938492063492,49.82694778610529,67.40162037037037,31.937562865470372,49.51223544973544
traffic,arima,11,2672,2012-06-20 08:00:00,16.454034391534393,49.30376813067508,67.40162037037037,32.84973373914069,50.947585978835974
traffic,arima,12,2672,2012-06-20 08:00:00,45.24421296296296,48.87676980670369,67.40162037037037,3.63255684374073,22.157407407407405
traffic,arima,13,2672,2012-06-20 08:00:00,67.54298941798942,48.52827085998876,67.40162037037037,19.01471855800066,0.141369047619051
traffic,arima,14,2672,2012-06-20 08:00:00,67.13905423280424,48.243839967482536,67.40162037037037,18.895214265321705,0.26256613756612524
traffic,arima,15,2672,2012-06-20 08:00:00,66.41501322751323,48.01169885729372,67.40162037037037,18.403314370219505,0.9866071428571388
traffic,arima,16,2672,2012-06-20 08:00:00,64.64004629629629,47.8222345746643,67.40162037037037,16.81781172163199,2.761574074074076
traffic,arima,17,2672,2012-06-20 08:00:00,58.53703703703704,47.667601410559634,67.40162037037037,10.869435626477404,8.864583333333329
traffic,arima,18,2672,2012-06-20 08:00:00,61.03240740740741,47.541396011270535,67.40162037037037,13.491011396136876,6.369212962962955
traffic,arima,19,2672,2012-06-20 08:00:00,61.60416666666666,47.4383922157922,67.40162037037037,14.165774450874459,5.7974537037037095
traffic,arima,20,2672,2012-06-20 08:00:00,58.12929894179894,47.35432464069089,67.40162037037037,10.774974301108053,9.272321428571423
traffic,arima,21,2672,2012-06-20 08:00:00,60.79976851851851,47.28571205073154,67.40162037037037,13.514056467786972,6.601851851851855
traffic,arima,22,2672,2012-06-20 08:00:00,64.31712962962963,47.2297132010531,67.40162037037037,17.08741642857653,3.0844907407407334
traffic,arima,23,2672,2012-06-20 08:00:00,66.53554894179895,47.18400918132193,67.40162037037037,19.351539760477017,0.8660714285714164
traffic,arima,24,2672,2012-06-20 08:00:00,67.77364417989418,47.14670738973904,67.40162037037037,20.626936790155135,0.3720238095238102
traffic,arima,25,2672,2012-06-20 08:00:00,67.77414021164022,47.11626316046823,67.40162037037037,20.657877051171987,0.37251984126984894
traffic,arima,26,2672,2012-06-20 08:00:00,66.65162037037037,47.091415799079854,67.40162037037037,19.560204571290512,0.75
traffic,arima,27,2672,2012-06-20 08:00:00,65.52893518518518,47.07113637724025,67.40162037037037,18.457798807944926,1.8726851851851904
traffic,arima,28,2672,2012-06-20 08:00:00,63.629629629629626,47.054585124826744,67.40162037037037,16.575044504802882,3.7719907407407405
traffic,arima,29,2672,2012-06-20 08:00:00,64.0056216931217,47.04107665507735,67.40162037037037,16.96454503804435,3.39599867724867
traffic,arima,30,2672,2012-06-20 08:00:00,63.96957671957672,47.03005158274979,67.40162037037037,16.93952513682693,3.432043650793645
traffic,arima,31,2672,2012-06-20 08:00:00,64.6550925925926,47.02105335999898,67.40162037037037,17.634039232593615,2.7465277777777715
traffic,arima,32,2672,2012-06-20 08:00:00,64.26504629629629,47.013709370747236,67.40162037037037,17.251336925549055,3.136574074074076
traffic,arima,33,2672,2012-06-20 08:00:00,34.89699074074074,47.007715500666066,67.40162037037037,12.110724759925326,32.504629629629626
traffic,arima,34,2672,2012-06-20 08:00:00,18.38773148148148,47.00282354381287,67.40162037037037,28.615092062331392,49.013888888888886
traffic,arima,35,2672,2012-06-20 08:00:00,16.180224867724867,46.99883092443182,67.40162037037037,30.818606056706955,51.2213955026455
traffic,arima,36,2672,2012-06-20 08:00:00,41.50578703703704,46.9955723082992,67.40162037037037,5.489785271262164,25.89583333333333
traffic,arima,37,2672,2012-06-20 08:00:00,68.0925925925926,46.99291275623917,67.40162037037037,21.099679836353424,0.6909722222222285
traffic,arima,38,2672,2012-06-20 08:00:00,66.67708333333333,46.990742136297406,67.40162037037037,19.686341197035922,0.7245370370370381
traffic,arima,39,2672,2012-06-20 08:00:00,66.28703703703704,46.98897056318087,67.40162037037037,19.298066473856167,1.1145833333333286
traffic,arima,40,2672,2012-06-20 08:00:00,64.85069444444444,46.987524676111086,67.40162037037037,17.863169768333357,2.550925925925924
traffic,arima,41,2672,2012-06-20 08:00:00,63.17956349206349,46.986344600956926,67.40162037037037,16.19321889110656,4.22205687830688
traffic,arima,42,2672,2012-06-20 08:00:00,62.2974537037037,46.985381470849084,67.40162037037037,15.312072232854618,5.104166666666664
traffic,arima,43,2672,2012-06-20 08:00:00,62.739583333333336,46.98459540260473,67.40162037037037,15.754987930728603,4.662037037037031
traffic,arima,44,2672,2012-06-20 08:00:00,60.3953373015873,46.98395384516639,67.40162037037037,13.411383456420907,7.00628306878307
traffic,arima,45,2672,2012-06-20 08:00:00,60.46511243386243,46.98343023166381,67.40162037037037,13.48168220219862,6.936507936507937
traffic,arima,46,2672,2012-06-20 08:00:00,63.80092592592592,46.98300287928084,67.40162037037037,16.817923046645078,3.60069444444445
traffic,arima,47,2672,2012-06-20 08:00:00,65.73726851851852,46.98265409137081,67.40162037037037,18.754614427147708,1.6643518518518476
traffic,arima,48,2672,2012-06-20 08:00:00,67.22602513227513,46.982369424639025,67.40162037037037,20.2436557076361,0.1755952380952408
traffic,arima,49,2672,2012-06-20 08:00:00,67.22453703703704,46.98213709104644,67.40162037037037,20.2423999459906,0.1770833333333286
traffic,arima,50,2672,2012-06-20 08:00:00,66.6901455026455,46.98194746966741,67.40162037037037,19.708198032978096,0.7114748677248599
traffic,arima,51,2672,2012-06-20 08:00:00,65.4333664021164,46.98179270828752,67.40162037037037,18.451573693828884,1.9682539682539613
traffic,arima,52,2672,2012-06-20 08:00:00,62.40046296296296,46.98166639824365,67.40162037037037,15.418796564719315,5.001157407407405
traffic,arima,53,2672,2012-06-20 08:00:00,50.97916666666666,46.98156330904144,67.40162037037037,3.9976033576252163,16.42245370370371
traffic,arima,54,2672,2012-06-20 08:00:00,64.51967592592592,46.98147917176079,67.40162037037037,17.538196754165135,2.881944444444443
traffic,arima,55,2672,2012-06-20 08:00:00,63.70618386243387,46.98141050227995,67.40162037037037,16.724773360153918,3.695436507936499
traffic,arima,56,2672,2012-06-20 08:00:00,37.61805555555556,46.98135445699821,67.40162037037037,9.363298901442654,29.78356481481481
traffic,arima,57,2672,2012-06-20 08:00:00,19.572916666666668,46.98130871508249,67.40162037037037,27.408392048415823,47.828703703703695
traffic,arima,58,2672,2012-06-20 08:00:00,15.464120370370372,46.981271382361726,67.40162037037037,31.517151011991352,51.93749999999999
traffic,arima,59,2672,2012-06-20 08:00:00,18.1140873015873,46.981240912889284,67.40162037037037,28.867153611301983,49.28753306878306
traffic,arima,60,2672,2012-06-20 08:00:00,63.24933862433863,46.98121604492543,67.40162037037037,16.268122579413195,4.15228174603174
traffic,arima,61,2672,2012-06-20 08:00:00,67.83713624338624,46.98119574868869,67.40162037037037,20.85594049469755,0.43551587301587347
traffic,arima,62,2672,2012-06-20 08:00:00,67.09771825396825,46.98117918371263,67.40162037037037,20.116539070255627,0.3039021164021136
traffic,arima,63,2672,2012-06-20 08:00:00,62.25677910052909,46.98116566404218,67.40162037037037,15.275613436486907,5.1448412698412795
traffic,arima,64,2672,2012-06-20 08:00:00,42.28554894179894,46.981154629828296,67.40162037037037,4.695605688029353,25.116071428571423
traffic,arima,65,2672,2012-06-20 08:00:00,57.7349537037037,46.98114562414457,67.40162037037037,10.753808079559136,9.666666666666664
traffic,arima,66,2672,2012-06-20 08:00:00,64.86574074074075,46.98113827406597,67.40162037037037,17.884602466674778,2.535879629629619
traffic,arima,67,2672,2012-06-20 08:00:00,65.19229497354497,46.981132275226,67.40162037037037,18.211162698318972,2.209325396825392
traffic,arima,68,2672,2012-06-20 08:00:00,61.63310185185185,46.98112737921293,67.40162037037037,14.65197447263892,5.768518518518519
traffic,arima,69,2672,2012-06-20 08:00:00,61.64421296296297,46.98112338328303,67.40162037037037,14.66308957967994,5.757407407407399
traffic,arima,70,2672,2012-06-20 08:00:00,62.29861111111112,46.98112012196498,67.40162037037037,15.317490989146144,5.103009259259245
traffic,arima,71,2672,2012-06-20 08:00:00,65.57589285714286,46.98111746020772,67.40162037037037,18.59477539693514,1.8257275132275055
traffic,arima,72,2672,2012-06-20 08:00:00,58.65856481481482,46.981115287787986,67.40162037037037,11.67744952702683,8.74305555555555
traffic,arima,1,2696,2012-06-21 08:00:00,67.77414021164022,64.83599682916397,67.77364417989418,2.938143382476241,0.0004960317460387387
traffic,arima,2,2696,2012-06-21 08:00:00,66.65162037037037,61.66379598637407,67.77364417989418,4.987824383996298,1.1220238095238102
traffic,arima,3,2696,2012-06-21 08:00:00,65.52893518518518,58.930933036570195,67.77364417989418,6.598002148614981,2.2447089947090006
traffic,arima,4,2696,2012-06-21 08:00:00,63.629629629629626,56.680489362681406,67.77364417989418,6.94914026694822,4.144014550264551
traffic,arima,5,2696,2012-06-21 08:00:00,64.0056216931217,54.8468525484285,67.77364417989418,9.158769144693196,3.7680224867724803
traffic,arima,6,2696,2012-06-21 08:00:00,63.96957671957672,53.35667151847145,67.77364417989418,10.61290520110527,3.804067460317455
traffic,arima,7,2696,2012-06-21 08:00:00,64.6550925925926,52.146378933483106,67.77364417989418,12.508713659109489,3.1185515873015817
traffic,arima,8,2696,2012-06-21 08:00:00,64.26504629629629,51.16355814266553,67.77364417989418,13.101488153630761,3.5085978835978864
traffic,arima,9,2696,2012-06-21 08:00:00,34.89699074074074,50.36548675204236,67.77364417989418,15.468496011301617,32.876653439153436
traffic,arima,10,2696,2012-06-21 08:00:00,18.38773148148148,49.71744187508875,67.77364417989418,31.32971039360727,49.385912698412696
traffic,arima,11,2696,2012-06-21 08:00:00,16.180224867724867,49.19122178903144,67.77364417989418,33.01099692130657,51.59341931216931
traffic,arima,12,2696,2012-06-21 08:00:00,41.50578703703704,48.76392511223745,67.77364417989418,7.258138075200414,26.26785714285714
traffic,arima,13,2696,2012-06-21 08:00:00,68.0925925925926,48.41695541370795,67.77364417989418,19.675637178884642,0.31894841269841834
traffic,arima,14,2696,2012-06-21 08:00:00,66.67708333333333,48.13521213293027,67.77364417989418,18.541871200403058,1.0965608465608483
traffic,arima,15,2696,2012-06-21 08:00:00,66.28703703703704,47.906433435731444,67.77364417989418,18.380603601305594,1.4866071428571388
traffic,arima,16,2696,2012-06-21 08:00:00,64.85069444444444,47.720662573549546,67.77364417989418,17.130031870894896,2.922949735449734
traffic,arima,17,2696,2012-06-21 08:00:00,63.17956349206349,47.56981455473982,67.77364417989418,15.609748937323666,4.59408068783069
traffic,arima,18,2696,2012-06-21 08:00:00,62.2974537037037,47.447324275539295,67.77364417989418,14.850129428164408,5.4761904761904745
traffic,arima,19,2696,2012-06-21 08:00:00,62.739583333333336,47.34786079821587,67.77364417989418,15.391722535117466,5.034060846560841
traffic,arima,20,2696,2012-06-21 08:00:00,60.3953373015873,47.2670953416771,67.77364417989418,13.128241959910198,7.37830687830688
traffic,arima,21,2696,2012-06-21 08:00:00,60.46511243386243,47.20151288723813,67.77364417989418,13.263599546624299,7.308531746031747
traffic,arima,22,2696,2012-06-21 08:00:00,63.80092592592592,47.14825920039526,67.77364417989418,16.652666725530658,3.97271825396826
traffic,arima,23,2696,2012-06-21 08:00:00,65.73726851851852,47.10501661079384,67.77364417989418,18.63225190772468,2.036375661375658
traffic,arima,24,2696,2012-06-21 08:00:00,67.22602513227513,47.069903144172194,67.77364417989418,20.15612198810293,0.547619047619051
traffic,arima,25,2696,2012-06-21 08:00:00,67.22453703703704,47.04139061637138,67.77364417989418,20.183146420665658,0.5491071428571388
traffic,arima,26,2696,2012-06-21 08:00:00,66.6901455026455,47.018238124754646,67.77364417989418,19.67190737789086,1.08349867724867
traffic,arima,27,2696,2012-06-21 08:00:00,65.4333664021164,46.999438042495804,67.77364417989418,18.4339283596206,2.3402777777777715
traffic,arima,28,2696,2012-06-21 08:00:00,62.40046296296296,46.98417216533709,67.77364417989418,15.41629079762587,5.373181216931215
traffic,arima,29,2696,2012-06-21 08:00:00,50.97916666666666,46.971776102265856,67.77364417989418,4.007390564400801,16.79447751322752
traffic,arima,30,2696,2012-06-21 08:00:00,64.51967592592592,46.96171036034559,67.77364417989418,17.557965565580332,3.253968253968253
traffic,arima,31,2696,2012-06-21 08:00:00,63.70618386243387,46.953536865275176,67.77364417989418,16.752646997158692,4.067460317460309
traffic,arima,32,2696,2012-06-21 08:00:00,37.61805555555556,46.94689989582024,67.77364417989418,9.32884434026468,30.15558862433862
traffic,arima,33,2696,2012-06-21 08:00:00,19.572916666666668,46.94151060235809,67.77364417989418,27.368593935691425,48.200727513227505
traffic,arima,34,2696,2012-06-21 08:00:00,15.464120370370372,46.93713443576304,67.77364417989418,31.473014065392668,52.3095238095238
traffic,arima,35,2696,2012-06-21 08:00:00,18.1140873015873,46.93358093952051,67.77364417989418,28.81949363793321,49.65955687830687
traffic,arima,36,2696,2012-06-21 08:00:00,63.24933862433863,46.93069546080953,67.77364417989418,16.318643163529096,4.52430555555555
traffic,arima,37,2696,2012-06-21 08:00:00,67.83713624338624,46.928352419809,67.77364417989418,20.908783823577238,0.06349206349206327
traffic,arima,38,2696,2012-06-21 08:00:00,67.09771825396825,46.926449844298986,67.77364417989418,20.171268409669267,0.6759259259259238
traffic,arima,39,2696,2012-06-21 08:00:00,62.25677910052909,46.924904931695885,67.77364417989418,15.331874168833203,5.51686507936509
traffic,arima,40,2696,2012-06-21 08:00:00,42.28554894179894,46.92365044537528,67.77364417989418,4.638101503576337,25.488095238095234
traffic,arima,41,2696,2012-06-21 08:00:00,57.7349537037037,46.922631788445806,67.77364417989418,10.812321915257897,10.038690476190474
traffic,arima,42,2696,2012-06-21 08:00:00,64.86574074074075,46.92180462762076,67.77364417989418,17.94393611311999,2.9079034391534293
traffic,arima,43,2696,2012-06-21 08:00:00,65.19229497354497,46.92113296377526,67.77364417989418,18.271162009769718,2.581349206349202
traffic,arima,44,2696,2012-06-21 08:00:00,61.63310185185185,46.92058756521709,67.77364417989418,14.712514286634757,6.140542328042329
traffic,arima,45,2696,2012-06-21 08:00:00,61.64421296296297,46.92014469548509,67.77364417989418,14.724068267477875,6.129431216931209
traffic,arima,46,2696,2012-06-21 08:00:00,62.29861111111112,46.9197850803072,67.77364417989418,15.378826030803921,5.4750330687830555
traffic,arima,47,2696,2012-06-21 08:00:00,65.57589285714286,46.91949306875881,67.77364417989418,18.65639978838405,2.1977513227513157
traffic,arima,48,2696,2012-06-21 08:00:00,58.65856481481482,46.91925595211404,67.77364417989418,11.739308862700774,9.11507936507936
traffic,arima,49,2696,2012-06-21 08:00:00,65.98842592592592,46.91906341074526,67.77364417989418,19.069362515180664,1.785218253968253
traffic,arima,50,2696,2012-06-21 08:00:00,66.73263888888889,46.91890706499936,67.77364417989418,19.813731823889526,1.0410052910052912
traffic,arima,51,2696,2012-06-21 08:00:00,65.66203703703704,46.91878011050425,67.77364417989418,18.743256926532787,2.111607142857139
traffic,arima,52,2696,2012-06-21 08:00:00,65.79166666666667,46.918677022033656,67.77364417989418,18.872989644633016,1.9819775132275055
traffic,arima,53,2696,2012-06-21 08:00:00,66.1073082010582,46.91859331304202,67.77364417989418,19.188714888016186,1.6663359788359742
traffic,arima,54,2696,2012-06-21 08:00:00,67.01306216931216,46.91852534040414,67.77364417989418,20.094536828908026,0.7605820105820129
traffic,arima,55,2696,2012-06-21 08:00:00,67.13392857142857,46.918470145861605,67.77364417989418,20.215458425566965,0.6397156084656075
traffic,arima,56,2696,2012-06-21 08:00:00,66.76752645502646,46.91842532727546,67.77364417989418,19.849101127751,1.006117724867721
traffic,arima,57,2696,2012-06-21 08:00:00,66.74289021164022,46.91838893408201,67.77364417989418,19.824501277558205,1.0307539682539613
traffic,arima,58,2696,2012-06-21 08:00:00,67.10300925925925,46.918359382401704,67.77364417989418,20.18464987685755,0.6706349206349245
traffic,arima,59,2696,2012-06-21 08:00:00,68.00231481481482,46.91833538610663,67.77364417989418,21.083979428708197,0.22867063492064688
traffic,arima,60,2696,2012-06-21 08:00:00,66.94923941798942,46.91831590084652,67.77364417989418,20.030923517142895,0.8244047619047592
traffic,arima,61,2696,2012-06-21 08:00:00,67.55787037037037,46.91830007859728,67.77364417989418,20.63957029177309,0.2157738095238102
traffic,arima,62,2696,2012-06-21 08:00:00,67.66484788359789,46.91828723075385,67.77364417989418,20.74656065284404,0.1087962962962905
traffic,arima,63,2696,2012-06-21 08:00:00,68.04083994708995,46.91827679816122,67.77364417989418,21.122563148928727,0.26719576719577276
traffic,arima,64,2696,2012-06-21 08:00:00,67.37962962962963,46.91826832677928,67.77364417989418,20.461361302850356,0.3940145502645436
traffic,arima,65,2696,2012-06-21 08:00:00,61.04679232804233,46.91826144792235,67.77364417989418,14.128530880119982,6.726851851851848
traffic,arima,66,2696,2012-06-21 08:00:00,66.26289682539682,46.91825586221355,67.77364417989418,19.344640963183274,1.5107473544973544
traffic,arima,67,2696,2012-06-21 08:00:00,66.07175925925925,46.9182513265555,67.77364417989418,19.153507932703754,1.7018849206349245
traffic,arima,68,2696,2012-06-21 08:00:00,64.06828703703704,46.91824764355041,67.77364417989418,17.15003939348663,3.705357142857139
traffic,arima,69,2696,2012-06-21 08:00:00,63.80439814814815,46.918244652909074,67.77364417989418,16.88615349523908,3.9692460317460245
traffic,arima,70,2696,2012-06-21 08:00:00,62.23032407407408,46.91824222447484,67.77364417989418,15.312081849599245,5.543320105820094
traffic,arima,71,2696,2012-06-21 08:00:00,66.1701388888889,46.918240252559066,67.77364417989418,19.251898636329834,1.603505291005277
traffic,arima,72,2696,2012-06-21 08:00:00,67.21643518518518,46.9182386513414,67.77364417989418,20.29819653384378,0.5572089947090006
traffic,arima,1,2720,2012-06-22 08:00:00,67.22453703703704,64.4238119349365,67.22602513227513,2.800725102100543,0.0014880952380877943
traffic,arima,2,2720,2012-06-22 08:00:00,66.6901455026455,61.34108504482723,67.22602513227513,5.349060457818275,0.5358796296296191
traffic,arima,3,2720,2012-06-22 08:00:00,65.4333664021164,58.674522185963895,67.22602513227513,6.758844216152511,1.7926587301587205
traffic,arima,4,2720,2012-06-22 08:00:00,62.40046296296296,56.47548164638538,67.22602513227513,5.924981316577579,4.825562169312164
traffic,arima,5,2720,2012-06-22 08:00:00,50.97916666666666,54.68228759580944,67.22602513227513,3.7031209291427842,16.24685846560847
traffic,arima,6,2720,2012-06-22 08:00:00,64.51967592592592,53.224055469141554,67.22602513227513,11.29562045678437,2.706349206349202
traffic,arima,7,2720,2012-06-22 08:00:00,63.70618386243387,52.03901973107643,67.22602513227513,11.667164131357438,3.5198412698412582
traffic,arima,8,2720,2012-06-22 08:00:00,37.61805555555556,51.07615908088088,67.22602513227513,13.45810352532532,29.60796957671957
traffic,arima,9,2720,2012-06-22 08:00:00,19.572916666666668,50.29385169378774,67.22602513227513,30.72093502712107,47.653108465608454
traffic,arima,10,2720,2012-06-22 08:00:00,15.464120370370372,49.658247178888516,67.22602513227513,34.19412680851814,51.76190476190475
traffic,arima,11,2720,2012-06-22 08:00:00,18.1140873015873,49.141836261239014,67.22602513227513,31.027748959651714,49.11193783068782
traffic,arima,12,2720,2012-06-22 08:00:00,63.24933862433863,48.722267075506934,67.22602513227513,14.527071548831692,3.976686507936499
traffic,arima,13,2720,2012-06-22 08:00:00,67.83713624338624,48.38137909594957,67.22602513227513,19.45575714743667,0.6111111111111143
traffic,arima,14,2720,2012-06-22 08:00:00,67.09771825396825,48.104417359707156,67.22602513227513,18.993300894261097,0.12830687830687282
traffic,arima,15,2720,2012-06-22 08:00:00,62.25677910052909,47.879393870421275,67.22602513227513,14.377385230107812,4.969246031746039
traffic,arima,16,2720,2012-06-22 08:00:00,42.28554894179894,47.6965687217248,67.22602513227513,5.411019779925859,24.940476190476183
traffic,arima,17,2720,2012-06-22 08:00:00,57.7349537037037,47.548028517843875,67.22602513227513,10.186925185859828,9.491071428571423
traffic,arima,18,2720,2012-06-22 08:00:00,64.86574074074075,47.42734385097423,67.22602513227513,17.438396889766516,2.3602843915343783
traffic,arima,19,2720,2012-06-22 08:00:00,65.19229497354497,47.32929101116128,67.22602513227513,17.863003962383694,2.033730158730151
traffic,arima,20,2720,2012-06-22 08:00:00,61.63310185185185,47.249625883480356,67.22602513227513,14.383475968371492,5.592923280423278
traffic,arima,21,2720,2012-06-22 08:00:00,61.64421296296297,47.18490024595153,67.22602513227513,14.459312717011436,5.581812169312158
traffic,arima,22,2720,2012-06-22 08:00:00,62.29861111111112,47.132312516847655,67.22602513227513,15.166298594263466,4.9274140211640045
traffic,arima,23,2720,2012-06-22 08:00:00,65.57589285714286,47.08958649115079,67.22602513227513,18.48630636599207,1.6501322751322647
traffic,arima,24,2720,2012-06-22 08:00:00,58.65856481481482,47.0548728173916,67.22602513227513,11.603691997423219,8.56746031746031
traffic,arima,25,2720,2012-06-22 08:00:00,65.98842592592592,47.02666895039939,67.22602513227513,18.961756975526534,1.237599206349202
traffic,arima,26,2720,2012-06-22 08:00:00,66.73263888888889,47.003754115201254,67.22602513227513,19.728884773687632,0.49338624338624015
traffic,arima,27,2720,2012-06-22 08:00:00,65.66203703703704,46.98513646705027,67.22602513227513,18.67690056998677,1.5639880952380878
traffic,arima,28,2720,2012-06-22 08:00:00,65.79166666666667,46.97001016045995,67.22602513227513,18.821656506206722,1.4343584656084545
traffic,arima,29,2720,2012-06-22 08:00:00,66.1073082010582,46.95772046902262,67.22602513227513,19.149587732035585,1.1187169312169232
traffic,arima,30,2720,2012-06-22 08:00:00,67.01306216931216,46.94773544625959,67.22602513227513,20.06532672305257,0.2129629629629619
traffic,arima,31,2720,2012-06-22 08:00:00,67.13392857142857,46.93962290087255,67.22602513227513,20.19430567055602,0.09209656084655649
traffic,arima,32,2720,2012-06-22 08:00:00,66.76752645502646,46.93303168979384,67.22602513227513,19.834494765232613,0.4584986772486701
traffic,arima,33,2720,2012-06-22 08:00:00,66.74289021164022,46.92767651932496,67.22602513227513,19.815213692315254,0.48313492063491026
traffic,arima,34,2720,2012-06-22 08:00:00,67.10300925925925,46.923325596496326,67.22602513227513,20.179683662762926,0.12301587301587347
traffic,arima,35,2720,2012-06-22 08:00:00,68.00231481481482,46.91979059615025,67.22602513227513,21.082524218664574,0.7762896825396979
traffic,arima,36,2720,2012-06-22 08:00:00,66.94923941798942,46.91691850948291,67.22602513227513,20.032320908506506,0.2767857142857082
traffic,arima,37,2720,2012-06-22 08:00:00,67.55787037037037,46.91458502121781,67.22602513227513,20.643285349152556,0.3318452380952408
traffic,arima,38,2720,2012-06-22 08:00:00,67.66484788359789,46.91268912874865,67.22602513227513,20.752158754849233,0.4388227513227605
traffic,arima,39,2720,2012-06-22 08:00:00,68.04083994708995,46.91114877034688,67.22602513227513,21.129691176743073,0.8148148148148238
traffic,arima,40,2720,2012-06-22 08:00:00,67.37962962962963,46.909897273205274,67.22602513227513,20.46973235642436,0.15360449735450743
traffic,arima,41,2720,2012-06-22 08:00:00,61.04679232804233,46.90888046757509,67.22602513227513,14.137911860467241,6.179232804232797
traffic,arima,42,2720,2012-06-22 08:00:00,66.26289682539682,46.90805434208489,67.22602513227513,19.354842483311934,0.9631283068783034
traffic,arima,43,2720,2012-06-22 08:00:00,66.07175925925925,46.9073831387543,67.22602513227513,19.164376120504954,1.1542658730158735
traffic,arima,44,2720,2012-06-22 08:00:00,64.06828703703704,46.906837805247044,67.22602513227513,17.161449231789994,3.157738095238088
traffic,arima,45,2720,2012-06-22 08:00:00,63.80439814814815,46.90639473737092,67.22602513227513,16.898003410777235,3.4216269841269735
traffic,arima,46,2720,2012-06-22 08:00:00,62.23032407407408,46.90603475739492,67.22602513227513,15.324289316679163,4.995701058201043
traffic,arima,47,2720,2012-06-22 08:00:00,66.1701388888889,46.90574228396115,67.22602513227513,19.264396604927747,1.055886243386226
traffic,arima,48,2720,2012-06-22 08:00:00,67.21643518518518,46.90550465766202,67.22602513227513,20.310930527523155,0.009589947089949646
traffic,arima,49,2720,2012-06-22 08:00:00,67.62268518518518,46.90531159309095,67.22602513227513,20.717373592094226,0.39666005291005035
traffic,arima,50,2720,2012-06-22 08:00:00,67.73346560846561,46.905154733649304,67.22602513227513,20.828310874816303,0.5074404761904816
traffic,arima,51,2720,2012-06-22 08:00:00,67.7718253968254,46.905027289839715,67.22602513227513,20.86679810698569,0.5458002645502802
traffic,arima,52,2720,2012-06-22 08:00:00,67.43518518518518,46.90492374538978,67.22602513227513,20.530261439795396,0.20916005291005035
traffic,arima,53,2720,2012-06-22 08:00:00,67.94791666666667,46.90483961848596,67.22602513227513,21.043077048180713,0.7218915343915455
traffic,arima,54,2720,2012-06-22 08:00:00,68.38657407407408,46.904771267782934,67.22602513227513,21.481802806291142,1.1605489417989503
traffic,arima,55,2720,2012-06-22 08:00:00,68.53935185185185,46.90471573479181,67.22602513227513,21.63463611706004,1.3133267195767218
traffic,arima,56,2720,2012-06-22 08:00:00,68.13260582010582,46.90467061582496,67.22602513227513,21.22793520428086,0.9065806878306972
traffic,arima,57,2720,2012-06-22 08:00:00,67.70717592592592,46.904633957954964,67.22602513227513,20.80254196797096,0.48115079365079794
traffic,arima,58,2720,2012-06-22 08:00:00,68.51041666666667,46.90460417448414,67.22602513227513,21.60581249218253,1.2843915343915455
traffic,arima,59,2720,2012-06-22 08:00:00,68.54976851851852,46.904579976266014,67.22602513227513,21.645188542252505,1.3237433862433932
traffic,arima,60,2720,2012-06-22 08:00:00,67.63723544973546,46.90456031590594,67.22602513227513,20.732675133829517,0.41121031746033054
traffic,arima,61,2720,2012-06-22 08:00:00,67.59573412698413,46.90454434242574,67.22602513227513,20.69118978455839,0.36970899470900065
traffic,arima,62,2720,2012-06-22 08:00:00,67.62681878306879,46.90453136442997,67.22602513227513,20.722287418638814,0.40079365079365914
traffic,arima,63,2720,2012-06-22 08:00:00,67.21875,46.904520820179634,67.22602513227513,20.314229179820366,0.007275132275125884
traffic,arima,64,2720,2012-06-22 08:00:00,66.0011574074074,46.90451225327784,67.22602513227513,19.09664515412957,1.224867724867721
traffic,arima,65,2720,2012-06-22 08:00:00,16.323247354497354,46.90450529291517,67.22602513227513,30.581257938417814,50.90277777777777
traffic,arima,66,2720,2012-06-22 08:00:00,64.26851851851852,46.9044996378196,67.22602513227513,17.36401888069892,2.957506613756607
traffic,arima,67,2720,2012-06-22 08:00:00,62.34606481481482,46.904495043216194,67.22602513227513,15.441569771598623,4.879960317460309
traffic,arima,68,2720,2012-06-22 08:00:00,59.53009259259259,46.90449131023236,67.22602513227513,12.625601282360229,7.695932539682538
traffic,arima,69,2720,2012-06-22 08:00:00,61.7974537037037,46.904488277289765,67.22602513227513,14.892965426413937,5.4285714285714235
traffic,arima,70,2720,2012-06-22 08:00:00,64.74537037037037,46.90448581311066,67.22602513227513,17.840884557259706,2.480654761904759
traffic,arima,71,2720,2012-06-22 08:00:00,66.18766534391534,46.904483811035625,67.22602513227513,19.283181532879716,1.0383597883597844
traffic,arima,72,2720,2012-06-22 08:00:00,67.00231481481482,46.90448218440692,67.22602513227513,20.0978326304079,0.22371031746030212
traffic,arima,1,2744,2012-06-23 08:00:00,65.98842592592592,55.72517514193429,58.65856481481482,10.263250783991637,7.329861111111107
traffic,arima,2,2744,2012-06-23 08:00:00,66.73263888888889,53.87443863000105,58.65856481481482,12.858200258887834,8.074074074074069
traffic,arima,3,2744,2012-06-23 08:00:00,65.66203703703704,52.476561620222824,58.65856481481482,13.185475416814214,7.003472222222221
traffic,arima,4,2744,2012-06-23 08:00:00,65.79166666666667,51.36203012725845,58.65856481481482,14.429636539408222,7.133101851851855
traffic,arima,5,2744,2012-06-23 08:00:00,66.1073082010582,50.460906808177576,58.65856481481482,15.646401392880627,7.448743386243386
traffic,arima,6,2744,2012-06-23 08:00:00,67.01306216931216,49.72980557048925,58.65856481481482,17.283256598822916,8.354497354497347
traffic,arima,7,2744,2012-06-23 08:00:00,67.13392857142857,49.13614493131321,58.65856481481482,17.997783640115358,8.475363756613753
traffic,arima,8,2744,2012-06-23 08:00:00,66.76752645502646,48.653987707954144,58.65856481481482,18.11353874707231,8.10896164021164
traffic,arima,9,2744,2012-06-23 08:00:00,66.74289021164022,48.262371213296596,58.65856481481482,18.48051899834362,8.084325396825399
traffic,arima,10,2744,2012-06-23 08:00:00,67.10300925925925,47.94428956794685,58.65856481481482,19.1587196913124,8.444444444444436
traffic,arima,11,2744,2012-06-23 08:00:00,68.00231481481482,47.68593416770062,58.65856481481482,20.3163806471142,9.343750000000007
traffic,arima,12,2744,2012-06-23 08:00:00,66.94923941798942,47.47609005195805,58.65856481481482,19.473149366031365,8.290674603174601
traffic,arima,13,2744,2012-06-23 08:00:00,67.55787037037037,47.30564824692709,58.65856481481482,20.252222123443275,8.89930555555555
traffic,arima,14,2744,2012-06-23 08:00:00,67.66484788359789,47.1672101970363,58.65856481481482,20.49763768656159,9.00628306878307
traffic,arima,15,2744,2012-06-23 08:00:00,68.04083994708995,47.05476657525488,58.65856481481482,20.98607337183507,9.382275132275133
traffic,arima,16,2744,2012-06-23 08:00:00,67.37962962962963,46.96343642345076,58.65856481481482,20.416193206178875,8.721064814814817
traffic,arima,17,2744,2012-06-23 08:00:00,61.04679232804233,46.88925527825396,58.65856481481482,14.157537049788367,2.3882275132275126
traffic,arima,18,2744,2012-06-23 08:00:00,66.26289682539682,46.82900308119908,58.65856481481482,19.43389374419774,7.604332010582006
traffic,arima,19,2744,2012-06-23 08:00:00,66.07175925925925,46.780064402233634,58.65856481481482,19.291694857025618,7.413194444444436
traffic,arima,20,2744,2012-06-23 08:00:00,64.06828703703704,46.74031490900396,58.65856481481482,17.327972128033075,5.409722222222221
traffic,arima,21,2744,2012-06-23 08:00:00,63.80439814814815,46.70802915374002,58.65856481481482,17.09636899440813,5.145833333333336
traffic,arima,22,2744,2012-06-23 08:00:00,62.23032407407408,46.681805674941415,58.65856481481482,15.548518399132668,3.5717592592592666
traffic,arima,23,2744,2012-06-23 08:00:00,66.1701388888889,46.66050616267419,58.65856481481482,19.50963272621471,7.511574074074083
traffic,arima,24,2744,2012-06-23 08:00:00,67.21643518518518,46.643206046762565,58.65856481481482,20.57322913842261,8.55787037037036
traffic,arima,25,2744,2012-06-23 08:00:00,67.62268518518518,46.629154363005654,58.65856481481482,20.993530822179522,8.96412037037036
traffic,arima,26,2744,2012-06-23 08:00:00,67.73346560846561,46.61774115529,58.65856481481482,21.11572445317561,9.07490079365079
traffic,arima,27,2744,2012-06-23 08:00:00,67.7718253968254,46.60847099858749,58.65856481481482,21.163354398237914,9.11326058201059
traffic,arima,28,2744,2012-06-23 08:00:00,67.43518518518518,46.600941493523706,58.65856481481482,20.83424369166147,8.77662037037036
traffic,arima,29,2744,2012-06-23 08:00:00,67.94791666666667,46.594825799007964,58.65856481481482,21.353090867658707,9.289351851851855
traffic,arima,30,2744,2012-06-23 08:00:00,68.38657407407408,46.58985844470074,58.65856481481482,21.796715629373338,9.72800925925926
traffic,arima,31,2744,2012-06-23 08:00:00,68.53935185185185,46.58582380746534,58.65856481481482,21.95352804438651,9.880787037037031
traffic,arima,32,2744,2012-06-23 08:00:00,68.13260582010582,46.58254675158923,58.65856481481482,21.550059068516596,9.474041005291006
traffic,arima,33,2744,2012-06-23 08:00:00,67.70717592592592,46.57988502648519,58.65856481481482,21.127290899440737,9.048611111111107
traffic,arima,34,2744,2012-06-23 08:00:00,68.51041666666667,46.57772309187151,58.65856481481482,21.93269357479516,9.851851851851855
traffic,arima,35,2744,2012-06-23 08:00:00,68.54976851851852,46.57596710239435,58.65856481481482,21.973801416124168,9.891203703703702
traffic,arima,36,2744,2012-06-23 08:00:00,67.63723544973546,46.574540833984386,58.65856481481482,21.06269461575107,8.97867063492064
traffic,arima,37,2744,2012-06-23 08:00:00,67.59573412698413,46.57338237511904,58.65856481481482,21.022351751865088,8.93716931216931
traffic,arima,38,2744,2012-06-23 08:00:00,67.62681878306879,46.57244143936437,58.65856481481482,21.054377343704417,8.968253968253968
traffic,arima,39,2744,2012-06-23 08:00:00,67.21875,46.57167718253928,58.65856481481482,20.647072817460717,8.560185185185183
traffic,arima,40,2744,2012-06-23 08:00:00,66.0011574074074,46.57105642974953,58.65856481481482,19.430100977657872,7.342592592592588
traffic,arima,41,2744,2012-06-23 08:00:00,16.323247354497354,46.5705522353304,58.65856481481482,30.24730488083305,42.33531746031746
traffic,arima,42,2744,2012-06-23 08:00:00,64.26851851851852,46.57014271318815,58.65856481481482,17.69837580533037,5.609953703703702
traffic,arima,43,2744,2012-06-23 08:00:00,62.34606481481482,46.569810086767376,58.65856481481482,15.77625472804744,3.6875
traffic,arima,44,2744,2012-06-23 08:00:00,59.53009259259259,46.56953991740564,58.65856481481482,12.960552675186946,0.8715277777777715
traffic,arima,45,2744,2012-06-23 08:00:00,61.7974537037037,46.56932047757927,58.65856481481482,15.228133226124434,3.1388888888888857
traffic,arima,46,2744,2012-06-23 08:00:00,64.74537037037037,46.56914224183451,58.65856481481482,18.176228128535854,6.08680555555555
traffic,arima,47,2744,2012-06-23 08:00:00,66.18766534391534,46.56899747330623,58.65856481481482,19.61866787060911,7.529100529100525
traffic,arima,48,2744,2012-06-23 08:00:00,67.00231481481482,46.56887988787573,58.65856481481482,20.433434926939093,8.343750000000007
traffic,arima,49,2744,2012-06-23 08:00:00,66.07523148148148,46.5687843813894,58.65856481481482,19.506447100092082,7.416666666666664
traffic,arima,50,2744,2012-06-23 08:00:00,64.42113095238095,46.56870680809743,58.65856481481482,17.852424144283518,5.762566137566132
traffic,arima,51,2744,2012-06-23 08:00:00,63.44295634920635,46.568643800694915,58.65856481481482,16.874312548511433,4.784391534391531
traffic,arima,52,2744,2012-06-23 08:00:00,62.38773148148149,46.56859262415374,58.65856481481482,15.81913885732775,3.7291666666666714
traffic,arima,53,2744,2012-06-23 08:00:00,62.7010582010582,46.568551057000306,58.65856481481482,16.132507144057897,4.042493386243386
traffic,arima,54,2744,2012-06-23 08:00:00,64.06018518518518,46.56851729488578,58.65856481481482,17.491667890299397,5.40162037037036
traffic,arima,55,2744,2012-06-23 08:00:00,65.19146825396825,46.568489872262795,58.65856481481482,18.622978381705458,6.532903439153436
traffic,arima,56,2744,2012-06-23 08:00:00,66.50347222222221,46.568467598768905,58.65856481481482,19.93500462345331,7.844907407407398
traffic,arima,57,2744,2012-06-23 08:00:00,64.86309523809524,46.56844950755531,58.65856481481482,18.294645730539933,6.204530423280424
traffic,arima,58,2744,2012-06-23 08:00:00,42.70717592592592,46.56843481331779,58.65856481481482,3.8612588873918767,15.9513888888889
traffic,arima,59,2744,2012-06-23 08:00:00,29.31365740740741,46.56842287820824,58.65856481481482,17.25476547080083,29.34490740740741
traffic,arima,60,2744,2012-06-23 08:00:00,66.83796296296296,46.56841318414689,58.65856481481482,20.26954977881607,8.179398148148145
traffic,arima,61,2744,2012-06-23 08:00:00,67.68716931216932,46.568405310333496,58.65856481481482,21.11876400183582,9.0286044973545
traffic,arima,62,2744,2012-06-23 08:00:00,67.07754629629629,46.568398914981216,58.65856481481482,20.509147381315074,8.418981481481474
traffic,arima,63,2744,2012-06-23 08:00:00,65.94411375661376,46.56839372048031,58.65856481481482,19.37572003613345,7.285548941798943
traffic,arima,64,2744,2012-06-23 08:00:00,63.25925925925926,46.568389501347646,58.65856481481482,16.690869757911614,4.600694444444443
traffic,arima,65,2744,2012-06-23 08:00:00,62.63773148148149,46.56838607443894,58.65856481481482,16.069345407042547,3.9791666666666714
traffic,arima,66,2744,2012-06-23 08:00:00,61.420138888888886,46.56838329099878,58.65856481481482,14.851755597890104,2.761574074074069
traffic,arima,67,2744,2012-06-23 08:00:00,59.30671296296296,46.568381030203476,58.65856481481482,12.738331932759486,0.6481481481481453
traffic,arima,68,2744,2012-06-23 08:00:00,56.53356481481482,46.568379193916314,58.65856481481482,9.965185620898502,2.125
traffic,arima,69,2744,2012-06-23 08:00:00,58.67443783068783,46.56837770242767,58.65856481481482,12.106060128260161,0.015873015873012264
traffic,arima,70,2744,2012-06-23 08:00:00,62.84143518518518,46.56837649099493,58.65856481481482,16.273058694190254,4.182870370370367
traffic,arima,71,2744,2012-06-23 08:00:00,65.61574074074075,46.56837550703218,58.65856481481482,19.047365233708568,6.957175925925931
traffic,arima,72,2744,2012-06-23 08:00:00,67.52662037037037,46.5683747078275,58.65856481481482,20.958245662542865,8.86805555555555
traffic,arima,1,2768,2012-06-24 08:00:00,67.62268518518518,64.43944580490773,67.21643518518518,3.183239380277442,0.40625
traffic,arima,2,2768,2012-06-24 08:00:00,67.73346560846561,61.4904354052378,67.21643518518518,6.243030203227811,0.5170304232804313
traffic,arima,3,2768,2012-06-24 08:00:00,67.7718253968254,58.94613017437035,67.21643518518518,8.825695222455053,0.5553902116402298
traffic,arima,4,2768,2012-06-24 08:00:00,67.43518518518518,56.8345513948843,67.21643518518518,10.600633790300876,0.21875
traffic,arima,5,2768,2012-06-24 08:00:00,67.94791666666667,55.096734101866765,67.21643518518518,12.851182564799906,0.7314814814814952
traffic,arima,6,2768,2012-06-24 08:00:00,68.38657407407408,53.66918378924421,67.21643518518518,14.717390284829868,1.1701388888889
traffic,arima,7,2768,2012-06-24 08:00:00,68.53935185185185,52.496994816390774,67.21643518518518,16.042357035461073,1.3229166666666714
traffic,arima,8,2768,2012-06-24 08:00:00,68.13260582010582,51.534577855532746,67.21643518518518,16.598027964573077,0.9161706349206469
traffic,arima,9,2768,2012-06-24 08:00:00,67.70717592592592,50.744409173505176,67.21643518518518,16.962766752420748,0.4907407407407476
traffic,arima,10,2768,2012-06-24 08:00:00,68.51041666666667,50.09566373150829,67.21643518518518,18.414752935158383,1.2939814814814952
traffic,arima,11,2768,2012-06-24 08:00:00,68.54976851851852,49.56303036405813,67.21643518518518,18.98673815446039,1.3333333333333428
traffic,arima,12,2768,2012-06-24 08:00:00,67.63723544973546,49.12572750395438,67.21643518518518,18.511507945781077,0.4208002645502802
traffic,arima,13,2768,2012-06-24 08:00:00,67.59573412698413,48.76669295403455,67.21643518518518,18.829041172949573,0.3792989417989503
traffic,arima,14,2768,2012-06-24 08:00:00,67.62681878306879,48.471918283501424,67.21643518518518,19.15490049956736,0.4103835978836088
traffic,arima,15,2768,2012-06-24 08:00:00,67.21875,48.22990228204194,67.21643518518518,18.98884771795806,0.0023148148148237624
traffic,arima,16,2768,2012-06-24 08:00:00,66.0011574074074,48.03120222134242,67.21643518518518,17.969955186064986,1.2152777777777715
traffic,arima,17,2768,2012-06-24 08:00:00,16.323247354497354,47.86806542923514,67.21643518518518,31.544818074737783,50.89318783068782
traffic,arima,18,2768,2012-06-24 08:00:00,64.26851851851852,47.73412680413071,67.21643518518518,16.53439171438781,2.947916666666657
traffic,arima,19,2768,2012-06-24 08:00:00,62.34606481481482,47.62416046813125,67.21643518518518,14.721904346683566,4.87037037037036
traffic,arima,20,2768,2012-06-24 08:00:00,59.53009259259259,47.533875869168845,67.21643518518518,11.996216723423743,7.686342592592588
traffic,arima,21,2768,2012-06-24 08:00:00,61.7974537037037,47.4597503767105,67.21643518518518,14.3377033269932,5.418981481481474
traffic,arima,22,2768,2012-06-24 08:00:00,64.74537037037037,47.39889183942577,67.21643518518518,17.346478530944594,2.4710648148148096
traffic,arima,23,2768,2012-06-24 08:00:00,66.18766534391534,47.34892574223567,67.21643518518518,18.83873960167967,1.0287698412698347
traffic,arima,24,2768,2012-06-24 08:00:00,67.00231481481482,47.30790255995428,67.21643518518518,19.694412254860545,0.21412037037035248
traffic,arima,25,2768,2012-06-24 08:00:00,66.07523148148148,47.27422169274367,67.21643518518518,18.801009788737808,1.1412037037036953
traffic,arima,26,2768,2012-06-24 08:00:00,64.42113095238095,47.246569015575,67.21643518518518,17.17456193680595,2.7953042328042272
traffic,arima,27,2768,2012-06-24 08:00:00,63.44295634920635,47.22386560506561,67.21643518518518,16.219090744140736,3.7734788359788283
traffic,arima,28,2768,2012-06-24 08:00:00,62.38773148148149,47.2052256431692,67.21643518518518,15.182505838312288,4.828703703703688
traffic,arima,29,2768,2012-06-24 08:00:00,62.7010582010582,47.189921855249054,67.21643518518518,15.511136345809149,4.5153769841269735
traffic,arima,30,2768,2012-06-24 08:00:00,64.06018518518518,47.17735713403308,67.21643518518518,16.882828051152096,3.15625
traffic,arima,31,2768,2012-06-24 08:00:00,65.19146825396825,47.167041242303604,67.21643518518518,18.02442701166465,2.024966931216923
traffic,arima,32,2768,2012-06-24 08:00:00,66.50347222222221,47.15857168533173,67.21643518518518,19.344900536890485,0.7129629629629619
traffic,arima,33,2768,2012-06-24 08:00:00,64.86309523809524,47.15161800675688,67.21643518518518,17.711477231338364,2.3533399470899354
traffic,arima,34,2768,2012-06-24 08:00:00,42.70717592592592,47.14590889518435,67.21643518518518,4.438732969258432,24.50925925925926
traffic,arima,35,2768,2012-06-24 08:00:00,29.31365740740741,47.14122159843964,67.21643518518518,17.827564191032234,37.90277777777777
traffic,arima,36,2768,2012-06-24 08:00:00,66.83796296296296,47.137373232455936,67.21643518518518,19.700589730507026,0.3784722222222143
traffic,arima,37,2768,2012-06-24 08:00:00,67.68716931216932,47.13421364569384,67.21643518518518,20.552955666475476,0.47073412698414074
traffic,arima,38,2768,2012-06-24 08:00:00,67.07754629629629,47.131619560684925,67.21643518518518,19.945926735611366,0.13888888888888573
traffic,arima,39,2768,2012-06-24 08:00:00,65.94411375661376,47.129489764119675,67.21643518518518,18.814623992494084,1.2723214285714164
traffic,arima,40,2768,2012-06-24 08:00:00,63.25925925925926,47.12774115781196,67.21643518518518,16.1315181014473,3.9571759259259167
traffic,arima,41,2768,2012-06-24 08:00:00,62.63773148148149,47.12630551646045,67.21643518518518,15.51142596502104,4.578703703703688
traffic,arima,42,2768,2012-06-24 08:00:00,61.420138888888886,47.125126825704804,67.21643518518518,14.295012063184082,5.7962962962962905
traffic,arima,43,2768,2012-06-24 08:00:00,59.30671296296296,47.12415909661565,67.21643518518518,12.182553866347313,7.909722222222214
traffic,arima,44,2768,2012-06-24 08:00:00,56.53356481481482,47.1233645713464,67.21643518518518,9.410200243468417,10.68287037037036
traffic,arima,45,2768,2012-06-24 08:00:00,58.67443783068783,47.12271224993687,67.21643518518518,11.551725580750961,8.541997354497347
traffic,arima,46,2768,2012-06-24 08:00:00,62.84143518518518,47.12217668078911,67.21643518518518,15.719258504396073,4.374999999999993
traffic,arima,47,2768,2012-06-24 08:00:00,65.61574074074075,47.12173696762341,67.21643518518518,18.494003773117335,1.6006944444444287
traffic,arima,48,2768,2012-06-24 08:00:00,67.52662037037037,47.12137595416905,67.21643518518518,20.40524441620132,0.31018518518519045
traffic,arima,49,2768,2012-06-24 08:00:00,66.16170634920634,47.12107955477871,67.21643518518518,19.04062679442763,1.0547288359788354
traffic,arima,50,2768,2012-06-24 08:00:00,64.11904761904762,47.120836204849425,67.21643518518518,16.998211414198195,3.097387566137556
traffic,arima,51,2768,2012-06-24 08:00:00,63.00925925925926,47.12063640960688,67.21643518518518,15.888622849652378,4.207175925925917
traffic,arima,52,2768,2012-06-24 08:00:00,62.666832010582006,47.120472373648205,67.21643518518518,15.5463596369338,4.54960317460317
traffic,arima,53,2768,2012-06-24 08:00:00,64.94444444444444,47.12033769678905,67.21643518518518,17.824106747655392,2.2719907407407334
traffic,arima,54,2768,2012-06-24 08:00:00,64.47453703703704,47.120227124347885,67.21643518518518,17.354309912689153,2.741898148148138
traffic,arima,55,2768,2012-06-24 08:00:00,65.04166666666667,47.12013634212425,67.21643518518518,17.921530324542424,2.174768518518505
traffic,arima,56,2768,2012-06-24 08:00:00,65.8113425925926,47.12006180807181,67.21643518518518,18.691280784520785,1.405092592592581
traffic,arima,57,2768,2012-06-24 08:00:00,65.93088624338624,47.120000614098466,67.21643518518518,18.810885629287775,1.285548941798936
traffic,arima,58,2768,2012-06-24 08:00:00,27.707175925925927,47.11995037260145,67.21643518518518,19.412774446675524,39.50925925925925
traffic,arima,59,2768,2012-06-24 08:00:00,17.43700396825397,47.119909123310315,67.21643518518518,29.682905155056346,49.77943121693121
traffic,arima,60,2768,2012-06-24 08:00:00,49.15393518518518,47.11987525680313,67.21643518518518,2.0340599283820566,18.062499999999993
traffic,arima,61,2768,2012-06-24 08:00:00,66.5737433862434,47.11984745171176,67.21643518518518,19.45389593453163,0.6426917989417831
traffic,arima,62,2768,2012-06-24 08:00:00,66.60416666666667,47.1198246231661,67.21643518518518,19.48434204350057,0.6122685185185048
traffic,arima,63,2768,2012-06-24 08:00:00,66.27546296296296,47.1198058804657,67.21643518518518,19.155657082497264,0.9409722222222143
traffic,arima,64,2768,2012-06-24 08:00:00,65.16898148148148,47.11979049232737,67.21643518518518,18.049190989154113,2.0474537037036953
traffic,arima,65,2768,2012-06-24 08:00:00,63.2662037037037,47.119777858352755,67.21643518518518,16.146425845350947,3.950231481481474
traffic,arima,66,2768,2012-06-24 08:00:00,62.02662037037037,47.11976748560258,67.21643518518518,14.906852884767787,5.1898148148148096
traffic,arima,67,2768,2012-06-24 08:00:00,58.61342592592592,47.119758969363666,67.21643518518518,11.493666956562251,8.60300925925926
traffic,arima,68,2768,2012-06-24 08:00:00,58.11111111111112,47.11975197735826,67.21643518518518,10.991359133752859,9.105324074074055
traffic,arima,69,2768,2012-06-24 08:00:00,61.57820767195767,47.11974623677959,67.21643518518518,14.45846143517808,5.6382275132275055
traffic,arima,70,2768,2012-06-24 08:00:00,63.47569444444445,47.11974152364771,67.21643518518518,16.35595292079674,3.7407407407407263
traffic,arima,71,2768,2012-06-24 08:00:00,65.71527777777779,47.11973765407056,67.21643518518518,18.595540123707224,1.5011574074073906
traffic,arima,72,2768,2012-06-24 08:00:00,67.65310846560847,47.119734477068995,67.21643518518518,20.533373988539473,0.43667328042329245
