domain,model,horizon,n_origins_x,mae_model,mae_baseline,skill,n_origins_y,dm_stat,p_value,p_value_bh,significant_bh,h_relax,h_strict,h_start,h_end,n_sign_changes
pm25,extratrees,1,365,16.319068493150688,15.073972602739726,-0.0825990548891313,365,-2.4674010510875983,0.0140692013261882,0.0361779462673412,True,48,26,23,48,3
pm25,extratrees,2,365,27.36372602739726,23.71780821917808,-0.1537206884602056,365,-3.325195499359093,0.000973446792474,0.0063716517325572,True,48,26,23,48,3
pm25,extratrees,3,365,35.58909589041096,32.06849315068493,-0.1097838530542503,365,-2.7597727215708083,0.0060766584624216,0.022020092263502,True,48,26,23,48,3
pm25,extratrees,4,365,42.25375342465754,37.394520547945206,-0.1299450509194815,365,-2.37231605057804,0.0181961716392389,0.044410995187295,True,48,26,23,48,3
pm25,extratrees,5,365,46.554575342465746,40.95890410958904,-0.1366167224080265,365,-2.738517921891217,0.0064750759384406,0.0227417301252549,True,48,26,23,48,3
pm25,extratrees,6,365,51.891397260273976,46.605479452054794,-0.1134183763447183,365,-2.5714058085433016,0.0105249781604841,0.0311505684943156,True,48,26,23,48,3
pm25,extratrees,7,365,52.58164383561644,46.21917808219178,-0.137658565500889,365,-3.2472794900195443,0.0012733677379639,0.0076402064277836,True,48,26,23,48,3
pm25,extratrees,8,365,53.965041095890406,49.18630136986302,-0.0971559070907368,365,-2.152616331769847,0.0320055976320075,0.0709047086001396,False,48,26,23,48,3
pm25,extratrees,9,365,53.6345205479452,49.86027397260274,-0.0756964668388371,365,-1.3044749859636433,0.1928958619997569,0.3086333791996111,False,48,26,23,48,3
pm25,extratrees,10,365,55.56997260273973,51.42465753424658,-0.0806094832179009,365,-1.3197055355633236,0.1877627522978902,0.3037959138302942,False,48,26,23,48,3
pm25,extratrees,11,365,58.59797260273973,54.37534246575343,-0.0776570766362674,365,-1.5449656700857075,0.1232234935467979,0.2218022883842363,False,48,26,23,48,3
pm25,extratrees,12,365,60.2733698630137,59.14794520547945,-0.0190272824123396,365,-0.4491670255078455,0.6535784820611301,0.7352757923187714,False,48,26,23,48,3
pm25,extratrees,13,365,59.52871232876712,61.07671232876712,0.0253451756156641,365,0.6556024108568145,0.5124941164175627,0.6361995927942158,False,48,26,23,48,3
pm25,extratrees,14,365,60.24641095890411,61.87397260273973,0.0263044633368757,365,0.6681134711778975,0.5044845740897055,0.6361995927942158,False,48,26,23,48,3
pm25,extratrees,15,365,62.55495890410959,63.21917808219178,0.0105066088840736,365,0.2799422039407401,0.7796808620049434,0.8195185702825681,False,48,26,23,48,3
pm25,extratrees,16,365,62.124273972602744,63.56986301369863,0.0227401629099684,365,0.6064592321837271,0.5445878794054559,0.6589970977679467,False,48,26,23,48,3
pm25,extratrees,17,365,63.7507397260274,64.31506849315069,0.0087744408945688,365,0.2807439817613342,0.7790662731472411,0.8195185702825681,False,48,26,23,48,3
pm25,extratrees,18,365,64.64657534246575,65.57534246575342,0.0141633590975558,365,0.4663742811262369,0.641226597939109,0.7352757923187714,False,48,26,23,48,3
pm25,extratrees,19,365,65.50564383561643,66.64383561643835,0.0170787255909559,365,0.412519687794626,0.6802014092780697,0.7514157884505716,False,48,26,23,48,3
pm25,extratrees,20,365,66.50997260273972,67.72054794520548,0.0178760417509508,365,0.5226834763318164,0.601512519205154,0.7088289376754485,False,48,26,23,48,3
pm25,extratrees,21,365,70.69616438356165,69.61643835616438,-0.0155096418732783,365,-0.3172164928390475,0.7512612065286772,0.8013452869639224,False,48,26,23,48,3
pm25,extratrees,22,365,73.25890410958904,73.07123287671233,-0.0025683326459449,365,-0.0492817932704532,0.9607217584606969,0.9674400924359464,False,48,26,23,48,3
pm25,extratrees,23,365,74.12043835616439,75.97534246575343,0.0244145541091197,365,0.521510247248286,0.6023285246847192,0.7088289376754485,False,48,26,23,48,3
pm25,extratrees,24,365,76.41435616438356,78.47123287671234,0.0262118567139166,365,0.6255050039208023,0.5320316300293813,0.6492589383409398,False,48,26,23,48,3
pm25,extratrees,25,365,78.67950684931508,80.1917808219178,0.0188582166040313,365,0.5170173480683875,0.6054580509311123,0.7088289376754485,False,48,26,23,48,3
pm25,extratrees,26,365,79.80471232876714,82.17534246575343,0.0288484363539373,365,0.6397164167252792,0.5227593945034656,0.6433961778504192,False,48,26,23,48,3
pm25,extratrees,27,365,82.14761643835617,85.23287671232876,0.036198007071681,365,0.8509679737089609,0.3953465860360374,0.5271287813813833,False,48,26,23,48,3
pm25,extratrees,28,365,84.54328767123287,85.55890410958904,0.0118703768932721,365,0.3999095943112636,0.6894576757506732,0.7514157884505716,False,48,26,23,48,3
pm25,extratrees,29,365,80.95101369863015,84.18904109589042,0.0384613882651566,365,1.0841671871748493,0.2790082505286739,0.4141978152178252,False,48,26,23,48,3
pm25,extratrees,30,365,82.1372602739726,86.15068493150685,0.0465861027190331,365,1.0694379453354916,0.2855810342179616,0.416138180388926,False,48,26,23,48,3
pm25,extratrees,31,365,79.96893150684932,84.33698630136986,0.0517928726894714,365,0.9441439061445036,0.3457223666865199,0.4786925077197967,False,48,26,23,48,3
pm25,extratrees,32,365,77.08378082191781,81.99178082191781,0.0598596585023557,365,1.3288078858950536,0.1847437346033633,0.3023079293509582,False,48,26,23,48,3
pm25,extratrees,33,365,76.5933698630137,80.25753424657535,0.0456550829521403,365,1.1027892766945968,0.270847256775566,0.41408448990918,False,48,26,23,48,3
pm25,extratrees,34,365,74.83835616438355,80.07945205479452,0.0654486982106812,365,1.6528068946810364,0.0992323838815698,0.1855774451811176,False,48,26,23,48,3
pm25,extratrees,35,365,76.35901369863014,81.61917808219178,0.0644476519754287,365,1.7463568628743966,0.0815925148756171,0.160949618384779,False,48,26,23,48,3
pm25,extratrees,36,365,77.13446575342466,82.88493150684931,0.0693789045714473,365,1.9643981247377915,0.0502443814359747,0.1063998665702995,False,48,26,23,48,3
pm25,extratrees,37,365,75.83676712328767,82.56712328767124,0.0815137538573846,365,6.000500356356913,4.753543558777551e-09,9.778718178056677e-08,True,48,26,23,48,3
pm25,extratrees,38,365,74.64509589041096,82.34794520547945,0.0935402734803872,365,6.516319804643945,2.402698040526729e-10,8.649712945896226e-09,True,48,26,23,48,3
pm25,extratrees,39,365,74.44745205479452,83.1041095890411,0.1041664194112023,365,3.695172176675983,0.0002534979963746,0.0018251855738974,True,48,26,23,48,3
pm25,extratrees,40,365,74.90608219178083,83.4876712328767,0.1027886981918418,365,2.9729837956625267,0.0031455417062604,0.0161770716321966,True,48,26,23,48,3
pm25,extratrees,41,365,76.32767123287671,83.66575342465754,0.0877071189992796,365,2.5358554290965416,0.0116348279828446,0.0316116081043326,True,48,26,23,48,3
pm25,extratrees,42,365,74.78460273972603,84.36712328767123,0.1135812171202182,365,3.966056632156923,8.799943383830389e-05,0.0007454069689832,True,48,26,23,48,3
pm25,extratrees,43,365,78.50745205479453,86.1972602739726,0.0892117475049265,365,2.821787250633755,0.0050377117882616,0.0202075556641396,True,48,26,23,48,3
pm25,extratrees,44,365,78.33528767123288,88.46849315068494,0.1145402743798582,365,2.6566355587293256,0.0082398797094254,0.02648770111361,True,48,26,23,48,3
pm25,extratrees,45,365,81.0410410958904,89.62191780821918,0.0957452922474934,365,3.2901399726145053,0.0010991789130547,0.0068818158034733,True,48,26,23,48,3
pm25,extratrees,46,365,82.64756164383562,91.03561643835616,0.0921403635488141,365,2.143388447336424,0.0327442024976254,0.0714418963584555,False,48,26,23,48,3
pm25,extratrees,47,365,83.2196712328767,92.43013698630136,0.0996478643625693,365,2.4032740582257888,0.0167486109148062,0.0423122802058264,True,48,26,23,48,3
pm25,extratrees,48,365,85.3718904109589,94.34794520547943,0.0951377878444696,365,4.017744122763776,7.141525139253702e-05,0.0006427372625328,True,48,26,23,48,3
pm25,knn,1,365,22.32164383561644,15.073972602739726,-0.4808069792802618,365,-7.814773613757607,5.972999872483342e-14,5.554889881409508e-12,True,48,16,33,48,3
pm25,knn,2,365,31.853698630136986,23.71780821917808,-0.3430287628508721,365,-6.475407666560309,3.0652236304717917e-10,1.4253289881693833e-08,True,48,16,33,48,3
pm25,knn,3,365,39.658630136986304,32.06849315068493,-0.2366851772746692,365,-4.398883190695641,1.4308082125769062e-05,0.000166331454712,True,48,16,33,48,3
pm25,knn,4,365,47.584109589041105,37.394520547945206,-0.2724888270202947,365,-4.132313661503336,4.460183516630245e-05,0.0003698794961336,True,48,16,33,48,3
pm25,knn,5,365,51.85589041095891,40.95890410958904,-0.266046822742475,365,-3.9693682351844455,8.683569687040205e-05,0.0004750423417027,True,48,16,33,48,3
pm25,knn,6,365,56.80383561643836,46.605479452054794,-0.2188231144553525,365,-3.819301386170196,0.0001572962509386,0.0008126972965162,True,48,16,33,48,3
pm25,knn,7,365,56.724383561643826,46.21917808219178,-0.2272910491997626,365,-3.9697886071736375,8.668902175479332e-05,0.0004750423417027,True,48,16,33,48,3
pm25,knn,8,365,60.09917808219177,49.18630136986302,-0.2218682114409844,365,-4.057533453480708,6.071891950654162e-05,0.0004343738087775,True,48,16,33,48,3
pm25,knn,9,365,59.54849315068493,49.86027397260274,-0.1943073795263477,365,-3.087253397168689,0.002175069026771,0.0077800545957578,True,48,16,33,48,3
pm25,knn,10,365,60.050958904109585,51.42465753424658,-0.1677464038359082,365,-2.780345019704382,0.0057122877629027,0.0166013363109362,True,48,16,33,48,3
pm25,knn,11,365,63.851506849315065,54.37534246575343,-0.1742731899027558,365,-2.759177758735722,0.0060875022719435,0.0171556882209318,True,48,16,33,48,3
pm25,knn,12,365,67.41698630136986,59.14794520547945,-0.1398026772893603,365,-2.856758801883859,0.0045256439361585,0.0141993637918169,True,48,16,33,48,3
pm25,knn,13,365,66.79068493150685,61.07671232876712,-0.0935540304131341,365,-1.9157390692329304,0.056181454106472,0.1215087263232999,False,48,16,33,48,3
pm25,knn,14,365,66.01041095890412,61.87397260273973,-0.066852639036486,365,-1.2577888782365578,0.2092744163109459,0.3463537172824109,False,48,16,33,48,3
pm25,knn,15,365,67.10684931506849,63.21917808219178,-0.061495124593716,365,-1.1492841981107496,0.2511934081114744,0.3638500290362497,False,48,16,33,48,3
pm25,knn,16,365,67.86575342465754,63.56986301369863,-0.0675774684308063,365,-1.352404518786187,0.1770855078583166,0.2994354951058809,False,48,16,33,48,3
pm25,knn,17,365,67.84054794520547,64.31506849315069,-0.0548157614483491,365,-1.132389388828491,0.2582161496386288,0.3638500290362497,False,48,16,33,48,3
pm25,knn,18,365,68.94575342465754,65.57534246575342,-0.0513975349905997,365,-1.2437584496496497,0.214388863771652,0.3463537172824109,False,48,16,33,48,3
pm25,knn,19,365,70.49917808219178,66.64383561643835,-0.0578499486125385,365,-1.5456704287897425,0.123053118280682,0.2306847242781085,False,48,16,33,48,3
pm25,knn,20,365,72.78575342465753,67.72054794520548,-0.0747956954446151,365,-1.6867905729284909,0.0925003930104604,0.1830326925526132,False,48,16,33,48,3
pm25,knn,21,365,77.32657534246574,69.61643835616438,-0.1107516725698543,365,-3.500961961079872,0.0005211583417576,0.0023079869420698,True,48,16,33,48,3
pm25,knn,22,365,80.86575342465754,73.07123287671233,-0.1066701660980091,365,-3.4399312141526424,0.0006493442211228,0.0027225480456324,True,48,16,33,48,3
pm25,knn,23,365,83.02520547945204,75.97534246575343,-0.0927914608200206,365,-2.9767284092121016,0.0031082922057028,0.0103239705403702,True,48,16,33,48,3
pm25,knn,24,365,85.2745205479452,78.47123287671234,-0.0866978562949514,365,-3.0442440688367216,0.0025023461713598,0.0086191923680171,True,48,16,33,48,3
pm25,knn,25,365,87.63835616438357,80.1917808219178,-0.0928595831909806,365,-3.0928044787927544,0.0021358274468565,0.0077800545957578,True,48,16,33,48,3
pm25,knn,26,365,87.58465753424657,82.17534246575343,-0.0658264986330599,365,-1.659289717017855,0.0979187204946976,0.1897175209584766,False,48,16,33,48,3
pm25,knn,27,365,87.73808219178082,85.23287671232876,-0.0293924783027965,365,-0.653305348912557,0.5139718884424871,0.6050555142424215,False,48,16,33,48,3
pm25,knn,28,365,88.04657534246576,85.55890410958904,-0.0290755387620482,365,-0.9568716873425024,0.339267102301505,0.438220007139444,False,48,16,33,48,3
pm25,knn,29,365,84.15342465753425,84.18904109589042,0.0004230531419832,365,0.0105184380753594,0.9916134178191722,0.9916134178191722,False,48,16,33,48,3
pm25,knn,30,365,86.06739726027396,86.15068493150685,0.0009667673716012,365,0.032208392494793,0.974323516591352,0.9849139895977798,False,48,16,33,48,3
pm25,knn,31,365,83.98410958904108,84.33698630136986,0.0041841276028978,365,0.0929033621965745,0.9260314460453816,0.956899160913561,False,48,16,33,48,3
pm25,knn,32,365,82.14520547945206,81.99178082191781,-0.0018712199685901,365,-0.059382592868907,0.9526799649535472,0.9736179861613176,False,48,16,33,48,3
pm25,knn,33,365,79.00328767123288,80.25753424657535,0.0156277736055164,365,0.5478005198053254,0.5841646322179497,0.6625281804423088,False,48,16,33,48,3
pm25,knn,34,365,78.27835616438355,80.07945205479452,0.0224913613192377,365,0.908371324096372,0.3642830828822054,0.4640866672334946,False,48,16,33,48,3
pm25,knn,35,365,79.39780821917809,81.61917808219178,0.0272162733711522,365,,,,False,48,16,33,48,3
pm25,knn,36,365,80.27890410958904,82.88493150684931,0.0314415099328992,365,,,,False,48,16,33,48,3
pm25,knn,37,365,78.76273972602739,82.56712328767124,0.046076251783522,365,,,,False,48,16,33,48,3
pm25,knn,38,365,77.666301369863,82.34794520547945,0.0568519812356522,365,2.422796795642199,0.01588883878523,0.0418135325444595,True,48,16,33,48,3
pm25,knn,39,365,78.67890410958904,83.1041095890411,0.0532489368015033,365,1.1055042345413948,0.2696713083459527,0.3688151717084353,False,48,16,33,48,3
pm25,knn,40,365,77.24383561643836,83.4876712328767,0.0747875168181667,365,1.170214787568846,0.2426801409388426,0.3638500290362497,False,48,16,33,48,3
pm25,knn,41,365,78.26246575342466,83.66575342465754,0.0645818324710196,365,1.1086252975880415,0.2683238123494766,0.3688151717084353,False,48,16,33,48,3
pm25,knn,42,365,78.14082191780822,84.36712328767123,0.0738000909268038,365,1.374166058285816,0.170235652623744,0.2987153904529849,False,48,16,33,48,3
pm25,knn,43,365,79.04328767123287,86.1972602739726,0.082995359481279,365,1.2174293940188785,0.2242295368303919,0.3534465580546856,False,48,16,33,48,3
pm25,knn,44,365,80.04931506849314,88.46849315068494,0.095165835681769,365,1.3967533416834874,0.163338758616367,0.2921250875254256,False,48,16,33,48,3
pm25,knn,45,365,80.99835616438357,89.62191780821918,0.0962215700660308,365,1.445418732098201,0.149200671175105,0.2720718121428386,False,48,16,33,48,3
pm25,knn,46,365,81.40328767123287,91.03561643835616,0.1058083543999036,365,1.5416643720709904,0.124024045310811,0.2306847242781085,False,48,16,33,48,3
pm25,knn,47,365,82.66465753424657,92.43013698630136,0.1056525476479829,365,1.7095516486793851,0.0882010695132791,0.1783195535811947,False,48,16,33,48,3
pm25,knn,48,365,84.07013698630138,94.34794520547943,0.1089351569532768,365,1.9757216097234935,0.0489411881149441,0.1083697736830907,False,48,16,33,48,3
pm25,lightgbm,1,365,17.193481112702937,15.073972602739726,-0.1406071621476867,365,-2.9218597240587467,0.0036966440880037,0.0183557499542254,True,48,19,30,48,1
pm25,lightgbm,2,365,26.61655865966939,23.71780821917808,-0.1222183101281422,365,-2.66457100489837,0.0080516669388419,0.02648770111361,True,48,19,30,48,1
pm25,lightgbm,3,365,36.00378292028292,32.06849315068493,-0.1227151444599117,365,-2.8442678277023297,0.0047028402027546,0.019917911446961,True,48,19,30,48,1
pm25,lightgbm,4,365,41.975743155311974,37.394520547945206,-0.1225105320308352,365,-2.5689048378748485,0.0105998462237602,0.0311505684943156,True,48,19,30,48,1
pm25,lightgbm,5,365,46.48712937061238,40.95890410958904,-0.1349700481788307,365,-3.1456449459390936,0.0017936134417091,0.009565938355782,True,48,19,30,48,1
pm25,lightgbm,6,365,53.81866407724618,46.605479452054794,-0.1547711709008792,365,-3.493950914545028,0.0005345774351968,0.0036656738413495,True,48,19,30,48,1
pm25,lightgbm,7,365,52.10174762247713,46.21917808219178,-0.1272755116896355,365,-2.7575809517099263,0.0061166922954172,0.022020092263502,True,48,19,30,48,1
pm25,lightgbm,8,365,55.57660473351638,49.18630136986302,-0.1299203881097019,365,-2.8208657776449604,0.0050518889160349,0.0202075556641396,True,48,19,30,48,1
pm25,lightgbm,9,365,54.251774464638395,49.86027397260274,-0.0880761404249141,365,-1.7324804426320315,0.0840350930102113,0.1635277485604113,False,48,19,30,48,1
pm25,lightgbm,10,365,59.25566273236321,51.42465753424658,-0.152281134646381,365,-2.536722608341877,0.0116065603390269,0.0316116081043326,True,48,19,30,48,1
pm25,lightgbm,11,365,62.19821944051594,54.37534246575343,-0.1438680957216869,365,-2.4914113665462296,0.0131682539123674,0.0344768829705619,True,48,19,30,48,1
pm25,lightgbm,12,365,65.72170454530423,59.14794520547945,-0.1111409587769718,365,-2.345078330544982,0.0195595917458251,0.0469430201899802,True,48,19,30,48,1
pm25,lightgbm,13,365,64.2841763143413,61.07671232876712,-0.0525153346222837,365,-1.0219803242959045,0.3074689406512045,0.438371558948252,False,48,19,30,48,1
pm25,lightgbm,14,365,65.09022580448267,61.87397260273973,-0.0519807128336953,365,-0.9222741413419188,0.3569964901216926,0.4895951864526071,False,48,19,30,48,1
pm25,lightgbm,15,365,66.31896913018043,63.21917808219178,-0.0490324477796688,365,-0.9659035960458856,0.3347337125044058,0.4679772291323732,False,48,19,30,48,1
pm25,lightgbm,16,365,66.84582757954642,63.56986301369863,-0.0515332959761429,365,-1.068295937227051,0.2860949990173866,0.416138180388926,False,48,19,30,48,1
pm25,lightgbm,17,365,67.7172952825548,64.31506849315069,-0.0528993728703941,365,-1.1355058233704691,0.2569105496633443,0.3977969801238881,False,48,19,30,48,1
pm25,lightgbm,18,365,67.62356449244699,65.57534246575342,-0.0312346371315292,365,-0.7055882526254098,0.4808955305116338,0.6128226229528785,False,48,19,30,48,1
pm25,lightgbm,19,365,68.31862556988878,66.64383561643835,-0.0251304556221749,365,-0.4726714298002337,0.6367308939622494,0.7352757923187714,False,48,19,30,48,1
pm25,lightgbm,20,365,68.91731778842617,67.72054794520548,-0.0176721819231149,365,-0.3358068088456173,0.7372100289443231,0.7922257027461382,False,48,19,30,48,1
pm25,lightgbm,21,365,72.65339326999991,69.61643835616438,-0.0436241063970865,365,-0.8348518800169666,0.4043487033521282,0.5341854429606098,False,48,19,30,48,1
pm25,lightgbm,22,365,76.13807919730331,73.07123287671233,-0.0419706387842866,365,-0.7509421289924615,0.4531726688527921,0.5878996785117304,False,48,19,30,48,1
pm25,lightgbm,23,365,77.5409748379563,75.97534246575343,-0.0206071117469275,365,-0.4406324527820726,0.6597406699263084,0.7364547013130884,False,48,19,30,48,1
pm25,lightgbm,24,365,78.59782806318499,78.47123287671234,-0.0016132687334167,365,-0.0339192315745335,0.9729601493612026,0.9729601493612026,False,48,19,30,48,1
pm25,lightgbm,25,365,81.75721615337191,80.1917808219178,-0.0195211443792535,365,-0.3998175105838485,0.6895254425655781,0.7514157884505716,False,48,19,30,48,1
pm25,lightgbm,26,365,82.97788063418291,82.17534246575343,-0.0097661676160818,365,-0.2089175269608205,0.8346294839334107,0.8646521272403679,False,48,19,30,48,1
pm25,lightgbm,27,365,86.99464391425109,85.23287671232876,-0.0206700427097925,365,-0.4533078143379911,0.6505972137408333,0.7352757923187714,False,48,19,30,48,1
pm25,lightgbm,28,365,87.70878760324364,85.55890410958904,-0.0251275249026203,365,-1.097425790549581,0.2731807398706396,0.41408448990918,False,48,19,30,48,1
pm25,lightgbm,29,365,85.53065191764405,84.18904109589042,-0.015935694293341,365,-0.393723158530447,0.694015971277264,0.7514157884505716,False,48,19,30,48,1
pm25,lightgbm,30,365,85.60935337925316,86.15068493150685,0.0062835432206262,365,0.1433115568326139,0.8861234298084146,0.898604041495857,False,48,19,30,48,1
pm25,lightgbm,31,365,83.54552380254628,84.33698630136986,0.0093845243176625,365,0.165718463140207,0.8684705179728223,0.8869486140999036,False,48,19,30,48,1
pm25,lightgbm,32,365,81.14948826851867,81.99178082191781,0.0102728900989303,365,0.212907235022999,0.8315185048241758,0.8646521272403679,False,48,19,30,48,1
pm25,lightgbm,33,365,78.47577741099069,80.25753424657535,0.0222004931039939,365,0.6594140130505528,0.5100469094399975,0.6361995927942158,False,48,19,30,48,1
pm25,lightgbm,34,365,78.79389209296515,80.07945205479452,0.0160535559228067,365,0.4604754832926969,0.6454499312811044,0.7352757923187714,False,48,19,30,48,1
pm25,lightgbm,35,365,79.540641771192,81.61917808219178,0.0254662734891383,365,0.8514886775798307,0.3950577745180119,0.5271287813813833,False,48,19,30,48,1
pm25,lightgbm,36,365,79.5580549488088,82.88493150684931,0.0401384967998144,365,1.0857079700573158,0.2783267082426022,0.4141978152178252,False,48,19,30,48,1
pm25,lightgbm,37,365,77.29195358072955,82.56712328767124,0.0638894695236325,365,2.536951546772108,0.0115991077962809,0.0316116081043326,True,48,19,30,48,1
pm25,lightgbm,38,365,76.34036071592173,82.34794520547945,0.0729536659909028,365,3.18618031998152,0.0015662122499791,0.0090213825598796,True,48,19,30,48,1
pm25,lightgbm,39,365,77.86123473876341,83.1041095890411,0.0630880335064568,365,5.858179074829261,1.0476317369167988e-08,1.831020348674884e-07,True,48,19,30,48,1
pm25,lightgbm,40,365,75.70605205135088,83.4876712328767,0.0932068060662529,365,4.253898802301494,2.674648107858779e-05,0.0002962687134858,True,48,19,30,48,1
pm25,lightgbm,41,365,75.70254498208094,83.66575342465754,0.0951788290503785,365,3.160140223908505,0.0017090082158517,0.0094652762724096,True,48,19,30,48,1
pm25,lightgbm,42,365,77.22332190360231,84.36712328767123,0.0846751803982969,365,2.806144121093102,0.0052833512310939,0.0205622318183114,True,48,19,30,48,1
pm25,lightgbm,43,365,78.8945485193651,86.1972602739726,0.0847209265282479,365,1.8714842350577128,0.0620798758107044,0.1277071730963062,False,48,19,30,48,1
pm25,lightgbm,44,365,80.24346677350769,88.46849315068494,0.0929712498117028,365,2.164574377940955,0.0310698351470783,0.0699071290809263,False,48,19,30,48,1
pm25,lightgbm,45,365,82.37511427633729,89.62191780821918,0.080859723928127,365,2.058776632163432,0.0402267656335519,0.0864575261377833,False,48,19,30,48,1
pm25,lightgbm,46,365,84.79257428925392,91.03561643835616,0.0685780180697699,365,1.3588431484491863,0.1750376899819923,0.2975061051037398,False,48,19,30,48,1
pm25,lightgbm,47,365,86.60451577742408,92.43013698630136,0.0630272917343037,365,1.16540691018766,0.2446174330755484,0.3828794604660758,False,48,19,30,48,1
pm25,lightgbm,48,365,86.89464546160725,94.34794520547943,0.0789980081456964,365,1.6079835953959998,0.1087057601485319,0.2006875571972897,False,48,19,30,48,1
pm25,mlp,1,365,19.104838971839687,15.073972602739726,-0.2674057115088124,365,-6.381460862425949,5.338627317996725e-10,1.4358889577348322e-08,True,48,36,13,48,1
pm25,mlp,2,365,30.185434061316005,23.71780821917808,-0.2726907049070513,365,-6.356620996718435,6.175866484880999e-10,1.4358889577348322e-08,True,48,36,13,48,1
pm25,mlp,3,365,39.63954876240772,32.06849315068493,-0.2360901579050678,365,-5.036667095316115,7.471197631669924e-07,1.1580356329088382e-05,True,48,36,13,48,1
pm25,mlp,4,365,45.63244295823562,37.394520547945206,-0.2202975807572718,365,-4.292645067952886,2.2666718629382743e-05,0.0002172511510817,True,48,36,13,48,1
pm25,mlp,5,365,47.27008094572017,40.95890410958904,-0.1540855883068803,365,-2.852849295790693,0.0045804399328441,0.0141993637918169,True,48,36,13,48,1
pm25,mlp,6,365,52.06814302069979,46.605479452054794,-0.1172107578952104,365,-2.201326275152037,0.028339997666956,0.0712329671088354,False,48,36,13,48,1
pm25,mlp,7,365,51.25334390589809,46.21917808219178,-0.1089194146800713,365,-2.141432997268834,0.032902586052963,0.0788775305706482,False,48,36,13,48,1
pm25,mlp,8,365,54.05594338096068,49.18630136986302,-0.0990040290787415,365,-2.025964831928288,0.0434973671275835,0.0986647595820797,False,48,36,13,48,1
pm25,mlp,9,365,51.047843902987154,49.86027397260274,-0.0238179583817963,365,-0.3960025363581249,0.6923351737365158,0.7400824270976548,False,48,36,13,48,1
pm25,mlp,10,365,52.622717725848666,51.42465753424658,-0.0232973878494813,365,-0.4362635475945565,0.6629041626105687,0.716861478171894,False,48,36,13,48,1
pm25,mlp,11,365,55.69217203616827,54.37534246575343,-0.0242174027914252,365,-0.4454330970365242,0.6562715911313495,0.716861478171894,False,48,36,13,48,1
pm25,mlp,12,365,60.84088499804042,59.14794520547945,-0.0286221235020034,365,-0.6314267230693538,0.528157861140909,0.6139835135763068,False,48,36,13,48,1
pm25,mlp,13,365,59.119632121900544,61.07671232876712,0.032042985489001,365,0.9670635031166884,0.3341543730597498,0.4376951647120666,False,48,36,13,48,1
pm25,mlp,14,365,57.749372575751835,61.87397260273973,0.0666613093274256,365,1.752147043421695,0.0805905568193572,0.1665538174266716,False,48,36,13,48,1
pm25,mlp,15,365,60.308028637889485,63.21917808219178,0.0460485177538607,365,1.0647931894817908,0.2876753354405392,0.3821972313710021,False,48,36,13,48,1
pm25,mlp,16,365,59.56701084946428,63.56986301369863,0.0629677645108622,365,1.2393739239517434,0.2160055441116111,0.3463537172824109,False,48,36,13,48,1
pm25,mlp,17,365,62.551533381246486,64.31506849315069,0.0274202477463273,365,0.5864251877076466,0.5579533013840523,0.6406130497372452,False,48,36,13,48,1
pm25,mlp,18,365,63.62685797307836,65.57534246575342,0.0297136761991392,365,0.6930915523008457,0.4886940803021273,0.5902409021830889,False,48,36,13,48,1
pm25,mlp,19,365,62.615853825484905,66.64383561643835,0.0604404256402059,365,1.0818665792874735,0.2800280099792847,0.377429056928601,False,48,36,13,48,1
pm25,mlp,20,365,64.2570371738896,67.72054794520548,0.0511441634246417,365,1.1338664310910014,0.2575967824155283,0.3638500290362497,False,48,36,13,48,1
pm25,mlp,21,365,68.627479517709,69.61643835616438,0.0142058235354668,365,0.2540514753719921,0.7995992375776333,0.8355362819631449,False,48,36,13,48,1
pm25,mlp,22,365,70.74158105497348,73.07123287671233,0.0318819284966698,365,0.529523422655152,0.59676519835994,0.6686646198490894,False,48,36,13,48,1
pm25,mlp,23,365,73.35897244365248,75.97534246575343,0.0344370941569668,365,0.715820526766717,0.4745611127354945,0.5807129405842236,False,48,36,13,48,1
pm25,mlp,24,365,75.32877084502307,78.47123287671234,0.0400460387391446,365,0.7488852492408073,0.4544100185315338,0.563468422979102,False,48,36,13,48,1
pm25,mlp,25,365,78.28672447679834,80.1917808219178,0.0237562543890879,365,0.3773449687630128,0.706137167218708,0.7462585971743164,False,48,36,13,48,1
pm25,mlp,26,365,78.82892378589722,82.17534246575343,0.0407229051859544,365,0.6646794290199676,0.5066764180719683,0.604114190778116,False,48,36,13,48,1
pm25,mlp,27,365,82.21867534166878,85.23287671232876,0.035364304091639,365,0.7827067951271455,0.434308213553418,0.5458197818982146,False,48,36,13,48,1
pm25,mlp,28,365,83.76374268227015,85.55890410958904,0.0209815850962693,365,0.4967998890691936,0.6196300772026953,0.6860190140458412,False,48,36,13,48,1
pm25,mlp,29,365,79.25586846920018,84.18904109589042,0.0585963750444835,365,1.1324741539279242,0.2581805771238807,0.3638500290362497,False,48,36,13,48,1
pm25,mlp,30,365,80.41285374326607,86.15068493150685,0.0666022701131462,365,1.1566117582449196,0.2481895163466008,0.3638500290362497,False,48,36,13,48,1
pm25,mlp,31,365,78.20301538075208,84.33698630136986,0.072731682617857,365,1.1754696714143258,0.240575150171538,0.3638500290362497,False,48,36,13,48,1
pm25,mlp,32,365,75.76478379703462,81.99178082191781,0.0759466005307035,365,1.356051737166004,0.1759233138552223,0.2994354951058809,False,48,36,13,48,1
pm25,mlp,33,365,71.42990069369449,80.25753424657535,0.1099913377074319,365,2.075524765070976,0.038639681511841,0.0898372595150304,False,48,36,13,48,1
pm25,mlp,34,365,71.38740143649538,80.07945205479452,0.1085428333394636,365,1.8434940191372997,0.0660696352249419,0.1396471835436272,False,48,36,13,48,1
pm25,mlp,35,365,72.54869314003548,81.61917808219178,0.1111317848976888,365,2.139280703174032,0.0330776741102718,0.0788775305706482,False,48,36,13,48,1
pm25,mlp,36,365,72.79036986002085,82.88493150684931,0.1217900704423492,365,2.415948684457116,0.0161858835655972,0.0418135325444595,True,48,36,13,48,1
pm25,mlp,37,365,70.94955735760794,82.56712328767124,0.140704501591834,365,4.115995178381723,4.772638659789053e-05,0.0003698794961336,True,48,36,13,48,1
pm25,mlp,38,365,70.57754203884855,82.34794520547945,0.1429349953694739,365,5.047009562337388,7.103109509465355e-07,1.1580356329088382e-05,True,48,36,13,48,1
pm25,mlp,39,365,69.22144111133312,83.1041095890411,0.167051527852946,365,4.538564238532172,7.706032294940712e-06,0.000102380143347,True,48,36,13,48,1
pm25,mlp,40,365,70.07062049433279,83.4876712328767,0.1607069707468424,365,4.285609887353634,2.336033882599509e-05,0.0002172511510817,True,48,36,13,48,1
pm25,mlp,41,365,70.77553259472451,83.66575342465754,0.1540680661119116,365,3.995855676317104,7.803922239557615e-05,0.0004750423417027,True,48,36,13,48,1
pm25,mlp,42,365,71.72007628901567,84.36712328767123,0.1499049215596961,365,4.026543870891759,6.890576632012646e-05,0.0004577311619836,True,48,36,13,48,1
pm25,mlp,43,365,72.62627995862546,86.1972602739726,0.1574409705391172,365,2.78603259730807,0.005615103688686,0.0166013363109362,True,48,36,13,48,1
pm25,mlp,44,365,72.83269064563,88.46849315068494,0.1767386551777601,365,3.4297845929920285,0.000673318333866,0.0027225480456324,True,48,36,13,48,1
pm25,mlp,45,365,74.7367354008482,89.62191780821918,0.1660886396029104,365,3.537849700028523,0.00045559843036,0.0021185327011741,True,48,36,13,48,1
pm25,mlp,46,365,74.96606881925815,91.03561643835616,0.1765193475674362,365,3.0973921579635757,0.0021038894289344,0.0077800545957578,True,48,36,13,48,1
pm25,mlp,47,365,76.96303959453601,92.43013698630136,0.1673382502295507,365,2.682258196970622,0.0076460004099538,0.0209140599448738,True,48,36,13,48,1
pm25,mlp,48,365,76.65270531331164,94.34794520547943,0.187552997085729,365,3.694083587263186,0.0002545466188366,0.0012459387132529,True,48,36,13,48,1
pm25,ridge,1,365,15.587293854610358,15.073972602739726,-0.0340534818125737,365,-1.48575427717149,0.1382096856332768,0.2397854786890586,False,48,40,9,48,1
pm25,ridge,2,365,24.747886119994963,23.71780821917808,-0.0434305687649487,365,-1.7562926628269433,0.0798793627324219,0.1597587254648438,False,48,40,9,48,1
pm25,ridge,3,365,33.12403912709732,32.06849315068493,-0.0329153593669817,365,-1.3467811071707292,0.178888659987819,0.2975061051037398,False,48,40,9,48,1
pm25,ridge,4,365,38.95989358551561,37.394520547945206,-0.0418610270872004,365,-1.3530726435730305,0.1768721798732533,0.2975061051037398,False,48,40,9,48,1
pm25,ridge,5,365,42.4649326076819,40.95890410958904,-0.0367692576457454,365,-1.0080981745562374,0.3140769870074424,0.4434028051869776,False,48,40,9,48,1
pm25,ridge,6,365,48.37977110027738,46.605479452054794,-0.0380704515667065,365,-1.0237361509541616,0.3066397810251919,0.438371558948252,False,48,40,9,48,1
pm25,ridge,7,365,47.22520847453021,46.21917808219178,-0.0217665141199483,365,-0.571362424090435,0.5681066059354771,0.6817279271225726,False,48,40,9,48,1
pm25,ridge,8,365,49.50256070886942,49.18630136986302,-0.0064298255855474,365,-0.166945987424906,0.8675052500177833,0.8869486140999036,False,48,40,9,48,1
pm25,ridge,9,365,48.34109895309174,49.86027397260274,0.0304686456465473,365,0.7407658359487123,0.459313010749304,0.5905452995348194,False,48,40,9,48,1
pm25,ridge,10,365,50.039857727083536,51.42465753424658,0.026928712286335,365,0.7764541047750905,0.4379851483402668,0.5733623760090765,False,48,40,9,48,1
pm25,ridge,11,365,52.63002817104743,54.37534246575343,0.0320975319981704,365,0.8640503335686394,0.3881292524717727,0.5271287813813833,False,48,40,9,48,1
pm25,ridge,12,365,56.16708465767528,59.14794520547945,0.0503966881258289,365,1.488475749827365,0.1374912960492,0.2397854786890586,False,48,40,9,48,1
pm25,ridge,13,365,56.01346032496728,61.07671232876712,0.0828998780508206,365,2.655072848974424,0.0082774065980031,0.02648770111361,True,48,40,9,48,1
pm25,ridge,14,365,56.18297071968277,61.87397260273973,0.0919773152371496,365,2.864765886563393,0.0044152729447943,0.0196819594499134,True,48,40,9,48,1
pm25,ridge,15,365,57.54155269398146,63.21917808219178,0.0898085922728827,365,2.9049898699259007,0.0038969949353144,0.0187055756895095,True,48,40,9,48,1
pm25,ridge,16,365,57.27958216276402,63.56986301369863,0.0989506749382033,365,2.8578505302142143,0.0045104490406051,0.0196819594499134,True,48,40,9,48,1
pm25,ridge,17,365,58.273888906396266,64.31506849315069,0.0939310138089611,365,2.75964182043968,0.0060790427699484,0.022020092263502,True,48,40,9,48,1
pm25,ridge,18,365,58.93554114616115,65.57534246575342,0.1012545427888522,365,2.538580764822864,0.0115461955155435,0.0316116081043326,True,48,40,9,48,1
pm25,ridge,19,365,61.27696523730055,66.64383561643835,0.0805306346715435,365,1.518827691302098,0.1296739363679557,0.2305314424319213,False,48,40,9,48,1
pm25,ridge,20,365,62.96524094338691,67.72054794520548,0.0702195588503834,365,1.344130647785948,0.1797432718335094,0.2975061051037398,False,48,40,9,48,1
pm25,ridge,21,365,65.39643927811235,69.61643835616438,0.0606178537382522,365,1.2293350603878317,0.2197402680499334,0.3477208637273671,False,48,40,9,48,1
pm25,ridge,22,365,67.54242746250216,73.07123287671233,0.0756632288323164,365,1.575821285761207,0.1159356786766474,0.2113257940435092,False,48,40,9,48,1
pm25,ridge,23,365,70.09116326031237,75.97534246575343,0.0774485380976519,365,1.7078612456913893,0.0885147059651589,0.1677120744603012,False,48,40,9,48,1
pm25,ridge,24,365,71.52397235601303,78.47123287671234,0.0885325776850515,365,1.8779163871054323,0.0611918821457888,0.1277047975216463,False,48,40,9,48,1
pm25,ridge,25,365,73.13248211948836,80.1917808219178,0.0880302024730695,365,1.7147413449218134,0.0872437936704864,0.1675080838473339,False,48,40,9,48,1
pm25,ridge,26,365,74.11558158051824,82.17534246575343,0.0980800401117172,365,1.773774611021135,0.0769364128955578,0.1560400486895821,False,48,40,9,48,1
pm25,ridge,27,365,76.64956439096815,85.23287671232876,0.1007042429217814,365,2.3386571855707285,0.0198937732818913,0.0469623500424976,True,48,40,9,48,1
pm25,ridge,28,365,78.01903173443272,85.55890410958904,0.0881249292943116,365,2.8671237287389046,0.0043832421317078,0.0196819594499134,True,48,40,9,48,1
pm25,ridge,29,365,76.05043753120584,84.18904109589042,0.0966705815714754,365,2.628182945985634,0.0089476442908191,0.0280100169103904,True,48,40,9,48,1
pm25,ridge,30,365,77.6025628984681,86.15068493150685,0.0992229143602844,365,2.3740059647742733,0.0181144029571698,0.044410995187295,True,48,40,9,48,1
pm25,ridge,31,365,75.0511701964946,84.33698630136986,0.1101037221284303,365,2.3125692070364017,0.0213035052833268,0.0486937263618898,True,48,40,9,48,1
pm25,ridge,32,365,73.62882132995539,81.99178082191781,0.1019975344861258,365,2.323066884770643,0.0207260595224085,0.048137944697207,True,48,40,9,48,1
pm25,ridge,33,365,70.9482162222492,80.25753424657535,0.115993072945963,365,2.56934898779002,0.010586515696711,0.0311505684943156,True,48,40,9,48,1
pm25,ridge,34,365,69.93759804061375,80.07945205479452,0.1266473952299421,365,2.513862831742792,0.0123725307172548,0.0329934152460129,True,48,40,9,48,1
pm25,ridge,35,365,70.71339953682573,81.61917808219178,0.1336178432767818,365,2.6960872408936285,0.0073417398300505,0.0251716794173163,True,48,40,9,48,1
pm25,ridge,36,365,69.9931273420804,82.88493150684931,0.1555385753525486,365,4.084345763548212,5.43900070963943e-05,0.0005221440681253,True,48,40,9,48,1
pm25,ridge,37,365,68.35414484329566,82.56712328767124,0.1721384720508705,365,11.663283665651106,0.0,0.0,True,48,40,9,48,1
pm25,ridge,38,365,67.9571228954468,82.34794520547945,0.174756301133244,365,12.465613728011045,0.0,0.0,True,48,40,9,48,1
pm25,ridge,39,365,68.06056186484115,83.1041095890411,0.1810205030604615,365,6.413789001281713,4.413767129562984e-10,1.2711649333141396e-08,True,48,40,9,48,1
pm25,ridge,40,365,67.54272448342559,83.4876712328767,0.1909856451136959,365,8.51179797588796,4.440892098500626e-16,2.1316282072803012e-14,True,48,40,9,48,1
pm25,ridge,41,365,69.07759828787083,83.66575342465754,0.1743623231687454,365,5.842102698329932,1.144387717921802e-08,1.831020348674884e-07,True,48,40,9,48,1
pm25,ridge,42,365,69.7757734175366,84.36712328767123,0.1729506625511184,365,5.028867156286578,7.760934248590701e-07,1.1175745317970609e-05,True,48,40,9,48,1
pm25,ridge,43,365,71.51428153227222,86.1972602739726,0.1703415943271451,365,3.73517147435848,0.0002176708446717,0.0016497158754067,True,48,40,9,48,1
pm25,ridge,44,365,72.28109548761397,88.46849315068494,0.1829735885237652,365,4.380404722187173,1.5510330613865975e-05,0.000203044328036,True,48,40,9,48,1
pm25,ridge,45,365,74.01024446835162,89.62191780821918,0.1741948144121931,365,4.229064305984031,2.972054314831496e-05,0.0003056970152398,True,48,40,9,48,1
pm25,ridge,46,365,74.57701920853219,91.03561643835616,0.1807929453739541,365,3.9094561328299937,0.0001103278064658,0.0008826224517264,True,48,40,9,48,1
pm25,ridge,47,365,75.77833066794392,92.43013698630136,0.1801555949313948,365,4.315562486217488,2.0541125454798248e-05,0.0002464935054575,True,48,40,9,48,1
pm25,ridge,48,365,76.19315284576605,94.34794520547943,0.1924238235414057,365,6.16316507701804,1.892420886662194e-09,4.541810127989265e-08,True,48,40,9,48,1
load,extratrees,1,281,601390.1744456844,568627.189821345,-0.0576176890778528,281,-1.0073826753316453,0.3146206693413742,0.4864488170869016,False,0,0,0,0,0
load,extratrees,2,280,959007.3148730288,864985.1230985677,-0.1086980449301286,280,-1.549251361272768,0.1224548596544516,0.4461747440625806,False,0,0,0,0,0
load,extratrees,3,279,1077172.567674836,984547.1334109964,-0.0940792280232798,279,-1.2731921631893832,0.2040134746527733,0.4461747440625806,False,0,0,0,0,0
load,extratrees,4,278,1164054.60237428,1074526.0677357917,-0.0833190904592386,278,-1.0255775156651556,0.3059855363091577,0.4864488170869016,False,0,0,0,0,0
load,extratrees,5,277,1261108.356615038,1164833.89789752,-0.0826508044548581,277,-1.0149186992769896,0.3110334549329165,0.4864488170869016,False,0,0,0,0,0
load,extratrees,6,276,1354069.8662492945,1235409.0252543804,-0.0960498414446024,276,-1.3588750902527311,0.1752996333951633,0.4461747440625806,False,0,0,0,0,0
load,extratrees,7,275,1471630.0261452254,1303234.7284026914,-0.1292133290132067,275,-1.943013901703486,0.0530385998064355,0.4461747440625806,False,0,0,0,0,0
load,knn,1,281,713753.9376675556,568627.189821345,-0.2552230186034676,281,-3.940754085599032,0.0001026497804987,0.0001796371158728,True,0,0,0,0,0
load,knn,2,280,1049736.142025252,864985.1230985677,-0.2135886664326265,280,-2.577911563091327,0.0104532324430008,0.0120229666770753,True,0,0,0,0,0
load,knn,3,279,1219191.882265747,984547.1334109964,-0.238327593359412,279,-2.767603936767834,0.0060261637447989,0.0084366292427184,True,0,0,0,0,0
load,knn,4,278,1303838.382793954,1074526.0677357917,-0.2134078659825926,278,-2.5867283929531943,0.0101994406384922,0.0120229666770753,True,0,0,0,0,0
load,knn,5,277,1403377.948104377,1164833.89789752,-0.2047880394255521,277,-2.371710565179788,0.0183922557770448,0.0183922557770448,True,0,0,0,0,0
load,knn,6,276,1498734.7556842146,1235409.0252543804,-0.2131486212638065,276,-2.554787927728969,0.0111641833429985,0.0120229666770753,True,0,0,0,0,0
load,knn,7,275,1619917.9309365142,1303234.7284026914,-0.2429978235171535,275,-2.892574897274283,0.0041276367207525,0.0064207682322817,True,0,0,0,0,0
load,lightgbm,1,281,610784.1297840574,568627.189821345,-0.0741381008811019,281,-1.2496686432536144,0.2124641638393241,0.4461747440625806,False,0,0,0,0,0
load,lightgbm,2,280,939586.400771076,864985.1230985677,-0.0862457349616259,280,-1.3463579036525082,0.1792799215141185,0.4461747440625806,False,0,0,0,0,0
load,lightgbm,3,279,1073931.7019278882,984547.1334109964,-0.0907874955739458,279,-1.2639226820826035,0.2073165498472815,0.4461747440625806,False,0,0,0,0,0
load,lightgbm,4,278,1148809.0598767777,1074526.0677357917,-0.0691309353690348,278,-0.8967562906973958,0.3706276701614488,0.4864488170869016,False,0,0,0,0,0
load,lightgbm,5,277,1299475.555465401,1164833.89789752,-0.1155887185382431,277,-1.4261407659737928,0.154957808327844,0.4461747440625806,False,0,0,0,0,0
load,lightgbm,6,276,1380194.1351009896,1235409.0252543804,-0.1171960920528298,276,-1.750002541910933,0.0812331883617776,0.4461747440625806,False,0,0,0,0,0
load,lightgbm,7,275,1520377.0605675683,1303234.7284026914,-0.1666179755898751,275,-2.510155846284143,0.0126444234798428,0.2655328930766998,False,0,0,0,0,0
load,mlp,1,281,22432963.153554957,568627.189821345,-38.45109125119939,281,-113.9985185047898,0.0,0.0,True,0,0,0,0,0
load,mlp,2,280,22447536.27649058,864985.1230985677,-24.95135532051528,280,-67.83542879199008,0.0,0.0,True,0,0,0,0,0
load,mlp,3,279,22467144.375599746,984547.1334109964,-21.819775319198353,279,-53.54207943813495,0.0,0.0,True,0,0,0,0,0
load,mlp,4,278,22488070.534785725,1074526.0677357917,-19.928362010027264,278,-45.90931856570433,0.0,0.0,True,0,0,0,0,0
load,mlp,5,277,22507663.870408542,1164833.89789752,-18.32263811263907,277,-40.74945928513391,0.0,0.0,True,0,0,0,0,0
load,mlp,6,276,22522228.704310633,1235409.0252543804,-17.230584562609238,276,-37.05265227466627,0.0,0.0,True,0,0,0,0,0
load,mlp,7,275,22470210.01586707,1303234.7284026914,-16.24187479519339,275,-32.866531172715405,0.0,0.0,True,0,0,0,0,0
load,ridge,1,281,557528.7769748225,568627.189821345,0.0195179074184079,281,0.8979840661342864,0.3699655477343904,0.4864488170869016,False,7,7,1,7,0
load,ridge,2,280,850197.72511156,864985.1230985677,0.0170955518102277,280,0.4767668153718762,0.6339013765108472,0.7229748419034893,False,7,7,1,7,0
load,ridge,3,279,977545.3852752232,984547.1334109964,0.0071116434126575,279,0.1657697087264013,0.8684586739591797,0.9118816076571388,False,7,7,1,7,0
load,ridge,4,278,1069818.1980838648,1074526.0677357917,0.004381345221198,278,0.0882713229940236,0.9297248132991776,0.9297248132991776,False,7,7,1,7,0
load,ridge,5,277,1142576.720071562,1164833.89789752,0.0191075979726649,277,0.4485335675463339,0.6541200950555379,0.7229748419034893,False,7,7,1,7,0
load,ridge,6,276,1197975.8096323789,1235409.0252543804,0.0303002607693381,276,0.9150198793349958,0.3609828154592807,0.4864488170869016,False,7,7,1,7,0
load,ridge,7,275,1282512.1950453464,1303234.7284026914,0.0159008449557997,275,0.5268229003585772,0.5987428141273075,0.7229748419034893,False,7,7,1,7,0
wind,extratrees,1,352,2.294865340909091,2.289659090909091,-0.002273810114646,352,-0.0817382352067181,0.9349014617766452,0.9349014617766452,False,48,47,2,48,1
wind,extratrees,2,352,2.5544045454545454,2.8569886363636363,0.1059101485591551,352,3.1797027917993743,0.0016054597939603,0.0035567109281582,True,48,47,2,48,1
wind,extratrees,3,352,2.5428494318181816,2.969971590909091,0.1438135504050965,352,3.8498374523734,0.0001404369905715,0.0005185365805718,True,48,47,2,48,1
wind,extratrees,4,352,2.6743835227272728,3.1241761363636367,0.1439715925107528,352,3.870664928028392,0.0001294135906997,0.0005036637043449,True,48,47,2,48,1
wind,extratrees,5,352,2.6026835227272724,3.054090909090909,0.1478041747283823,352,2.9681929468793897,0.0032012635046405,0.0058352144894714,True,48,47,2,48,1
wind,extratrees,6,352,2.6742556818181815,3.2537784090909088,0.1781076196380082,352,3.438069170870968,0.0006562836480674,0.0017500897281799,True,48,47,2,48,1
wind,extratrees,7,352,2.5978068181818186,3.2374431818181817,0.1975745450078097,352,4.465754866692256,1.07712990888853e-05,5.657930311578748e-05,True,48,47,2,48,1
wind,extratrees,8,352,2.687728977272727,3.431988636363636,0.2168595930665695,352,3.444591762386156,0.0006411597759932,0.0017420190140193,True,48,47,2,48,1
wind,extratrees,9,352,2.674609659090909,3.4388068181818183,0.2222274176759249,352,3.474323883019816,0.0005762546476724,0.0016596133852965,True,48,47,2,48,1
wind,extratrees,10,352,2.7161221590909093,3.3134659090909095,0.1802776205909083,352,3.103207928349784,0.0020696978783352,0.0043193694852213,True,48,47,2,48,1
wind,extratrees,11,352,2.758875,3.4072443181818177,0.1902914078459163,352,3.0705473090053124,0.0023032741761601,0.0046079340195271,True,48,47,2,48,1
wind,extratrees,12,352,2.7888647727272726,3.5420738636363636,0.2126463534941169,352,3.301998136973604,0.0010586749603818,0.0025838846490674,True,48,47,2,48,1
wind,extratrees,13,352,2.9506602272727274,3.6944886363636367,0.2013346046783446,352,3.1059059262286746,0.002051413239142,0.0043193694852213,True,48,47,2,48,1
wind,extratrees,14,352,2.993513068181818,3.7011647727272727,0.1911970279626346,352,2.999975695660648,0.0028929464098508,0.005340824141263,True,48,47,2,48,1
wind,extratrees,15,352,2.9916090909090913,3.7579261363636367,0.2039201989733819,352,2.7371705552068275,0.006512500786767,0.0098715801399415,True,48,47,2,48,1
wind,extratrees,16,352,3.113372727272727,3.764375,0.1729376782938131,352,2.077789155673164,0.038455251984945,0.0450207828116429,True,48,47,2,48,1
wind,extratrees,17,352,3.1413130681818178,3.6564204545454544,0.1408775037682781,352,1.693873473520579,0.0911764413740316,0.0979806534168698,False,48,47,2,48,1
wind,extratrees,18,351,3.055388603988604,3.521880341880342,0.132455305861606,351,1.8344245609645864,0.0674397063595553,0.0758696696544997,False,48,47,2,48,1
wind,extratrees,19,351,3.075233618233618,3.5243874643874644,0.1274416762323574,351,1.9104903241945004,0.0568870128723353,0.0645018098709944,False,48,47,2,48,1
wind,extratrees,20,351,3.097558974358974,3.448034188034188,0.1016449357989193,351,1.5576291168866747,0.1202249268240862,0.1254520975555682,False,48,47,2,48,1
wind,extratrees,21,351,3.1735709401709404,3.569344729344729,0.1108813575556334,351,1.783946230794731,0.0752986563578865,0.0827710421033257,False,48,47,2,48,1
wind,extratrees,22,351,3.335156695156695,3.528233618233618,0.0547233953214201,351,1.2899918283175889,0.1979051589141147,0.2021159069761172,False,48,47,2,48,1
wind,extratrees,23,351,3.1107646723646725,3.3898860398860395,0.0823394545530947,351,1.962527329378998,0.050492960518405,0.0581678905172025,False,48,47,2,48,1
wind,extratrees,24,351,2.952733903133903,3.4789458689458685,0.1512561521894013,351,6.361364674170896,6.257594442615755e-10,1.501822666227781e-08,True,48,47,2,48,1
wind,extratrees,25,351,3.094990313390314,3.703105413105413,0.1642176043822462,351,3.389643939459246,0.0007796643397279,0.0020048511593005,True,48,47,2,48,1
wind,extratrees,26,351,3.0071749287749285,3.724472934472934,0.1925904734221175,351,3.564081259692843,0.0004157968410718,0.0013607896616896,True,48,47,2,48,1
wind,extratrees,27,351,3.098034757834758,3.717264957264957,0.1665822066893528,351,4.567632966664704,6.844130921557223e-06,3.790595587324001e-05,True,48,47,2,48,1
wind,extratrees,28,351,2.919079772079771,3.737777777777778,0.2190333546754477,351,4.662668611706322,4.446528828916385e-06,2.820677234183222e-05,True,48,47,2,48,1
wind,extratrees,29,351,3.0022,3.6527920227920223,0.1781081481597028,351,3.6283658339208418,0.0003276901602435,0.0011235091208351,True,48,47,2,48,1
wind,extratrees,30,351,3.0550159544159543,3.7214814814814807,0.1790860791278783,351,2.7087740071457147,0.0070851487082943,0.0105181589071586,True,48,47,2,48,1
wind,extratrees,31,351,2.9366569800569797,3.802165242165242,0.2276356252247933,351,5.041707889481044,7.418038625583989e-07,6.67623476302559e-06,True,48,47,2,48,1
wind,extratrees,32,351,3.0155361823361826,3.8619943019943017,0.2191764289297411,351,3.878645789588041,0.0001254725383279,0.0005018901533118,True,48,47,2,48,1
wind,extratrees,33,351,3.118906552706553,3.807464387464387,0.1808441956869846,351,2.8652249503269487,0.0044188358507504,0.007575147172715,True,48,47,2,48,1
wind,extratrees,34,351,3.0356769230769225,3.634586894586894,0.1647807546992333,351,2.5004297366147217,0.0128610037411716,0.0169906838415478,True,48,47,2,48,1
wind,extratrees,35,351,3.0155982905982905,3.63982905982906,0.1715000234818954,351,2.23141544205852,0.0262864142082428,0.0315436970498914,True,48,47,2,48,1
wind,extratrees,36,351,3.1151179487179483,3.8474074074074074,0.1903332247267558,351,2.7738248960873806,0.0058371262660967,0.0090381309926659,True,48,47,2,48,1
wind,extratrees,37,351,3.227705982905983,4.041566951566952,0.2013726305697911,351,2.6602793909034257,0.0081669200201441,0.0118791563929369,True,48,47,2,48,1
wind,extratrees,38,351,3.2549042735042732,4.277037037037037,0.2389815086195412,351,3.1393942350319857,0.001836935763581,0.0039737375143241,True,48,47,2,48,1
wind,extratrees,39,351,3.114274643874644,4.279259259259259,0.2722397837578727,351,3.030213563084886,0.0026256518765803,0.0050436184054832,True,48,47,2,48,1
wind,extratrees,40,351,3.23091396011396,4.235242165242166,0.2371359572707644,351,2.3451483922356013,0.0195775304639285,0.0245144729287452,True,48,47,2,48,1
wind,extratrees,41,351,3.1688700854700858,4.008404558404559,0.209443548100501,351,2.5918074199100505,0.0099471773422472,0.0135131465781472,True,48,47,2,48,1
wind,extratrees,42,350,3.0873531428571432,3.8541714285714286,0.1989580120982088,350,2.612439811134957,0.009378409935463,0.012912211528437,True,48,47,2,48,1
wind,extratrees,43,350,3.0899108571428573,3.8838,0.2044104080686809,350,3.6413532852970834,0.0003122900316434,0.0010968235257721,True,48,47,2,48,1
wind,extratrees,44,350,3.138775428571428,3.8398857142857143,0.1825862376856455,350,3.096159932428562,0.0021190969918229,0.0043592852403215,True,48,47,2,48,1
wind,extratrees,45,350,3.2520457142857153,3.863971428571429,0.1583670390937523,350,2.227196382139017,0.0265715080428576,0.0316222905634008,True,48,47,2,48,1
wind,extratrees,46,350,3.397634857142857,4.022428571428571,0.1553274851724259,350,2.4763103403297446,0.0137483460046632,0.0178356921141577,True,48,47,2,48,1
wind,extratrees,47,350,3.165351428571429,3.8703428571428566,0.1821521902821453,350,4.994342827369263,9.347149807492628e-07,7.858603513710705e-06,True,48,47,2,48,1
wind,extratrees,48,350,2.9351519999999995,3.904742857142857,0.2483110649320241,350,4.650698786584298,4.701128723638703e-06,2.820677234183222e-05,True,48,47,2,48,1
wind,knn,1,352,2.4467045454545455,2.289659090909091,-0.068589011861631,352,-1.822459605691316,0.069235984917384,0.0739035794061964,False,48,47,2,48,1
wind,knn,2,352,2.695778409090909,2.8569886363636363,0.0564266253007975,352,1.4115446748352702,0.1589698918023787,0.1623885991529675,False,48,47,2,48,1
wind,knn,3,352,2.7184318181818186,2.9699715909090902,0.0846943363018084,352,2.2121947066023684,0.0275966005955321,0.0308633328716693,True,48,47,2,48,1
wind,knn,4,352,2.7989204545454545,3.1241761363636367,0.1041092651699086,352,2.4006756602535773,0.0168847458745144,0.0203044412415047,True,48,47,2,48,1
wind,knn,5,352,2.7625113636363636,3.054090909090909,0.0954717963982736,352,1.756408490750364,0.0798907120474914,0.0834023916979306,False,48,47,2,48,1
wind,knn,6,352,2.832386363636364,3.2537784090909088,0.1295085259270252,352,2.4391289630864854,0.0152175338790518,0.018687861926973,True,48,47,2,48,1
wind,knn,7,352,2.7744829545454546,3.2374431818181817,0.1430018076835324,352,3.037349022901757,0.002565336783207,0.0050779928045977,True,48,47,2,48,1
wind,knn,8,352,2.84021590909091,3.431988636363636,0.1724285217621639,352,2.6961977155685863,0.0073515449043279,0.0107445656294024,True,48,47,2,48,1
wind,knn,9,352,2.843477272727273,3.4388068181818183,0.1731209622788031,352,2.3588582375664755,0.0188786498148016,0.021871606492758,True,48,47,2,48,1
wind,knn,10,352,2.8017102272727277,3.3134659090909095,0.154447245228664,352,2.190059370593,0.0291774796364638,0.0322309368077217,True,48,47,2,48,1
wind,knn,11,352,2.919306818181818,3.4072443181818177,0.1432059031975653,352,2.059398119728885,0.0401932666513573,0.0438891992169994,True,48,47,2,48,1
wind,knn,12,352,2.9896704545454544,3.5420738636363636,0.1559547966410279,352,2.2119371303916955,0.027614560990441,0.0308633328716693,True,48,47,2,48,1
wind,knn,13,352,3.0372386363636363,3.6944886363636367,0.1779001276471403,352,2.376874347584701,0.017995570871339,0.0211059164540396,True,48,47,2,48,1
wind,knn,14,352,2.9655397727272725,3.7011647727272727,0.198754998810264,352,2.746098184831617,0.0063415756791438,0.0097169304761074,True,48,47,2,48,1
wind,knn,15,352,2.937596590909091,3.7579261363636367,0.2182931531082032,352,2.9252063215606445,0.0036661540783187,0.0063324479534596,True,48,47,2,48,1
wind,knn,16,352,2.971693181818182,3.764375,0.2105746154891098,352,2.554068070075116,0.011069029339908,0.0142102403688008,True,48,47,2,48,1
wind,knn,17,352,2.9592670454545456,3.6564204545454544,0.1906655478377076,352,2.390107939837738,0.0173702637822974,0.0206271882414782,True,48,47,2,48,1
wind,knn,18,351,2.8730997150997157,3.521880341880342,0.1842142730023134,351,2.6402822116351263,0.0086546612367217,0.0119158379346169,True,48,47,2,48,1
wind,knn,19,351,2.933823361823362,3.5243874643874644,0.1675650332239342,351,2.9324002611634774,0.0035849311704243,0.0063068233553761,True,48,47,2,48,1
wind,knn,20,351,2.983527065527065,3.448034188034188,0.1347165071968008,351,1.978538477607806,0.0486516376440315,0.0525216542748068,False,48,47,2,48,1
wind,knn,21,351,3.2109116809116807,3.569344729344729,0.1004198461096389,351,1.7800146227300444,0.0759410593112774,0.0801600070507928,False,48,47,2,48,1
wind,knn,22,351,3.3517264957264956,3.528233618233618,0.050027050815158,351,1.362304301944803,0.1739778932780495,0.1758287219299437,False,48,47,2,48,1
wind,knn,23,351,3.131076923076923,3.3898860398860395,0.0763474387527838,351,1.6724962849802594,0.0953201081574897,0.0984283725539295,False,48,47,2,48,1
wind,knn,24,351,3.018957264957265,3.4789458689458685,0.1322206844592214,351,5.41444918363049,1.144294932142742e-07,1.811800309226008e-06,True,48,47,2,48,1
wind,knn,25,351,3.23394301994302,3.703105413105413,0.1266943121581177,351,4.302597335768765,2.1931772701933028e-05,0.0001302199004177,True,48,47,2,48,1
wind,knn,26,351,3.1538632478632476,3.724472934472934,0.1532054861583887,351,3.556856105074663,0.0004269829685032,0.0013084961938004,True,48,47,2,48,1
wind,knn,27,351,3.1936809116809117,3.717264957264958,0.1408519574481133,351,4.65786403013139,4.545323321725192e-06,3.566154671657679e-05,True,48,47,2,48,1
wind,knn,28,351,3.0972934472934477,3.737777777777778,0.1713543095826092,351,2.893413926612132,0.0040494654165899,0.0067491090276498,True,48,47,2,48,1
wind,knn,29,351,3.0736182336182334,3.6527920227920223,0.1585564646330715,351,3.529183378437596,0.0004724899117951,0.0014027044256418,True,48,47,2,48,1
wind,knn,30,351,3.0616296296296297,3.7214814814814807,0.177308917197452,351,2.4887569443281703,0.0132832408437502,0.0166149151350306,True,48,47,2,48,1
wind,knn,31,351,2.981025641025641,3.802165242165242,0.2159663109938856,351,5.432910720896822,1.040270873886584e-07,1.811800309226008e-06,True,48,47,2,48,1
wind,knn,32,351,3.15814245014245,3.8619943019943017,0.1822508778659741,351,3.4650185356422987,0.0005960708509529,0.0016654920835449,True,48,47,2,48,1
wind,knn,33,351,3.120524216524217,3.807464387464387,0.1804193292527798,351,3.095218613899269,0.0021251878129429,0.0045884736870358,True,48,47,2,48,1
wind,knn,34,351,3.050091168091168,3.6345868945868944,0.1608148995876902,351,2.603853951149454,0.00961078812304,0.0128595052350536,True,48,47,2,48,1
wind,knn,35,351,3.079641025641026,3.63982905982906,0.1539050392147655,351,2.32116293960661,0.0208519250037924,0.023866661148919,True,48,47,2,48,1
wind,knn,36,351,3.1722222222222225,3.8474074074074074,0.17549095109742,351,2.659522767456438,0.0081849150750128,0.0114348078253855,True,48,47,2,48,1
wind,knn,37,351,3.224421652421652,4.041566951566952,0.2021852684708056,351,3.4554357740567165,0.0006169337287464,0.0016745344065976,True,48,47,2,48,1
wind,knn,38,351,3.215441595441595,4.277037037037037,0.2482081479310438,351,4.036166293713609,6.677022492018736e-05,0.0002883259712462,True,48,47,2,48,1
wind,knn,39,351,3.104358974358975,4.279259259259259,0.2745569300009319,351,3.37346520025506,0.0008254027095633,0.0020105963438081,True,48,47,2,48,1
wind,knn,40,351,3.0932535612535617,4.235242165242166,0.2696395057077703,351,2.9722137990589217,0.0031612551207091,0.0061289640095382,True,48,47,2,48,1
wind,knn,41,351,3.0832934472934475,4.008404558404558,0.230792849781442,351,2.576073657197578,0.0104023767598966,0.0137253582248636,True,48,47,2,48,1
wind,knn,42,350,3.046508571428572,3.8541714285714286,0.2095555094294862,350,2.8195739550412293,0.0050832833106304,0.0079165887624572,True,48,47,2,48,1
wind,knn,43,350,3.03464,3.8838,0.2186415366393739,350,3.6172485446047,0.0003416824455537,0.0010819944109202,True,48,47,2,48,1
wind,knn,44,350,3.09028,3.8398857142857143,0.1952156314176018,350,3.434731273140988,0.0006645728322143,0.0017537338627878,True,48,47,2,48,1
wind,knn,45,350,3.23788,3.863971428571429,0.1620331413275756,350,2.436160282907436,0.0153437182137252,0.018687861926973,True,48,47,2,48,1
wind,knn,46,350,3.343417142857142,4.022428571428571,0.1688063359022622,350,2.8346244488082526,0.0048550820189545,0.007687213196678,True,48,47,2,48,1
wind,knn,47,350,3.249468571428571,3.8703428571428566,0.1604184199258833,350,4.175838982554679,3.754307448167182e-05,0.0001783296037879,True,48,47,2,48,1
wind,knn,48,350,3.100942857142857,3.904742857142857,0.2058522236693837,350,4.055178827421434,6.182561120060548e-05,0.0002796872887646,True,48,47,2,48,1
wind,lightgbm,1,352,2.242100992076327,2.289659090909091,0.0207708208709276,352,0.72538027833316,0.4687020992521664,0.4753035372698025,False,48,48,1,48,0
wind,lightgbm,2,352,2.5525752468369145,2.8569886363636363,0.1065504376363841,352,3.2499770289993632,0.0012657824965245,0.0029398819274118,True,48,48,1,48,0
wind,lightgbm,3,352,2.6710878035303094,2.969971590909091,0.1006352344559953,352,2.520479771259877,0.0121622400770886,0.0162163201027848,True,48,48,1,48,0
wind,lightgbm,4,352,2.8530243967104765,3.1241761363636367,0.0867914380681382,352,1.9829256242539872,0.0481548724431954,0.0559217873533883,False,48,48,1,48,0
wind,lightgbm,5,352,2.79680565537098,3.054090909090909,0.0842428275314546,352,1.671474846012938,0.0955191589677721,0.101887102898957,False,48,48,1,48,0
wind,lightgbm,6,352,2.8040696253165898,3.2537784090909088,0.1382112508085532,352,2.6227817989648403,0.009101693417985,0.0128363330144012,True,48,48,1,48,0
wind,lightgbm,7,352,2.7764103631195285,3.2374431818181817,0.1424064586794484,352,3.0685220285250323,0.0023185277789934,0.0046079340195271,True,48,48,1,48,0
wind,lightgbm,8,352,2.83770224012725,3.431988636363636,0.1731609452139861,352,3.0662215747064603,0.0023359665515658,0.0046079340195271,True,48,48,1,48,0
wind,lightgbm,9,352,2.803772173713582,3.4388068181818183,0.184667147078647,352,2.89891564172601,0.0039800610605023,0.006989375520882,True,48,48,1,48,0
wind,lightgbm,10,352,2.8709151194628895,3.3134659090909095,0.1335612925468242,352,2.122590553764808,0.0344878322626662,0.0407069495559339,True,48,48,1,48,0
wind,lightgbm,11,352,2.87114157236505,3.4072443181818177,0.1573420323737876,352,2.646872904059707,0.0084900405673862,0.0122256584170361,True,48,48,1,48,0
wind,lightgbm,12,352,2.977033537144342,3.5420738636363636,0.1595224572510579,352,2.4075478777731405,0.0165754680726328,0.020948475355986,True,48,48,1,48,0
wind,lightgbm,13,352,3.1022816900975445,3.6944886363636367,0.1602946996337176,352,2.268629663813787,0.0238976043378844,0.0289181094508853,True,48,48,1,48,0
wind,lightgbm,14,352,2.9652419989040695,3.7011647727272727,0.198835452894718,352,2.856731650273805,0.0045352537479124,0.007683253408228,True,48,48,1,48,0
wind,lightgbm,15,352,2.9168666780499652,3.7579261363636367,0.2238094703818537,352,2.7992099215838144,0.0054059083709641,0.0088460318797594,True,48,48,1,48,0
wind,lightgbm,16,352,3.1211948625191854,3.764375,0.1708597409877641,352,1.951941712550141,0.0517399872372041,0.0591314139853762,False,48,48,1,48,0
wind,lightgbm,17,352,3.125516667585047,3.6564204545454544,0.1451976854304097,352,1.8249101230267128,0.0688644095532429,0.0768718990361781,False,48,48,1,48,0
wind,lightgbm,18,351,3.1213281220992126,3.521880341880342,0.1137324897208953,351,1.4317017641138678,0.1531215595318831,0.158629529299217,False,48,48,1,48,0
wind,lightgbm,19,351,3.090531726014402,3.5243874643874644,0.1231010332311649,351,1.7464985654204612,0.0816016155401508,0.0890199442256191,False,48,48,1,48,0
wind,lightgbm,20,351,3.105096346080462,3.448034188034188,0.0994589447934806,351,1.6278510300427604,0.1044562899892083,0.1106007776356323,False,48,48,1,48,0
wind,lightgbm,21,351,3.2408395019057923,3.569344729344729,0.0920351639723083,351,1.581849966944222,0.1145870265286219,0.1204418381030771,False,48,48,1,48,0
wind,lightgbm,22,351,3.4405689942108233,3.528233618233618,0.0248466041391791,351,0.6472193749613804,0.5179142304130937,0.5215360082481504,False,48,48,1,48,0
wind,lightgbm,23,351,3.143893905430646,3.3898860398860395,0.0725664908970401,351,1.73749956158814,0.0831786687858349,0.0900581075575956,False,48,48,1,48,0
wind,lightgbm,24,351,3.0169643601300473,3.4789458689458685,0.1327935317820289,351,3.9014334980215617,0.0001146742879618,0.0004718027847573,True,48,48,1,48,0
wind,lightgbm,25,351,3.247828361580712,3.703105413105413,0.1229446642035789,351,2.336511954435607,0.020028305476708,0.0248627240400514,True,48,48,1,48,0
wind,lightgbm,26,351,3.164816077769834,3.724472934472934,0.1502647130344362,351,2.711658439966817,0.0070250753503096,0.0105181589071586,True,48,48,1,48,0
wind,lightgbm,27,351,3.1866517484642674,3.717264957264957,0.1427429077294231,351,3.4104163272807115,0.0007244010747575,0.0018966137230016,True,48,48,1,48,0
wind,lightgbm,28,351,3.1270202051932356,3.737777777777778,0.1634012530695863,351,2.791407896602245,0.0055358430153291,0.0089568695978359,True,48,48,1,48,0
wind,lightgbm,29,351,3.187795516520008,3.6527920227920223,0.1272989273330138,351,2.321696759002859,0.0208227903786626,0.0256280496968155,True,48,48,1,48,0
wind,lightgbm,30,351,3.322413830706578,3.7214814814814807,0.1072335446946892,351,1.3392511821753657,0.1813579661285085,0.1865396223036087,False,48,48,1,48,0
wind,lightgbm,31,351,3.020726670794996,3.802165242165242,0.2055246212616565,351,4.219047237063877,3.128981966238342e-05,0.0001408041884807,True,48,48,1,48,0
wind,lightgbm,32,351,3.13721527794201,3.8619943019943017,0.1876696254259157,351,3.1841320861762803,0.0015821603532937,0.0035567109281582,True,48,48,1,48,0
wind,lightgbm,33,351,3.2340104530329277,3.807464387464387,0.1506130789612865,351,2.2712461791213223,0.0237388501384625,0.0289181094508853,True,48,48,1,48,0
wind,lightgbm,34,351,2.965964013355775,3.634586894586894,0.1839611765031453,351,2.695606886640393,0.0073653023006163,0.0108224850131506,True,48,48,1,48,0
wind,lightgbm,35,351,2.9795396501803837,3.63982905982906,0.1814067086105647,351,2.61103460396962,0.0094151542394853,0.012912211528437,True,48,48,1,48,0
wind,lightgbm,36,351,3.127018989173155,3.8474074074074074,0.1872399623827957,351,2.4073852533225764,0.0165842096568222,0.020948475355986,True,48,48,1,48,0
wind,lightgbm,37,351,3.261273666634523,4.041566951566952,0.1930670193722518,351,2.762162661752446,0.00604506603793,0.0092605266964035,True,48,48,1,48,0
wind,lightgbm,38,351,3.3191453509122475,4.277037037037037,0.2239615130357579,351,2.80575241820599,0.0053005678572068,0.0087733536946872,True,48,48,1,48,0
wind,lightgbm,39,351,3.223210158358745,4.279259259259259,0.246783154962038,351,2.6197863951683176,0.0091815437533564,0.0128363330144012,True,48,48,1,48,0
wind,lightgbm,40,351,3.082298578372889,4.235242165242166,0.2722261306168672,351,2.891694333839395,0.0040711654026797,0.0070632267227214,True,48,48,1,48,0
wind,lightgbm,41,351,3.079657745187665,4.008404558404559,0.2316998695327693,351,2.5720484071567293,0.0105217835464448,0.01416015729615,True,48,48,1,48,0
wind,lightgbm,42,350,2.9323060266067587,3.8541714285714286,0.2391864033682499,350,3.3280988176402806,0.0009676104971405,0.0024444896769866,True,48,48,1,48,0
wind,lightgbm,43,350,3.027816205441511,3.8838,0.2203985258145345,350,6.617048222355975,1.3810685928206112e-10,3.97747754732336e-09,True,48,48,1,48,0
wind,lightgbm,44,350,3.1202995354620753,3.8398857142857143,0.1873978113844709,350,3.13750780563738,0.0018488917601369,0.0039737375143241,True,48,48,1,48,0
wind,lightgbm,45,350,3.3221321458916933,3.863971428571429,0.1402285945163063,350,1.8005112776836174,0.072643241787526,0.0804663601338749,False,48,48,1,48,0
wind,lightgbm,46,350,3.373165137424328,4.022428571428571,0.1614108050584117,350,3.029636543533894,0.002631074481753,0.0050436184054832,True,48,48,1,48,0
wind,lightgbm,47,350,3.243201727447291,3.8703428571428566,0.1620376160055573,350,3.85781269981168,0.0001362468805832,0.0005163039685259,True,48,48,1,48,0
wind,lightgbm,48,350,3.0500601596189116,3.904742857142857,0.2188832219669712,350,4.316451133621083,2.0680675193229803e-05,9.926724092750306e-05,True,48,48,1,48,0
wind,mlp,1,352,2.2940516664509683,2.289659090909091,-0.0019184408540633,352,-0.0584147419895727,0.95345151373466,0.95345151373466,False,48,47,2,48,1
wind,mlp,2,352,2.545563727457129,2.8569886363636363,0.1090046018884021,352,2.861278971171751,0.0044721871477959,0.0072009793057731,True,48,47,2,48,1
wind,mlp,3,352,2.6167134086921906,2.9699715909090902,0.1189432866288022,352,3.045083780079771,0.0025019426464079,0.0050779928045977,True,48,47,2,48,1
wind,mlp,4,352,2.7584761545365892,3.1241761363636367,0.1170548541007362,352,2.880091814459415,0.0042196648502801,0.0069115200133898,True,48,47,2,48,1
wind,mlp,5,352,2.6670789371243497,3.054090909090909,0.1267192049897947,352,2.488483883011791,0.0132919321080244,0.0166149151350306,True,48,47,2,48,1
wind,mlp,6,352,2.843863219340537,3.2537784090909088,0.1259812864345916,352,2.6120403973591184,0.009386924372162,0.0127393973622199,True,48,47,2,48,1
wind,mlp,7,352,2.7954857918291487,3.2374431818181817,0.1365143309606518,352,3.306650757520832,0.0010417754541738,0.0024742167036628,True,48,47,2,48,1
wind,mlp,8,352,2.797297266601806,3.431988636363636,0.1849339951295169,352,2.9368896874852943,0.0035340521806175,0.0063068233553761,True,48,47,2,48,1
wind,mlp,9,352,2.815182069605324,3.4388068181818183,0.1813491660186426,352,2.7211677929914897,0.0068293298239678,0.0101372864574523,True,48,47,2,48,1
wind,mlp,10,352,2.700890044267557,3.3134659090909095,0.1848746544042218,352,2.727204317141586,0.0067082178387551,0.0101155665822498,True,48,47,2,48,1
wind,mlp,11,352,2.6722140199638145,3.4072443181818177,0.2157257389191955,352,3.4180909836981286,0.000704705499448,0.0018093789850692,True,48,47,2,48,1
wind,mlp,12,352,2.730793689967719,3.5420738636363636,0.2290410095614912,352,3.8688061631562,0.0001303630783875,0.0005160205186173,True,48,47,2,48,1
wind,mlp,13,352,2.9386995963240063,3.6944886363636367,0.2045720299693568,352,2.9326083554497826,0.0035819471501092,0.0063068233553761,True,48,47,2,48,1
wind,mlp,14,352,2.74054828895149,3.7011647727272727,0.259544371235311,352,3.733897662814597,0.0002199107974243,0.000734310940152,True,48,47,2,48,1
wind,mlp,15,352,2.8387023523952104,3.7579261363636367,0.2446093272226778,352,3.220860755597732,0.0013975099182934,0.0031610343389971,True,48,47,2,48,1
wind,mlp,16,352,2.938824352005064,3.764375,0.2193061658296359,352,2.6607201570097447,0.0081554205446761,0.0114348078253855,True,48,47,2,48,1
wind,mlp,17,352,2.8821519054506313,3.6564204545454544,0.2117558849481592,352,2.948285241883012,0.0034094085963298,0.0063068233553761,True,48,47,2,48,1
wind,mlp,18,351,2.8289315940156796,3.521880341880342,0.1967553353884519,351,3.179242808069816,0.0016083220401887,0.0035532696236729,True,48,47,2,48,1
wind,mlp,19,351,2.7916814018594054,3.5243874643874644,0.2078960017681832,351,3.3866884645363573,0.0007878391936111,0.0019695979840278,True,48,47,2,48,1
wind,mlp,20,351,2.8768586101517744,3.448034188034188,0.1656525274211551,351,3.253175472736633,0.0012523615499997,0.0029018133475603,True,48,47,2,48,1
wind,mlp,21,351,2.9831337294082054,3.569344729344729,0.1642349070733053,351,3.037365241944487,0.0025657226802178,0.0050779928045977,True,48,47,2,48,1
wind,mlp,22,351,3.14226661621156,3.528233618233618,0.1093938337947385,351,2.5620421613842965,0.0108239349500893,0.0140859427432669,True,48,47,2,48,1
wind,mlp,23,351,2.930425680234929,3.3898860398860395,0.1355385857356303,351,3.4775369163907666,0.0005698094967954,0.0016403606725928,True,48,47,2,48,1
wind,mlp,24,351,2.8636683116269053,3.4789458689458685,0.1768574678931105,351,7.319118907359551,1.7241763572428681e-12,5.459891797935749e-11,True,48,47,2,48,1
wind,mlp,25,351,2.999027938671097,3.703105413105413,0.1901316316685347,351,4.87103467553093,1.684697775505839e-06,1.4549662606641336e-05,True,48,47,2,48,1
wind,mlp,26,351,2.9498087386535423,3.724472934472934,0.2079929722805242,351,5.335399335242732,1.715990483042163e-07,2.328844226985792e-06,True,48,47,2,48,1
wind,mlp,27,351,2.995649011230173,3.717264957264958,0.1941255074176168,351,5.607361141700877,4.17424748100359e-08,9.913837767383529e-07,True,48,47,2,48,1
wind,mlp,28,351,2.993074137133122,3.737777777777778,0.1992370025505916,351,4.329709973058091,1.951930210930541e-05,0.0001236222466922,True,48,47,2,48,1
wind,mlp,29,351,3.002063414269695,3.6527920227920223,0.178145540305068,351,4.6423031219269575,4.880001129636824e-06,3.566154671657679e-05,True,48,47,2,48,1
wind,mlp,30,351,3.012817305097038,3.7214814814814807,0.1904252862498006,351,2.9617735879379943,0.0032676805060189,0.006208592961436,True,48,47,2,48,1
wind,mlp,31,351,2.928734531476579,3.802165242165242,0.2297192928393783,351,4.54811772722669,7.471241226575387e-06,5.0697708323190126e-05,True,48,47,2,48,1
wind,mlp,32,351,2.964555980770825,3.8619943019943017,0.2323769148908498,351,5.095358435950588,5.705405690115128e-07,6.075004663393576e-06,True,48,47,2,48,1
wind,mlp,33,351,2.9631723558650096,3.807464387464387,0.2217465340921129,351,4.18695723815759,3.581151473341926e-05,0.0001783296037879,True,48,47,2,48,1
wind,mlp,34,351,2.8763469322898163,3.6345868945868944,0.2086179211800793,351,3.9295202927355337,0.0001025742569873,0.0004236762788607,True,48,47,2,48,1
wind,mlp,35,351,2.848568082114076,3.63982905982906,0.2173895984423356,351,3.847571691833223,0.0001417561863679,0.000538673508198,True,48,47,2,48,1
wind,mlp,36,351,2.8945140357801615,3.8474074074074074,0.247671554042507,351,3.776130944626756,0.0001870923948634,0.0006582880560011,True,48,47,2,48,1
wind,mlp,37,351,3.069911210665772,4.041566951566952,0.2404155993319523,351,3.790094554885639,0.0001772742357433,0.0006477327844467,True,48,47,2,48,1
wind,mlp,38,351,2.9316967726724044,4.277037037037037,0.3145495941967881,351,5.093587237740264,5.755267575846545e-07,6.075004663393576e-06,True,48,47,2,48,1
wind,mlp,39,351,3.0084192958221645,4.279259259259259,0.2969766229254073,351,3.728998778008879,0.0002241580764674,0.000734310940152,True,48,47,2,48,1
wind,mlp,40,351,3.0143822585550355,4.235242165242166,0.288262125057806,351,3.082338658977001,0.002216758631685,0.0046798237780017,True,48,47,2,48,1
wind,mlp,41,351,3.0547967248257777,4.008404558404558,0.2379020928861379,351,2.677343740719701,0.0077704046961275,0.0111846734262442,True,48,47,2,48,1
wind,mlp,42,350,2.895058763886263,3.8541714285714286,0.2488505460798007,350,4.205954307836946,3.3086739930965336e-05,0.0001746244607467,True,48,47,2,48,1
wind,mlp,43,350,2.928422659557824,3.8838,0.2459903549209992,350,8.136424125651818,7.327471962526033e-15,6.961098364399736e-13,True,48,47,2,48,1
wind,mlp,44,350,3.019624032983879,3.8398857142857143,0.2136161704631405,350,4.962045795179614,1.0922342907893068e-06,1.0376225762498414e-05,True,48,47,2,48,1
wind,mlp,45,350,3.160613290358044,3.863971428571429,0.1820298496548219,350,2.898346596680175,0.0039884904538611,0.0067491090276498,True,48,47,2,48,1
wind,mlp,46,350,3.3350243054249864,4.022428571428571,0.1708928459006673,350,4.27070897700407,2.515203615183204e-05,0.0001405554961425,True,48,47,2,48,1
wind,mlp,47,350,3.156205032350768,3.8703428571428566,0.1845153907938986,350,8.017947991596456,1.6431300764452317e-14,7.804867863114849e-13,True,48,47,2,48,1
wind,mlp,48,350,2.9712492463985964,3.904742857142857,0.2390666030764719,350,,,,False,48,47,2,48,1
wind,ridge,1,352,2.1327674316977987,2.289659090909091,0.0685218423276277,352,3.025897036450475,0.002661909714005,0.0050436184054832,True,48,48,1,48,0
wind,ridge,2,352,2.412078101563495,2.8569886363636363,0.1557270929038141,352,5.170347875745842,3.932931911254656e-07,4.456308857925251e-06,True,48,48,1,48,0
wind,ridge,3,352,2.514209459509044,2.969971590909091,0.1534567309650734,352,4.460967158614099,1.1001531161403122e-05,5.657930311578748e-05,True,48,48,1,48,0
wind,ridge,4,352,2.6075015838074016,3.1241761363636367,0.165379456856621,352,4.983543675583127,9.82325439213838e-07,7.858603513710705e-06,True,48,48,1,48,0
wind,ridge,5,352,2.606923710728488,3.054090909090909,0.1464158113405754,352,3.269722473067163,0.001183105327938,0.0028394527870514,True,48,48,1,48,0
wind,ridge,6,352,2.7625147979992515,3.2537784090909088,0.1509825038235821,352,3.4685166547909545,0.0005884278579673,0.0016614433636724,True,48,48,1,48,0
wind,ridge,7,352,2.6735396678889853,3.2374431818181817,0.174181748453884,352,4.670049090509914,4.294591475773046e-06,2.820677234183222e-05,True,48,48,1,48,0
wind,ridge,8,352,2.759009958334605,3.431988636363636,0.1960900076703301,352,3.4545719787780045,0.0006186476554095,0.0017131781226725,True,48,48,1,48,0
wind,ridge,9,352,2.6997291932054757,3.4388068181818183,0.2149226938450446,352,3.55646200343562,0.0004274476988961,0.0013678326364676,True,48,48,1,48,0
wind,ridge,10,352,2.6215311415649007,3.3134659090909095,0.2088250751660365,352,3.221630368538242,0.0013938705308742,0.0031859897848554,True,48,48,1,48,0
wind,ridge,11,352,2.623860188761343,3.4072443181818177,0.229917216455586,352,4.077562893211804,5.634489036809853e-05,0.0002458686125153,True,48,48,1,48,0
wind,ridge,12,352,2.6706271779814483,3.5420738636363636,0.2460272482178761,352,4.574749118975972,6.622306911729936e-06,3.790595587324001e-05,True,48,48,1,48,0
wind,ridge,13,352,2.8448134857963407,3.6944886363636367,0.2299845077893115,352,3.535393818831708,0.000461735911551,0.001445434157899,True,48,48,1,48,0
wind,ridge,14,352,2.82307513165407,3.7011647727272727,0.2372468384935387,352,3.5112029068634327,0.0005042796541967,0.0015128389625902,True,48,48,1,48,0
wind,ridge,15,352,2.843510493580513,3.7579261363636367,0.2433298605671795,352,3.008001680883986,0.0028195176985517,0.0052728642674213,True,48,48,1,48,0
wind,ridge,16,352,2.9560527122882543,3.764375,0.214729480381669,352,2.489969006140469,0.013237502716848,0.017329094465692,True,48,48,1,48,0
wind,ridge,17,352,2.905089140973509,3.6564204545454544,0.2054827454643332,352,2.634428921445561,0.0088012144672056,0.0125482661710654,True,48,48,1,48,0
wind,ridge,18,351,2.8080018636750377,3.521880341880342,0.2026981069504941,351,2.9478094265347647,0.0034151537835169,0.0060887236011476,True,48,48,1,48,0
wind,ridge,19,351,2.8189809676905706,3.5243874643874644,0.2001500980878936,351,3.254536246007119,0.0012465543193094,0.0029398819274118,True,48,48,1,48,0
wind,ridge,20,351,2.87415541404484,3.448034188034188,0.1664365092379002,351,2.8205754357061696,0.005067007848835,0.0084842922120029,True,48,48,1,48,0
wind,ridge,21,351,3.0361443743942496,3.569344729344729,0.1493832609013268,351,2.7780591809841906,0.0057632453257454,0.0090207318142102,True,48,48,1,48,0
wind,ridge,22,351,3.1949941274822224,3.528233618233618,0.094449383688552,351,2.436913883517741,0.0153108925457003,0.0196854332730433,True,48,48,1,48,0
wind,ridge,23,351,2.8864795988585703,3.3898860398860395,0.1485024673703758,351,3.478950936358686,0.0005669121240281,0.0016596133852965,True,48,48,1,48,0
wind,ridge,24,351,2.779696579912511,3.4789458689458685,0.2009945872613512,351,16.08846864040723,0.0,0.0,True,48,48,1,48,0
wind,ridge,25,351,2.9355325228656555,3.703105413105413,0.2072781637604188,351,4.857885726787487,1.7929094273672064e-06,1.3588366186361986e-05,True,48,48,1,48,0
wind,ridge,26,351,2.851855571576946,3.724472934472934,0.2342928457928171,351,5.427471956874244,1.0699214314513485e-07,1.4006244193544923e-06,True,48,48,1,48,0
wind,ridge,27,351,2.8290695535586465,3.717264957264957,0.2389378787676775,351,8.966038322952908,0.0,0.0,True,48,48,1,48,0
wind,ridge,28,351,2.7700538998940822,3.737777777777778,0.2589035345110958,351,5.932772559027876,7.1600736450960775e-09,1.2888132561172938e-07,True,48,48,1,48,0
wind,ridge,29,351,2.8772991006307422,3.6527920227920223,0.2123014169223163,351,5.594921869614852,4.458409841312516e-08,6.420110171490023e-07,True,48,48,1,48,0
wind,ridge,30,351,2.931846413704007,3.7214814814814807,0.2121829899481667,351,3.61840624748096,0.0003400825463655,0.0011388810855031,True,48,48,1,48,0
wind,ridge,31,351,2.8016624087725863,3.802165242165242,0.2631402818313318,351,5.751969091603013,1.925119974544032e-08,3.080191959270451e-07,True,48,48,1,48,0
wind,ridge,32,351,2.873139171563525,3.8619943019943017,0.2560477963212272,351,6.328954498131577,7.55782325612131e-10,1.5547522126878122e-08,True,48,48,1,48,0
wind,ridge,33,351,2.8453734233004835,3.807464387464387,0.2526854794312644,351,5.165817576389531,4.028179552140189e-07,4.456308857925251e-06,True,48,48,1,48,0
wind,ridge,34,351,2.7300536000994917,3.634586894586894,0.2488682540055796,351,5.151138369391751,4.332522500760661e-07,4.456308857925251e-06,True,48,48,1,48,0
wind,ridge,35,351,2.782986001850012,3.63982905982906,0.2354074996091405,351,4.24078854725861,2.854175870226072e-05,0.0001325810726814,True,48,48,1,48,0
wind,ridge,36,351,2.863105012808983,3.8474074074074074,0.2558352392583505,351,4.654127827209748,4.623605426079536e-06,2.820677234183222e-05,True,48,48,1,48,0
wind,ridge,37,351,2.992764107183523,4.041566951566952,0.2595040134066809,351,4.025449193685726,6.974354892652634e-05,0.0002953844425123,True,48,48,1,48,0
wind,ridge,38,351,3.0340368192639664,4.277037037037037,0.2906218036012549,351,4.408838378089739,1.3844749886748886e-05,6.874634426523585e-05,True,48,48,1,48,0
wind,ridge,39,351,2.9964763965432377,4.279259259259259,0.2997675029715473,351,3.519345098235812,0.0004897357402484,0.0015004669488463,True,48,48,1,48,0
wind,ridge,40,351,3.07517572648976,4.235242165242166,0.2739079357192022,351,2.782909474786144,0.0056796574231836,0.0090011969202843,True,48,48,1,48,0
wind,ridge,41,351,3.0016321299769646,4.008404558404559,0.2511653735940051,351,2.946905457343682,0.0034249070256455,0.0060887236011476,True,48,48,1,48,0
wind,ridge,42,350,2.9188886392892086,3.8541714285714286,0.2426676671278443,350,3.315781561294592,0.0010098999404084,0.002507337783083,True,48,48,1,48,0
wind,ridge,43,350,2.9557606392757285,3.8838,0.2389513777033503,350,5.123995672987903,4.961813693249439e-07,4.763341145519462e-06,True,48,48,1,48,0
wind,ridge,44,350,3.006145648707112,3.8398857142857143,0.2171262708358216,350,3.6779105957102862,0.0002722136933526,0.0009799692960694,True,48,48,1,48,0
wind,ridge,45,350,3.126272009471247,3.863971428571429,0.1909174104252942,350,2.7824570385497327,0.0056882563871241,0.0090011969202843,True,48,48,1,48,0
wind,ridge,46,350,3.2601200439493434,4.022428571428571,0.1895144970115634,350,4.751274926149269,2.958343450210066e-06,2.130007284151248e-05,True,48,48,1,48,0
wind,ridge,47,350,3.053278940743919,3.8703428571428566,0.2111089240817559,350,8.788799229189234,0.0,0.0,True,48,48,1,48,0
wind,ridge,48,350,2.88681427814576,3.904742857142857,0.260690297988515,350,8.252033187248442,3.3306690738754696e-15,1.199040866595169e-13,True,48,48,1,48,0
traffic,extratrees,1,105,5.565465337616527,3.8643137440161257,-0.4402208791236552,105,-2.844457702732534,0.0053578774989657,0.0535787749896576,False,72,4,64,67,17
traffic,extratrees,2,105,6.417575554295791,5.316487780297304,-0.2071081171443816,105,-1.5192555112760937,0.131732508589865,0.4665526345891055,False,72,4,64,67,17
traffic,extratrees,3,105,7.154269406651547,6.526265432098764,-0.0962271579491711,105,-0.6870005503799373,0.4936114624768746,0.9679064236853148,False,72,4,64,67,17
traffic,extratrees,4,105,8.144267850844042,7.002453388762913,-0.1630592020667269,105,-0.9635180197653732,0.3375226563679572,0.9058348834410426,False,72,4,64,67,17
traffic,extratrees,5,105,10.230077047115143,6.897313869992441,-0.4831972619982212,105,-2.4163968349968834,0.0174173112526194,0.1207144469676665,False,72,4,64,67,17
traffic,extratrees,6,105,11.367197442680771,8.389132968002016,-0.3549907345655081,105,-1.8761848246400272,0.06343374968741,0.2837825643910447,False,72,4,64,67,17
traffic,extratrees,7,105,11.77783142479214,8.69239417989418,-0.3549582751360594,105,-2.079427169460931,0.0400375164306634,0.2314288629548361,False,72,4,64,67,17
traffic,extratrees,8,105,13.030999256739731,9.012471025447216,-0.4458852871699645,105,-2.0709386236555902,0.0408403875802652,0.2314288629548361,False,72,4,64,67,17
traffic,extratrees,9,105,11.480714858906524,8.96794249181154,-0.280194968844788,105,-1.2278832906936057,0.2222625844812289,0.726627680034787,False,72,4,64,67,17
traffic,extratrees,10,105,12.196249168556314,9.904046674225246,-0.2314410028272993,105,-1.0697524576159358,0.2872072772747356,0.8366565554283034,False,72,4,64,67,17
traffic,extratrees,11,105,12.952631046863187,10.154884101788864,-0.2755075210145901,105,-2.434565629037391,0.0166125699263122,0.1207144469676665,False,72,4,64,67,17
traffic,extratrees,12,105,12.421287528344669,10.430003464348705,-0.1909188305452123,105,-2.0462425932546697,0.0432553673143698,0.2372068530142863,False,72,4,64,67,17
traffic,extratrees,13,105,12.076399055177626,10.888853300579491,-0.1090606808464333,105,-1.1616888371280918,0.2480210676920009,0.7808070649562993,False,72,4,64,67,17
traffic,extratrees,14,105,12.417476681783825,10.919876858150667,-0.1371443875317455,105,-1.7174193516856164,0.0888789681979715,0.3499941176208235,False,72,4,64,67,17
traffic,extratrees,15,105,15.671753502141598,13.72779320987654,-0.1416076322351989,105,-4.477567996964932,1.9405563237429035e-05,0.0026992652757951,True,72,4,64,67,17
traffic,extratrees,16,105,19.70930217939027,18.38518172083648,-0.0720210699387935,105,-0.6730174702551072,0.502428947751598,0.9679064236853148,False,72,4,64,67,17
traffic,extratrees,17,105,21.81732976820358,27.320351788863693,0.2014257379695693,105,1.6458900364902025,0.1028053258801295,0.3799327260787398,False,72,4,64,67,17
traffic,extratrees,18,104,21.54729496082621,26.823072153540902,0.1966880289668175,104,2.744824152643634,0.0071445961236678,0.0639253337380803,False,72,4,64,67,17
traffic,extratrees,19,104,16.661438924501425,13.730522168803418,-0.2134599631146752,104,-3.131150735074742,0.0022664882742178,0.0321085838847525,True,72,4,64,67,17
traffic,extratrees,20,104,14.819626755189256,12.18900272181522,-0.2158194639390704,104,-2.1085106331633936,0.0374123665035714,0.2271465109145412,False,72,4,64,67,17
traffic,extratrees,21,104,13.503723767551888,12.514915293040294,-0.079010400898317,104,-0.6099305769091447,0.5432510819089473,0.9679064236853148,False,72,4,64,67,17
traffic,extratrees,22,104,13.584594824735449,12.494200562169311,-0.0872720313028827,104,-0.4271433592200543,0.670166496545143,0.9679064236853148,False,72,4,64,67,17
traffic,extratrees,23,104,12.5058984025234,10.627130392755392,-0.1767897767631403,104,-1.1845699925798254,0.2389136955809843,0.7663269480899497,False,72,4,64,67,17
traffic,extratrees,24,104,13.680245446682948,11.85423471204721,-0.1540386856673252,104,-0.6584655744753256,0.5117081987359353,0.9679064236853148,False,72,4,64,67,17
traffic,extratrees,25,104,13.63340523249898,11.986406504375257,-0.1374055458174674,104,-0.90121876877637,0.3695744951604673,0.9665794488812224,False,72,4,64,67,17
traffic,extratrees,26,104,13.591162304131052,12.501018454924704,-0.0872044028362262,104,-0.5483880963189939,0.5846121102179305,0.9679064236853148,False,72,4,64,67,17
traffic,extratrees,27,104,12.992075218762718,13.29209656084656,0.0225714085592479,104,0.1101964702287154,0.9124679876237768,0.9679064236853148,False,72,4,64,67,17
traffic,extratrees,28,104,12.728606029965402,12.746190094627591,0.0013795545595701,104,0.0058617275376231,0.9953343830303272,0.9953343830303272,False,72,4,64,67,17
traffic,extratrees,29,104,13.99148221916972,12.632479904354906,-0.1075800100300428,104,-1.0016092845169045,0.3188796164474994,0.8743473354205629,False,72,4,64,67,17
traffic,extratrees,30,104,14.993410955942204,13.36960183913309,-0.1214553085684415,104,-0.6370738250217368,0.5254902415774583,0.9679064236853148,False,72,4,64,67,17
traffic,extratrees,31,104,15.863438008750505,14.066228187321936,-0.1277677140947006,104,-1.3051294738407977,0.1947568830620956,0.6648109442243646,False,72,4,64,67,17
traffic,extratrees,32,104,16.88593928062678,15.365454886548635,-0.0989547270357233,104,-0.6772217333089012,0.4997835319072281,0.9679064236853148,False,72,4,64,67,17
traffic,extratrees,33,104,16.997006760022387,14.73841257122507,-0.1532454175700675,104,-0.8042738322633061,0.4230912878079769,0.9679064236853148,False,72,4,64,67,17
traffic,extratrees,34,104,15.997004477004474,14.426781262718764,-0.1088408554681168,104,-0.4286095617994548,0.6691024156782581,0.9679064236853148,False,72,4,64,67,17
traffic,extratrees,35,104,15.07124155474155,14.375001907814408,-0.0484340559668836,104,-0.3524056406892924,0.7252541342392207,0.9679064236853148,False,72,4,64,67,17
traffic,extratrees,36,104,15.739933328245828,15.054077635327635,-0.0455594629928495,104,-0.2629324071239776,0.7931279023972211,0.9679064236853148,False,72,4,64,67,17
traffic,extratrees,37,104,15.327890987484738,15.164590646621898,-0.0107685294425812,104,-0.0804336109084549,0.9360484733063652,0.9679064236853148,False,72,4,64,67,17
traffic,extratrees,38,104,14.604372774216529,14.738683162901914,0.0091127807824414,104,0.0684796123557902,0.9455366135500056,0.9679064236853148,False,72,4,64,67,17
traffic,extratrees,39,104,18.575893105158727,18.26606634106634,-0.0169618766464141,104,-0.1135009556206727,0.9098543410778506,0.9679064236853148,False,72,4,64,67,17
traffic,extratrees,40,104,21.25805344250657,22.03633527930403,0.0353181156001199,104,0.2984823033820556,0.765936405576952,0.9679064236853148,False,72,4,64,67,17
traffic,extratrees,41,104,23.61181990483408,30.44198177401302,0.2243665317154072,104,,,,False,72,4,64,67,17
traffic,extratrees,42,103,24.790737464133446,30.748677569733392,0.1937624826982633,103,2.766065753652052,0.0067365948234332,0.0636233955546473,False,72,4,64,67,17
traffic,extratrees,43,103,18.800195065257405,17.183191747572817,-0.0941037812671208,103,,,,False,72,4,64,67,17
traffic,extratrees,44,103,14.941805895875074,13.836236001952022,-0.0799039488605917,103,-2.010212791484509,0.0470486610220446,0.2423718901135632,False,72,4,64,67,17
traffic,extratrees,45,103,14.547002240971905,13.900599732881284,-0.0465017711834101,103,-0.1577041494355313,0.8750017069909939,0.9679064236853148,False,72,4,64,67,17
traffic,extratrees,46,103,15.046740978322289,14.541442890532696,-0.0347488273064406,103,-0.1320972360676902,0.8951676088318785,0.9679064236853148,False,72,4,64,67,17
traffic,extratrees,47,103,14.779362677865109,13.622802691734732,-0.0848988282588931,103,-0.3879876535185034,0.6988337105277653,0.9679064236853148,False,72,4,64,67,17
traffic,extratrees,48,103,14.941486656906562,15.288506511018644,0.0226980872109371,103,0.1309518451713887,0.896071334178822,0.9679064236853148,False,72,4,64,67,17
traffic,extratrees,49,103,14.86800509195048,14.068193930754612,-0.0568524406993986,103,,,,False,72,4,64,67,17
traffic,extratrees,50,103,13.783360096573688,14.344297079673291,0.0391052262780087,103,,,,False,72,4,64,67,17
traffic,extratrees,51,103,13.353449292392256,13.809529909590587,0.0330265128635253,103,0.3929104516538444,0.6952055750622452,0.9679064236853148,False,72,4,64,67,17
traffic,extratrees,52,103,13.320858093183334,13.63927768788206,0.0233457813518693,103,0.1552445517183696,0.8769353283888996,0.9679064236853148,False,72,4,64,67,17
traffic,extratrees,53,103,14.231865772846351,13.493088303282478,-0.0547522889466418,103,-0.2128948105462181,0.8318339205491039,0.9679064236853148,False,72,4,64,67,17
traffic,extratrees,54,103,16.66241018133251,14.757646594236396,-0.1290696029975417,103,-0.3746425663265367,0.708704092734445,0.9679064236853148,False,72,4,64,67,17
traffic,extratrees,55,103,16.416085901782502,15.013221734216884,-0.0934419135613195,103,-0.2424632281671408,0.8089081095457491,0.9679064236853148,False,72,4,64,67,17
traffic,extratrees,56,103,17.774303924590335,15.860128037191146,-0.1206910740512654,103,-0.387914060278311,0.6988880024896102,0.9679064236853148,False,72,4,64,67,17
traffic,extratrees,57,103,17.673700056505883,15.640964195818569,-0.1299623114814587,103,-0.4172504896160718,0.6773721095699776,0.9679064236853148,False,72,4,64,67,17
traffic,extratrees,58,103,14.72035219859249,15.36577477269225,0.0420039069716674,103,,,,False,72,4,64,67,17
traffic,extratrees,59,103,13.45023315097344,14.031057045256077,0.0413955906821014,103,,,,False,72,4,64,67,17
traffic,extratrees,60,103,14.372376104433142,14.099655185698872,-0.0193423821464007,103,,,,False,72,4,64,67,17
traffic,extratrees,61,103,16.790564801972568,15.069107335490829,-0.1142375210525812,103,-0.7037377280931383,0.4831995396251471,0.9679064236853148,False,72,4,64,67,17
traffic,extratrees,62,103,16.467744368675195,14.848417193198747,-0.1090572250500998,103,,,,False,72,4,64,67,17
traffic,extratrees,63,103,18.39815817794216,17.407677415626445,-0.0568990761183674,103,-0.5757070115417443,0.566081230674587,0.9679064236853148,False,72,4,64,67,17
traffic,extratrees,64,103,19.79824482457492,20.91725130990908,0.0534968227304347,103,,,,False,72,4,64,67,17
traffic,extratrees,65,103,23.332310435608974,28.6927174834335,0.1868211698985812,103,0.7825279021452903,0.4357173389506563,0.9679064236853148,False,72,4,64,67,17
traffic,extratrees,66,102,24.715868858139963,30.223191915655153,0.1822217545017963,102,3.1690250339627126,0.002024336740555,0.0319288626612366,True,72,4,64,67,17
traffic,extratrees,67,102,17.530120830739705,18.917931385517168,0.0733595299875078,102,,,,False,72,4,64,67,17
traffic,extratrees,68,102,16.48212996031746,14.92542859736487,-0.1042986037417665,102,-0.3546233685896803,0.7236111380035415,0.9679064236853148,False,72,4,64,67,17
traffic,extratrees,69,102,15.208701097105507,14.39384596431165,-0.0566113556317209,102,,,,False,72,4,64,67,17
traffic,extratrees,70,102,15.862367575733996,14.489347312999271,-0.0947606702410193,102,,,,False,72,4,64,67,17
traffic,extratrees,71,102,14.284014608621227,14.828260192966075,0.0367032664157738,102,0.0971990918329359,0.9227609109787664,0.9679064236853148,False,72,4,64,67,17
traffic,extratrees,72,102,13.810910390081958,15.287932163606182,0.0966135745317056,102,0.2206669548238724,0.8257972220105647,0.9679064236853148,False,72,4,64,67,17
traffic,knn,1,105,5.103035084404132,3.8643137440161257,-0.3205540291096089,105,-2.100512743373032,0.0381017297962595,0.2068379617511234,False,72,6,64,69,15
traffic,knn,2,105,6.283677563618041,5.316487780297304,-0.1819226946980119,105,-1.4415254530601782,0.1524406814368382,0.4238594557024281,False,72,6,64,69,15
traffic,knn,3,105,6.637560657596372,6.526265432098764,-0.0170534322662105,105,-0.1250715705854894,0.9007083333635131,0.9596331776022476,False,72,6,64,69,15
traffic,knn,4,105,8.022307634164777,7.002453388762913,-0.1456424182756377,105,-0.8964764119558899,0.3720688072334248,0.6953417053214824,False,72,6,64,69,15
traffic,knn,5,105,9.675445578231294,6.897313869992444,-0.4027845855073277,105,-2.0684191605479474,0.041081333697968,0.2128760018894709,False,72,6,64,69,15
traffic,knn,6,105,10.223196963970771,8.389132968002016,-0.2186237842413843,105,-1.1122071807067089,0.2686134399344568,0.5567624027732379,False,72,6,64,69,15
traffic,knn,7,105,10.549272297808011,8.69239417989418,-0.2136210208010192,105,-1.0373000198215736,0.3020018424435486,0.6147894649743669,False,72,6,64,69,15
traffic,knn,8,105,11.405763542454016,9.012471025447216,-0.2655534215032931,105,-1.3695441598474245,0.1737792347072857,0.4312106278497158,False,72,6,64,69,15
traffic,knn,9,105,11.1481171579743,8.96794249181154,-0.243107565436937,105,-1.17549025960495,0.242482698268843,0.5315966846663097,False,72,6,64,69,15
traffic,knn,10,105,12.1338778659612,9.904046674225246,-0.2251434454099425,105,-1.3688443650032494,0.1739972708867274,0.4312106278497158,False,72,6,64,69,15
traffic,knn,11,105,13.372809838750312,10.154884101788864,-0.3168845360228762,105,-4.014555332568894,0.0001126118420602,0.0025675499989734,True,72,6,64,69,15
traffic,knn,12,105,11.59717945326279,10.430003464348705,-0.1119056185267499,105,,,,False,72,6,64,69,15
traffic,knn,13,105,12.331440161249684,10.888853300579491,-0.1324828997919751,105,-1.563119164755139,0.1210624703722387,0.3833644895120893,False,72,6,64,69,15
traffic,knn,14,105,12.446359284454523,10.919876858150667,-0.1397893443426954,105,-1.394468143516455,0.1661479771749088,0.4312106278497158,False,72,6,64,69,15
traffic,knn,15,105,15.282578672209626,13.72779320987654,-0.1132582228303442,105,-1.3794958031640276,0.1707009580032317,0.4312106278497158,False,72,6,64,69,15
traffic,knn,16,105,20.008539808516,18.38518172083648,-0.0882970923175439,105,-0.8499223890814516,0.3973206210226891,0.7305572709126865,False,72,6,64,69,15
traffic,knn,17,105,23.78312918871252,27.320351788863693,0.1294720736939051,105,1.1629308844118822,0.2475189997094271,0.5323993578655603,False,72,6,64,69,15
traffic,knn,18,104,22.31036305708181,26.823072153540902,0.1682398298982085,104,2.3939437662047407,0.0184772863076572,0.1197457107015225,False,72,6,64,69,15
traffic,knn,19,104,17.715228111009363,13.73052216880342,-0.2902078954622307,104,-2.7414030585584706,0.0072142118964788,0.0601900218614924,False,72,6,64,69,15
traffic,knn,20,104,14.62255132020757,12.18900272181522,-0.1996511653932864,104,-1.4112235762713832,0.1611921940063023,0.4312106278497158,False,72,6,64,69,15
traffic,knn,21,104,13.179830204517703,12.514915293040294,-0.0531297971986417,104,-0.4884394121948023,0.6262769208741983,0.8624934619073475,False,72,6,64,69,15
traffic,knn,22,104,13.29901048026048,12.494200562169311,-0.0644146789613748,104,-0.378798925642241,0.7056168847422377,0.8839596138529132,False,72,6,64,69,15
traffic,knn,23,104,12.289415445665444,10.627130392755392,-0.1564189947309997,104,-1.1342240039642202,0.2593334546359758,0.5474817375648378,False,72,6,64,69,15
traffic,knn,24,104,13.264357384513634,11.85423471204721,-0.1189551840941149,104,-0.7932990226703691,0.4294272947712261,0.7464519310824684,False,72,6,64,69,15
traffic,knn,25,104,13.228481824888076,11.986406504375257,-0.1036236606909202,104,-0.6542500926294532,0.5144088811138872,0.7924677357700424,False,72,6,64,69,15
traffic,knn,26,104,14.564973417785918,12.501018454924704,-0.1651029450363008,104,-1.2171821729340857,0.2263163607203484,0.5160013024423944,False,72,6,64,69,15
traffic,knn,27,104,15.328648504273504,13.29209656084656,-0.1532152534481163,104,-0.773723513521482,0.4408665368006441,0.7464519310824684,False,72,6,64,69,15
traffic,knn,28,104,14.21322248931624,12.746190094627591,-0.115095756755345,104,-0.4004054797546069,0.6896871690530746,0.8839596138529132,False,72,6,64,69,15
traffic,knn,29,104,14.52127600986976,12.632479904354906,-0.1495190271281345,104,-0.6333362578217357,0.5279178646786877,0.8024351543116054,False,72,6,64,69,15
traffic,knn,30,104,15.87700981888482,13.36960183913309,-0.1875454489910459,104,-0.7243912577330873,0.4704678236920634,0.7553990408576793,False,72,6,64,69,15
traffic,knn,31,104,16.024113947395197,14.066228187321936,-0.1391905302544378,104,-0.6702710730100349,0.5041850518468998,0.7873574782266654,False,72,6,64,69,15
traffic,knn,32,104,17.26561043701669,15.365454886548635,-0.123664126086596,104,-0.7838989793175019,0.4348983713245644,0.7464519310824684,False,72,6,64,69,15
traffic,knn,33,104,17.48127162189662,14.73841257122507,-0.186102745965101,104,-0.916676822802443,0.3614533563424094,0.6867613770505778,False,72,6,64,69,15
traffic,knn,34,104,16.626746731277983,14.426781262718766,-0.1524917740483318,104,-0.7771219882279184,0.4388679674935116,0.7464519310824684,False,72,6,64,69,15
traffic,knn,35,104,15.118297593610096,14.375001907814408,-0.0517075191059017,104,,,,False,72,6,64,69,15
traffic,knn,36,104,15.399016966829466,15.054077635327635,-0.0229133487854715,104,-0.1411551543948905,0.8880230750006937,0.9583962322901508,False,72,6,64,69,15
traffic,knn,37,104,15.115931077024827,15.164590646621898,0.0032087624869656,104,0.0236597939448396,0.9811697531726882,0.989852671342358,False,72,6,64,69,15
traffic,knn,38,104,15.412834757834757,14.738683162901914,-0.0457402868005005,104,-0.4065473218045625,0.6851839931410897,0.8839596138529132,False,72,6,64,69,15
traffic,knn,39,104,19.78338579822955,18.26606634106634,-0.0830676637668792,104,-0.7443698265907384,0.4583476769804631,0.7464519310824684,False,72,6,64,69,15
traffic,knn,40,104,22.24862777269027,22.03633527930403,-0.0096337476579246,104,-0.0807611629846159,0.9357886117144512,0.9746817321306632,False,72,6,64,69,15
traffic,knn,41,104,25.70925919566545,30.44198177401302,0.1554669670812197,104,15.230404224931672,0.0,0.0,True,72,6,64,69,15
traffic,knn,42,103,25.544276532079927,30.748677569733392,0.169256093236877,103,1.9046402306146464,0.0596440333854053,0.2719767922374484,False,72,6,64,69,15
traffic,knn,43,103,18.181873105768737,17.183191747572817,-0.0581196655933833,103,,,,False,72,6,64,69,15
traffic,knn,44,103,15.355988210818303,13.836236001952022,-0.109838557874546,103,,,,False,72,6,64,69,15
traffic,knn,45,103,14.596440514717212,13.900599732881284,-0.0500583280727051,103,-0.2081835648813808,0.8355007719305114,0.9524708800007832,False,72,6,64,69,15
traffic,knn,46,103,15.527237761339704,14.541442890532696,-0.067792094514143,103,-0.2801012167052908,0.7799671209494656,0.919691577788102,False,72,6,64,69,15
traffic,knn,47,103,14.7279770894334,13.622802691734734,-0.0811268006083065,103,-0.3229479731301108,0.7473957428750064,0.9064161136994758,False,72,6,64,69,15
traffic,knn,48,103,14.7702626881389,15.288506511018644,0.0338976094562434,103,0.2176809665639292,0.8281125647876024,0.9524708800007832,False,72,6,64,69,15
traffic,knn,49,103,15.547961357682237,14.068193930754612,-0.1051853161970344,103,,,,False,72,6,64,69,15
traffic,knn,50,103,15.39277296193558,14.344297079673291,-0.0730935699699109,103,,,,False,72,6,64,69,15
traffic,knn,51,103,14.274378306878306,13.809529909590587,-0.0336614207964374,103,,,,False,72,6,64,69,15
traffic,knn,52,103,14.588538809266964,13.63927768788206,-0.0695976094268016,103,-0.5389257291789152,0.5911124318921654,0.8624934619073475,False,72,6,64,69,15
traffic,knn,53,103,15.219814814814818,13.493088303282478,-0.1279711858931713,103,-0.459945524902951,0.6465342446310238,0.8624934619073475,False,72,6,64,69,15
traffic,knn,54,103,16.435371269327582,14.757646594236396,-0.113685109910846,103,-0.3564807297525486,0.7222169237256686,0.8949209707035458,False,72,6,64,69,15
traffic,knn,55,103,16.029932449786816,15.013221734216884,-0.0677210217479657,103,-0.174762206058456,0.8616129123969081,0.9583962322901508,False,72,6,64,69,15
traffic,knn,56,103,18.41507255868906,15.860128037191146,-0.1610923011155212,103,-0.4610718215399905,0.6457287267774698,0.8624934619073475,False,72,6,64,69,15
traffic,knn,57,103,17.744940797246624,15.640964195818569,-0.1345170652580696,103,-0.328912033209773,0.7428965418306333,0.9064161136994758,False,72,6,64,69,15
traffic,knn,58,103,15.174029768325884,15.36577477269225,0.0124787072049976,103,0.0640796588802423,0.9490322128640668,0.9746817321306632,False,72,6,64,69,15
traffic,knn,59,103,14.054463194123388,14.031057045256077,-0.0016681671802643,103,-0.0072712967428079,0.9942125981947788,0.9942125981947788,False,72,6,64,69,15
traffic,knn,60,103,13.928819733394972,14.099655185698872,0.012116285827839,103,0.0698479691559052,0.9444514227541904,0.9746817321306632,False,72,6,64,69,15
traffic,knn,61,103,16.36761172753891,15.069107335490829,-0.086169961042738,103,,,,False,72,6,64,69,15
traffic,knn,62,103,15.114122425129702,14.848417193198747,-0.0178945155213352,103,,,,False,72,6,64,69,15
traffic,knn,63,103,17.856375147685824,17.407677415626445,-0.0257758528806717,103,-0.1473668861706667,0.8831333437078512,0.9583962322901508,False,72,6,64,69,15
traffic,knn,64,103,20.65707106898854,20.917251309909076,0.0124385483095134,103,0.0693836747612916,0.9448200661019844,0.9746817321306632,False,72,6,64,69,15
traffic,knn,65,103,24.313484358144557,28.6927174834335,0.1526252481249784,103,0.7447020858308939,0.4581642151358251,0.7464519310824684,False,72,6,64,69,15
traffic,knn,66,102,24.571987044817924,30.223191915655153,0.1869823970482083,102,1.9824755752401528,0.0501424275478334,0.2485320321936095,False,72,6,64,69,15
traffic,knn,67,102,15.88591159611993,18.917931385517168,0.1602722690768628,102,,,,False,72,6,64,69,15
traffic,knn,68,102,14.804844382197324,14.92542859736487,0.0080791123940544,102,0.0274969553213748,0.978117626087839,0.989852671342358,False,72,6,64,69,15
traffic,knn,69,102,14.289869605249503,14.39384596431165,0.0072236676229512,102,,,,False,72,6,64,69,15
traffic,knn,70,102,15.14223395839817,14.489347312999271,-0.045059769173533,102,,,,False,72,6,64,69,15
traffic,knn,71,102,13.792739845938376,14.828260192966075,0.0698342444462168,102,0.1724418157680294,0.8634352760051358,0.9583962322901508,False,72,6,64,69,15
traffic,knn,72,102,13.661807435937336,15.287932163606182,0.1063665582936016,102,0.2767409392315348,0.7825445881179465,0.919691577788102,False,72,6,64,69,15
traffic,lightgbm,1,105,5.605124854047576,3.8643137440161257,-0.4504838958086903,105,-3.2073508292399886,0.00178069359857,0.0319288626612366,True,72,4,64,67,15
traffic,lightgbm,2,105,6.857175444160834,5.316487780297304,-0.2897942640954163,105,-2.4090569837519817,0.0177521245540686,0.1207144469676665,False,72,4,64,67,15
traffic,lightgbm,3,105,7.50755781210217,6.526265432098764,-0.1503604764797061,105,-1.0096361791435595,0.3150128906050784,0.8743473354205629,False,72,4,64,67,15
traffic,lightgbm,4,105,8.977361580295034,7.002453388762913,-0.2820308943007499,105,-1.8921808005327168,0.0612480468585761,0.2814099450258902,False,72,4,64,67,15
traffic,lightgbm,5,105,9.305230208730585,6.897313869992441,-0.3491092886484492,105,-2.4533352884765214,0.0158161625140387,0.1207144469676665,False,72,4,64,67,15
traffic,lightgbm,6,105,10.84136765973327,8.389132968002016,-0.2923108622887027,105,-1.7490232658007725,0.0832372654044313,0.3390180381920017,False,72,4,64,67,15
traffic,lightgbm,7,105,10.873042695379404,8.69239417989418,-0.2508685720361305,105,-1.708176947446398,0.0905867127959778,0.3499941176208235,False,72,4,64,67,15
traffic,lightgbm,8,105,11.630927684416704,9.012471025447216,-0.2905370404605052,105,-1.818610549159352,0.071848805202463,0.31318709960048,False,72,4,64,67,15
traffic,lightgbm,9,105,11.582820242643018,8.96794249181154,-0.2915805663583453,105,-1.788856845432812,0.0765491511708633,0.3253338924761693,False,72,4,64,67,15
traffic,lightgbm,10,105,12.033588147822403,9.904046674225246,-0.2150173099586836,105,-1.06272301403724,0.2903690398251171,0.8366565554283034,False,72,4,64,67,15
traffic,lightgbm,11,105,12.250958554620084,10.154884101788864,-0.2064104751783408,105,-1.690477320811287,0.0939318382013543,0.354853610982894,False,72,4,64,67,15
traffic,lightgbm,12,105,11.918656484928984,10.430003464348705,-0.1427279507306702,105,-1.524574866286205,0.1304004306583539,0.4665526345891055,False,72,4,64,67,15
traffic,lightgbm,13,105,11.950323492529842,10.888853300579491,-0.0974822750063,105,,,,False,72,4,64,67,15
traffic,lightgbm,14,105,12.501503807700104,10.919876858150667,-0.1448392660553583,105,,,,False,72,4,64,67,15
traffic,lightgbm,15,105,15.387490180310923,13.72779320987654,-0.1209004932592008,105,,,,False,72,4,64,67,15
traffic,lightgbm,16,105,18.88574043659743,18.38518172083648,-0.0272262044162256,105,-0.3733777738401054,0.7096272978864266,0.9679064236853148,False,72,4,64,67,15
traffic,lightgbm,17,105,21.00511838198858,27.320351788863693,0.2311549080948995,105,2.148980486550878,0.0339557907463619,0.2137957195141304,False,72,4,64,67,15
traffic,lightgbm,18,104,21.376371842181097,26.823072153540902,0.2030602714029827,104,2.151083456755085,0.0338077830199889,0.2137957195141304,False,72,4,64,67,15
traffic,lightgbm,19,104,16.27998242056308,13.730522168803418,-0.1856783172858633,104,-3.994004734615184,0.0001220861538613,0.0069182153854755,True,72,4,64,67,15
traffic,lightgbm,20,104,13.345824896563409,12.18900272181522,-0.0949070404814798,104,-0.7643231334229429,0.4464221830596386,0.9679064236853148,False,72,4,64,67,15
traffic,lightgbm,21,104,12.94045774316892,12.514915293040294,-0.0340028230446971,104,-0.282577463207683,0.7780678302394395,0.9679064236853148,False,72,4,64,67,15
traffic,lightgbm,22,104,12.724882967017978,12.494200562169311,-0.0184631584630663,104,-0.1049985484690329,0.9165811607401784,0.9679064236853148,False,72,4,64,67,15
traffic,lightgbm,23,104,12.095910026785209,10.627130392755392,-0.1382103709794597,104,-1.936938383013103,0.0554924569026566,0.2620477131514344,False,72,4,64,67,15
traffic,lightgbm,24,104,11.962121204507923,11.85423471204721,-0.0091010929917789,104,-0.0482709961666524,0.9615937451337508,0.9730412897186764,False,72,4,64,67,15
traffic,lightgbm,25,104,12.2772515616623,11.986406504375257,-0.0242645748065428,104,-0.2350711191378654,0.8146202434365575,0.9679064236853148,False,72,4,64,67,15
traffic,lightgbm,26,104,12.75849533341608,12.501018454924704,-0.0205964721530305,104,-0.2088317535533254,0.8349920189560405,0.9679064236853148,False,72,4,64,67,15
traffic,lightgbm,27,104,12.797089828772696,13.29209656084656,0.0372406813182479,104,0.2165815013701318,0.8289628889362128,0.9679064236853148,False,72,4,64,67,15
traffic,lightgbm,28,104,12.9549061189398,12.746190094627591,-0.0163747773069993,104,-0.0824387237553359,0.9344578377384544,0.9679064236853148,False,72,4,64,67,15
traffic,lightgbm,29,104,14.051057709896204,12.632479904354906,-0.1122960666695587,104,-0.9565778996542642,0.3410201914130983,0.9058348834410426,False,72,4,64,67,15
traffic,lightgbm,30,104,15.522217833469378,13.36960183913309,-0.1610082349674422,104,-0.6897990257188098,0.4918718275540943,0.9679064236853148,False,72,4,64,67,15
traffic,lightgbm,31,104,15.261910919192324,14.066228187321936,-0.085003791773268,104,-0.6113377442737985,0.5423229180736726,0.9679064236853148,False,72,4,64,67,15
traffic,lightgbm,32,104,16.011359211885896,15.365454886548635,-0.0420361343094828,104,-0.1960882374541195,0.8449274540729039,0.9679064236853148,False,72,4,64,67,15
traffic,lightgbm,33,104,15.51647130966147,14.73841257122507,-0.0527912171461033,104,-0.3702250491808846,0.7119750286851312,0.9679064236853148,False,72,4,64,67,15
traffic,lightgbm,34,104,15.204980657813874,14.426781262718764,-0.0539413040874272,104,-0.2620655821009028,0.7937942709402037,0.9679064236853148,False,72,4,64,67,15
traffic,lightgbm,35,104,14.684729755528966,14.375001907814408,-0.0215462821988348,104,-0.1428488099779717,0.8866886620320049,0.9679064236853148,False,72,4,64,67,15
traffic,lightgbm,36,104,15.10408843229202,15.054077635327635,-0.0033220764616639,104,-0.0205516758501149,0.9836430495343182,0.9894634226084856,False,72,4,64,67,15
traffic,lightgbm,37,104,15.873672106879498,15.164590646621898,-0.0467590241491653,104,-0.273415798622234,0.7850811036060874,0.9679064236853148,False,72,4,64,67,15
traffic,lightgbm,38,104,15.26499300621305,14.738683162901914,-0.0357094210855883,104,-0.1719667631815669,0.8638010843886894,0.9679064236853148,False,72,4,64,67,15
traffic,lightgbm,39,104,18.741822117643892,18.26606634106634,-0.0260458802510719,104,-0.1461128571846172,0.884117876926148,0.9679064236853148,False,72,4,64,67,15
traffic,lightgbm,40,104,21.34673418758015,22.03633527930403,0.031293819184696,104,0.3128367934338326,0.7550371942926599,0.9679064236853148,False,72,4,64,67,15
traffic,lightgbm,41,104,24.860441412650857,30.44198177401302,0.1833500986498479,104,,,,False,72,4,64,67,15
traffic,lightgbm,42,103,25.109498929104443,30.748677569733392,0.1833958103674584,103,3.558435196207707,0.000567938237481,0.0160915833952957,True,72,4,64,67,15
traffic,lightgbm,43,103,19.629677981734577,17.183191747572817,-0.1423767056843401,103,,,,False,72,4,64,67,15
traffic,lightgbm,44,103,14.765265657119082,13.836236001952022,-0.0671446811861253,103,,,,False,72,4,64,67,15
traffic,lightgbm,45,103,14.82362514567193,13.900599732881284,-0.0664018409657007,103,-0.2776645855799924,0.7818318574374246,0.9679064236853148,False,72,4,64,67,15
traffic,lightgbm,46,103,15.093005514479993,14.541442890532696,-0.0379303916467872,103,-0.1382170885987199,0.8903413494598422,0.9679064236853148,False,72,4,64,67,15
traffic,lightgbm,47,103,14.120696273144327,13.622802691734732,-0.0365485423723916,103,-0.1402544066124469,0.888735577874026,0.9679064236853148,False,72,4,64,67,15
traffic,lightgbm,48,103,14.963642222709552,15.288506511018644,0.021248922389833,103,0.0989509241181904,0.921371441670678,0.9679064236853148,False,72,4,64,67,15
traffic,lightgbm,49,103,14.864659912218528,14.068193930754612,-0.0566146575306125,103,,,,False,72,4,64,67,15
traffic,lightgbm,50,103,14.302041324480122,14.344297079673291,0.0029458226470399,103,,,,False,72,4,64,67,15
traffic,lightgbm,51,103,13.762819185879332,13.809529909590587,0.0033824991883913,103,0.1851903151917998,0.8534475073449739,0.9679064236853148,False,72,4,64,67,15
traffic,lightgbm,52,103,14.225475186776546,13.63927768788206,-0.0429786321760499,103,,,,False,72,4,64,67,15
traffic,lightgbm,53,103,15.132139653737584,13.493088303282478,-0.1214734027981105,103,-0.4739568093226374,0.6365436780063891,0.9679064236853148,False,72,4,64,67,15
traffic,lightgbm,54,103,16.88846340443514,14.757646594236396,-0.1443873043436978,103,-0.5216301948829087,0.6030586731545458,0.9679064236853148,False,72,4,64,67,15
traffic,lightgbm,55,103,16.613355038177104,15.013221734216884,-0.106581607351694,103,-0.3453352105438417,0.730553531441994,0.9679064236853148,False,72,4,64,67,15
traffic,lightgbm,56,103,16.326858496131297,15.860128037191146,-0.0294279124257821,103,-0.0856716765601394,0.9318953595008924,0.9679064236853148,False,72,4,64,67,15
traffic,lightgbm,57,103,17.072197431324717,15.640964195818569,-0.0915054351885016,103,-0.2953550637767949,0.7683230410585451,0.9679064236853148,False,72,4,64,67,15
traffic,lightgbm,58,103,14.770767076641643,15.36577477269225,0.0387229218736202,103,,,,False,72,4,64,67,15
traffic,lightgbm,59,103,13.166971515320183,14.031057045256077,0.0615837799781477,103,,,,False,72,4,64,67,15
traffic,lightgbm,60,103,14.860311589473834,14.099655185698872,-0.0539485819870606,103,,,,False,72,4,64,67,15
traffic,lightgbm,61,103,16.867964155919676,15.069107335490829,-0.1193738142797731,103,,,,False,72,4,64,67,15
traffic,lightgbm,62,103,16.519954647364532,14.848417193198747,-0.1125734435136578,103,,,,False,72,4,64,67,15
traffic,lightgbm,63,103,18.471798885920425,17.407677415626445,-0.0611294341506318,103,-1.9544000966430288,0.0533916857718173,0.2593310451773983,False,72,4,64,67,15
traffic,lightgbm,64,103,20.6401202311212,20.91725130990908,0.0132489242817768,103,,,,False,72,4,64,67,15
traffic,lightgbm,65,103,24.71672018981209,28.6927174834335,0.138571653100375,103,0.6168167731911715,0.5387299459236203,0.9679064236853148,False,72,4,64,67,15
traffic,lightgbm,66,102,27.28522845696361,30.223191915655153,0.0972089072157108,102,0.8336568151337774,0.4064416439534284,0.9679064236853148,False,72,4,64,67,15
traffic,lightgbm,67,102,18.16181087716494,18.917931385517168,0.0399684560084135,102,0.3609623918849597,0.7188814653500661,0.9679064236853148,False,72,4,64,67,15
traffic,lightgbm,68,102,16.23540992261028,14.92542859736487,-0.0877684226419259,102,-0.3812244082908719,0.7038374971885073,0.9679064236853148,False,72,4,64,67,15
traffic,lightgbm,69,102,14.422443365071585,14.39384596431165,-0.0019867796856267,102,,,,False,72,4,64,67,15
traffic,lightgbm,70,102,15.040660314702018,14.489347312999271,-0.0380495401064842,102,-0.184306284382944,0.8541427336279823,0.9679064236853148,False,72,4,64,67,15
traffic,lightgbm,71,102,13.911552998296306,14.828260192966075,0.0618216286159194,102,0.172127143830502,0.8636820019917231,0.9679064236853148,False,72,4,64,67,15
traffic,lightgbm,72,102,14.683160911031957,15.287932163606182,0.0395587347001655,102,0.0969396671892682,0.9229664101603252,0.9679064236853148,False,72,4,64,67,15
traffic,mlp,1,105,6.614609286735992,3.8643137440161257,-0.7117164197598316,105,-6.0358087732946615,2.4661867881192737e-08,1.4057264692279858e-06,True,66,3,40,42,6
traffic,mlp,2,105,7.475624042790938,5.316487780297304,-0.4061207984894293,105,-2.7322818921689542,0.0073917570707096,0.0601900218614924,False,66,3,40,42,6
traffic,mlp,3,105,8.147523252846055,6.526265432098764,-0.2484204538744778,105,-1.7198238580851923,0.0884390207202792,0.3456609521547626,False,66,3,40,42,6
traffic,mlp,4,105,9.14256076003445,7.002453388762913,-0.305622508634737,105,-1.6496508358305215,0.1020316511599586,0.3586064683830124,False,66,3,40,42,6
traffic,mlp,5,105,10.92957416381051,6.897313869992444,-0.5846131363342588,105,-2.956083675833743,0.0038554023250132,0.0488350961168344,True,66,3,40,42,6
traffic,mlp,6,105,12.998814236345394,8.389132968002016,-0.5494824418596902,105,-2.961124804261216,0.0037977411904768,0.0488350961168344,True,66,3,40,42,6
traffic,mlp,7,105,13.30984002607549,8.69239417989418,-0.5312052986347109,105,-3.0269602126085173,0.0031142389995029,0.0488350961168344,True,66,3,40,42,6
traffic,mlp,8,105,14.29044561129215,9.012471025447216,-0.5856301308422827,105,-2.7490625590407234,0.0070483988159262,0.0601900218614924,False,66,3,40,42,6
traffic,mlp,9,105,14.274879097800964,8.96794249181154,-0.5917674662649866,105,-2.741401991259482,0.0072033023375877,0.0601900218614924,False,66,3,40,42,6
traffic,mlp,10,105,15.11475222453934,9.904046674225246,-0.5261188402791637,105,-2.7041346359646594,0.0080020161394531,0.0608153226598441,False,66,3,40,42,6
traffic,mlp,11,105,14.730989946543394,10.154884101788864,-0.450631026300774,105,-5.716537126423794,1.0475504330642593e-07,3.9806916456441854e-06,True,66,3,40,42,6
traffic,mlp,12,105,13.050237049859186,10.430003464348705,-0.251220778062714,105,-2.778687049972523,0.0064775065062041,0.0601900218614924,False,66,3,40,42,6
traffic,mlp,13,105,13.41390731825504,10.888853300579491,-0.2318934738096956,105,,,,False,66,3,40,42,6
traffic,mlp,14,105,13.325946360489562,10.919876858150667,-0.2203385197098615,105,,,,False,66,3,40,42,6
traffic,mlp,15,105,16.08388978997022,13.72779320987654,-0.1716296672067123,105,,,,False,66,3,40,42,6
traffic,mlp,16,105,18.903895320399823,18.38518172083648,-0.0282136781370767,105,-0.380331163975476,0.7044752776898042,0.8839596138529132,False,66,3,40,42,6
traffic,mlp,17,105,23.770555436487623,27.320351788863693,0.129932307600191,105,1.706157423750089,0.0909634084617796,0.3456609521547626,False,66,3,40,42,6
traffic,mlp,18,104,23.090800104771343,26.823072153540902,0.1391440930928884,104,2.3928478455707105,0.0185295712620987,0.1197457107015225,False,66,3,40,42,6
traffic,mlp,19,104,17.142999071330443,13.73052216880342,-0.2485322015123634,104,,,,False,66,3,40,42,6
traffic,mlp,20,104,17.801181249699425,12.18900272181522,-0.4604296722191905,104,-4.205298008286559,5.573083403231927e-05,0.001588328769921,True,66,3,40,42,6
traffic,mlp,21,104,16.589486724562715,12.514915293040294,-0.3255772281405964,104,-2.385012707223112,0.0189072174791877,0.1197457107015225,False,66,3,40,42,6
traffic,mlp,22,104,15.991503701526248,12.494200562169311,-0.2799141187109064,104,-1.5956535270045362,0.1136300047163505,0.3701091582189703,False,66,3,40,42,6
traffic,mlp,23,104,14.321852971150085,10.627130392755392,-0.347668885376001,104,-3.5857673380284263,0.0005156502892154,0.0097973554950927,True,66,3,40,42,6
traffic,mlp,24,104,14.3098012021309,11.85423471204721,-0.2071467749485462,104,-1.7463525744528072,0.0837310160462818,0.3409048510455761,False,66,3,40,42,6
traffic,mlp,25,104,15.25935302540782,11.986406504375257,-0.2730548575870408,104,-1.5328119526401591,0.1283880674765993,0.3955740457387116,False,66,3,40,42,6
traffic,mlp,26,104,15.306975185645532,12.501018454924704,-0.2244582504088248,104,-1.9305653203284463,0.0562865752060317,0.2673612322286508,False,66,3,40,42,6
traffic,mlp,27,104,14.671748073206889,13.29209656084656,-0.103794875853088,104,-0.4854629602885188,0.6283790253149246,0.8624934619073475,False,66,3,40,42,6
traffic,mlp,28,104,14.554685544270397,12.746190094627591,-0.1418851779407455,104,-0.6187760836519467,0.5374299764605439,0.8061449646908159,False,66,3,40,42,6
traffic,mlp,29,104,15.674504641065589,12.632479904354906,-0.2408097823818407,104,-0.9717868509723602,0.3334332095386225,0.6490597334901854,False,66,3,40,42,6
traffic,mlp,30,104,17.82981270751293,13.36960183913309,-0.3336083543882895,104,-1.2186656221358938,0.2257549920196411,0.5160013024423944,False,66,3,40,42,6
traffic,mlp,31,104,18.123955571763357,14.066228187321936,-0.2884730242111883,104,-1.7661865351667754,0.0803273358882081,0.3391598626391012,False,66,3,40,42,6
traffic,mlp,32,104,18.851552279279737,15.365454886548635,-0.2268788928457257,104,-1.6231847679660398,0.1076067006020617,0.3607989373127954,False,66,3,40,42,6
traffic,mlp,33,104,18.27086068238118,14.73841257122507,-0.2396762944506505,104,-1.6411949613783787,0.1038071355845562,0.3586064683830124,False,66,3,40,42,6
traffic,mlp,34,104,17.994190342753296,14.426781262718766,-0.2472768537257381,104,-1.199160346223512,0.2332170395545887,0.5213086766514337,False,66,3,40,42,6
traffic,mlp,35,104,16.576152024732327,14.375001907814408,-0.1531234660721228,104,-1.303228485800916,0.1954025123398608,0.4739550299307263,False,66,3,40,42,6
traffic,mlp,36,104,15.709964071823698,15.054077635327635,-0.0435686896523559,104,-0.2940216299225536,0.7693330591465632,0.919691577788102,False,66,3,40,42,6
traffic,mlp,37,104,17.018274109344212,15.164590646621898,-0.122237619591482,104,-1.0213635070260023,0.3094752037959121,0.6189504075918242,False,66,3,40,42,6
traffic,mlp,38,104,17.740243461642926,14.738683162901914,-0.2036518639803659,104,-0.9667834229328152,0.3359168796133416,0.6490597334901854,False,66,3,40,42,6
traffic,mlp,39,104,19.089354741030125,18.26606634106634,-0.0450720141157507,104,-0.4541827212624358,0.6506529624915078,0.8624934619073475,False,66,3,40,42,6
traffic,mlp,40,104,20.993870827277593,22.03633527930403,0.0473066160418013,104,0.5701472171541694,0.5698194399931362,0.8436287812885392,False,66,3,40,42,6
traffic,mlp,41,104,26.62720991687145,30.44198177401302,0.1253128618714984,104,,,,False,66,3,40,42,6
traffic,mlp,42,103,27.62160535139376,30.748677569733392,0.1016977790751455,103,2.132078511111647,0.0354013931288696,0.2017879408345572,False,66,3,40,42,6
traffic,mlp,43,103,20.32842833993385,17.183191747572817,-0.1830414650878413,103,,,,False,66,3,40,42,6
traffic,mlp,44,103,20.18525936223317,13.836236001952022,-0.4588692589072221,103,,,,False,66,3,40,42,6
traffic,mlp,45,103,18.134812254480423,13.900599732881284,-0.3046064632436893,103,-2.266815905514928,0.0255118955794169,0.1530713734765014,False,66,3,40,42,6
traffic,mlp,46,103,18.449343971086307,14.541442890532696,-0.2687423187624576,103,-1.4443468471365064,0.1517062462934189,0.4238594557024281,False,66,3,40,42,6
traffic,mlp,47,103,17.474979664942722,13.622802691734734,-0.2827741882766306,103,-1.6704435930474966,0.09789753029215,0.3586064683830124,False,66,3,40,42,6
traffic,mlp,48,103,17.506257299248794,15.288506511018644,-0.1450600022070034,103,-0.7913268002838653,0.4305895969033948,0.7464519310824684,False,66,3,40,42,6
traffic,mlp,49,103,17.983153432159515,14.068193930754612,-0.2782844422443149,103,,,,False,66,3,40,42,6
traffic,mlp,50,103,17.419338404168574,14.344297079673291,-0.2143737896263176,103,,,,False,66,3,40,42,6
traffic,mlp,51,103,15.670328997197856,13.809529909590587,-0.1347474606152205,103,,,,False,66,3,40,42,6
traffic,mlp,52,103,15.476478468149509,13.63927768788206,-0.1346992723742053,103,,,,False,66,3,40,42,6
traffic,mlp,53,103,18.890374740638286,13.493088303282478,-0.4000037883130731,103,-1.4762610064716375,0.1429544473274002,0.4221174132210403,False,66,3,40,42,6
traffic,mlp,54,103,19.386891532070223,14.757646594236396,-0.3136844962557774,103,-1.4708551609526723,0.1444085887335138,0.4221174132210403,False,66,3,40,42,6
traffic,mlp,55,103,19.590255543095957,15.013221734216884,-0.304866862683276,103,-1.2489916468547162,0.214526957650301,0.5095015244194651,False,66,3,40,42,6
traffic,mlp,56,103,19.05089485759683,15.860128037191146,-0.2011816558430998,103,-0.7637272601022881,0.4467927856655802,0.7464519310824684,False,66,3,40,42,6
traffic,mlp,57,103,18.46406156897877,15.640964195818569,-0.1804938198065133,103,-0.693956443866468,0.4892869774716151,0.7747043809967239,False,66,3,40,42,6
traffic,mlp,58,103,16.304339090030286,15.36577477269225,-0.0610814834411106,103,-0.5241364843815016,0.6013207308231339,0.8624934619073475,False,66,3,40,42,6
traffic,mlp,59,103,14.874292878226736,14.031057045256077,-0.0600978123209725,103,-0.5171402617557694,0.6061778584012796,0.8624934619073475,False,66,3,40,42,6
traffic,mlp,60,103,15.236934744558976,14.099655185698872,-0.0806600972776718,103,-0.3866397193813161,0.6998283699765191,0.8839596138529132,False,66,3,40,42,6
traffic,mlp,61,103,17.215875726464294,15.069107335490829,-0.1424615501886688,103,,,,False,66,3,40,42,6
traffic,mlp,62,103,17.078902507543447,14.848417193198747,-0.1502170423502353,103,,,,False,66,3,40,42,6
traffic,mlp,63,103,19.21250866185674,17.407677415626445,-0.103680186801379,103,,,,False,66,3,40,42,6
traffic,mlp,64,103,21.05061026306601,20.917251309909076,-0.006375548640741,103,,,,False,66,3,40,42,6
traffic,mlp,65,103,27.658199565176854,28.6927174834335,0.0360550693343685,103,0.1543622362688453,0.87762914607341,0.9583962322901508,False,66,3,40,42,6
traffic,mlp,66,102,29.35651219616151,30.223191915655153,0.0286759824016045,102,0.1372069595464945,0.8911403563399647,0.9583962322901508,False,66,3,40,42,6
traffic,mlp,67,102,19.16455905387996,18.917931385517168,-0.0130367143921241,102,,,,False,66,3,40,42,6
traffic,mlp,68,102,18.6279057835578,14.92542859736487,-0.2480650496593854,102,,,,False,66,3,40,42,6
traffic,mlp,69,102,16.93391284872253,14.39384596431165,-0.176468950043565,102,,,,False,66,3,40,42,6
traffic,mlp,70,102,18.142606496570092,14.489347312999271,-0.2521341441165716,102,-1.8293548552547776,0.0702967143694504,0.3082240553122056,False,66,3,40,42,6
traffic,mlp,71,102,17.149186407731563,14.828260192966075,-0.156520467307853,102,-0.4610579128731946,0.6457483758820133,0.8624934619073475,False,66,3,40,42,6
traffic,mlp,72,102,16.532482322766164,15.287932163606182,-0.081407357505334,102,-0.2595278449852652,0.7957562677478851,0.925675658400601,False,66,3,40,42,6
traffic,ridge,1,105,5.174783828926537,3.8643137440161257,-0.3391210371931288,105,-3.822043687093097,0.0002256784308205,0.0095913333098734,True,72,5,63,67,15
traffic,ridge,2,105,6.778106993849107,5.316487780297304,-0.2749219548605957,105,-2.0245922513297,0.0454722157872746,0.2415711463698966,False,72,5,63,67,15
traffic,ridge,3,105,7.62117221786886,6.526265432098764,-0.1677692697549366,105,-1.0792638795725191,0.2829668008323094,0.8366565554283034,False,72,5,63,67,15
traffic,ridge,4,105,8.550357525977013,7.002453388762913,-0.2210516873554742,105,-1.3027640370035856,0.1955326306542248,0.6648109442243646,False,72,5,63,67,15
traffic,ridge,5,105,10.293976923042113,6.897313869992441,-0.4924617201817136,105,-2.9176199622407,0.004322631540645,0.0459279601193536,True,72,5,63,67,15
traffic,ridge,6,105,12.2416707560925,8.389132968002016,-0.459229553612382,105,-2.960050397126606,0.0038099633361385,0.0459279601193536,True,72,5,63,67,15
traffic,ridge,7,105,13.18970731874266,8.69239417989418,-0.5173848591968973,105,-3.749468742137363,0.0002916091436309,0.0099147108834509,True,72,5,63,67,15
traffic,ridge,8,105,14.07043537999011,9.012471025447216,-0.5612183762101925,105,-3.322546190596956,0.0012318589269413,0.0261770021975032,True,72,5,63,67,15
traffic,ridge,9,105,14.19006884022864,8.96794249181154,-0.5823104188263168,105,-3.160087014926813,0.0020659852310211,0.0319288626612366,True,72,5,63,67,15
traffic,ridge,10,105,14.8148442831228,9.904046674225246,-0.4958374864768806,105,-3.020532204328604,0.0031755821584416,0.0415268436103902,True,72,5,63,67,15
traffic,ridge,11,105,13.96906205333726,10.154884101788864,-0.3756003429794434,105,-3.3859633632937904,0.0010019120938495,0.0243321508506328,True,72,5,63,67,15
traffic,ridge,12,105,12.646629755529329,10.430003464348705,-0.2125240225238065,105,-2.931924013685073,0.0041431077120897,0.0459279601193536,True,72,5,63,67,15
traffic,ridge,13,105,12.47550994301982,10.888853300579491,-0.1457138413606771,105,,,,False,72,5,63,67,15
traffic,ridge,14,105,12.958550840873304,10.919876858150667,-0.1866938619551332,105,,,,False,72,5,63,67,15
traffic,ridge,15,105,15.639228490446987,13.72779320987654,-0.1392383503559227,105,,,,False,72,5,63,67,15
traffic,ridge,16,105,18.10311026804277,18.38518172083648,0.0153423260687182,105,0.1879733430840424,0.8512638243076824,0.9679064236853148,False,72,5,63,67,15
traffic,ridge,17,105,24.009464802506535,27.320351788863693,0.121187567859457,105,1.7460372653235876,0.0837573976709651,0.3390180381920017,False,72,5,63,67,15
traffic,ridge,18,104,23.97067097187577,26.823072153540902,0.1063413305283373,104,1.9609717610294848,0.0525824609945677,0.2593310451773983,False,72,5,63,67,15
traffic,ridge,19,104,15.173821369779066,13.730522168803418,-0.105116118908785,104,-4.352871947001371,3.1756062068177826e-05,0.0026992652757951,True,72,5,63,67,15
traffic,ridge,20,104,14.92931126858848,12.18900272181522,-0.2248181093494059,104,-2.4938948286989486,0.0142261153607334,0.1151637910154615,False,72,5,63,67,15
traffic,ridge,21,104,13.4133917481569,12.514915293040294,-0.0717924519725883,104,-0.5376848915424475,0.5919544550600981,0.9679064236853148,False,72,5,63,67,15
traffic,ridge,22,104,13.049543159144262,12.494200562169311,-0.0444480296447655,104,-0.2378924037594108,0.8124371390758225,0.9679064236853148,False,72,5,63,67,15
traffic,ridge,23,104,11.62385181259694,10.627130392755392,-0.0937902691512115,104,-0.7536881141662044,0.4527559859676739,0.9679064236853148,False,72,5,63,67,15
traffic,ridge,24,104,12.24374317947962,11.85423471204721,-0.0328581706785813,104,-0.2275517828953241,0.8204457846640323,0.9679064236853148,False,72,5,63,67,15
traffic,ridge,25,104,12.784452701375857,11.986406504375257,-0.0665792701681944,104,-0.423511173892477,0.6728054062255144,0.9679064236853148,False,72,5,63,67,15
traffic,ridge,26,104,12.352989026184586,12.501018454924704,0.0118413895054927,104,0.1071473580655322,0.9148805026678704,0.9679064236853148,False,72,5,63,67,15
traffic,ridge,27,104,12.376668160978532,13.29209656084656,0.0688701286270015,104,0.3774944728451345,0.7065828992104786,0.9679064236853148,False,72,5,63,67,15
traffic,ridge,28,104,12.386834730194762,12.746190094627591,0.0281931590353651,104,0.1255286778337369,0.9003497121039168,0.9679064236853148,False,72,5,63,67,15
traffic,ridge,29,104,14.706167559675764,12.632479904354906,-0.1641552308827325,104,-0.763160597081927,0.4471120434240527,0.9679064236853148,False,72,5,63,67,15
traffic,ridge,30,104,16.68190847276856,13.36960183913309,-0.2477490858359208,104,-1.035603297262711,0.302812522962959,0.8579688150617172,False,72,5,63,67,15
traffic,ridge,31,104,16.940803334193962,14.066228187321936,-0.2043600536398886,104,-1.109480962870543,0.2698064226399312,0.8339471245234239,False,72,5,63,67,15
traffic,ridge,32,104,17.75345139562033,15.365454886548635,-0.155413329882099,104,-0.7718741078528882,0.4419563522813465,0.9679064236853148,False,72,5,63,67,15
traffic,ridge,33,104,16.96673699698404,14.73841257122507,-0.1511916168033928,104,-0.7560439698445605,0.4513485061509326,0.9679064236853148,False,72,5,63,67,15
traffic,ridge,34,104,16.02913367867399,14.426781262718764,-0.1110679081338796,104,-0.5729091052051225,0.5679548356660216,0.9679064236853148,False,72,5,63,67,15
traffic,ridge,35,104,14.706717220673053,14.375001907814408,-0.0230758447884671,104,-0.166712676449196,0.8679229728146081,0.9679064236853148,False,72,5,63,67,15
traffic,ridge,36,104,14.324386579997894,15.054077635327635,0.0484713227210522,104,0.3476502286800317,0.7288123037731022,0.9679064236853148,False,72,5,63,67,15
traffic,ridge,37,104,15.375960349666553,15.164590646621898,-0.0139383718275138,104,-0.1079852565543348,0.9142174613318303,0.9679064236853148,False,72,5,63,67,15
traffic,ridge,38,104,15.601760086964276,14.738683162901914,-0.0585586184683564,104,-0.328001540947528,0.7435763136710078,0.9679064236853148,False,72,5,63,67,15
traffic,ridge,39,104,17.632826655182555,18.26606634106634,0.0346675454944624,104,0.256315646673221,0.798218357742561,0.9679064236853148,False,72,5,63,67,15
traffic,ridge,40,104,20.21372629821555,22.03633527930403,0.0827092598650115,104,0.7502421223087434,0.4548192787039213,0.9679064236853148,False,72,5,63,67,15
traffic,ridge,41,104,25.783806855590633,30.44198177401302,0.1530181232287204,104,,,,False,72,5,63,67,15
traffic,ridge,42,103,27.00905632645401,30.748677569733392,0.121618929295365,103,2.5079045413789616,0.0137217470991082,0.1151637910154615,False,72,5,63,67,15
traffic,ridge,43,103,17.380452782767485,17.183191747572817,-0.0114798832540834,103,,,,False,72,5,63,67,15
traffic,ridge,44,103,16.316483121663012,13.836236001952022,-0.1792573586747925,103,,,,False,72,5,63,67,15
traffic,ridge,45,103,15.573404834051097,13.900599732881284,-0.1203404984903537,103,-0.7953158535167428,0.4282766480972904,0.9679064236853148,False,72,5,63,67,15
traffic,ridge,46,103,15.9470328854598,14.541442890532696,-0.0966609713704698,103,-0.4708746512299681,0.6387357083480731,0.9679064236853148,False,72,5,63,67,15
traffic,ridge,47,103,14.750494171872251,13.622802691734732,-0.0827796970752365,103,-0.4477487508644728,0.6552840445681425,0.9679064236853148,False,72,5,63,67,15
traffic,ridge,48,103,15.020156442047073,15.288506511018644,0.0175524057093586,103,0.1164436031599374,0.907529938347686,0.9679064236853148,False,72,5,63,67,15
traffic,ridge,49,103,15.399841433435064,14.068193930754612,-0.0946566068988661,103,,,,False,72,5,63,67,15
traffic,ridge,50,103,14.356183867486196,14.344297079673291,-0.0008286769122864,103,,,,False,72,5,63,67,15
traffic,ridge,51,103,13.150945010177086,13.809529909590587,0.0476906095808606,103,,,,False,72,5,63,67,15
traffic,ridge,52,103,13.191835454802831,13.63927768788206,0.0328054200023187,103,,,,False,72,5,63,67,15
traffic,ridge,53,103,15.515135912867274,13.493088303282478,-0.1498580283575918,103,-0.6845710399669092,0.4951672159251823,0.9679064236853148,False,72,5,63,67,15
traffic,ridge,54,103,17.835671782197483,14.757646594236396,-0.208571547523249,103,-1.0882659642256818,0.2790424279939185,0.8366565554283034,False,72,5,63,67,15
traffic,ridge,55,103,18.19244918101222,15.013221734216884,-0.2117618392026745,103,-0.7383424081101939,0.4620018539965982,0.9679064236853148,False,72,5,63,67,15
traffic,ridge,56,103,18.85575913203725,15.860128037191146,-0.1888781154743208,103,-0.5916639509721318,0.5553847284891631,0.9679064236853148,False,72,5,63,67,15
traffic,ridge,57,103,18.323798230103943,15.640964195818569,-0.1715261284852631,103,-0.5752567051322143,0.5663845371369005,0.9679064236853148,False,72,5,63,67,15
traffic,ridge,58,103,16.421287040472432,15.36577477269225,-0.0686924208765584,103,,,,False,72,5,63,67,15
traffic,ridge,59,103,14.73076109065369,14.031057045256077,-0.0498682346697596,103,-0.4765200119523714,0.6347231835002503,0.9679064236853148,False,72,5,63,67,15
traffic,ridge,60,103,14.625688143959138,14.099655185698872,-0.0373082143734844,103,-0.2328175990793558,0.8163695871778207,0.9679064236853148,False,72,5,63,67,15
traffic,ridge,61,103,16.027788732042794,15.069107335490829,-0.0636189905087525,103,,,,False,72,5,63,67,15
traffic,ridge,62,103,15.511633362420636,14.848417193198747,-0.0446657822576317,103,,,,False,72,5,63,67,15
traffic,ridge,63,103,16.96156138178067,17.407677415626445,0.0256275448581847,103,,,,False,72,5,63,67,15
traffic,ridge,64,103,19.7582214794276,20.91725130990908,0.0554102359487556,103,,,,False,72,5,63,67,15
traffic,ridge,65,103,26.324647795830465,28.6927174834335,0.0825320811446425,103,0.4828254472988169,0.6302543454107421,0.9679064236853148,False,72,5,63,67,15
traffic,ridge,66,102,27.487855155810767,30.223191915655153,0.0905045624392678,102,1.2523696345599655,0.2133273885565714,0.7110912951885714,False,72,5,63,67,15
traffic,ridge,67,102,17.47735330356542,18.917931385517168,0.0761488163052859,102,,,,False,72,5,63,67,15
traffic,ridge,68,102,16.819528616323513,14.92542859736487,-0.126904229691136,102,-0.8351157217042601,0.4056236661142578,0.9679064236853148,False,72,5,63,67,15
traffic,ridge,69,102,16.00575092874005,14.39384596431165,-0.1119857033641311,102,,,,False,72,5,63,67,15
traffic,ridge,70,102,16.18534402512985,14.489347312999271,-0.1170512843328006,102,,,,False,72,5,63,67,15
traffic,ridge,71,102,15.189480021482188,14.828260192966075,-0.0243602299808212,102,-0.0618233048350596,0.950825722090868,0.9679064236853148,False,72,5,63,67,15
traffic,ridge,72,102,14.914540990017551,15.287932163606182,0.0244239161707892,102,0.0682124463512533,0.9457513788966412,0.9679064236853148,False,72,5,63,67,15
pm10,extratrees,1,2536,5.664065849615007,5.543769716088328,-0.0216993381196142,2536,-1.0038590390303677,0.3155423725121895,0.34875735909242,False,7,6,2,7,1
pm10,extratrees,2,2535,7.139930059518645,7.529322813938199,0.0517168361673529,2535,1.8741511820810048,0.0610245670130975,0.0711953281819471,False,7,6,2,7,1
pm10,extratrees,3,2534,7.610820386703263,8.399960536700869,0.0939456973100906,2534,2.9914229291190275,0.0028035870570022,0.0034632545998262,True,7,6,2,7,1
pm10,extratrees,4,2533,7.840312202935587,8.92946440321095,0.1219728475409694,2533,3.677296537799756,0.0002406234324987,0.0003368728054982,True,7,6,2,7,1
pm10,extratrees,5,2532,8.047134746317287,9.236966824644549,0.1288119900087492,2532,3.7558034339294464,0.0001766824309676,0.0002650236464515,True,7,6,2,7,1
pm10,extratrees,6,2531,8.056365539109908,9.47346239957856,0.1495859486951353,2531,4.315042201298092,1.657012104083755e-05,3.163386744159896e-05,True,7,6,2,7,1
pm10,extratrees,7,2530,7.948674620877019,9.605401844532278,0.1724787000554614,2530,4.736220051971411,2.2977468112639343e-06,6.031585379567828e-06,True,7,6,2,7,1
pm10,knn,1,2536,5.845294426919033,5.543769716088328,-0.0543898333214785,2536,-2.2586023019971257,0.0239927894771709,0.0305362775163994,True,7,6,2,7,1
pm10,knn,2,2535,7.246942800788955,7.529322813938199,0.0375040385606133,2535,1.310877631463998,0.1900178933134357,0.2046346543375462,False,7,6,2,7,1
pm10,knn,3,2534,7.9643712181005,8.399960536700869,0.0518561148825883,2534,1.5888381724417666,0.1122217338021422,0.1309253561024993,False,7,6,2,7,1
pm10,knn,4,2533,8.141768653770232,8.92946440321095,0.0882131014663624,2533,2.5627545745672307,0.0104418763779499,0.0146186269291298,True,7,6,2,7,1
pm10,knn,5,2532,8.235755660874144,9.236966824644549,0.1083917678581608,2532,3.163969420697371,0.0015747944104367,0.0027558902182642,True,7,6,2,7,1
pm10,knn,6,2531,8.47096009482418,9.47346239957856,0.105822165378413,2531,3.0635802522206905,0.0022101028598406,0.0034379377819744,True,7,6,2,7,1
pm10,knn,7,2530,8.421600790513834,9.605401844532278,0.1232432617790273,2530,3.416555066940232,0.0006442064474707,0.0012884128949415,True,7,6,2,7,1
pm10,lightgbm,1,2536,5.563884980933665,5.543769716088328,-0.0036284452413239,2536,-0.1715215075968659,0.8638274103943244,0.8638274103943244,False,7,6,2,7,1
pm10,lightgbm,2,2535,6.89799061056344,7.529322813938199,0.0838497988432697,2535,3.036264249782316,0.0024196798797877,0.0031758298422214,True,7,6,2,7,1
pm10,lightgbm,3,2534,7.411761251749522,8.399960536700869,0.1176433247077453,2534,3.7718372846456094,0.0001657605961606,0.0002650236464515,True,7,6,2,7,1
pm10,lightgbm,4,2533,7.663170808978785,8.92946440321095,0.1418106996178648,2533,4.2937446529387655,1.8229877901232427e-05,3.190228632715675e-05,True,7,6,2,7,1
pm10,lightgbm,5,2532,7.900662620855512,9.236966824644549,0.1446691570033282,2532,4.409312068318665,1.0802904770734756e-05,2.5206777798381097e-05,True,7,6,2,7,1
pm10,lightgbm,6,2531,7.930315479370295,9.47346239957856,0.1628915443076983,2531,4.771388866221217,1.933657513886189e-06,5.800972541658567e-06,True,7,6,2,7,1
pm10,lightgbm,7,2530,7.9289982641502705,9.605401844532278,0.1745271678910833,2530,4.95983723292538,7.523048242141783e-07,2.633066884749624e-06,True,7,6,2,7,1
pm10,mlp,1,2536,5.457249319468748,5.543769716088328,0.0156067804130631,2536,0.7987847053498697,0.4244900900254913,0.4244900900254912,False,7,7,1,7,0
pm10,mlp,2,2535,6.728393569120075,7.529322813938199,0.1063746720137238,2535,4.122009246076424,3.876517542966696e-05,9.045207600255624e-05,True,7,7,1,7,0
pm10,mlp,3,2534,7.104520324403627,8.399960536700869,0.154219797418957,2534,5.256328918680287,1.5922244278598896e-07,4.458228398007691e-07,True,7,7,1,7,0
pm10,mlp,4,2533,7.242905095154578,8.92946440321095,0.1888757524415352,2533,5.990274113352803,2.392636977432971e-09,8.3742294210154e-09,True,7,7,1,7,0
pm10,mlp,5,2532,7.368956739185309,9.236966824644549,0.2022319794930218,2532,6.540390357382482,7.397771284445298e-11,3.4522932660744726e-10,True,7,7,1,7,0
pm10,mlp,6,2531,7.366094203408427,9.47346239957856,0.2224496290040568,2531,6.967330585651174,4.103606343619504e-12,2.8725244405336525e-11,True,7,7,1,7,0
pm10,mlp,7,2530,7.401179749830107,9.605401844532278,0.2294773431011518,2530,7.089102464060306,1.743938327081196e-12,2.4415136579136743e-11,True,7,7,1,7,0
pm10,ridge,1,2536,5.459085466407526,5.543769716088328,0.0152755713201874,2536,0.85370240662946,0.3933505604462763,0.4130180884685901,False,7,7,1,7,0
pm10,ridge,2,2535,6.726632690165603,7.529322813938199,0.106608541512746,2535,4.365422140026736,1.3196673385840184e-05,2.771301411026439e-05,True,7,7,1,7,0
pm10,ridge,3,2534,7.066746014866391,8.399960536700869,0.1587167601573168,2534,5.719152509705374,1.1962791424124932e-08,5.024372398132471e-08,True,7,7,1,7,0
pm10,ridge,4,2533,7.2056683044837095,8.92946440321095,0.1930458559314465,2533,6.582012221636438,5.6215476718080026e-11,2.951312527699201e-10,True,7,7,1,7,0
pm10,ridge,5,2532,7.271227127249913,9.236966824644549,0.2128122504619128,2532,7.044082698190128,2.396305376350938e-12,1.6774137634456565e-11,True,7,7,1,7,0
pm10,ridge,6,2531,7.309916209361328,9.47346239957856,0.2283796672179203,2531,7.3451279903392175,2.75779399316889e-13,5.7913673856546666e-12,True,7,7,1,7,0
pm10,ridge,7,2530,7.34087852459217,9.605401844532278,0.2357551882359978,2530,7.244538819761261,5.733191699164308e-13,6.019851284122524e-12,True,7,7,1,7,0
pm10_bcn,extratrees,1,2441,6.358830198389179,6.530719021337575,0.0263200456774804,2441,1.859902236878052,0.0630196158910445,0.0661705966855967,False,7,7,1,7,0
pm10_bcn,extratrees,2,2440,7.8514669684665455,8.714910341859092,0.0990765641323114,2440,5.240709202690867,1.7367596227835238e-07,1.919576425181789e-07,True,7,7,1,7,0
pm10_bcn,extratrees,3,2439,8.093134066920905,9.363964627341796,0.1357150107882936,2439,7.136244054767483,1.2596590437397026e-12,2.20440332654448e-12,True,7,7,1,7,0
pm10_bcn,extratrees,4,2438,8.273863532527695,9.90208101021942,0.1644318478117202,2438,7.983287492444207,2.220446049250313e-15,6.661338147750939e-15,True,7,7,1,7,0
pm10_bcn,extratrees,5,2437,8.396177887015583,9.978192095878748,0.1585471790542676,2437,7.370064641963038,2.322586567515828e-13,4.87743179178324e-13,True,7,7,1,7,0
pm10_bcn,extratrees,6,2436,8.250423741623154,9.757222377604611,0.1544290554902136,2436,6.852378731647944,9.168443781959468e-12,1.4810563032396064e-11,True,7,7,1,7,0
pm10_bcn,extratrees,7,2435,8.37931714727414,9.80123096733263,0.1450750242288657,2435,5.960431525765009,2.8809294949638793e-09,3.5587952584847926e-09,True,7,7,1,7,0
pm10_bcn,knn,1,2441,6.815362529407887,6.530719021337575,-0.0435853245470072,2441,-2.5121254154995727,0.0120647012598442,0.0120647012598442,True,7,6,2,7,1
pm10_bcn,knn,2,2440,8.239665826624453,8.71491034185909,0.0545323470457249,2440,2.753534600176132,0.0059392547554517,0.0063961205058711,True,7,6,2,7,1
pm10_bcn,knn,3,2439,8.506831378975495,9.363964627341796,0.0915352932734884,2439,4.7550099087072155,2.100005831451313e-06,2.6727346945743977e-06,True,7,6,2,7,1
pm10_bcn,knn,4,2438,8.676197083881862,9.90208101021942,0.1238006359544411,2438,5.893065896280273,4.315307000624102e-09,8.630614001248205e-09,True,7,6,2,7,1
pm10_bcn,knn,5,2437,8.710238422337508,9.978192095878748,0.1270724858128296,2437,5.619115962486052,2.13783322156047e-08,3.7412081377308226e-08,True,7,6,2,7,1
pm10_bcn,knn,6,2436,8.599331032807674,9.757222377604611,0.1186701809169177,2436,5.118338033556626,3.323242621089406e-07,5.169488521694632e-07,True,7,6,2,7,1
pm10_bcn,knn,7,2435,8.599856498248169,9.80123096733263,0.1225738351732171,2435,5.029304717905566,5.281407700064022e-07,7.393970780089631e-07,True,7,6,2,7,1
pm10_bcn,lightgbm,1,2441,6.379503589463463,6.530719021337575,0.0231544844266078,2441,1.595661661374014,0.110693854432369,0.110693854432369,False,7,7,1,7,0
pm10_bcn,lightgbm,2,2440,7.749323305228278,8.714910341859092,0.110797127997169,2440,5.940777305136706,3.24206239632474e-09,3.782406129045531e-09,True,7,7,1,7,0
pm10_bcn,lightgbm,3,2439,8.017363322237475,9.363964627341796,0.1438067483907816,2439,7.544926153698968,6.350475700855895e-14,1.4817776635330429e-13,True,7,7,1,7,0
pm10_bcn,lightgbm,4,2438,8.283414589709393,9.90208101021942,0.1634672973125029,2438,7.715617402940183,1.7319479184152442e-14,4.5463632858400167e-14,True,7,7,1,7,0
pm10_bcn,lightgbm,5,2437,8.414850983969437,9.978192095878748,0.1566757882477539,2437,7.1414627546889164,1.2139178551251462e-12,2.20440332654448e-12,True,7,7,1,7,0
pm10_bcn,lightgbm,6,2436,8.362339840908897,9.757222377604611,0.1429589777411793,2436,6.2884917426357205,3.7875658165376075e-10,4.971180134205611e-10,True,7,7,1,7,0
pm10_bcn,lightgbm,7,2435,8.23551338581396,9.80123096733263,0.1597470345038482,2435,6.4922711286009696,1.0213141443671248e-10,1.4298398021139746e-10,True,7,7,1,7,0
pm10_bcn,mlp,1,2441,6.147208136479308,6.530719021337575,0.0587241440958087,2441,4.668412134210495,3.1997789562421275e-06,3.733075448949149e-06,True,7,7,1,7,0
pm10_bcn,mlp,2,2440,7.574146800875016,8.71491034185909,0.1308979090128795,2440,7.24431782695151,5.802025526691068e-13,1.353805956227916e-12,True,7,7,1,7,0
pm10_bcn,mlp,3,2439,7.83692475570392,9.363964627341796,0.1630762110291489,2439,9.03334737969856,0.0,0.0,True,7,7,1,7,0
pm10_bcn,mlp,4,2438,7.990828709320259,9.90208101021942,0.1930152155821244,2438,9.935484527841805,0.0,0.0,True,7,7,1,7,0
pm10_bcn,mlp,5,2437,8.076029263827262,9.978192095878748,0.1906320116684392,2437,9.263543944593913,0.0,0.0,True,7,7,1,7,0
pm10_bcn,mlp,6,2436,8.011882095473249,9.757222377604611,0.1788767555546727,2436,8.40448465197471,0.0,0.0,True,7,7,1,7,0
pm10_bcn,mlp,7,2435,7.998702328473506,9.80123096733263,0.1839083932280473,2435,7.914641799581147,3.774758283725532e-15,1.056932319443149e-14,True,7,7,1,7,0
pm10_bcn,ridge,1,2441,6.015900334621631,6.530719021337575,0.0788303225163868,2441,6.702630540850219,2.5337509867995323e-11,3.800626480199298e-11,True,7,7,1,7,0
pm10_bcn,ridge,2,2440,7.4531092589580945,8.714910341859092,0.1447864674912795,2440,8.342543195052528,2.220446049250313e-16,9.325873406851317e-16,True,7,7,1,7,0
pm10_bcn,ridge,3,2439,7.708300144995509,9.363964627341796,0.1768123383883703,2439,9.706055797487103,0.0,0.0,True,7,7,1,7,0
pm10_bcn,ridge,4,2438,7.88486404920581,9.90208101021942,0.2037164671680372,2438,10.222625379428187,0.0,0.0,True,7,7,1,7,0
pm10_bcn,ridge,5,2437,7.947641890070502,9.978192095878748,0.2034988088320044,2437,9.77737385094273,0.0,0.0,True,7,7,1,7,0
pm10_bcn,ridge,6,2436,7.908261105677179,9.757222377604611,0.1894966825980398,2436,8.608872995853082,0.0,0.0,True,7,7,1,7,0
pm10_bcn,ridge,7,2435,7.910198096615473,9.80123096733263,0.1929383030580489,2435,8.03088669378197,1.5543122344752197e-15,5.440092820663267e-15,True,7,7,1,7,0
wind,arima,1,355,1.6316038340437118,1.725380281690141,0.05435117616770724,355,1.9501933237517173,0.0519420561102457,0.0531225573854785,False,48,48,1,48,0
wind,arima,2,355,2.1106016826085274,2.3547323943661973,0.10367662683953538,355,3.3572160476512547,0.0008728381296847,0.0011552269363474,True,48,48,1,48,0
wind,arima,3,355,2.201538326640448,2.5259154929577465,0.1284196431834962,355,2.9961829460038207,0.0029265747858455,0.0035593477125148,True,48,48,1,48,0
wind,arima,4,355,2.3613148437878966,2.7854084507042254,0.15225544634543875,355,3.494748937980339,0.0005347499980645,0.0007519921847783,True,48,48,1,48,0
wind,arima,5,355,2.45864151927652,2.8891549295774652,0.14901015030159948,355,3.0388382343734404,0.0025514792468888,0.003189349058611,True,48,48,1,48,0
wind,arima,6,355,2.632494934927788,3.058732394366197,0.13935101358441337,355,2.8195203781394143,0.005080183653362,0.0058617503692639,True,48,48,1,48,0
wind,arima,7,355,2.826345009950268,3.16225352112676,0.10622440893252694,355,1.7729301753909192,0.0771001237744222,0.0771001237744222,False,48,48,1,48,0
wind,arima,8,355,2.8661697788103777,3.246535211267606,0.11716042109665425,355,1.996777492633468,0.0466146587775302,0.0487827824416014,True,48,48,1,48,0
wind,arima,9,355,3.0047843559227494,3.4421971830985916,0.127073727595725,355,2.259733550372073,0.0244451463426491,0.0261912282242669,True,48,48,1,48,0
wind,arima,10,355,2.9134618172450937,3.3993802816901413,0.14294324970416472,355,2.4458287591268992,0.0149382553857113,0.0168055373089252,True,48,48,1,48,0
wind,arima,11,355,2.8010507444031885,3.2588732394366198,0.1404849042586811,355,2.4033788096078443,0.0167580769259529,0.0183930112601923,True,48,48,1,48,0
wind,arima,12,355,2.75752890333593,3.27830985915493,0.1588565383362649,355,2.8388752137296467,0.0047885430933647,0.0056706431368792,True,48,48,1,48,0
wind,arima,13,355,2.8000839260735733,3.4623098591549297,0.1912670904743894,355,3.5235990142834286,0.0004815444338091,0.0006990161135938,True,48,48,1,48,0
wind,arima,14,355,2.928845789958185,3.5973521126760564,0.18583288534982245,355,3.544356342529902,0.0004463761683013,0.000669564252452,True,48,48,1,48,0
wind,arima,15,355,3.026188063776489,3.6430140845070422,0.16931749546447872,355,3.1535618023705787,0.0017508113782134,0.0022510432005601,True,48,48,1,48,0
wind,arima,16,355,2.8317213532018366,3.3960563380281688,0.1661736227715228,355,3.484679072114841,0.0005545816759411,0.0007562477399197,True,48,48,1,48,0
wind,arima,17,355,2.7131965053539946,3.302957746478874,0.1785554906821305,355,5.282663591927242,2.2291123347173425e-07,7.716158081713878e-07,True,48,48,1,48,0
wind,arima,18,355,2.861299515118897,3.5843943661971833,0.20173417799600113,355,4.148508029051104,4.194612394825548e-05,7.550302310685986e-05,True,48,48,1,48,0
wind,arima,19,355,2.7270506797286087,3.513408450704226,0.22381621209398528,355,6.185317129845634,1.711023323025529e-09,9.6245061920186e-09,True,48,48,1,48,0
wind,arima,20,355,2.680120425269406,3.4380563380281695,0.22045476811280618,355,3.740721731709384,0.0002139741656943,0.0003320288778015,True,48,48,1,48,0
wind,arima,21,355,2.669355895759538,3.479577464788732,0.23285056223870781,355,4.56022068833926,7.051089846443759e-06,1.5109478242379484e-05,True,48,48,1,48,0
wind,arima,22,355,2.7812057510707815,3.5166197183098595,0.20912524701207358,355,4.966151089891141,1.064382562754318e-06,2.99357595774652e-06,True,48,48,1,48,0
wind,arima,23,355,2.799281511362327,3.5058873239436616,0.2015483520407314,355,7.695909689861048,1.412203687323199e-13,9.078452275649136e-13,True,48,48,1,48,0
wind,arima,24,355,2.6961819362313846,3.5047887323943656,0.23071484700036837,355,11.596357126501418,0.0,0.0,True,48,48,1,48,0
wind,arima,25,355,2.761407592495949,3.47025352112676,0.20426344194030388,355,,,,False,48,48,1,48,0
wind,arima,26,355,2.7443874136725173,3.38425352112676,0.18907156436708217,355,,,,False,48,48,1,48,0
wind,arima,27,355,2.6713874718029746,3.4549014084507044,0.2267832982820439,355,42.45055447900869,0.0,0.0,True,48,48,1,48,0
wind,arima,28,355,2.664403977358736,3.509802816901408,0.24086790160166993,355,,,,False,48,48,1,48,0
wind,arima,29,355,2.7426081810113865,3.5441126760563377,0.22615096310561278,355,23.92788490172748,0.0,0.0,True,48,48,1,48,0
wind,arima,30,355,2.905931476374812,3.7290985915492953,0.22074158002684763,355,5.163074074447352,4.06065424618518e-07,1.305210293416665e-06,True,48,48,1,48,0
wind,arima,31,355,3.0365116233503833,3.880112676056338,0.21741663790118915,355,5.060888627466897,6.720232881285426e-07,2.016069864385628e-06,True,48,48,1,48,0
wind,arima,32,355,3.075576146529839,3.9453802816901407,0.22046141894025262,355,4.117793849151681,4.76504388959853e-05,7.94173981599755e-05,True,48,48,1,48,0
wind,arima,33,355,3.124709234235569,3.9615211267605637,0.2112349942733429,355,3.7423375959320095,0.0002126549062777,0.0003320288778015,True,48,48,1,48,0
wind,arima,34,355,3.024916937261267,3.8977464788732394,0.22393184019097367,355,4.120461180094614,4.712715739785267e-05,7.94173981599755e-05,True,48,48,1,48,0
wind,arima,35,355,2.8670271817506032,3.8053239436619717,0.2465747399703424,355,4.373830105585402,1.6078154509324705e-05,3.014653970498382e-05,True,48,48,1,48,0
wind,arima,36,355,2.8221692878167093,3.8269577464788735,0.2625554096035304,355,4.466281397353011,1.071991259915528e-05,2.192709395281761e-05,True,48,48,1,48,0
wind,arima,37,355,2.855317245292599,3.844563380281689,0.25731039838303005,355,5.897426128635254,8.624603919926699e-09,3.9162756038102486e-08,True,48,48,1,48,0
wind,arima,38,355,2.9930999021693454,3.972676056338029,0.24657841220299404,355,4.600558554371644,5.8774852833565205e-06,1.3920359881633865e-05,True,48,48,1,48,0
wind,arima,39,355,3.082483734686846,4.19225352112676,0.26471914946156205,355,5.744619988791476,1.9865765699123017e-08,8.126904149641234e-08,True,48,48,1,48,0
wind,arima,40,355,2.899847504015845,3.8560563380281687,0.24797584635428083,355,4.864906973751858,1.7265381593301043e-06,4.316345398325261e-06,True,48,48,1,48,0
wind,arima,41,355,2.7580746378462364,3.824788732394366,0.2788949061456665,355,13.983907360910012,0.0,0.0,True,48,48,1,48,0
wind,arima,42,355,2.8714425794209446,3.786845070422535,0.2417322266895514,355,5.333024924998016,1.7259646112322002e-07,6.472367292120751e-07,True,48,48,1,48,0
wind,arima,43,355,2.745661255645241,3.7562816901408453,0.26904809539396124,355,4.579412043061035,6.467111720365182e-06,1.455100137082166e-05,True,48,48,1,48,0
wind,arima,44,355,2.703327329073342,3.769323943661972,0.2828084374072114,355,4.382817986377951,1.546154804699107e-05,3.014653970498382e-05,True,48,48,1,48,0
wind,arima,45,355,2.696574387807926,3.7985633802816903,0.2901067804197186,355,5.89578884987359,8.702834675133886e-09,3.9162756038102486e-08,True,48,48,1,48,0
wind,arima,46,355,2.8059325055738253,3.6866478873239434,0.23889327342010147,355,4.9301080839563625,1.265563809527137e-06,3.350021848748304e-06,True,48,48,1,48,0
wind,arima,47,355,2.8221806575807022,3.7292957746478876,0.2432403252200701,355,8.677778797374007,2.220446049250313e-16,1.6653345369377348e-15,True,48,48,1,48,0
wind,arima,48,355,2.7141205471808956,3.745098591549295,0.2752872906189362,355,10.495960158058304,0.0,0.0,True,48,48,1,48,0
traffic,arima,1,108,6.03946967774066,4.098238781109152,-0.47367442462835974,108,-6.250832527259382,8.507968551896283e-09,2.126992137974071e-07,True,70,9,52,60,14
traffic,arima,2,108,7.73837128931679,5.357077944346464,-0.44451347725552504,108,-3.0313991985983733,0.0030535473572577,0.0152677367862885,True,70,9,52,60,14
traffic,arima,3,108,9.74320726278992,7.07024421908681,-0.3780580926026835,108,-2.7008693748228483,0.008042101265095,0.0287217902324824,True,70,9,52,60,14
traffic,arima,4,108,10.378049045843802,8.179920818636097,-0.26872243337609913,108,-1.7071389580580774,0.0906965357875504,0.1889511162240634,False,70,9,52,60,14
traffic,arima,5,108,11.102491184516964,8.282169495884773,-0.34052933715417755,108,-1.8468690011229016,0.067529403778219,0.1468030516917805,False,70,9,52,60,14
traffic,arima,6,108,13.078905404771195,10.002029443464629,-0.3076251653425206,108,-3.0621118764965933,0.0027798499327371,0.0152677367862885,True,70,9,52,60,14
traffic,arima,7,108,13.390536090246995,11.77426207622967,-0.1372717885463346,108,-1.4966393764736825,0.1374310829689644,0.2415834813839055,False,70,9,52,60,14
traffic,arima,8,108,15.894240930778414,14.653804134822655,-0.08464947289748737,108,-0.6721343917438624,0.5029469084722324,0.571530577809355,False,70,9,52,60,14
traffic,arima,9,108,18.885842815546535,20.222611086615718,0.06610265436761131,108,0.73483054578533,0.4640501635779313,0.5524406709261087,False,70,9,52,60,14
traffic,arima,10,108,26.671095420938816,30.039395024985296,0.11212940877287625,108,1.534213771232146,0.1279286918344362,0.2415834813839055,False,70,9,52,60,14
traffic,arima,11,108,27.857238118588242,29.62241696061141,0.05958929159529103,108,0.9338317101352231,0.3524932762902799,0.4638069424872104,False,70,9,52,60,14
traffic,arima,12,108,15.603783889684234,15.576137811091515,-0.0017748994601878287,108,-0.0130478167177336,0.989613941145473,0.9896139411454729,False,70,9,52,60,14
traffic,arima,13,108,15.687340737651683,10.480954830491864,-0.4967472898569383,108,-5.976298602782128,3.04463958489265e-08,3.805799481115813e-07,True,70,9,52,60,14
traffic,arima,14,108,15.147388065617612,9.941759136782283,-0.523612457032445,108,-3.2712805139612486,0.0014413075599646,0.0090081722497789,True,70,9,52,60,14
traffic,arima,15,108,15.285475809914253,9.47409550754458,-0.6133968459302368,108,-2.910650994437321,0.0043889615331469,0.0199498251506679,True,70,9,52,60,14
traffic,arima,16,108,13.963363749061008,8.720846499608072,-0.6011477497842144,108,-3.7066665857678354,0.0003345106865784,0.0023893620469886,True,70,9,52,60,14
traffic,arima,17,108,13.22517165722921,10.305547594552221,-0.2833060578188369,108,,,,False,70,9,52,60,14
traffic,arima,18,108,13.235415673227386,11.466924786890063,-0.15422538467848046,108,,,,False,70,9,52,60,14
traffic,arima,19,108,12.703818486322064,13.801644253380362,0.07954311434953942,108,,,,False,70,9,52,60,14
traffic,arima,20,108,11.813187009548479,14.639349708504799,0.19305247536469794,108,2.202226886965772,0.0297950940026383,0.0876326294195245,False,70,9,52,60,14
traffic,arima,21,108,12.252453735871086,14.931396359984321,0.17941675108784316,108,1.0233987848117976,0.3084275235929454,0.4299298136259985,False,70,9,52,60,14
traffic,arima,22,108,14.659909108940916,13.646670769645304,-0.07424802403450581,108,-0.3638924825945439,0.7166563439896514,0.7962848266551682,False,70,9,52,60,14
traffic,arima,23,108,16.949769715809836,12.86546394277876,-0.31746276630183634,108,-1.8873092614667,0.0618285671622946,0.1437036117512426,False,70,9,52,60,14
traffic,arima,24,108,17.141592193145,12.487957757691554,-0.3726497579307708,108,-1.9317436157370995,0.0560360242809967,0.1437036117512426,False,70,9,52,60,14
traffic,arima,25,108,17.72438644838033,13.638888276504016,-0.2995477409192129,108,-1.8770902358356083,0.0632295891705467,0.1437036117512426,False,70,9,52,60,14
traffic,arima,26,108,16.615425204568194,13.87474279835391,-0.19753032153788364,108,-0.9496106941521087,0.3444500425005798,0.4638069424872104,False,70,9,52,60,14
traffic,arima,27,108,15.479301053525583,14.523317472565157,-0.0658240503773535,108,-0.81138224010254,0.41894743325918,0.5305626918471956,False,70,9,52,60,14
traffic,arima,28,108,14.392616791304306,14.89720630021556,0.0338714184889789,108,1.3069800130130995,0.1940213812521662,0.294613837590818,False,70,9,52,60,14
traffic,arima,29,108,14.22438590634265,15.931926685283168,0.10717729328479952,108,6.161534510087344,1.2915568392557477e-08,2.152594732092913e-07,True,70,9,52,60,14
traffic,arima,30,108,15.190994848110707,14.300733943268666,-0.06225281222444434,108,-1.6330123641114564,0.1054057492071507,0.2108114984143014,False,70,9,52,60,14
traffic,arima,31,108,14.490395240953164,13.628558568489124,-0.06323755136194009,108,-1.4921222653911934,0.1386096782863748,0.2415834813839055,False,70,9,52,60,14
traffic,arima,32,108,16.384615927632655,16.27373175093082,-0.0068136908238942695,108,-0.0718932184397258,0.9428210971718562,0.9620623440529144,False,70,9,52,60,14
traffic,arima,33,108,18.853799051334317,21.104958174113264,0.10666494120515024,108,1.883736437610784,0.062315407859427,0.1437036117512426,False,70,9,52,60,14
traffic,arima,34,108,26.48253054294491,31.1388702111503,0.14953463746857565,108,,,,False,70,9,52,60,14
traffic,arima,35,108,28.06855227246195,31.459815304722717,0.10779666057834969,108,,,,False,70,9,52,60,14
traffic,arima,36,108,15.437337593761994,17.285034538506764,0.10689576237921661,108,0.6906256294645637,0.4912962850654636,0.5712747500761205,False,70,9,52,60,14
traffic,arima,37,108,16.055229806723077,12.852130180776012,-0.24922713829480214,108,-2.632105678059194,0.0097402289878951,0.0304382155871724,True,70,9,52,60,14
traffic,arima,38,108,15.534452076210016,12.975795794140701,-0.19718684870369896,108,-2.7608506517652422,0.0067853937018997,0.0282724737579157,True,70,9,52,60,14
traffic,arima,39,108,15.733977343865854,13.776667524005486,-0.14207425826672582,108,-1.4863834087569607,0.1401184192026652,0.2415834813839055,False,70,9,52,60,14
traffic,arima,40,108,14.327086515068519,13.861091514795218,-0.03361892530439614,108,-0.3270877485730946,0.7442405365253002,0.8089571049188046,False,70,9,52,60,14
traffic,arima,41,108,13.644584899728692,15.777353395061724,0.1351791039934862,108,1.3709968035693303,0.1732447395761491,0.2794269993163696,False,70,9,52,60,14
traffic,arima,42,108,13.426710686362833,14.568007177150696,0.07834266395598277,108,0.7636694286415269,0.4467448850194706,0.5448108353895983,False,70,9,52,60,14
traffic,arima,43,108,12.854524574786943,15.87344331765628,0.19018675925918016,108,11.788234369111764,0.0,0.0,True,70,9,52,60,14
traffic,arima,44,108,11.88876903963575,15.406554049088774,0.22833042341879717,108,2.7240941723372,0.0075323546934553,0.0287217902324824,True,70,9,52,60,14
traffic,arima,45,108,12.341608119643615,15.135120884773665,0.18457155290648508,108,3.913053723781334,0.0001604971570539,0.0013374763087825,True,70,9,52,60,14
traffic,arima,46,108,14.806430178484534,13.683906831765626,-0.08203237280986886,108,-0.8017923529995129,0.4244501534777565,0.5305626918471956,False,70,9,52,60,14
traffic,arima,47,108,17.06816455405947,12.07071912355477,-0.41401389423043566,108,-2.005300928140637,0.0474555103297436,0.1318208620270655,False,70,9,52,60,14
traffic,arima,48,108,17.238666718062568,12.289969135802469,-0.40266151424610364,108,-2.657943662105561,0.0090674030412418,0.0302246768041395,True,70,9,52,60,14
traffic,arima,49,108,17.850097905991323,14.406200090632957,-0.2390566418411486,108,-1.2830070318265203,0.2022617037785639,0.2974436820272998,False,70,9,52,60,14
traffic,arima,50,108,16.682345846702304,13.910652128649819,-0.19924973268104496,108,-1.3057289677681587,0.1944451328099399,0.294613837590818,False,70,9,52,60,14
traffic,arima,51,108,15.466016757976618,13.78752786351166,-0.1217396556569823,108,,,,False,70,9,52,60,14
traffic,arima,52,108,14.535857825676048,14.606827172741523,0.004858642210672115,108,0.0837546291267287,0.93340801739562,0.9620623440529144,False,70,9,52,60,14
traffic,arima,53,108,14.24639020739677,15.248897401038604,0.06574292994938469,108,,,,False,70,9,52,60,14
traffic,arima,54,108,15.255154780058716,16.39660616304135,0.06961510032213347,108,,,,False,70,9,52,60,14
traffic,arima,55,108,14.523790603748038,15.425101655888692,0.05843144974001313,108,,,,False,70,9,52,60,14
traffic,arima,56,108,16.39917817501494,19.253028549382716,0.14822864709559036,108,,,,False,70,9,52,60,14
traffic,arima,57,108,18.87581988893589,22.676440329218106,0.16760216264565997,108,1.0210167193810065,0.3095494658107189,0.4299298136259985,False,70,9,52,60,14
traffic,arima,58,108,26.565819303780685,30.256937095825975,0.12199244690086264,108,4.664292591689575,8.996585768361598e-06,8.996585768361598e-05,True,70,9,52,60,14
traffic,arima,59,108,28.270524417961497,31.403658081030766,0.09976970373912664,108,1.4119774564839132,0.1608582229174273,0.2680970381957123,False,70,9,52,60,14
traffic,arima,60,108,15.405573199722701,18.74414253870272,0.17811267344380122,108,,,,False,70,9,52,60,14
traffic,arima,61,108,16.14047602949816,13.325174835880855,-0.21127686715498184,108,,,,False,70,9,52,60,14
traffic,arima,62,108,15.638141033191319,12.327956594160298,-0.2685103904891295,108,,,,False,70,9,52,60,14
traffic,arima,63,108,15.792989135702564,12.590555800509502,-0.2543520227330607,108,,,,False,70,9,52,60,14
traffic,arima,64,108,14.367259799628513,13.95342537477954,-0.02965826768221147,108,,,,False,70,9,52,60,14
traffic,arima,65,108,13.693189089858867,16.59728835978836,0.17497432152624992,108,,,,False,70,9,52,60,14
traffic,arima,66,108,13.497013859923618,16.77543816137566,0.19543002513045526,108,,,,False,70,9,52,60,14
traffic,arima,67,108,12.420338758443316,16.805731922398586,0.2609462761993985,108,,,,False,70,9,52,60,14
traffic,arima,68,108,11.960397091973423,17.203257581324717,0.30475975056275206,108,,,,False,70,9,52,60,14
traffic,arima,69,108,12.446554585077356,18.389993325004898,0.3231887382931369,108,,,,False,70,9,52,60,14
traffic,arima,70,108,14.952061713053256,17.26376488095238,0.1339049265232808,108,,,,False,70,9,52,60,14
traffic,arima,71,108,17.240322289874058,16.508940206741133,-0.044302182573432436,108,,,,False,70,9,52,60,14
traffic,arima,72,108,17.406775432013692,16.21631301440329,-0.07341141087699987,108,-0.2180040976865414,0.8278411349903227,0.8806820585003433,False,70,9,52,60,14
